Reading inputs
'select()' returned 1:many mapping between keys and columns
[1] "Running enrichment for FT"
[1] "ORA analyses for GO"
[1] "genes all"
#
# over-representation test
#
#...@organism 	 Mus musculus 
#...@ontology 	 GOALL 
#...@keytype 	 ENTREZID 
#...@gene 	 chr [1:6651] "13175" "52850" "381677" "12575" "13371" "231605" "170768" ...
#...pvalues adjusted by 'BH' with cutoff <0.05 
#...1656 enriched terms found
'data.frame':	1656 obs. of  13 variables:
 $ ONTOLOGY      : chr  "BP" "BP" "BP" "BP" ...
 $ ID            : chr  "GO:0050807" "GO:0050803" "GO:0007264" "GO:0099003" ...
 $ Description   : chr  "regulation of synapse organization" "regulation of synapse structure or activity" "small GTPase-mediated signal transduction" "vesicle-mediated transport in synapse" ...
 $ GeneRatio     : chr  "205/6322" "208/6322" "219/6322" "167/6322" ...
 $ BgRatio       : chr  "415/21379" "424/21379" "461/21379" "329/21379" ...
 $ RichFactor    : num  0.494 0.491 0.475 0.508 0.478 ...
 $ FoldEnrichment: num  1.67 1.66 1.61 1.72 1.62 ...
 $ zScore        : num  8.94 8.88 8.53 8.49 8.19 ...
 $ pvalue        : num  9.23e-18 1.42e-17 1.98e-16 4.15e-16 2.85e-15 ...
 $ p.adjust      : num  4.55e-14 4.55e-14 4.23e-13 6.66e-13 3.66e-12 ...
 $ qvalue        : num  3.21e-14 3.21e-14 2.99e-13 4.71e-13 2.59e-12 ...
 $ geneID        : chr  "Dclk1/Homer1/Bdnf/Lrrk2/Nectin1/Fam107a/Etv5/Ptpn1/Cbln2/Hspa8/Zdhhc8/Mdga1/Rock2/Dcx/Caprin2/Baiap2/Arc/Fzd1/S"| __truncated__ "Dclk1/Homer1/Bdnf/Lrrk2/Nectin1/Fam107a/Etv5/Ptpn1/Cbln2/Hspa8/Zdhhc8/Mdga1/Rock2/Dcx/Caprin2/Baiap2/Arc/Fzd1/S"| __truncated__ "Cdkn1a/Lrrk2/Arhgap31/Csnk1a1/Rasal1/Rab15/Dok3/Spry2/Rnd3/Sh2d3c/Rock2/Spry4/Dock3/Arfgap1/Baiap2/Dock7/Bcl6/V"| __truncated__ "Htr1b/Lrrk2/Synj2/Tamalin/Hip1/Trim9/Atp2a2/Actg1/Btbd9/Arc/Eps15l1/Snap29/Grik5/Rims3/Syt13/Sacm1l/Ophn1/Snapi"| __truncated__ ...
 $ Count         : int  205 208 219 167 197 163 166 163 221 177 ...
#...Citation
S Xu, E Hu, Y Cai, Z Xie, X Luo, L Zhan, W Tang, Q Wang, B Liu, R Wang, W Xie, T Wu, L Xie, G Yu. Using clusterProfiler to characterize multiomics data. Nature Protocols. 2024, 19(11):3292-3320 

[1] "genes BP"
#
# over-representation test
#
#...@organism 	 Mus musculus 
#...@ontology 	 BP 
#...@keytype 	 ENTREZID 
#...@gene 	 chr [1:6651] "13175" "52850" "381677" "12575" "13371" "231605" "170768" ...
#...pvalues adjusted by 'BH' with cutoff <0.05 
#...1259 enriched terms found
'data.frame':	1259 obs. of  12 variables:
 $ ID            : chr  "GO:0050807" "GO:0050803" "GO:0007264" "GO:0099003" ...
 $ Description   : chr  "regulation of synapse organization" "regulation of synapse structure or activity" "small GTPase-mediated signal transduction" "vesicle-mediated transport in synapse" ...
 $ GeneRatio     : chr  "205/6322" "208/6322" "219/6322" "167/6322" ...
 $ BgRatio       : chr  "415/21379" "424/21379" "461/21379" "329/21379" ...
 $ RichFactor    : num  0.494 0.491 0.475 0.508 0.478 ...
 $ FoldEnrichment: num  1.67 1.66 1.61 1.72 1.62 ...
 $ zScore        : num  8.94 8.88 8.53 8.49 8.19 ...
 $ pvalue        : num  9.23e-18 1.42e-17 1.98e-16 4.15e-16 2.85e-15 ...
 $ p.adjust      : num  4.55e-14 4.55e-14 4.23e-13 6.66e-13 3.66e-12 ...
 $ qvalue        : num  3.21e-14 3.21e-14 2.99e-13 4.71e-13 2.59e-12 ...
 $ geneID        : chr  "Dclk1/Homer1/Bdnf/Lrrk2/Nectin1/Fam107a/Etv5/Ptpn1/Cbln2/Hspa8/Zdhhc8/Mdga1/Rock2/Dcx/Caprin2/Baiap2/Arc/Fzd1/S"| __truncated__ "Dclk1/Homer1/Bdnf/Lrrk2/Nectin1/Fam107a/Etv5/Ptpn1/Cbln2/Hspa8/Zdhhc8/Mdga1/Rock2/Dcx/Caprin2/Baiap2/Arc/Fzd1/S"| __truncated__ "Cdkn1a/Lrrk2/Arhgap31/Csnk1a1/Rasal1/Rab15/Dok3/Spry2/Rnd3/Sh2d3c/Rock2/Spry4/Dock3/Arfgap1/Baiap2/Dock7/Bcl6/V"| __truncated__ "Htr1b/Lrrk2/Synj2/Tamalin/Hip1/Trim9/Atp2a2/Actg1/Btbd9/Arc/Eps15l1/Snap29/Grik5/Rims3/Syt13/Sacm1l/Ophn1/Snapi"| __truncated__ ...
 $ Count         : int  205 208 219 167 197 163 166 163 221 177 ...
#...Citation
S Xu, E Hu, Y Cai, Z Xie, X Luo, L Zhan, W Tang, Q Wang, B Liu, R Wang, W Xie, T Wu, L Xie, G Yu. Using clusterProfiler to characterize multiomics data. Nature Protocols. 2024, 19(11):3292-3320 

[1] "plotting FT ORA GO genes BP"
[1] "Ontology plot"
[1] "Barplot"
[1] "Dotplot"
[1] "Cnet"
[1] "Heatplot"
[1] "Emap"
[1] "Upset plot"
[1] "genes MF"
#
# over-representation test
#
#...@organism 	 Mus musculus 
#...@ontology 	 MF 
#...@keytype 	 ENTREZID 
#...@gene 	 chr [1:6651] "13175" "52850" "381677" "12575" "13371" "231605" "170768" ...
#...pvalues adjusted by 'BH' with cutoff <0.05 
#...167 enriched terms found
'data.frame':	167 obs. of  12 variables:
 $ ID            : chr  "GO:0030695" "GO:0060589" "GO:0005096" "GO:0004674" ...
 $ Description   : chr  "GTPase regulator activity" "nucleoside-triphosphatase regulator activity" "GTPase activator activity" "protein serine/threonine kinase activity" ...
 $ GeneRatio     : chr  "216/6301" "216/6301" "129/6301" "204/6301" ...
 $ BgRatio       : chr  "447/20899" "448/20899" "241/20899" "438/20899" ...
 $ RichFactor    : num  0.483 0.482 0.535 0.466 0.482 ...
 $ FoldEnrichment: num  1.6 1.6 1.78 1.54 1.6 ...
 $ zScore        : num  8.46 8.42 7.95 7.57 7.56 ...
 $ pvalue        : num  3.07e-16 4.17e-16 2.60e-14 2.11e-13 2.64e-13 ...
 $ p.adjust      : num  2.72e-13 2.72e-13 1.13e-11 6.88e-11 6.88e-11 ...
 $ qvalue        : num  2.08e-13 2.08e-13 8.65e-12 5.27e-11 5.27e-11 ...
 $ geneID        : chr  "Sgsm1/Rin1/Lrrk2/Arhgap31/Rin2/Rasal1/Rgs11/Iqgap2/Sh2d3c/Ranbp2/Dock3/Nprl3/Tbc1d4/Arfgap1/Dennd6b/Dennd11/Doc"| __truncated__ "Sgsm1/Rin1/Lrrk2/Arhgap31/Rin2/Rasal1/Rgs11/Iqgap2/Sh2d3c/Ranbp2/Dock3/Nprl3/Tbc1d4/Arfgap1/Dennd6b/Dennd11/Doc"| __truncated__ "Sgsm1/Rin1/Lrrk2/Arhgap31/Rin2/Rasal1/Rgs11/Iqgap2/Ranbp2/Dock3/Nprl3/Tbc1d4/Arfgap1/Dock7/Mtss2/Prr5/Arhgef10l"| __truncated__ "Dclk1/Camk1g/Map3k19/Lrrk2/Tnik/Csnk1a1/Map3k21/Sbk1/Mapk6/Stk40/Rock2/Mast3/Pim1/Tlk1/Camkk1/Map3k6/Top1/Ttbk1"| __truncated__ ...
 $ Count         : int  216 216 129 204 175 163 142 106 174 195 ...
#...Citation
S Xu, E Hu, Y Cai, Z Xie, X Luo, L Zhan, W Tang, Q Wang, B Liu, R Wang, W Xie, T Wu, L Xie, G Yu. Using clusterProfiler to characterize multiomics data. Nature Protocols. 2024, 19(11):3292-3320 

[1] "plotting FT ORA GO genes MF"
[1] "Ontology plot"
[1] "Barplot"
[1] "Dotplot"
[1] "Cnet"
[1] "Heatplot"
[1] "Emap"
[1] "Upset plot"
[1] "genes CC"
#
# over-representation test
#
#...@organism 	 Mus musculus 
#...@ontology 	 CC 
#...@keytype 	 ENTREZID 
#...@gene 	 chr [1:6651] "13175" "52850" "381677" "12575" "13371" "231605" "170768" ...
#...pvalues adjusted by 'BH' with cutoff <0.05 
#...230 enriched terms found
'data.frame':	230 obs. of  12 variables:
 $ ID            : chr  "GO:0014069" "GO:0042734" "GO:0045211" "GO:0031252" ...
 $ Description   : chr  "postsynaptic density" "presynaptic membrane" "postsynaptic membrane" "cell leading edge" ...
 $ GeneRatio     : chr  "232/6379" "141/6379" "192/6379" "219/6379" ...
 $ BgRatio       : chr  "485/21515" "277/21515" "415/21515" "488/21515" ...
 $ RichFactor    : num  0.478 0.509 0.463 0.449 0.448 ...
 $ FoldEnrichment: num  1.61 1.72 1.56 1.51 1.51 ...
 $ zScore        : num  8.87 7.8 7.48 7.45 7.1 ...
 $ pvalue        : num  1.27e-17 7.59e-14 4.32e-13 4.67e-13 5.24e-12 ...
 $ p.adjust      : num  9.94e-15 2.97e-11 9.15e-11 9.15e-11 8.21e-10 ...
 $ qvalue        : num  6.28e-15 1.88e-11 5.78e-11 5.78e-11 5.19e-10 ...
 $ geneID        : chr  "Dclk1/Homer1/Rtn3/Igsf9b/Tnik/Tamalin/Hspa8/Mdga1/Rock2/Nefm/Sh2d5/Arfgap1/Baiap2/Ina/Lrrc4c/Arc/Cacng2/Camk2g/"| __truncated__ "Htr1b/Nectin1/Hip1/Adam23/Kcnj3/Igsf8/Adam11/Abcc8/Grm2/Grik5/Rims3/L1cam/Gria4/Ptprd/Cacna2d1/Stx3/Cadm3/Ache/"| __truncated__ "Igsf9b/Akap1/Nptx2/Tamalin/Hip1/Hspa8/Mdga1/Shc4/Lrrc4c/Arc/Cacng2/Hspb1/Slitrk1/Shank2/Vangl2/Slc9a5/Grm2/Slc6"| __truncated__ "Arhgap31/Synj2/Fam107a/Spry2/Iqgap2/Ezr/Sh2d3c/Jcad/Spry4/Ankrd28/Hax1/Baiap2/Fscn1/Tnfrsf12a/Coro1b/Ppp6r1/Mts"| __truncated__ ...
 $ Count         : int  232 141 192 219 200 211 164 187 115 118 ...
#...Citation
S Xu, E Hu, Y Cai, Z Xie, X Luo, L Zhan, W Tang, Q Wang, B Liu, R Wang, W Xie, T Wu, L Xie, G Yu. Using clusterProfiler to characterize multiomics data. Nature Protocols. 2024, 19(11):3292-3320 

[1] "plotting FT ORA GO genes CC"
[1] "Ontology plot"
[1] "Barplot"
[1] "Dotplot"
[1] "Cnet"
[1] "Heatplot"
[1] "Emap"
[1] "Upset plot"
[1] "ORA analyses for GO"
[1] "up all"
#
# over-representation test
#
#...@organism 	 Mus musculus 
#...@ontology 	 GOALL 
#...@keytype 	 ENTREZID 
#...@gene 	 chr [1:3143] "13175" "52850" "381677" "12575" "13371" "231605" "170768" ...
#...pvalues adjusted by 'BH' with cutoff <0.05 
#...823 enriched terms found
'data.frame':	823 obs. of  13 variables:
 $ ONTOLOGY      : chr  "BP" "BP" "BP" "BP" ...
 $ ID            : chr  "GO:0006457" "GO:0008380" "GO:0006397" "GO:0050807" ...
 $ Description   : chr  "protein folding" "RNA splicing" "mRNA processing" "regulation of synapse organization" ...
 $ GeneRatio     : chr  "71/3008" "123/3008" "131/3008" "108/3008" ...
 $ BgRatio       : chr  "183/21379" "451/21379" "498/21379" "415/21379" ...
 $ RichFactor    : num  0.388 0.273 0.263 0.26 0.257 ...
 $ FoldEnrichment: num  2.76 1.94 1.87 1.85 1.83 ...
 $ zScore        : num  9.66 8.15 7.95 7.07 6.96 ...
 $ pvalue        : num  9.23e-17 9.36e-14 2.70e-13 6.75e-11 1.21e-10 ...
 $ p.adjust      : num  5.73e-13 2.91e-10 5.58e-10 1.05e-07 1.50e-07 ...
 $ qvalue        : num  4.61e-13 2.34e-10 4.49e-10 8.43e-08 1.21e-07 ...
 $ geneID        : chr  "Dnajb5/Hspa5/Dnajb11/Hsph1/Hsp90b1/Sdf2l1/Chordc1/Pdia4/Fkbp5/Hyou1/Calr/Pdia3/Hspa8/Ranbp2/Mkks/Dnajc3/Hspa4/D"| __truncated__ "Hspa8/Rbm28/Txnl4a/Mettl16/Srsf10/Srsf7/Slc38a2/Lsm1/Prpf18/Taf9/Rbm14/Rbm24/Taf12/Ivns1abp/Tra2a/Snu13/Rbm12b1"| __truncated__ "Hspa8/Papola/Rbm28/Txnl4a/Lsm11/Mettl16/Srsf10/Srsf7/Rngtt/Lsm1/Prpf18/Rbm14/Rbm24/Ivns1abp/Csdc2/Tra2a/Snu13/H"| __truncated__ "Dclk1/Homer1/Bdnf/Lrrk2/Nectin1/Fam107a/Etv5/Ptpn1/Cbln2/Hspa8/Mdga1/Rock2/Baiap2/Arc/Fzd1/Shank2/Ptk2/Rims3/Ne"| __truncated__ ...
 $ Count         : int  71 123 131 108 109 113 52 115 112 61 ...
#...Citation
S Xu, E Hu, Y Cai, Z Xie, X Luo, L Zhan, W Tang, Q Wang, B Liu, R Wang, W Xie, T Wu, L Xie, G Yu. Using clusterProfiler to characterize multiomics data. Nature Protocols. 2024, 19(11):3292-3320 

[1] "up BP"
#
# over-representation test
#
#...@organism 	 Mus musculus 
#...@ontology 	 BP 
#...@keytype 	 ENTREZID 
#...@gene 	 chr [1:3143] "13175" "52850" "381677" "12575" "13371" "231605" "170768" ...
#...pvalues adjusted by 'BH' with cutoff <0.05 
#...619 enriched terms found
'data.frame':	619 obs. of  12 variables:
 $ ID            : chr  "GO:0006457" "GO:0008380" "GO:0006397" "GO:0050807" ...
 $ Description   : chr  "protein folding" "RNA splicing" "mRNA processing" "regulation of synapse organization" ...
 $ GeneRatio     : chr  "71/3008" "123/3008" "131/3008" "108/3008" ...
 $ BgRatio       : chr  "183/21379" "451/21379" "498/21379" "415/21379" ...
 $ RichFactor    : num  0.388 0.273 0.263 0.26 0.257 ...
 $ FoldEnrichment: num  2.76 1.94 1.87 1.85 1.83 ...
 $ zScore        : num  9.66 8.15 7.95 7.07 6.96 ...
 $ pvalue        : num  9.23e-17 9.36e-14 2.70e-13 6.75e-11 1.21e-10 ...
 $ p.adjust      : num  5.73e-13 2.91e-10 5.58e-10 1.05e-07 1.50e-07 ...
 $ qvalue        : num  4.61e-13 2.34e-10 4.49e-10 8.43e-08 1.21e-07 ...
 $ geneID        : chr  "Dnajb5/Hspa5/Dnajb11/Hsph1/Hsp90b1/Sdf2l1/Chordc1/Pdia4/Fkbp5/Hyou1/Calr/Pdia3/Hspa8/Ranbp2/Mkks/Dnajc3/Hspa4/D"| __truncated__ "Hspa8/Rbm28/Txnl4a/Mettl16/Srsf10/Srsf7/Slc38a2/Lsm1/Prpf18/Taf9/Rbm14/Rbm24/Taf12/Ivns1abp/Tra2a/Snu13/Rbm12b1"| __truncated__ "Hspa8/Papola/Rbm28/Txnl4a/Lsm11/Mettl16/Srsf10/Srsf7/Rngtt/Lsm1/Prpf18/Rbm14/Rbm24/Ivns1abp/Csdc2/Tra2a/Snu13/H"| __truncated__ "Dclk1/Homer1/Bdnf/Lrrk2/Nectin1/Fam107a/Etv5/Ptpn1/Cbln2/Hspa8/Mdga1/Rock2/Baiap2/Arc/Fzd1/Shank2/Ptk2/Rims3/Ne"| __truncated__ ...
 $ Count         : int  71 123 131 108 109 113 52 115 112 61 ...
#...Citation
S Xu, E Hu, Y Cai, Z Xie, X Luo, L Zhan, W Tang, Q Wang, B Liu, R Wang, W Xie, T Wu, L Xie, G Yu. Using clusterProfiler to characterize multiomics data. Nature Protocols. 2024, 19(11):3292-3320 

[1] "plotting FT ORA GO up BP"
[1] "Ontology plot"
[1] "Barplot"
[1] "Dotplot"
[1] "Cnet"
[1] "Heatplot"
[1] "Emap"
[1] "Upset plot"
[1] "up MF"
#
# over-representation test
#
#...@organism 	 Mus musculus 
#...@ontology 	 MF 
#...@keytype 	 ENTREZID 
#...@gene 	 chr [1:3143] "13175" "52850" "381677" "12575" "13371" "231605" "170768" ...
#...pvalues adjusted by 'BH' with cutoff <0.05 
#...88 enriched terms found
'data.frame':	88 obs. of  12 variables:
 $ ID            : chr  "GO:0051082" "GO:0140662" "GO:0044183" "GO:0031072" ...
 $ Description   : chr  "unfolded protein binding" "ATP-dependent protein folding chaperone" "protein folding chaperone" "heat shock protein binding" ...
 $ GeneRatio     : chr  "41/2993" "20/2993" "31/2993" "52/2993" ...
 $ BgRatio       : chr  "89/20899" "30/20899" "67/20899" "153/20899" ...
 $ RichFactor    : num  0.461 0.667 0.463 0.34 0.255 ...
 $ FoldEnrichment: num  3.22 4.66 3.23 2.37 1.78 ...
 $ zScore        : num  8.57 8.19 7.48 6.97 6.29 ...
 $ pvalue        : num  6.27e-13 8.75e-11 3.52e-10 6.92e-10 4.61e-09 ...
 $ p.adjust      : num  7.84e-10 5.47e-08 1.47e-07 2.17e-07 1.15e-06 ...
 $ qvalue        : num  6.69e-10 4.67e-08 1.25e-07 1.85e-07 9.83e-07 ...
 $ geneID        : chr  "Dnajb5/Hspa5/Dnajb11/Hsp90b1/Calr/Hspa8/Mkks/Srsf10/Dnajb1/Hspb1/Dnaja1/Hspa1b/Cdc37l1/Serpinh1/Canx/Hsp90ab1/C"| __truncated__ "Hspa5/Hsph1/Hsp90b1/Hyou1/Hspa8/Hspa4/Hspa1b/Hsp90ab1/Cct4/Hspa13/Hsp90aa1/Cct3/Hspd1/Cct7/Cct6a/Hspa1a/Hspa4l/Hspa9/Cct2/Cct8" "Hspa5/Hsph1/Hsp90b1/Hyou1/Calr/Hspa8/Hspa4/Dnajb1/Hspb1/Hspa1b/Dnlz/Hsp90ab1/Cct4/Hspa13/Ric8b/Hsp90aa1/Cct3/Pd"| __truncated__ "Hspa5/Chordc1/Fkbp5/Stip1/Hspa8/Bcor/Pglyrp1/Dnajb1/Npas2/Lman2/Nfkbia/Dnaja1/Ago2/Hspa1b/Cdc37l1/Usp19/Hsp90ab"| __truncated__ ...
 $ Count         : int  41 20 31 52 98 97 26 88 33 76 ...
#...Citation
S Xu, E Hu, Y Cai, Z Xie, X Luo, L Zhan, W Tang, Q Wang, B Liu, R Wang, W Xie, T Wu, L Xie, G Yu. Using clusterProfiler to characterize multiomics data. Nature Protocols. 2024, 19(11):3292-3320 

[1] "plotting FT ORA GO up MF"
[1] "Ontology plot"
[1] "Barplot"
[1] "Dotplot"
[1] "Cnet"
[1] "Heatplot"
[1] "Emap"
[1] "Upset plot"
[1] "up CC"
#
# over-representation test
#
#...@organism 	 Mus musculus 
#...@ontology 	 CC 
#...@keytype 	 ENTREZID 
#...@gene 	 chr [1:3143] "13175" "52850" "381677" "12575" "13371" "231605" "170768" ...
#...pvalues adjusted by 'BH' with cutoff <0.05 
#...116 enriched terms found
'data.frame':	116 obs. of  12 variables:
 $ ID            : chr  "GO:0014069" "GO:0140534" "GO:0101031" "GO:0140168" ...
 $ Description   : chr  "postsynaptic density" "endoplasmic reticulum protein-containing complex" "protein folding chaperone complex" "nuclear ribonucleoprotein granule" ...
 $ GeneRatio     : chr  "118/3040" "47/3040" "21/3040" "116/3040" ...
 $ BgRatio       : chr  "485/21515" "136/21515" "37/21515" "492/21515" ...
 $ RichFactor    : num  0.243 0.346 0.568 0.236 0.276 ...
 $ FoldEnrichment: num  1.72 2.45 4.02 1.67 1.95 ...
 $ zScore        : num  6.52 6.86 7.45 6.09 6.15 ...
 $ pvalue        : num  1.06e-09 1.56e-09 1.73e-09 1.00e-08 1.74e-08 ...
 $ p.adjust      : num  4.34e-07 4.34e-07 4.34e-07 1.89e-06 2.62e-06 ...
 $ qvalue        : num  3.35e-07 3.35e-07 3.35e-07 1.46e-06 2.02e-06 ...
 $ geneID        : chr  "Dclk1/Homer1/Igsf9b/Tamalin/Hspa8/Mdga1/Rock2/Nefm/Sh2d5/Baiap2/Ina/Arc/Cacng2/Dnajb1/Hspb1/Synpo/Shank2/Arpc5/"| __truncated__ "P4ha1/Hspa5/Dnajb11/Pdia6/Hsp90b1/Sdf2l1/Pdia4/Hyou1/Calr/Stt3b/Mlec/Pdia3/Rpn1/P4hb/Ostc/Insig2/Srpra/Spcs2/P4"| __truncated__ "Dnajb11/Sdf2l1/Stip1/Hspa8/Hsp90ab1/Cct4/Hsf1/Hspb8/Hsp90aa1/Cct3/Ptges3/Spag1/Cct7/Bag3/Cct6a/Ruvbl2/Psmg1/Ruv"| __truncated__ "Fam107a/Csnk1a1/Hif3a/Xpo1/Maml3/Cop1/Sgk1/Srsf10/Zbtb16/Dyrk3/Adgrd1/Srsf7/Bcl6/Atf4/Gadd45a/Banp/Prpf18/Hspa1"| __truncated__ ...
 $ Count         : int  118 47 21 116 69 114 60 36 101 31 ...
#...Citation
S Xu, E Hu, Y Cai, Z Xie, X Luo, L Zhan, W Tang, Q Wang, B Liu, R Wang, W Xie, T Wu, L Xie, G Yu. Using clusterProfiler to characterize multiomics data. Nature Protocols. 2024, 19(11):3292-3320 

[1] "plotting FT ORA GO up CC"
[1] "Ontology plot"
[1] "Barplot"
[1] "Dotplot"
[1] "Cnet"
[1] "Heatplot"
[1] "Emap"
[1] "Upset plot"
[1] "ORA analyses for GO"
[1] "down all"
#
# over-representation test
#
#...@organism 	 Mus musculus 
#...@ontology 	 GOALL 
#...@keytype 	 ENTREZID 
#...@gene 	 chr [1:3508] "329502" "20168" "76295" "72205" "320910" "216825" "12696" ...
#...pvalues adjusted by 'BH' with cutoff <0.05 
#...544 enriched terms found
'data.frame':	544 obs. of  13 variables:
 $ ONTOLOGY      : chr  "BP" "BP" "BP" "BP" ...
 $ ID            : chr  "GO:0099003" "GO:0099504" "GO:0007033" "GO:0016236" ...
 $ Description   : chr  "vesicle-mediated transport in synapse" "synaptic vesicle cycle" "vacuole organization" "macroautophagy" ...
 $ GeneRatio     : chr  "108/3314" "88/3314" "86/3314" "104/3314" ...
 $ BgRatio       : chr  "329/21379" "270/21379" "271/21379" "356/21379" ...
 $ RichFactor    : num  0.328 0.326 0.317 0.292 0.298 ...
 $ FoldEnrichment: num  2.12 2.1 2.05 1.88 1.92 ...
 $ zScore        : num  8.75 7.81 7.43 7.21 7.17 ...
 $ pvalue        : num  2.78e-15 1.62e-12 1.43e-11 3.04e-11 4.54e-11 ...
 $ p.adjust      : num  1.74e-11 5.04e-09 2.98e-08 4.74e-08 5.66e-08 ...
 $ qvalue        : num  1.50e-11 4.34e-09 2.57e-08 4.09e-08 4.88e-08 ...
 $ geneID        : chr  "Actg1/Eps15l1/Grik5/Ophn1/Snapin/Tbc1d24/Slc9a6/Arfgap3/Stx3/Fgf14/Cask/Napb/Casp3/Scrn1/Cspg5/Syt9/Ppfia3/Denn"| __truncated__ "Actg1/Eps15l1/Grik5/Ophn1/Snapin/Tbc1d24/Slc9a6/Fgf14/Cask/Napb/Casp3/Scrn1/Cspg5/Syt9/Ppfia3/Dennd1a/Fbxl20/Sn"| __truncated__ "Naglu/Epm2a/Zranb1/Cln6/Hook2/Rab34/Ambra1/Snapin/Lrsam1/Mcoln1/Idua/Mbtps1/Atg4c/Vps11/Stx17/Abca1/Ulk3/Hps1/A"| __truncated__ "Fbxl4/Epm2a/Zranb1/Cdk5rap3/Ambra1/Snapin/Lrsam1/Mcoln1/Ikbkg/Nrbp2/Optn/Atg4c/Srebf1/Stx17/Vps41/Ulk3/Atg10/Uf"| __truncated__ ...
 $ Count         : int  108 88 86 104 97 60 75 108 105 55 ...
#...Citation
S Xu, E Hu, Y Cai, Z Xie, X Luo, L Zhan, W Tang, Q Wang, B Liu, R Wang, W Xie, T Wu, L Xie, G Yu. Using clusterProfiler to characterize multiomics data. Nature Protocols. 2024, 19(11):3292-3320 

[1] "down BP"
#
# over-representation test
#
#...@organism 	 Mus musculus 
#...@ontology 	 BP 
#...@keytype 	 ENTREZID 
#...@gene 	 chr [1:3508] "329502" "20168" "76295" "72205" "320910" "216825" "12696" ...
#...pvalues adjusted by 'BH' with cutoff <0.05 
#...366 enriched terms found
'data.frame':	366 obs. of  12 variables:
 $ ID            : chr  "GO:0099003" "GO:0099504" "GO:0007033" "GO:0016236" ...
 $ Description   : chr  "vesicle-mediated transport in synapse" "synaptic vesicle cycle" "vacuole organization" "macroautophagy" ...
 $ GeneRatio     : chr  "108/3314" "88/3314" "86/3314" "104/3314" ...
 $ BgRatio       : chr  "329/21379" "270/21379" "271/21379" "356/21379" ...
 $ RichFactor    : num  0.328 0.326 0.317 0.292 0.298 ...
 $ FoldEnrichment: num  2.12 2.1 2.05 1.88 1.92 ...
 $ zScore        : num  8.75 7.81 7.43 7.21 7.17 ...
 $ pvalue        : num  2.78e-15 1.62e-12 1.43e-11 3.04e-11 4.54e-11 ...
 $ p.adjust      : num  1.74e-11 5.04e-09 2.98e-08 4.74e-08 5.66e-08 ...
 $ qvalue        : num  1.50e-11 4.34e-09 2.57e-08 4.09e-08 4.88e-08 ...
 $ geneID        : chr  "Actg1/Eps15l1/Grik5/Ophn1/Snapin/Tbc1d24/Slc9a6/Arfgap3/Stx3/Fgf14/Cask/Napb/Casp3/Scrn1/Cspg5/Syt9/Ppfia3/Denn"| __truncated__ "Actg1/Eps15l1/Grik5/Ophn1/Snapin/Tbc1d24/Slc9a6/Fgf14/Cask/Napb/Casp3/Scrn1/Cspg5/Syt9/Ppfia3/Dennd1a/Fbxl20/Sn"| __truncated__ "Naglu/Epm2a/Zranb1/Cln6/Hook2/Rab34/Ambra1/Snapin/Lrsam1/Mcoln1/Idua/Mbtps1/Atg4c/Vps11/Stx17/Abca1/Ulk3/Hps1/A"| __truncated__ "Fbxl4/Epm2a/Zranb1/Cdk5rap3/Ambra1/Snapin/Lrsam1/Mcoln1/Ikbkg/Nrbp2/Optn/Atg4c/Srebf1/Stx17/Vps41/Ulk3/Atg10/Uf"| __truncated__ ...
 $ Count         : int  108 88 86 104 97 60 75 108 105 55 ...
#...Citation
S Xu, E Hu, Y Cai, Z Xie, X Luo, L Zhan, W Tang, Q Wang, B Liu, R Wang, W Xie, T Wu, L Xie, G Yu. Using clusterProfiler to characterize multiomics data. Nature Protocols. 2024, 19(11):3292-3320 

[1] "plotting FT ORA GO down BP"
[1] "Ontology plot"
[1] "Barplot"
[1] "Dotplot"
[1] "Cnet"
[1] "Heatplot"
[1] "Emap"
[1] "Upset plot"
[1] "down MF"
#
# over-representation test
#
#...@organism 	 Mus musculus 
#...@ontology 	 MF 
#...@keytype 	 ENTREZID 
#...@gene 	 chr [1:3508] "329502" "20168" "76295" "72205" "320910" "216825" "12696" ...
#...pvalues adjusted by 'BH' with cutoff <0.05 
#...67 enriched terms found
'data.frame':	67 obs. of  12 variables:
 $ ID            : chr  "GO:0030695" "GO:0060589" "GO:0015631" "GO:0005096" ...
 $ Description   : chr  "GTPase regulator activity" "nucleoside-triphosphatase regulator activity" "tubulin binding" "GTPase activator activity" ...
 $ GeneRatio     : chr  "115/3308" "115/3308" "103/3308" "70/3308" ...
 $ BgRatio       : chr  "447/20899" "448/20899" "394/20899" "241/20899" ...
 $ RichFactor    : num  0.257 0.257 0.261 0.29 0.248 ...
 $ FoldEnrichment: num  1.63 1.62 1.65 1.84 1.57 ...
 $ zScore        : num  5.8 5.77 5.66 5.65 5.3 ...
 $ pvalue        : num  3.86e-08 4.40e-08 8.34e-08 1.44e-07 4.07e-07 ...
 $ p.adjust      : num  2.77e-05 2.77e-05 3.50e-05 4.55e-05 1.02e-04 ...
 $ qvalue        : num  2.36e-05 2.36e-05 2.99e-05 3.88e-05 8.75e-05 ...
 $ geneID        : chr  "Rasal1/Rgs11/Sh2d3c/Dock3/Nprl3/Arfgap1/Dennd6b/Dock7/Mtss2/Slit2/Arhgef10l/Rasgef1c/Arhgap42/Ophn1/Adgrb3/Tbc1"| __truncated__ "Rasal1/Rgs11/Sh2d3c/Dock3/Nprl3/Arfgap1/Dennd6b/Dock7/Mtss2/Slit2/Arhgef10l/Rasgef1c/Arhgap42/Ophn1/Adgrb3/Tbc1"| __truncated__ "Eml2/Akap1/Dcx/Tubgcp2/Kif16b/Hook2/Gli1/Nav3/Ift81/Tbcd/Fmn1/Lrrc61/Reep2/Kifc2/Ttll1/Vps41/Hdgfl3/Mapre3/Ofd1"| __truncated__ "Rasal1/Rgs11/Dock3/Nprl3/Arfgap1/Dock7/Mtss2/Arhgef10l/Arhgap42/Ophn1/Adgrb3/Tbc1d24/Arfgap3/Tbcd/Usp6nl/Bcas3/"| __truncated__ ...
 $ Count         : int  115 115 103 70 112 59 105 106 17 84 ...
#...Citation
S Xu, E Hu, Y Cai, Z Xie, X Luo, L Zhan, W Tang, Q Wang, B Liu, R Wang, W Xie, T Wu, L Xie, G Yu. Using clusterProfiler to characterize multiomics data. Nature Protocols. 2024, 19(11):3292-3320 

[1] "plotting FT ORA GO down MF"
[1] "Ontology plot"
[1] "Barplot"
[1] "Dotplot"
[1] "Cnet"
[1] "Heatplot"
[1] "Emap"
[1] "Upset plot"
[1] "down CC"
#
# over-representation test
#
#...@organism 	 Mus musculus 
#...@ontology 	 CC 
#...@keytype 	 ENTREZID 
#...@gene 	 chr [1:3508] "329502" "20168" "76295" "72205" "320910" "216825" "12696" ...
#...pvalues adjusted by 'BH' with cutoff <0.05 
#...111 enriched terms found
'data.frame':	111 obs. of  12 variables:
 $ ID            : chr  "GO:0042734" "GO:0005765" "GO:0098852" "GO:0005774" ...
 $ Description   : chr  "presynaptic membrane" "lysosomal membrane" "lytic vacuole membrane" "vacuolar membrane" ...
 $ GeneRatio     : chr  "95/3339" "99/3339" "99/3339" "111/3339" ...
 $ BgRatio       : chr  "277/21515" "331/21515" "331/21515" "391/21515" ...
 $ RichFactor    : num  0.343 0.299 0.299 0.284 0.292 ...
 $ FoldEnrichment: num  2.21 1.93 1.93 1.83 1.88 ...
 $ zScore        : num  8.69 7.29 7.29 7.09 6.71 ...
 $ pvalue        : num  6.75e-15 2.22e-11 2.22e-11 5.01e-11 6.01e-10 ...
 $ p.adjust      : num  5.08e-12 5.57e-09 5.57e-09 9.43e-09 8.90e-08 ...
 $ qvalue        : num  3.97e-12 4.35e-09 4.35e-09 7.35e-09 6.95e-08 ...
 $ geneID        : chr  "Adam23/Kcnj3/Igsf8/Adam11/Abcc8/Grm2/Grik5/L1cam/Gria4/Ptprd/Cacna2d1/Stx3/Cadm3/Ache/Cyth1/Grm3/Cntn6/Cask/Flo"| __truncated__ "Pla2g4e/Nprl3/Tmem63b/Gpr137c/Snapin/Mcoln1/Marchf9/Minar2/Pld3/Slc11a2/Vps11/Marchf1/Stx17/Vps41/Atraid/Ncstn/"| __truncated__ "Pla2g4e/Nprl3/Tmem63b/Gpr137c/Snapin/Mcoln1/Marchf9/Minar2/Pld3/Slc11a2/Vps11/Marchf1/Stx17/Vps41/Atraid/Ncstn/"| __truncated__ "Pla2g4e/Nprl3/Tmem63b/Gpr137c/Snapin/Mcoln1/Marchf9/Minar2/Pld3/Slc11a2/Vps11/Marchf1/Stx17/Vps41/Atraid/Ncstn/"| __truncated__ ...
 $ Count         : int  95 99 99 111 91 119 85 49 102 108 ...
#...Citation
S Xu, E Hu, Y Cai, Z Xie, X Luo, L Zhan, W Tang, Q Wang, B Liu, R Wang, W Xie, T Wu, L Xie, G Yu. Using clusterProfiler to characterize multiomics data. Nature Protocols. 2024, 19(11):3292-3320 

[1] "plotting FT ORA GO down CC"
[1] "Ontology plot"
[1] "Barplot"
[1] "Dotplot"
[1] "Cnet"
[1] "Heatplot"
[1] "Emap"
[1] "Upset plot"
[1] "GSEA analyses for GO"
#
# Gene Set Enrichment Analysis
#
#...@organism 	 Mus musculus 
#...@setType 	 GOALL 
#...@keytype 	 ENTREZID 
#...@geneList 	 Named num [1:14908] 4.05 3.8 2.92 2.9 2.88 ...
 - attr(*, "names")= chr [1:14908] "13654" "57435" "22139" "11838" ...
#...nPerm 	 
#...pvalues adjusted by 'BH' with cutoff <0.05 
#...63 enriched terms found
'data.frame':	63 obs. of  12 variables:
 $ ONTOLOGY       : chr  "BP" "MF" "MF" "MF" ...
 $ ID             : chr  "GO:0050679" "GO:0001228" "GO:0001216" "GO:0140297" ...
 $ Description    : chr  "positive regulation of epithelial cell proliferation" "DNA-binding transcription activator activity, RNA polymerase II-specific" "DNA-binding transcription activator activity" "DNA-binding transcription factor binding" ...
 $ setSize        : int  191 313 322 471 270 76 169 333 454 420 ...
 $ enrichmentScore: num  0.488 0.452 0.445 0.402 0.445 ...
 $ NES            : num  1.94 1.87 1.85 1.73 1.82 ...
 $ pvalue         : num  2.12e-07 6.30e-08 1.37e-07 2.10e-07 4.30e-07 ...
 $ p.adjust       : num  0.000414 0.000414 0.000414 0.000414 0.00067 ...
 $ qvalue         : num  0.000386 0.000386 0.000386 0.000386 0.000624 ...
 $ rank           : num  2513 1911 1911 2661 1812 ...
 $ leading_edge   : chr  "tags=35%, list=17%, signal=30%" "tags=24%, list=13%, signal=21%" "tags=23%, list=13%, signal=21%" "tags=23%, list=18%, signal=20%" ...
 $ core_enrichment: chr  "15370/18124/11727/13655/21828/12273/100504425/384783/22413/22160/15451/22061/56213/22433/15235/11607/13601/1810"| __truncated__ "13654/14281/14282/15370/21679/225872/16477/18124/14284/215418/13653/16600/13656/17133/13655/11910/21847/12609/1"| __truncated__ "13654/14281/14282/15370/21679/225872/16477/18124/14284/215418/13653/16600/13656/17133/13655/11910/21847/12609/1"| __truncated__ "13654/14281/17691/15370/211770/15507/18124/16600/15511/14605/18627/71093/217410/22160/22337/20893/21389/277744/"| __truncated__ ...
#...Citation
S Xu, E Hu, Y Cai, Z Xie, X Luo, L Zhan, W Tang, Q Wang, B Liu, R Wang, W Xie, T Wu, L Xie, G Yu. Using clusterProfiler to characterize multiomics data. Nature Protocols. 2024, 19(11):3292-3320 

#
# Gene Set Enrichment Analysis
#
#...@organism 	 Mus musculus 
#...@setType 	 BP 
#...@keytype 	 ENTREZID 
#...@geneList 	 Named num [1:14908] 4.05 3.8 2.92 2.9 2.88 ...
 - attr(*, "names")= chr [1:14908] "13654" "57435" "22139" "11838" ...
#...nPerm 	 
#...pvalues adjusted by 'BH' with cutoff <0.05 
#...61 enriched terms found
'data.frame':	61 obs. of  11 variables:
 $ ID             : chr  "GO:0050679" "GO:0031669" "GO:0060537" "GO:0007519" ...
 $ Description    : chr  "positive regulation of epithelial cell proliferation" "cellular response to nutrient levels" "muscle tissue development" "skeletal muscle tissue development" ...
 $ setSize        : int  191 270 420 169 76 136 180 305 156 123 ...
 $ enrichmentScore: num  0.488 0.445 0.391 0.498 0.622 ...
 $ NES            : num  1.94 1.81 1.66 1.95 2.14 ...
 $ pvalue         : num  7.17e-07 7.24e-07 1.08e-06 1.45e-06 3.04e-06 ...
 $ p.adjust       : num  0.00212 0.00212 0.00212 0.00214 0.00358 ...
 $ qvalue         : num  0.00195 0.00195 0.00195 0.00197 0.00328 ...
 $ rank           : num  2513 1812 1872 1830 1830 ...
 $ leading_edge   : chr  "tags=35%, list=17%, signal=30%" "tags=17%, list=12%, signal=15%" "tags=20%, list=13%, signal=18%" "tags=22%, list=12%, signal=19%" ...
 $ core_enrichment: chr  "15370/18124/11727/13655/21828/12273/100504425/384783/22413/22160/15451/22061/56213/22433/15235/11607/13601/1810"| __truncated__ "14281/22412/12575/16819/76574/16323/329065/18712/13115/14102/11910/109270/21847/14828/18675/66725/22228/71962/2"| __truncated__ "13654/14281/17691/15370/26556/237611/14284/22402/13653/18712/60406/17133/12064/11910/14605/67451/99929/12227/22"| __truncated__ "13654/14281/15370/26556/237611/13653/60406/17133/11910/14605/12227/22160/20474/78977/66815/12043/22326/17907/20"| __truncated__ ...
#...Citation
S Xu, E Hu, Y Cai, Z Xie, X Luo, L Zhan, W Tang, Q Wang, B Liu, R Wang, W Xie, T Wu, L Xie, G Yu. Using clusterProfiler to characterize multiomics data. Nature Protocols. 2024, 19(11):3292-3320 

[1] "plotting FT GSEA GO"
[1] "Ridgeplot"
Picking joint bandwidth of 0.15
[1] "GSEA"
NULL
[1] "Dotplot"
[1] "Cnet"
[1] "Heatplot"
[1] "Emap"
[1] "Upset plot"
#
# Gene Set Enrichment Analysis
#
#...@organism 	 Mus musculus 
#...@setType 	 MF 
#...@keytype 	 ENTREZID 
#...@geneList 	 Named num [1:14908] 4.05 3.8 2.92 2.9 2.88 ...
 - attr(*, "names")= chr [1:14908] "13654" "57435" "22139" "11838" ...
#...nPerm 	 
#...pvalues adjusted by 'BH' with cutoff <0.05 
#...17 enriched terms found
'data.frame':	17 obs. of  11 variables:
 $ ID             : chr  "GO:0001228" "GO:0001216" "GO:0140297" "GO:0061629" ...
 $ Description    : chr  "DNA-binding transcription activator activity, RNA polymerase II-specific" "DNA-binding transcription activator activity" "DNA-binding transcription factor binding" "RNA polymerase II-specific DNA-binding transcription factor binding" ...
 $ setSize        : int  313 322 471 333 260 52 121 215 88 83 ...
 $ enrichmentScore: num  0.452 0.445 0.402 0.421 0.424 ...
 $ NES            : num  1.88 1.86 1.74 1.76 1.74 ...
 $ pvalue         : num  4.48e-08 6.75e-08 5.03e-08 5.56e-07 7.65e-06 ...
 $ p.adjust       : num  2.59e-05 2.59e-05 2.59e-05 1.60e-04 1.76e-03 ...
 $ qvalue         : num  2.46e-05 2.46e-05 2.46e-05 1.52e-04 1.67e-03 ...
 $ rank           : num  1911 1911 2661 2644 2288 ...
 $ leading_edge   : chr  "tags=24%, list=13%, signal=21%" "tags=23%, list=13%, signal=21%" "tags=23%, list=18%, signal=20%" "tags=24%, list=18%, signal=20%" ...
 $ core_enrichment: chr  "13654/14281/14282/15370/21679/225872/16477/18124/14284/215418/13653/16600/13656/17133/13655/11910/21847/12609/1"| __truncated__ "13654/14281/14282/15370/21679/225872/16477/18124/14284/215418/13653/16600/13656/17133/13655/11910/21847/12609/1"| __truncated__ "13654/14281/17691/15370/211770/15507/18124/16600/15511/14605/18627/71093/217410/22160/22337/20893/21389/277744/"| __truncated__ "13654/14281/15370/211770/15507/18124/16600/15511/18627/217410/22337/20893/21389/277744/214855/193740/18035/2243"| __truncated__ ...
#...Citation
S Xu, E Hu, Y Cai, Z Xie, X Luo, L Zhan, W Tang, Q Wang, B Liu, R Wang, W Xie, T Wu, L Xie, G Yu. Using clusterProfiler to characterize multiomics data. Nature Protocols. 2024, 19(11):3292-3320 

[1] "plotting FT GSEA GO"
[1] "Ridgeplot"
Picking joint bandwidth of 0.126
[1] "GSEA"
NULL
[1] "Dotplot"
[1] "Cnet"
[1] "Heatplot"
[1] "Emap"
[1] "Upset plot"
#
# Gene Set Enrichment Analysis
#
#...@organism 	 Mus musculus 
#...@setType 	 CC 
#...@keytype 	 ENTREZID 
#...@geneList 	 Named num [1:14908] 4.05 3.8 2.92 2.9 2.88 ...
 - attr(*, "names")= chr [1:14908] "13654" "57435" "22139" "11838" ...
#...nPerm 	 
#...pvalues adjusted by 'BH' with cutoff <0.05 
#...3 enriched terms found
'data.frame':	3 obs. of  11 variables:
 $ ID             : chr  "GO:0005667" "GO:0090575" "GO:0034663"
 $ Description    : chr  "transcription regulator complex" "RNA polymerase II transcription regulator complex" "endoplasmic reticulum chaperone complex"
 $ setSize        : int  454 225 10
 $ enrichmentScore: num  0.395 0.437 0.892
 $ NES            : num  1.7 1.77 1.98
 $ pvalue         : num  3.17e-07 1.23e-05 3.00e-05
 $ p.adjust       : num  0.000237 0.004605 0.007483
 $ qvalue         : num  0.000233 0.004517 0.00734
 $ rank           : int  2648 2648 704
 $ leading_edge   : chr  "tags=24%, list=18%, signal=21%" "tags=26%, list=18%, signal=22%" "tags=70%, list=5%, signal=67%"
 $ core_enrichment: chr  "14281/53417/15370/21679/30927/225872/16477/18124/14284/16600/382221/17133/18030/11910/18627/12609/52679/81879/1"| __truncated__ "14281/16477/14284/382221/17133/18030/11910/12609/52679/12916/22337/22433/108143/22259/12306/20849/19013/226182/"| __truncated__ "64136/12304/14828/71853/22027/67838/12282"
#...Citation
S Xu, E Hu, Y Cai, Z Xie, X Luo, L Zhan, W Tang, Q Wang, B Liu, R Wang, W Xie, T Wu, L Xie, G Yu. Using clusterProfiler to characterize multiomics data. Nature Protocols. 2024, 19(11):3292-3320 

'select()' returned 1:many mapping between keys and columns
[1] "Running enrichment for CT"
[1] "ORA analyses for GO"
[1] "genes all"
#
# over-representation test
#
#...@organism 	 Mus musculus 
#...@ontology 	 GOALL 
#...@keytype 	 ENTREZID 
#...@gene 	 chr [1:7242] "13175" "52850" "231605" "381677" "329502" "12575" "13371" ...
#...pvalues adjusted by 'BH' with cutoff <0.05 
#...2096 enriched terms found
'data.frame':	2096 obs. of  13 variables:
 $ ONTOLOGY      : chr  "BP" "BP" "BP" "BP" ...
 $ ID            : chr  "GO:0007264" "GO:0099173" "GO:0050803" "GO:0050807" ...
 $ Description   : chr  "small GTPase-mediated signal transduction" "postsynapse organization" "regulation of synapse structure or activity" "regulation of synapse organization" ...
 $ GeneRatio     : chr  "241/6873" "184/6873" "224/6873" "220/6873" ...
 $ BgRatio       : chr  "461/21379" "328/21379" "424/21379" "415/21379" ...
 $ RichFactor    : num  0.523 0.561 0.528 0.53 0.531 ...
 $ FoldEnrichment: num  1.63 1.74 1.64 1.65 1.65 ...
 $ zScore        : num  9.35 9.36 9.21 9.19 8.68 ...
 $ pvalue        : num  1.37e-19 1.95e-19 5.19e-19 6.30e-19 4.56e-17 ...
 $ p.adjust      : num  6.28e-16 6.28e-16 1.01e-15 1.01e-15 5.86e-14 ...
 $ qvalue        : num  4.16e-16 4.16e-16 6.70e-16 6.70e-16 3.88e-14 ...
 $ geneID        : chr  "Cdkn1a/Lrrk2/Arhgap31/Rock2/Dok3/Rab15/Csnk1a1/Baiap2/Arhgef7/Spry4/Dock3/Abca1/Sh2d3c/Spry2/Rasal1/Rnd3/Slit2/"| __truncated__ "Dclk1/Homer1/Lrrk2/Etv5/Rock2/Zdhhc8/Dcx/Ptpn1/Fam107a/Baiap2/Ezr/Hspa8/Arhgef7/Ina/Actn1/Csmd2/Shank2/Cask/Cap"| __truncated__ "Dclk1/Homer1/Lrrk2/Bdnf/Nectin1/Etv5/Rock2/Mdga1/Zdhhc8/Dcx/Ptpn1/Fam107a/Baiap2/Slitrk1/Hspa8/Cbln2/Dlgap4/Ptk"| __truncated__ "Dclk1/Homer1/Lrrk2/Bdnf/Nectin1/Etv5/Rock2/Mdga1/Zdhhc8/Dcx/Ptpn1/Fam107a/Baiap2/Slitrk1/Hspa8/Cbln2/Dlgap4/Ptk"| __truncated__ ...
 $ Count         : int  241 184 224 220 195 213 173 178 239 201 ...
#...Citation
S Xu, E Hu, Y Cai, Z Xie, X Luo, L Zhan, W Tang, Q Wang, B Liu, R Wang, W Xie, T Wu, L Xie, G Yu. Using clusterProfiler to characterize multiomics data. Nature Protocols. 2024, 19(11):3292-3320 

[1] "genes BP"
#
# over-representation test
#
#...@organism 	 Mus musculus 
#...@ontology 	 BP 
#...@keytype 	 ENTREZID 
#...@gene 	 chr [1:7242] "13175" "52850" "231605" "381677" "329502" "12575" "13371" ...
#...pvalues adjusted by 'BH' with cutoff <0.05 
#...1621 enriched terms found
'data.frame':	1621 obs. of  12 variables:
 $ ID            : chr  "GO:0007264" "GO:0099173" "GO:0050803" "GO:0050807" ...
 $ Description   : chr  "small GTPase-mediated signal transduction" "postsynapse organization" "regulation of synapse structure or activity" "regulation of synapse organization" ...
 $ GeneRatio     : chr  "241/6873" "184/6873" "224/6873" "220/6873" ...
 $ BgRatio       : chr  "461/21379" "328/21379" "424/21379" "415/21379" ...
 $ RichFactor    : num  0.523 0.561 0.528 0.53 0.531 ...
 $ FoldEnrichment: num  1.63 1.74 1.64 1.65 1.65 ...
 $ zScore        : num  9.35 9.36 9.21 9.19 8.68 ...
 $ pvalue        : num  1.37e-19 1.95e-19 5.19e-19 6.30e-19 4.56e-17 ...
 $ p.adjust      : num  6.28e-16 6.28e-16 1.01e-15 1.01e-15 5.86e-14 ...
 $ qvalue        : num  4.16e-16 4.16e-16 6.70e-16 6.70e-16 3.88e-14 ...
 $ geneID        : chr  "Cdkn1a/Lrrk2/Arhgap31/Rock2/Dok3/Rab15/Csnk1a1/Baiap2/Arhgef7/Spry4/Dock3/Abca1/Sh2d3c/Spry2/Rasal1/Rnd3/Slit2/"| __truncated__ "Dclk1/Homer1/Lrrk2/Etv5/Rock2/Zdhhc8/Dcx/Ptpn1/Fam107a/Baiap2/Ezr/Hspa8/Arhgef7/Ina/Actn1/Csmd2/Shank2/Cask/Cap"| __truncated__ "Dclk1/Homer1/Lrrk2/Bdnf/Nectin1/Etv5/Rock2/Mdga1/Zdhhc8/Dcx/Ptpn1/Fam107a/Baiap2/Slitrk1/Hspa8/Cbln2/Dlgap4/Ptk"| __truncated__ "Dclk1/Homer1/Lrrk2/Bdnf/Nectin1/Etv5/Rock2/Mdga1/Zdhhc8/Dcx/Ptpn1/Fam107a/Baiap2/Slitrk1/Hspa8/Cbln2/Dlgap4/Ptk"| __truncated__ ...
 $ Count         : int  241 184 224 220 195 213 173 178 239 201 ...
#...Citation
S Xu, E Hu, Y Cai, Z Xie, X Luo, L Zhan, W Tang, Q Wang, B Liu, R Wang, W Xie, T Wu, L Xie, G Yu. Using clusterProfiler to characterize multiomics data. Nature Protocols. 2024, 19(11):3292-3320 

[1] "plotting CT ORA GO genes BP"
[1] "Ontology plot"
[1] "Barplot"
[1] "Dotplot"
[1] "Cnet"
[1] "Heatplot"
[1] "Emap"
[1] "Upset plot"
[1] "genes MF"
#
# over-representation test
#
#...@organism 	 Mus musculus 
#...@ontology 	 MF 
#...@keytype 	 ENTREZID 
#...@gene 	 chr [1:7242] "13175" "52850" "231605" "381677" "329502" "12575" "13371" ...
#...pvalues adjusted by 'BH' with cutoff <0.05 
#...233 enriched terms found
'data.frame':	233 obs. of  12 variables:
 $ ID            : chr  "GO:0030695" "GO:0060589" "GO:0042578" "GO:0016791" ...
 $ Description   : chr  "GTPase regulator activity" "nucleoside-triphosphatase regulator activity" "phosphoric ester hydrolase activity" "phosphatase activity" ...
 $ GeneRatio     : chr  "224/6863" "224/6863" "178/6863" "140/6863" ...
 $ BgRatio       : chr  "447/20899" "448/20899" "347/20899" "259/20899" ...
 $ RichFactor    : num  0.501 0.5 0.513 0.541 0.51 ...
 $ FoldEnrichment: num  1.53 1.52 1.56 1.65 1.55 ...
 $ zScore        : num  7.86 7.82 7.38 7.32 7.17 ...
 $ pvalue        : num  1.78e-14 2.42e-14 6.41e-13 1.25e-12 2.72e-12 ...
 $ p.adjust      : num  1.57e-11 1.57e-11 2.77e-10 4.06e-10 7.06e-10 ...
 $ qvalue        : num  1.15e-11 1.15e-11 2.03e-10 2.97e-10 5.16e-10 ...
 $ geneID        : chr  "Sgsm1/Rin1/Lrrk2/Arhgap31/Rin2/Iqgap2/Arhgef7/Dock3/Dennd6b/Sh2d3c/Dennd11/Rgs11/Rasal1/Tbc1d8b/Nprl3/Slit2/Arf"| __truncated__ "Sgsm1/Rin1/Lrrk2/Arhgap31/Rin2/Iqgap2/Arhgef7/Dock3/Dennd6b/Sh2d3c/Dennd11/Rgs11/Rasal1/Tbc1d8b/Nprl3/Slit2/Arf"| __truncated__ "Pfkfb3/Ppm1h/Synj2/Dusp4/Pdp1/Gpcpd1/Epm2a/Ptpn1/Ppp1r3c/Ppm1k/Ptk2/Dusp5/Plcl1/Dusp6/Plcd3/Plpp6/Rngtt/Pde8b/C"| __truncated__ "Pfkfb3/Ppm1h/Synj2/Dusp4/Pdp1/Epm2a/Ptpn1/Ppp1r3c/Ppm1k/Ptk2/Dusp5/Dusp6/Plpp6/Rngtt/Cpped1/Ubash3b/Noct/Dusp14"| __truncated__ ...
 $ Count         : int  224 224 178 140 172 212 194 153 178 127 ...
#...Citation
S Xu, E Hu, Y Cai, Z Xie, X Luo, L Zhan, W Tang, Q Wang, B Liu, R Wang, W Xie, T Wu, L Xie, G Yu. Using clusterProfiler to characterize multiomics data. Nature Protocols. 2024, 19(11):3292-3320 

[1] "plotting CT ORA GO genes MF"
[1] "Ontology plot"
[1] "Barplot"
[1] "Dotplot"
[1] "Cnet"
[1] "Heatplot"
[1] "Emap"
[1] "Upset plot"
[1] "genes CC"
#
# over-representation test
#
#...@organism 	 Mus musculus 
#...@ontology 	 CC 
#...@keytype 	 ENTREZID 
#...@gene 	 chr [1:7242] "13175" "52850" "231605" "381677" "329502" "12575" "13371" ...
#...pvalues adjusted by 'BH' with cutoff <0.05 
#...242 enriched terms found
'data.frame':	242 obs. of  12 variables:
 $ ID            : chr  "GO:0014069" "GO:0045211" "GO:0031252" "GO:0005938" ...
 $ Description   : chr  "postsynaptic density" "postsynaptic membrane" "cell leading edge" "cell cortex" ...
 $ GeneRatio     : chr  "261/6966" "218/6966" "244/6966" "192/6966" ...
 $ BgRatio       : chr  "485/21515" "415/21515" "488/21515" "366/21515" ...
 $ RichFactor    : num  0.538 0.525 0.5 0.525 0.562 ...
 $ FoldEnrichment: num  1.66 1.62 1.54 1.62 1.73 ...
 $ zScore        : num  10.2 8.86 8.42 8.28 7.28 ...
 $ pvalue        : num  5.97e-23 9.19e-18 2.69e-16 9.92e-16 2.12e-12 ...
 $ p.adjust      : num  4.67e-20 3.59e-15 7.01e-14 1.94e-13 3.20e-10 ...
 $ qvalue        : num  2.90e-20 2.23e-15 4.36e-14 1.21e-13 1.99e-10 ...
 $ geneID        : chr  "Dclk1/Homer1/Igsf9b/Tamalin/Rock2/Mdga1/Rtn3/Sh2d5/Tnik/Baiap2/Slitrk1/Hspa8/Arpc5/Ina/Camk2g/Csmd2/Wwc1/Hspb1/"| __truncated__ "Igsf9b/Tamalin/Mdga1/Nptx2/Slitrk1/Hip1/Hspa8/Akap1/Gabra4/Pcdh10/Csmd2/Hspb1/Shc4/Lrrc4c/Grm2/Slc6a6/Shank2/So"| __truncated__ "Synj2/Arhgap31/Iqgap2/Fam107a/Baiap2/Ezr/Arhgef7/Spry4/Gabra4/Arpc5/Hax1/Ptk2/Actn1/Wwc1/Ankrd28/Sh2d3c/Spry2/P"| __truncated__ "Iqgap2/Ezr/Hip1/Arhgef7/Arpc5/Hax1/Exoc6b/Zhx3/Ptk2/Actn1/Hmcn1/Fnbp1l/Usp2/Myo1e/Pde4dip/Fscn1/Slc2a1/Clip2/Pl"| __truncated__ ...
 $ Count         : int  261 218 244 192 114 129 132 145 211 205 ...
#...Citation
S Xu, E Hu, Y Cai, Z Xie, X Luo, L Zhan, W Tang, Q Wang, B Liu, R Wang, W Xie, T Wu, L Xie, G Yu. Using clusterProfiler to characterize multiomics data. Nature Protocols. 2024, 19(11):3292-3320 

[1] "plotting CT ORA GO genes CC"
[1] "Ontology plot"
[1] "Barplot"
[1] "Dotplot"
[1] "Cnet"
[1] "Heatplot"
[1] "Emap"
[1] "Upset plot"
[1] "ORA analyses for GO"
[1] "up all"
#
# over-representation test
#
#...@organism 	 Mus musculus 
#...@ontology 	 GOALL 
#...@keytype 	 ENTREZID 
#...@gene 	 chr [1:3414] "13175" "52850" "231605" "381677" "12575" "13371" "170768" ...
#...pvalues adjusted by 'BH' with cutoff <0.05 
#...832 enriched terms found
'data.frame':	832 obs. of  13 variables:
 $ ONTOLOGY      : chr  "BP" "BP" "BP" "BP" ...
 $ ID            : chr  "GO:0006457" "GO:0009755" "GO:0034976" "GO:0008380" ...
 $ Description   : chr  "protein folding" "hormone-mediated signaling pathway" "response to endoplasmic reticulum stress" "RNA splicing" ...
 $ GeneRatio     : chr  "70/3261" "78/3261" "92/3261" "127/3261" ...
 $ BgRatio       : chr  "183/21379" "226/21379" "289/21379" "451/21379" ...
 $ RichFactor    : num  0.383 0.345 0.318 0.282 0.352 ...
 $ FoldEnrichment: num  2.51 2.26 2.09 1.85 2.31 ...
 $ zScore        : num  8.69 8.1 7.89 7.7 7.85 ...
 $ pvalue        : num  2.37e-14 4.83e-13 9.04e-13 1.10e-12 2.69e-12 ...
 $ p.adjust      : num  1.49e-10 1.51e-09 1.72e-09 1.72e-09 2.60e-09 ...
 $ qvalue        : num  1.20e-10 1.22e-09 1.39e-09 1.39e-09 2.10e-09 ...
 $ geneID        : chr  "Hspa5/Dnajb5/Sdf2l1/Hsph1/Dnajb11/Chordc1/Hsp90b1/Pdia4/Fkbp5/Hyou1/Calr/Pdia3/Hspa8/Mkks/Dnajc3/Hspb1/Hspa4/Hs"| __truncated__ "Bdnf/Calr/Jak2/Paqr8/Crh/Pim1/Zmiz1/Ncor2/Adipor2/Klf9/Klf2/Rara/Ptges3/Ppard/Dnaja1/Clock/Errfi1/Actn4/Appl1/Z"| __truncated__ "Hspa5/Sdf2l1/Lrrk2/Pdia6/Hsp90b1/Pdia4/Hyou1/Manf/Calr/Xbp1/Ptpn1/Stt3b/Pdia3/Sik2/Dnajc3/Ccnd1/Bcl2/Creb3l2/At"| __truncated__ "Rbm28/Mettl16/Hspa8/Srsf10/Taf12/Txnl4a/Prpf18/Tra2a/Rbm14/Taf9/Hnrnpm/Rbm12b1/Sfpq/Rbm10/Srsf7/Mettl3/Slc38a2/"| __truncated__ ...
 $ Count         : int  70 78 92 127 70 58 90 125 52 134 ...
#...Citation
S Xu, E Hu, Y Cai, Z Xie, X Luo, L Zhan, W Tang, Q Wang, B Liu, R Wang, W Xie, T Wu, L Xie, G Yu. Using clusterProfiler to characterize multiomics data. Nature Protocols. 2024, 19(11):3292-3320 

[1] "up BP"
#
# over-representation test
#
#...@organism 	 Mus musculus 
#...@ontology 	 BP 
#...@keytype 	 ENTREZID 
#...@gene 	 chr [1:3414] "13175" "52850" "231605" "381677" "12575" "13371" "170768" ...
#...pvalues adjusted by 'BH' with cutoff <0.05 
#...598 enriched terms found
'data.frame':	598 obs. of  12 variables:
 $ ID            : chr  "GO:0006457" "GO:0009755" "GO:0034976" "GO:0008380" ...
 $ Description   : chr  "protein folding" "hormone-mediated signaling pathway" "response to endoplasmic reticulum stress" "RNA splicing" ...
 $ GeneRatio     : chr  "70/3261" "78/3261" "92/3261" "127/3261" ...
 $ BgRatio       : chr  "183/21379" "226/21379" "289/21379" "451/21379" ...
 $ RichFactor    : num  0.383 0.345 0.318 0.282 0.352 ...
 $ FoldEnrichment: num  2.51 2.26 2.09 1.85 2.31 ...
 $ zScore        : num  8.69 8.1 7.89 7.7 7.85 ...
 $ pvalue        : num  2.37e-14 4.83e-13 9.04e-13 1.10e-12 2.69e-12 ...
 $ p.adjust      : num  1.49e-10 1.51e-09 1.72e-09 1.72e-09 2.60e-09 ...
 $ qvalue        : num  1.20e-10 1.22e-09 1.39e-09 1.39e-09 2.10e-09 ...
 $ geneID        : chr  "Hspa5/Dnajb5/Sdf2l1/Hsph1/Dnajb11/Chordc1/Hsp90b1/Pdia4/Fkbp5/Hyou1/Calr/Pdia3/Hspa8/Mkks/Dnajc3/Hspb1/Hspa4/Hs"| __truncated__ "Bdnf/Calr/Jak2/Paqr8/Crh/Pim1/Zmiz1/Ncor2/Adipor2/Klf9/Klf2/Rara/Ptges3/Ppard/Dnaja1/Clock/Errfi1/Actn4/Appl1/Z"| __truncated__ "Hspa5/Sdf2l1/Lrrk2/Pdia6/Hsp90b1/Pdia4/Hyou1/Manf/Calr/Xbp1/Ptpn1/Stt3b/Pdia3/Sik2/Dnajc3/Ccnd1/Bcl2/Creb3l2/At"| __truncated__ "Rbm28/Mettl16/Hspa8/Srsf10/Taf12/Txnl4a/Prpf18/Tra2a/Rbm14/Taf9/Hnrnpm/Rbm12b1/Sfpq/Rbm10/Srsf7/Mettl3/Slc38a2/"| __truncated__ ...
 $ Count         : int  70 78 92 127 70 58 90 125 52 134 ...
#...Citation
S Xu, E Hu, Y Cai, Z Xie, X Luo, L Zhan, W Tang, Q Wang, B Liu, R Wang, W Xie, T Wu, L Xie, G Yu. Using clusterProfiler to characterize multiomics data. Nature Protocols. 2024, 19(11):3292-3320 

[1] "plotting CT ORA GO up BP"
[1] "Ontology plot"
[1] "Barplot"
[1] "Dotplot"
[1] "Cnet"
[1] "Heatplot"
[1] "Emap"
[1] "Upset plot"
[1] "up MF"
#
# over-representation test
#
#...@organism 	 Mus musculus 
#...@ontology 	 MF 
#...@keytype 	 ENTREZID 
#...@gene 	 chr [1:3414] "13175" "52850" "231605" "381677" "12575" "13371" "170768" ...
#...pvalues adjusted by 'BH' with cutoff <0.05 
#...115 enriched terms found
'data.frame':	115 obs. of  12 variables:
 $ ID            : chr  "GO:0061629" "GO:0003729" "GO:0051082" "GO:0016706" ...
 $ Description   : chr  "RNA polymerase II-specific DNA-binding transcription factor binding" "mRNA binding" "unfolded protein binding" "2-oxoglutarate-dependent dioxygenase activity" ...
 $ GeneRatio     : chr  "113/3252" "109/3252" "39/3252" "31/3252" ...
 $ BgRatio       : chr  "385/20899" "383/20899" "89/20899" "62/20899" ...
 $ RichFactor    : num  0.294 0.285 0.438 0.5 0.633 ...
 $ FoldEnrichment: num  1.89 1.83 2.82 3.21 4.07 ...
 $ zScore        : num  7.53 7.03 7.37 7.49 7.22 ...
 $ pvalue        : num  3.90e-12 7.35e-11 2.01e-10 2.47e-10 4.06e-09 ...
 $ p.adjust      : num  4.85e-09 4.57e-08 7.67e-08 7.67e-08 1.01e-06 ...
 $ qvalue        : num  4.10e-09 3.86e-08 6.49e-08 6.49e-08 8.52e-07 ...
 $ geneID        : chr  "Trib2/Calr/Xbp1/Per2/Bhlhe40/Mkks/Hspb1/Klf4/Hspa4/Ncor2/Hspa1b/Arid5a/Uhrf2/Egr2/Trib1/Stk4/Nr4a3/Brms1/Srf/Sm"| __truncated__ "Samd4b/Calr/Srsf10/Ago2/Arid5a/Ddx19b/Caprin1/Noct/Peg10/Rbm14/Eif3a/Rara/Hnrnpm/Csdc2/Srsf7/Arc/Mettl3/Srbd1/R"| __truncated__ "Hspa5/Dnajb5/Dnajb11/Hsp90b1/Calr/Hspa8/Srsf10/Mkks/Hspb1/Hspa1b/Cdc37l1/Hsp90ab1/Serpinh1/Canx/Dnajb1/Uggt1/Pt"| __truncated__ "P4ha1/Kdm7a/Tet3/Kdm6b/P4ha2/Kdm5c/P4hb/Hif1an/P4ha3/Alkbh5/Phf8/P3h3/Phyhd1/Egln1/Jmjd6/Hr/Kdm2b/Kdm5d/Alkbh8/"| __truncated__ ...
 $ Count         : int  113 109 39 31 19 37 29 51 40 10 ...
#...Citation
S Xu, E Hu, Y Cai, Z Xie, X Luo, L Zhan, W Tang, Q Wang, B Liu, R Wang, W Xie, T Wu, L Xie, G Yu. Using clusterProfiler to characterize multiomics data. Nature Protocols. 2024, 19(11):3292-3320 

[1] "plotting CT ORA GO up MF"
[1] "Ontology plot"
[1] "Barplot"
[1] "Dotplot"
[1] "Cnet"
[1] "Heatplot"
[1] "Emap"
[1] "Upset plot"
[1] "up CC"
#
# over-representation test
#
#...@organism 	 Mus musculus 
#...@ontology 	 CC 
#...@keytype 	 ENTREZID 
#...@gene 	 chr [1:3414] "13175" "52850" "231605" "381677" "12575" "13371" "170768" ...
#...pvalues adjusted by 'BH' with cutoff <0.05 
#...119 enriched terms found
'data.frame':	119 obs. of  12 variables:
 $ ID            : chr  "GO:0140534" "GO:0090575" "GO:0014069" "GO:0031252" ...
 $ Description   : chr  "endoplasmic reticulum protein-containing complex" "RNA polymerase II transcription regulator complex" "postsynaptic density" "cell leading edge" ...
 $ GeneRatio     : chr  "54/3306" "80/3306" "130/3306" "126/3306" ...
 $ BgRatio       : chr  "136/21515" "250/21515" "485/21515" "488/21515" ...
 $ RichFactor    : num  0.397 0.32 0.268 0.258 0.252 ...
 $ FoldEnrichment: num  2.58 2.08 1.74 1.68 1.64 ...
 $ zScore        : num  7.9 7.34 7.07 6.48 6.12 ...
 $ pvalue        : num  5.09e-12 2.96e-11 4.25e-11 1.11e-09 7.18e-09 ...
 $ p.adjust      : num  3.87e-09 1.08e-08 1.08e-08 2.12e-07 1.03e-06 ...
 $ qvalue        : num  3.06e-09 8.50e-09 8.50e-09 1.67e-07 8.15e-07 ...
 $ geneID        : chr  "P4ha1/Hspa5/Sdf2l1/Dnajb11/Pdia6/Hsp90b1/Pdia4/Hyou1/Calr/Stt3b/Mlec/Pdia3/Rpn1/Magt1/Srpra/P4ha2/Ostc/H2-T23/S"| __truncated__ "Fosl2/Xbp1/Nfil3/Crem/Jdp2/Taf12/Mafg/Med14/Atf6/Npas2/Smad3/Rara/Taf9/Smad7/Taf3/Sfpq/E2f6/Ppard/Cebpa/Clock/I"| __truncated__ "Dclk1/Homer1/Igsf9b/Tamalin/Rock2/Mdga1/Sh2d5/Baiap2/Hspa8/Arpc5/Ina/Csmd2/Wwc1/Hspb1/Shank2/Sorcs3/Cacng2/Mpdz"| __truncated__ "Synj2/Arhgap31/Iqgap2/Fam107a/Baiap2/Ezr/Arhgef7/Spry4/Arpc5/Hax1/Ptk2/Actn1/Wwc1/Spry2/Ppp6r1/Fscn1/Unc5a/Layn"| __truncated__ ...
 $ Count         : int  54 80 130 126 124 21 111 61 90 61 ...
#...Citation
S Xu, E Hu, Y Cai, Z Xie, X Luo, L Zhan, W Tang, Q Wang, B Liu, R Wang, W Xie, T Wu, L Xie, G Yu. Using clusterProfiler to characterize multiomics data. Nature Protocols. 2024, 19(11):3292-3320 

[1] "plotting CT ORA GO up CC"
[1] "Ontology plot"
[1] "Barplot"
[1] "Dotplot"
[1] "Cnet"
[1] "Heatplot"
[1] "Emap"
[1] "Upset plot"
[1] "ORA analyses for GO"
[1] "down all"
#
# over-representation test
#
#...@organism 	 Mus musculus 
#...@ontology 	 GOALL 
#...@keytype 	 ENTREZID 
#...@gene 	 chr [1:3828] "329502" "320910" "72205" "76295" "22704" "83671" "68795" ...
#...pvalues adjusted by 'BH' with cutoff <0.05 
#...775 enriched terms found
'data.frame':	775 obs. of  13 variables:
 $ ONTOLOGY      : chr  "BP" "BP" "BP" "BP" ...
 $ ID            : chr  "GO:0007411" "GO:0097485" "GO:0099003" "GO:0099504" ...
 $ Description   : chr  "axon guidance" "neuron projection guidance" "vesicle-mediated transport in synapse" "synaptic vesicle cycle" ...
 $ GeneRatio     : chr  "90/3612" "90/3612" "104/3612" "89/3612" ...
 $ BgRatio       : chr  "264/21379" "265/21379" "329/21379" "270/21379" ...
 $ RichFactor    : num  0.341 0.34 0.316 0.33 0.294 ...
 $ FoldEnrichment: num  2.02 2.01 1.87 1.95 1.74 ...
 $ zScore        : num  7.5 7.46 7.18 7.09 6.82 ...
 $ pvalue        : num  7.14e-12 9.04e-12 3.13e-11 7.17e-11 1.66e-10 ...
 $ p.adjust      : num  2.85e-08 2.85e-08 6.57e-08 1.13e-07 2.10e-07 ...
 $ qvalue        : num  2.33e-08 2.33e-08 5.36e-08 9.23e-08 1.71e-07 ...
 $ geneID        : chr  "Epha8/Slit2/Sema6b/Lmtk2/Unc5d/Sema6a/L1cam/Cntn1/Ephb6/Ptprm/Vangl2/Lama3/Flot1/Rac3/Robo2/Megf9/Lamc2/Neurog2"| __truncated__ "Epha8/Slit2/Sema6b/Lmtk2/Unc5d/Sema6a/L1cam/Cntn1/Ephb6/Ptprm/Vangl2/Lama3/Flot1/Rac3/Robo2/Megf9/Lamc2/Neurog2"| __truncated__ "Cask/Actg1/Fgf14/Stx3/Cspg5/Grik5/Scrn1/Snapin/Atp6v0e2/Casp3/Arfgap3/Syt11/Nlgn2/Napa/Ophn1/Dennd1a/Eps15l1/Sy"| __truncated__ "Cask/Actg1/Fgf14/Cspg5/Grik5/Scrn1/Snapin/Atp6v0e2/Casp3/Syt11/Nlgn2/Napa/Ophn1/Dennd1a/Eps15l1/Syt9/Stx1a/Vamp"| __truncated__ ...
 $ Count         : int  90 90 104 89 121 110 83 90 85 132 ...
#...Citation
S Xu, E Hu, Y Cai, Z Xie, X Luo, L Zhan, W Tang, Q Wang, B Liu, R Wang, W Xie, T Wu, L Xie, G Yu. Using clusterProfiler to characterize multiomics data. Nature Protocols. 2024, 19(11):3292-3320 

[1] "down BP"
#
# over-representation test
#
#...@organism 	 Mus musculus 
#...@ontology 	 BP 
#...@keytype 	 ENTREZID 
#...@gene 	 chr [1:3828] "329502" "320910" "72205" "76295" "22704" "83671" "68795" ...
#...pvalues adjusted by 'BH' with cutoff <0.05 
#...559 enriched terms found
'data.frame':	559 obs. of  12 variables:
 $ ID            : chr  "GO:0007411" "GO:0097485" "GO:0099003" "GO:0099504" ...
 $ Description   : chr  "axon guidance" "neuron projection guidance" "vesicle-mediated transport in synapse" "synaptic vesicle cycle" ...
 $ GeneRatio     : chr  "90/3612" "90/3612" "104/3612" "89/3612" ...
 $ BgRatio       : chr  "264/21379" "265/21379" "329/21379" "270/21379" ...
 $ RichFactor    : num  0.341 0.34 0.316 0.33 0.294 ...
 $ FoldEnrichment: num  2.02 2.01 1.87 1.95 1.74 ...
 $ zScore        : num  7.5 7.46 7.18 7.09 6.82 ...
 $ pvalue        : num  7.14e-12 9.04e-12 3.13e-11 7.17e-11 1.66e-10 ...
 $ p.adjust      : num  2.85e-08 2.85e-08 6.57e-08 1.13e-07 2.10e-07 ...
 $ qvalue        : num  2.33e-08 2.33e-08 5.36e-08 9.23e-08 1.71e-07 ...
 $ geneID        : chr  "Epha8/Slit2/Sema6b/Lmtk2/Unc5d/Sema6a/L1cam/Cntn1/Ephb6/Ptprm/Vangl2/Lama3/Flot1/Rac3/Robo2/Megf9/Lamc2/Neurog2"| __truncated__ "Epha8/Slit2/Sema6b/Lmtk2/Unc5d/Sema6a/L1cam/Cntn1/Ephb6/Ptprm/Vangl2/Lama3/Flot1/Rac3/Robo2/Megf9/Lamc2/Neurog2"| __truncated__ "Cask/Actg1/Fgf14/Stx3/Cspg5/Grik5/Scrn1/Snapin/Atp6v0e2/Casp3/Arfgap3/Syt11/Nlgn2/Napa/Ophn1/Dennd1a/Eps15l1/Sy"| __truncated__ "Cask/Actg1/Fgf14/Cspg5/Grik5/Scrn1/Snapin/Atp6v0e2/Casp3/Syt11/Nlgn2/Napa/Ophn1/Dennd1a/Eps15l1/Syt9/Stx1a/Vamp"| __truncated__ ...
 $ Count         : int  90 90 104 89 121 110 83 90 85 132 ...
#...Citation
S Xu, E Hu, Y Cai, Z Xie, X Luo, L Zhan, W Tang, Q Wang, B Liu, R Wang, W Xie, T Wu, L Xie, G Yu. Using clusterProfiler to characterize multiomics data. Nature Protocols. 2024, 19(11):3292-3320 

[1] "plotting CT ORA GO down BP"
[1] "Ontology plot"
[1] "Barplot"
[1] "Dotplot"
[1] "Cnet"
[1] "Heatplot"
[1] "Emap"
[1] "Upset plot"
[1] "down MF"
#
# over-representation test
#
#...@organism 	 Mus musculus 
#...@ontology 	 MF 
#...@keytype 	 ENTREZID 
#...@gene 	 chr [1:3828] "329502" "320910" "72205" "76295" "22704" "83671" "68795" ...
#...pvalues adjusted by 'BH' with cutoff <0.05 
#...114 enriched terms found
'data.frame':	114 obs. of  12 variables:
 $ ID            : chr  "GO:0022804" "GO:0015631" "GO:0046873" "GO:0022836" ...
 $ Description   : chr  "active transmembrane transporter activity" "tubulin binding" "metal ion transmembrane transporter activity" "gated channel activity" ...
 $ GeneRatio     : chr  "118/3611" "109/3611" "120/3611" "90/3611" ...
 $ BgRatio       : chr  "432/20899" "394/20899" "451/20899" "316/20899" ...
 $ RichFactor    : num  0.273 0.277 0.266 0.285 0.264 ...
 $ FoldEnrichment: num  1.58 1.6 1.54 1.65 1.53 ...
 $ zScore        : num  5.58 5.51 5.3 5.31 5.16 ...
 $ pvalue        : num  1.01e-07 1.52e-07 3.60e-07 4.59e-07 6.95e-07 ...
 $ p.adjust      : num  0.000096 0.000096 0.000141 0.000141 0.000141 ...
 $ qvalue        : num  0.000078 0.000078 0.000115 0.000115 0.000115 ...
 $ geneID        : chr  "Slc16a11/Slc9a8/Abca1/Slc6a6/Slc2a8/Slc6a15/Slc44a2/Slc9a9/Slc25a11/Kcnj11/Tomm20/Slc23a2/Abcc8/Slc25a12/Slc4a3"| __truncated__ "Eml2/Dcx/Akap1/Nav3/Hook2/Tubgcp2/Pde4b/Kif16b/Reep2/Stmn1/Stim1/Ift81/Fmn1/Hdgfl3/Bcas3/Capn6/Tiam1/Syt11/Stmn"| __truncated__ "Trpm4/Kcnj3/Slc9a8/Slc6a6/Tfrc/Slc6a15/Kcnj4/Slc9a9/Kcnj11/Slc23a2/Abcc8/Grik5/Slc11a2/Stim1/Tspoap1/Slc40a1/Sl"| __truncated__ "Trpm4/Kcnj3/Gabra4/Tmem63b/Gria4/Kcnj4/Gabrg2/Kcnj11/Grik5/Tspoap1/Grin3a/Kcnd1/Ano10/Clcn5/Cacna2d1/Mcoln1/Scn"| __truncated__ ...
 $ Count         : int  118 109 120 90 118 14 118 114 44 102 ...
#...Citation
S Xu, E Hu, Y Cai, Z Xie, X Luo, L Zhan, W Tang, Q Wang, B Liu, R Wang, W Xie, T Wu, L Xie, G Yu. Using clusterProfiler to characterize multiomics data. Nature Protocols. 2024, 19(11):3292-3320 

[1] "plotting CT ORA GO down MF"
[1] "Ontology plot"
[1] "Barplot"
[1] "Dotplot"
[1] "Cnet"
[1] "Heatplot"
[1] "Emap"
[1] "Upset plot"
[1] "down CC"
#
# over-representation test
#
#...@organism 	 Mus musculus 
#...@ontology 	 CC 
#...@keytype 	 ENTREZID 
#...@gene 	 chr [1:3828] "329502" "320910" "72205" "76295" "22704" "83671" "68795" ...
#...pvalues adjusted by 'BH' with cutoff <0.05 
#...102 enriched terms found
'data.frame':	102 obs. of  12 variables:
 $ ID            : chr  "GO:0042734" "GO:0005765" "GO:0098852" "GO:0005774" ...
 $ Description   : chr  "presynaptic membrane" "lysosomal membrane" "lytic vacuole membrane" "vacuolar membrane" ...
 $ GeneRatio     : chr  "99/3660" "112/3660" "112/3660" "124/3660" ...
 $ BgRatio       : chr  "277/21515" "331/21515" "331/21515" "391/21515" ...
 $ RichFactor    : num  0.357 0.338 0.338 0.317 0.294 ...
 $ FoldEnrichment: num  2.1 1.99 1.99 1.86 1.73 ...
 $ zScore        : num  8.35 8.21 8.21 7.81 6.78 ...
 $ pvalue        : num  3.56e-14 5.74e-14 5.74e-14 5.14e-13 2.04e-10 ...
 $ p.adjust      : num  1.45e-11 1.45e-11 1.45e-11 9.76e-11 3.11e-08 ...
 $ qvalue        : num  1.10e-11 1.10e-11 1.10e-11 7.38e-11 2.35e-08 ...
 $ geneID        : chr  "Kcnj3/Grm2/Adam23/Adam11/Cask/Gria4/Igsf8/Kcnj11/L1cam/Abcc8/Stx3/Cntn1/Flot2/Grik5/Cyth1/Itga3/Ptprd/Cntnap2/C"| __truncated__ "Pla2g4e/Nprl3/Tmem63b/Atraid/Vps11/Minar2/Gpr137c/Snapin/Slc11a2/Marchf9/Arl8a/Pip4p1/Syt11/Pld3/Plekhm2/Pgap6/"| __truncated__ "Pla2g4e/Nprl3/Tmem63b/Atraid/Vps11/Minar2/Gpr137c/Snapin/Slc11a2/Marchf9/Arl8a/Pip4p1/Syt11/Pld3/Plekhm2/Pgap6/"| __truncated__ "Pla2g4e/Nprl3/Tmem63b/Atraid/Vps11/Minar2/Gpr137c/Snapin/Slc11a2/Marchf9/Arl8a/Atp6v0e2/Pip4p1/Syt11/Pld3/Plekh"| __truncated__ ...
 $ Count         : int  99 112 112 124 122 96 125 90 102 131 ...
#...Citation
S Xu, E Hu, Y Cai, Z Xie, X Luo, L Zhan, W Tang, Q Wang, B Liu, R Wang, W Xie, T Wu, L Xie, G Yu. Using clusterProfiler to characterize multiomics data. Nature Protocols. 2024, 19(11):3292-3320 

[1] "plotting CT ORA GO down CC"
[1] "Ontology plot"
[1] "Barplot"
[1] "Dotplot"
[1] "Cnet"
[1] "Heatplot"
[1] "Emap"
[1] "Upset plot"
[1] "GSEA analyses for GO"
#
# Gene Set Enrichment Analysis
#
#...@organism 	 Mus musculus 
#...@setType 	 GOALL 
#...@keytype 	 ENTREZID 
#...@geneList 	 Named num [1:14908] 3.64 3 2.87 2.73 2.34 ...
 - attr(*, "names")= chr [1:14908] "57435" "239766" "13654" "71840" ...
#...nPerm 	 
#...pvalues adjusted by 'BH' with cutoff <0.05 
#...14 enriched terms found
'data.frame':	14 obs. of  12 variables:
 $ ONTOLOGY       : chr  "MF" "MF" "CC" "MF" ...
 $ ID             : chr  "GO:0001228" "GO:0001216" "GO:0005667" "GO:0140297" ...
 $ Description    : chr  "DNA-binding transcription activator activity, RNA polymerase II-specific" "DNA-binding transcription activator activity" "transcription regulator complex" "DNA-binding transcription factor binding" ...
 $ setSize        : int  313 322 454 471 333 41 225 167 10 84 ...
 $ enrichmentScore: num  0.444 0.439 0.38 0.378 0.409 ...
 $ NES            : num  1.86 1.85 1.64 1.64 1.72 ...
 $ pvalue         : num  5.59e-08 3.56e-07 2.21e-06 2.49e-06 3.52e-06 ...
 $ p.adjust       : num  0.000435 0.001388 0.004845 0.004845 0.00548 ...
 $ qvalue         : num  0.000423 0.001349 0.004711 0.004711 0.005328 ...
 $ rank           : num  2066 2066 2780 2904 2887 ...
 $ leading_edge   : chr  "tags=28%, list=14%, signal=24%" "tags=27%, list=14%, signal=24%" "tags=26%, list=19%, signal=22%" "tags=24%, list=19%, signal=20%" ...
 $ core_enrichment: chr  "13654/14282/14281/14284/18124/17133/225872/21679/16600/13656/15370/13653/13655/16477/11910/12609/215418/21847/2"| __truncated__ "13654/14282/14281/14284/18124/17133/225872/21679/16600/13656/15370/13653/13655/16477/11910/12609/215418/21847/2"| __truncated__ "30927/53417/14281/382221/14284/18124/17133/225872/21679/16600/15370/18627/16477/18030/11910/12609/12916/17121/2"| __truncated__ "13654/14281/15507/17691/18124/15511/211770/16600/15370/18627/71093/14605/12265/217410/214855/193740/243910/2167"| __truncated__ ...
#...Citation
S Xu, E Hu, Y Cai, Z Xie, X Luo, L Zhan, W Tang, Q Wang, B Liu, R Wang, W Xie, T Wu, L Xie, G Yu. Using clusterProfiler to characterize multiomics data. Nature Protocols. 2024, 19(11):3292-3320 

no term enriched under specific pvalueCutoff...
#
# Gene Set Enrichment Analysis
#
#...@organism 	 Mus musculus 
#...@setType 	 BP 
#...@keytype 	 ENTREZID 
#...@geneList 	 Named num [1:14908] 3.64 3 2.87 2.73 2.34 ...
 - attr(*, "names")= chr [1:14908] "57435" "239766" "13654" "71840" ...
#...nPerm 	 
#...pvalues adjusted by 'BH' with cutoff <0.05 
#...0 enriched terms found
'data.frame':	0 obs. of  8 variables:
 $ ID             : chr 
 $ Description    : chr 
 $ setSize        : int 
 $ enrichmentScore: num 
 $ NES            : num 
 $ pvalue         : num 
 $ p.adjust       : num 
 $ qvalue         : num 
#...Citation
S Xu, E Hu, Y Cai, Z Xie, X Luo, L Zhan, W Tang, Q Wang, B Liu, R Wang, W Xie, T Wu, L Xie, G Yu. Using clusterProfiler to characterize multiomics data. Nature Protocols. 2024, 19(11):3292-3320 

#
# Gene Set Enrichment Analysis
#
#...@organism 	 Mus musculus 
#...@setType 	 MF 
#...@keytype 	 ENTREZID 
#...@geneList 	 Named num [1:14908] 3.64 3 2.87 2.73 2.34 ...
 - attr(*, "names")= chr [1:14908] "57435" "239766" "13654" "71840" ...
#...nPerm 	 
#...pvalues adjusted by 'BH' with cutoff <0.05 
#...13 enriched terms found
'data.frame':	13 obs. of  11 variables:
 $ ID             : chr  "GO:0001228" "GO:0001216" "GO:0030020" "GO:0061629" ...
 $ Description    : chr  "DNA-binding transcription activator activity, RNA polymerase II-specific" "DNA-binding transcription activator activity" "extracellular matrix structural constituent conferring tensile strength" "RNA polymerase II-specific DNA-binding transcription factor binding" ...
 $ setSize        : int  313 322 41 333 471 122 81 28 121 17 ...
 $ enrichmentScore: num  0.444 0.439 -0.665 0.409 0.378 ...
 $ NES            : num  1.87 1.86 -2.14 1.74 1.65 ...
 $ pvalue         : num  4.02e-08 1.01e-07 2.18e-06 2.29e-06 1.43e-06 ...
 $ p.adjust       : num  4.62e-05 5.82e-05 5.27e-04 5.27e-04 5.27e-04 ...
 $ qvalue         : num  4.45e-05 5.60e-05 5.07e-04 5.07e-04 5.07e-04 ...
 $ rank           : num  2066 2066 2402 2887 2904 ...
 $ leading_edge   : chr  "tags=28%, list=14%, signal=24%" "tags=27%, list=14%, signal=24%" "tags=63%, list=16%, signal=53%" "tags=26%, list=19%, signal=22%" ...
 $ core_enrichment: chr  "13654/14282/14281/14284/18124/17133/225872/21679/16600/13656/15370/13653/13655/16477/11910/12609/215418/21847/2"| __truncated__ "13654/14282/14281/14284/18124/17133/225872/21679/16600/13656/15370/13653/13655/16477/11910/12609/215418/21847/2"| __truncated__ "12814/12833/12818/12828/12841/12830/12819/12834/237759/12815/12821/12837/71355/12840/12831/12817/12823/12832/12"| __truncated__ "13654/14281/15507/18124/15511/211770/16600/15370/18627/12265/217410/214855/193740/243910/12608/12317/19183/2233"| __truncated__ ...
#...Citation
S Xu, E Hu, Y Cai, Z Xie, X Luo, L Zhan, W Tang, Q Wang, B Liu, R Wang, W Xie, T Wu, L Xie, G Yu. Using clusterProfiler to characterize multiomics data. Nature Protocols. 2024, 19(11):3292-3320 

[1] "plotting CT GSEA GO"
[1] "Ridgeplot"
Picking joint bandwidth of 0.134
[1] "GSEA"
NULL
[1] "Dotplot"
[1] "Cnet"
[1] "Heatplot"
[1] "Emap"
[1] "Upset plot"
#
# Gene Set Enrichment Analysis
#
#...@organism 	 Mus musculus 
#...@setType 	 CC 
#...@keytype 	 ENTREZID 
#...@geneList 	 Named num [1:14908] 3.64 3 2.87 2.73 2.34 ...
 - attr(*, "names")= chr [1:14908] "57435" "239766" "13654" "71840" ...
#...nPerm 	 
#...pvalues adjusted by 'BH' with cutoff <0.05 
#...3 enriched terms found
'data.frame':	3 obs. of  11 variables:
 $ ID             : chr  "GO:0005667" "GO:0034663" "GO:0090575"
 $ Description    : chr  "transcription regulator complex" "endoplasmic reticulum chaperone complex" "RNA polymerase II transcription regulator complex"
 $ setSize        : int  454 10 225
 $ enrichmentScore: num  0.38 0.91 0.439
 $ NES            : num  1.65 2.03 1.76
 $ pvalue         : num  1.10e-06 5.87e-06 1.15e-05
 $ p.adjust       : num  0.000825 0.002194 0.00286
 $ qvalue         : num  0.000813 0.002161 0.002817
 $ rank           : int  2780 585 2747
 $ leading_edge   : chr  "tags=26%, list=19%, signal=22%" "tags=70%, list=4%, signal=67%" "tags=30%, list=18%, signal=25%"
 $ core_enrichment: chr  "30927/53417/14281/382221/14284/18124/17133/225872/21679/16600/15370/18627/16477/18030/11910/12609/12916/17121/2"| __truncated__ "64136/12304/14828/71853/22027/67838/12282" "14281/382221/14284/17133/16477/18030/11910/12609/12916/17121/12608/19401/22337/22259/22433/108143/12306/12606/2"| __truncated__
#...Citation
S Xu, E Hu, Y Cai, Z Xie, X Luo, L Zhan, W Tang, Q Wang, B Liu, R Wang, W Xie, T Wu, L Xie, G Yu. Using clusterProfiler to characterize multiomics data. Nature Protocols. 2024, 19(11):3292-3320 

'select()' returned 1:many mapping between keys and columns
[1] "Running enrichment for FV"
[1] "ORA analyses for GO"
[1] "genes all"
#
# over-representation test
#
#...@organism 	 Mus musculus 
#...@ontology 	 GOALL 
#...@keytype 	 ENTREZID 
#...@gene 	 chr [1:7151] "13175" "52850" "381677" "13371" "329502" "12575" "231605" ...
#...pvalues adjusted by 'BH' with cutoff <0.05 
#...1654 enriched terms found
'data.frame':	1654 obs. of  13 variables:
 $ ONTOLOGY      : chr  "BP" "BP" "BP" "BP" ...
 $ ID            : chr  "GO:0050890" "GO:0007611" "GO:0050803" "GO:0034976" ...
 $ Description   : chr  "cognition" "learning or memory" "regulation of synapse structure or activity" "response to endoplasmic reticulum stress" ...
 $ GeneRatio     : chr  "213/6787" "194/6787" "216/6787" "159/6787" ...
 $ BgRatio       : chr  "412/21379" "367/21379" "424/21379" "289/21379" ...
 $ RichFactor    : num  0.517 0.529 0.509 0.55 0.508 ...
 $ FoldEnrichment: num  1.63 1.67 1.6 1.73 1.6 ...
 $ zScore        : num  8.79 8.77 8.58 8.56 8.44 ...
 $ pvalue        : num  1.94e-17 2.58e-17 9.81e-17 1.71e-16 2.93e-16 ...
 $ p.adjust      : num  8.28e-14 8.28e-14 2.10e-13 2.74e-13 3.77e-13 ...
 $ qvalue        : num  5.96e-14 5.96e-14 1.51e-13 1.98e-13 2.72e-13 ...
 $ geneID        : chr  "Bdnf/Rin1/Mfsd2a/Nptx2/Ptgs2/Fam107a/Epm2a/Trpm4/Ttbk1/Shank2/Crh/Hrh3/Tnr/Sorcs3/Btbd9/Pak5/Idua/Bhlhb9/Deaf1/"| __truncated__ "Bdnf/Rin1/Nptx2/Ptgs2/Epm2a/Trpm4/Ttbk1/Shank2/Crh/Hrh3/Tnr/Sorcs3/Btbd9/Pak5/Idua/Bhlhb9/Deaf1/Prrt1/Ldlr/Hrh1"| __truncated__ "Dclk1/Homer1/Bdnf/Lrrk2/Nectin1/Rock2/Mdga1/Etv5/Cbln2/Ptpn1/Fam107a/Dcx/Zdhhc8/Hspa8/Dlgap4/Shank2/Caprin2/Lrr"| __truncated__ "Hspa5/Pdia6/Hsp90b1/Sdf2l1/Lrrk2/Pdia4/Hyou1/Manf/Calr/Stt3b/Xbp1/Pdia3/Ptpn1/Dnajc3/Creb3l2/Sik2/Bcl2/Erlec1/C"| __truncated__ ...
 $ Count         : int  213 194 216 159 211 123 172 171 173 233 ...
#...Citation
S Xu, E Hu, Y Cai, Z Xie, X Luo, L Zhan, W Tang, Q Wang, B Liu, R Wang, W Xie, T Wu, L Xie, G Yu. Using clusterProfiler to characterize multiomics data. Nature Protocols. 2024, 19(11):3292-3320 

[1] "genes BP"
#
# over-representation test
#
#...@organism 	 Mus musculus 
#...@ontology 	 BP 
#...@keytype 	 ENTREZID 
#...@gene 	 chr [1:7151] "13175" "52850" "381677" "13371" "329502" "12575" "231605" ...
#...pvalues adjusted by 'BH' with cutoff <0.05 
#...1231 enriched terms found
'data.frame':	1231 obs. of  12 variables:
 $ ID            : chr  "GO:0050890" "GO:0007611" "GO:0050803" "GO:0034976" ...
 $ Description   : chr  "cognition" "learning or memory" "regulation of synapse structure or activity" "response to endoplasmic reticulum stress" ...
 $ GeneRatio     : chr  "213/6787" "194/6787" "216/6787" "159/6787" ...
 $ BgRatio       : chr  "412/21379" "367/21379" "424/21379" "289/21379" ...
 $ RichFactor    : num  0.517 0.529 0.509 0.55 0.508 ...
 $ FoldEnrichment: num  1.63 1.67 1.6 1.73 1.6 ...
 $ zScore        : num  8.79 8.77 8.58 8.56 8.44 ...
 $ pvalue        : num  1.94e-17 2.58e-17 9.81e-17 1.71e-16 2.93e-16 ...
 $ p.adjust      : num  8.28e-14 8.28e-14 2.10e-13 2.74e-13 3.77e-13 ...
 $ qvalue        : num  5.96e-14 5.96e-14 1.51e-13 1.98e-13 2.72e-13 ...
 $ geneID        : chr  "Bdnf/Rin1/Mfsd2a/Nptx2/Ptgs2/Fam107a/Epm2a/Trpm4/Ttbk1/Shank2/Crh/Hrh3/Tnr/Sorcs3/Btbd9/Pak5/Idua/Bhlhb9/Deaf1/"| __truncated__ "Bdnf/Rin1/Nptx2/Ptgs2/Epm2a/Trpm4/Ttbk1/Shank2/Crh/Hrh3/Tnr/Sorcs3/Btbd9/Pak5/Idua/Bhlhb9/Deaf1/Prrt1/Ldlr/Hrh1"| __truncated__ "Dclk1/Homer1/Bdnf/Lrrk2/Nectin1/Rock2/Mdga1/Etv5/Cbln2/Ptpn1/Fam107a/Dcx/Zdhhc8/Hspa8/Dlgap4/Shank2/Caprin2/Lrr"| __truncated__ "Hspa5/Pdia6/Hsp90b1/Sdf2l1/Lrrk2/Pdia4/Hyou1/Manf/Calr/Stt3b/Xbp1/Pdia3/Ptpn1/Dnajc3/Creb3l2/Sik2/Bcl2/Erlec1/C"| __truncated__ ...
 $ Count         : int  213 194 216 159 211 123 172 171 173 233 ...
#...Citation
S Xu, E Hu, Y Cai, Z Xie, X Luo, L Zhan, W Tang, Q Wang, B Liu, R Wang, W Xie, T Wu, L Xie, G Yu. Using clusterProfiler to characterize multiomics data. Nature Protocols. 2024, 19(11):3292-3320 

[1] "plotting FV ORA GO genes BP"
[1] "Ontology plot"
[1] "Barplot"
[1] "Dotplot"
[1] "Cnet"
[1] "Heatplot"
[1] "Emap"
[1] "Upset plot"
[1] "genes MF"
#
# over-representation test
#
#...@organism 	 Mus musculus 
#...@ontology 	 MF 
#...@keytype 	 ENTREZID 
#...@gene 	 chr [1:7151] "13175" "52850" "381677" "13371" "329502" "12575" "231605" ...
#...pvalues adjusted by 'BH' with cutoff <0.05 
#...204 enriched terms found
'data.frame':	204 obs. of  12 variables:
 $ ID            : chr  "GO:0042578" "GO:0016791" "GO:0015631" "GO:0004674" ...
 $ Description   : chr  "phosphoric ester hydrolase activity" "phosphatase activity" "tubulin binding" "protein serine/threonine kinase activity" ...
 $ GeneRatio     : chr  "173/6768" "135/6768" "189/6768" "206/6768" ...
 $ BgRatio       : chr  "347/20899" "259/20899" "394/20899" "438/20899" ...
 $ RichFactor    : num  0.499 0.521 0.48 0.47 0.479 ...
 $ FoldEnrichment: num  1.54 1.61 1.48 1.45 1.48 ...
 $ zScore        : num  7.01 6.83 6.67 6.62 6.39 ...
 $ pvalue        : num  8.04e-12 3.17e-11 6.45e-11 8.43e-11 3.93e-10 ...
 $ p.adjust      : num  1.05e-08 2.07e-08 2.75e-08 2.75e-08 8.94e-08 ...
 $ qvalue        : num  7.86e-09 1.55e-08 2.06e-08 2.06e-08 6.69e-08 ...
 $ geneID        : chr  "Pfkfb3/Synj2/Ppm1h/Dusp4/Pdp1/Ptpn1/Gpcpd1/Epm2a/Ppp1r3c/Dusp5/Ptk2/Ubash3b/Dusp14/Psph/Cpped1/Plcd3/Sacm1l/Ppm"| __truncated__ "Pfkfb3/Synj2/Ppm1h/Dusp4/Pdp1/Ptpn1/Epm2a/Ppp1r3c/Dusp5/Ptk2/Ubash3b/Dusp14/Psph/Cpped1/Sacm1l/Ppm1k/Dusp6/Bckd"| __truncated__ "Hsph1/Eml2/Lrrk2/Gjb6/Dcx/Akap1/Ezr/Arhgef7/Nav3/Tubgcp2/Hook2/Nusap1/Washc1/Stmn1/Wipf3/Pde4b/Hdgfl3/Kif16b/Lr"| __truncated__ "Dclk1/Map3k19/Lrrk2/Camk1g/Tnik/Rock2/Map3k21/Tlk1/Csnk1a1/Sbk1/Stk40/Camk2g/Ttbk1/Ccnd3/Mast3/Nlk/Sik2/Prkg2/P"| __truncated__ ...
 $ Count         : int  173 135 189 206 174 207 207 108 160 88 ...
#...Citation
S Xu, E Hu, Y Cai, Z Xie, X Luo, L Zhan, W Tang, Q Wang, B Liu, R Wang, W Xie, T Wu, L Xie, G Yu. Using clusterProfiler to characterize multiomics data. Nature Protocols. 2024, 19(11):3292-3320 

[1] "plotting FV ORA GO genes MF"
[1] "Ontology plot"
[1] "Barplot"
[1] "Dotplot"
[1] "Cnet"
[1] "Heatplot"
[1] "Emap"
[1] "Upset plot"
[1] "genes CC"
#
# over-representation test
#
#...@organism 	 Mus musculus 
#...@ontology 	 CC 
#...@keytype 	 ENTREZID 
#...@gene 	 chr [1:7151] "13175" "52850" "381677" "13371" "329502" "12575" "231605" ...
#...pvalues adjusted by 'BH' with cutoff <0.05 
#...219 enriched terms found
'data.frame':	219 obs. of  12 variables:
 $ ID            : chr  "GO:0014069" "GO:0045211" "GO:0031252" "GO:0042734" ...
 $ Description   : chr  "postsynaptic density" "postsynaptic membrane" "cell leading edge" "presynaptic membrane" ...
 $ GeneRatio     : chr  "255/6862" "212/6862" "236/6862" "143/6862" ...
 $ BgRatio       : chr  "485/21515" "415/21515" "488/21515" "277/21515" ...
 $ RichFactor    : num  0.526 0.511 0.484 0.516 0.462 ...
 $ FoldEnrichment: num  1.65 1.6 1.52 1.62 1.45 ...
 $ zScore        : num  9.89 8.47 7.89 7.09 6.6 ...
 $ pvalue        : num  1.30e-21 2.26e-16 1.49e-14 6.08e-12 1.00e-10 ...
 $ p.adjust      : num  1.02e-18 8.84e-14 3.88e-12 1.19e-09 1.33e-08 ...
 $ qvalue        : num  6.76e-19 5.88e-14 2.58e-12 7.92e-10 8.84e-09 ...
 $ geneID        : chr  "Dclk1/Homer1/Tnik/Igsf9b/Rock2/Mdga1/Tamalin/Rtn3/Sh2d5/Hspa8/Camk2g/Arfgap1/Hspb1/Shank2/Lrrtm3/Nefm/Cacng2/Sl"| __truncated__ "Igsf9b/Mdga1/Tamalin/Nptx2/Hip1/Hspa8/Akap1/Hspb1/Gabra4/Shank2/Lrrtm3/Cacng2/Slitrk1/Sorcs3/Pcdh10/Slc9a5/Shc4"| __truncated__ "Synj2/Arhgap31/Fam107a/Sh2d3c/Jcad/Ezr/Ankrd28/Iqgap2/Gabra4/Spry4/Hax1/Ptk2/Snx9/Layn/Spry2/Arhgef7/Fscn1/Arpc"| __truncated__ "Htr1b/Nectin1/Hip1/Adam23/Kcnj3/L1cam/Igsf8/Canx/Grm2/Stx3/Adam11/Abcc8/Cntn1/Cadm3/Gria4/Efnb1/Kcnj11/Gabra2/C"| __truncated__ ...
 $ Count         : int  255 212 236 143 210 224 175 123 200 126 ...
#...Citation
S Xu, E Hu, Y Cai, Z Xie, X Luo, L Zhan, W Tang, Q Wang, B Liu, R Wang, W Xie, T Wu, L Xie, G Yu. Using clusterProfiler to characterize multiomics data. Nature Protocols. 2024, 19(11):3292-3320 

[1] "plotting FV ORA GO genes CC"
[1] "Ontology plot"
[1] "Barplot"
[1] "Dotplot"
[1] "Cnet"
[1] "Heatplot"
[1] "Emap"
[1] "Upset plot"
[1] "ORA analyses for GO"
[1] "up all"
#
# over-representation test
#
#...@organism 	 Mus musculus 
#...@ontology 	 GOALL 
#...@keytype 	 ENTREZID 
#...@gene 	 chr [1:3362] "13175" "52850" "381677" "13371" "12575" "231605" "170768" ...
#...pvalues adjusted by 'BH' with cutoff <0.05 
#...758 enriched terms found
'data.frame':	758 obs. of  13 variables:
 $ ONTOLOGY      : chr  "BP" "BP" "BP" "BP" ...
 $ ID            : chr  "GO:0006986" "GO:0006457" "GO:0035966" "GO:0034976" ...
 $ Description   : chr  "response to unfolded protein" "protein folding" "response to topologically incorrect protein" "response to endoplasmic reticulum stress" ...
 $ GeneRatio     : chr  "53/3208" "66/3208" "58/3208" "90/3208" ...
 $ BgRatio       : chr  "130/21379" "183/21379" "151/21379" "289/21379" ...
 $ RichFactor    : num  0.408 0.361 0.384 0.311 0.273 ...
 $ FoldEnrichment: num  2.72 2.4 2.56 2.08 1.82 ...
 $ zScore        : num  8.25 8.01 8.08 7.73 7.37 ...
 $ pvalue        : num  9.08e-13 1.44e-12 1.58e-12 2.49e-12 8.55e-12 ...
 $ p.adjust      : num  3.29e-09 3.29e-09 3.29e-09 3.89e-09 1.07e-08 ...
 $ qvalue        : num  2.69e-09 2.69e-09 2.69e-09 3.18e-09 8.76e-09 ...
 $ geneID        : chr  "Hspa5/Dnajb5/Hsph1/Pdia6/Manf/Stt3b/Xbp1/Ptpn1/Hspb1/Dnajc3/Creb3l2/Derl3/Ccnd1/Atf6/Atf4/Tmem33/Hspb8/Ubxn4/Er"| __truncated__ "Hspa5/Dnajb5/Hsph1/Chordc1/Hsp90b1/Dnajb11/Sdf2l1/Pdia4/Hyou1/Calr/Pdia3/Fkbp5/Mkks/Hspa8/Hspa4/Hspb1/Dnajc3/Hs"| __truncated__ "Hspa5/Dnajb5/Hsph1/Pdia6/Sdf2l1/Manf/Stt3b/Xbp1/Ptpn1/Hspb1/Dnajc3/Creb3l2/Derl3/Ccnd1/Atf6/Ubr4/Atf4/Tmem33/Hs"| __truncated__ "Hspa5/Pdia6/Hsp90b1/Sdf2l1/Lrrk2/Pdia4/Hyou1/Manf/Calr/Stt3b/Xbp1/Pdia3/Ptpn1/Dnajc3/Creb3l2/Sik2/Bcl2/Canx/Der"| __truncated__ ...
 $ Count         : int  53 66 58 90 123 132 28 86 118 31 ...
#...Citation
S Xu, E Hu, Y Cai, Z Xie, X Luo, L Zhan, W Tang, Q Wang, B Liu, R Wang, W Xie, T Wu, L Xie, G Yu. Using clusterProfiler to characterize multiomics data. Nature Protocols. 2024, 19(11):3292-3320 

[1] "up BP"
#
# over-representation test
#
#...@organism 	 Mus musculus 
#...@ontology 	 BP 
#...@keytype 	 ENTREZID 
#...@gene 	 chr [1:3362] "13175" "52850" "381677" "13371" "12575" "231605" "170768" ...
#...pvalues adjusted by 'BH' with cutoff <0.05 
#...541 enriched terms found
'data.frame':	541 obs. of  12 variables:
 $ ID            : chr  "GO:0006986" "GO:0006457" "GO:0035966" "GO:0034976" ...
 $ Description   : chr  "response to unfolded protein" "protein folding" "response to topologically incorrect protein" "response to endoplasmic reticulum stress" ...
 $ GeneRatio     : chr  "53/3208" "66/3208" "58/3208" "90/3208" ...
 $ BgRatio       : chr  "130/21379" "183/21379" "151/21379" "289/21379" ...
 $ RichFactor    : num  0.408 0.361 0.384 0.311 0.273 ...
 $ FoldEnrichment: num  2.72 2.4 2.56 2.08 1.82 ...
 $ zScore        : num  8.25 8.01 8.08 7.73 7.37 ...
 $ pvalue        : num  9.08e-13 1.44e-12 1.58e-12 2.49e-12 8.55e-12 ...
 $ p.adjust      : num  3.29e-09 3.29e-09 3.29e-09 3.89e-09 1.07e-08 ...
 $ qvalue        : num  2.69e-09 2.69e-09 2.69e-09 3.18e-09 8.76e-09 ...
 $ geneID        : chr  "Hspa5/Dnajb5/Hsph1/Pdia6/Manf/Stt3b/Xbp1/Ptpn1/Hspb1/Dnajc3/Creb3l2/Derl3/Ccnd1/Atf6/Atf4/Tmem33/Hspb8/Ubxn4/Er"| __truncated__ "Hspa5/Dnajb5/Hsph1/Chordc1/Hsp90b1/Dnajb11/Sdf2l1/Pdia4/Hyou1/Calr/Pdia3/Fkbp5/Mkks/Hspa8/Hspa4/Hspb1/Dnajc3/Hs"| __truncated__ "Hspa5/Dnajb5/Hsph1/Pdia6/Sdf2l1/Manf/Stt3b/Xbp1/Ptpn1/Hspb1/Dnajc3/Creb3l2/Derl3/Ccnd1/Atf6/Ubr4/Atf4/Tmem33/Hs"| __truncated__ "Hspa5/Pdia6/Hsp90b1/Sdf2l1/Lrrk2/Pdia4/Hyou1/Manf/Calr/Stt3b/Xbp1/Pdia3/Ptpn1/Dnajc3/Creb3l2/Sik2/Bcl2/Canx/Der"| __truncated__ ...
 $ Count         : int  53 66 58 90 123 132 28 86 118 31 ...
#...Citation
S Xu, E Hu, Y Cai, Z Xie, X Luo, L Zhan, W Tang, Q Wang, B Liu, R Wang, W Xie, T Wu, L Xie, G Yu. Using clusterProfiler to characterize multiomics data. Nature Protocols. 2024, 19(11):3292-3320 

[1] "plotting FV ORA GO up BP"
[1] "Ontology plot"
[1] "Barplot"
[1] "Dotplot"
[1] "Cnet"
[1] "Heatplot"
[1] "Emap"
[1] "Upset plot"
[1] "up MF"
#
# over-representation test
#
#...@organism 	 Mus musculus 
#...@ontology 	 MF 
#...@keytype 	 ENTREZID 
#...@gene 	 chr [1:3362] "13175" "52850" "381677" "13371" "12575" "231605" "170768" ...
#...pvalues adjusted by 'BH' with cutoff <0.05 
#...110 enriched terms found
'data.frame':	110 obs. of  12 variables:
 $ ID            : chr  "GO:0051082" "GO:0061629" "GO:0140662" "GO:0044183" ...
 $ Description   : chr  "unfolded protein binding" "RNA polymerase II-specific DNA-binding transcription factor binding" "ATP-dependent protein folding chaperone" "protein folding chaperone" ...
 $ GeneRatio     : chr  "39/3203" "107/3203" "20/3203" "31/3203" ...
 $ BgRatio       : chr  "89/20899" "385/20899" "30/20899" "67/20899" ...
 $ RichFactor    : num  0.438 0.278 0.667 0.463 0.269 ...
 $ FoldEnrichment: num  2.86 1.81 4.35 3.02 1.75 ...
 $ zScore        : num  7.48 6.85 7.81 7.04 6.34 ...
 $ pvalue        : num  1.27e-10 2.02e-10 3.05e-10 1.94e-09 3.12e-09 ...
 $ p.adjust      : num  1.26e-07 1.26e-07 1.27e-07 6.03e-07 7.77e-07 ...
 $ qvalue        : num  1.05e-07 1.05e-07 1.06e-07 5.03e-07 6.48e-07 ...
 $ geneID        : chr  "Hspa5/Dnajb5/Hsp90b1/Dnajb11/Calr/Mkks/Hspa8/Hspb1/Serpinh1/Srsf10/Hspa1b/Canx/Hsp90ab1/Dnajb1/Dnaja1/Uggt1/Dna"| __truncated__ "Trib2/Calr/Xbp1/Per2/Mkks/Klf4/Hspa4/Hspb1/Stk4/Arid5a/Ncor2/Hspa1b/Trib1/Egr2/Ifrd1/Bhlhe40/Nr4a3/Uhrf2/Dnaja1"| __truncated__ "Hspa5/Hsph1/Hsp90b1/Hyou1/Hspa8/Hspa4/Hspa1b/Hsp90ab1/Hspd1/Cct4/Cct3/Hsp90aa1/Hspa1a/Hspa4l/Cct7/Cct6a/Cct5/Hspa13/Cct2/Hspa9" "Hspa5/Hsph1/Hsp90b1/Hyou1/Calr/Hspa8/Hspa4/Hspb1/Hspa1b/Hsp90ab1/Dnajb1/Hspd1/Dnlz/Cct4/Cct3/Hsp90aa1/Ahsa1/Hsp"| __truncated__ ...
 $ Count         : int  39 107 20 31 103 28 35 48 39 86 ...
#...Citation
S Xu, E Hu, Y Cai, Z Xie, X Luo, L Zhan, W Tang, Q Wang, B Liu, R Wang, W Xie, T Wu, L Xie, G Yu. Using clusterProfiler to characterize multiomics data. Nature Protocols. 2024, 19(11):3292-3320 

[1] "plotting FV ORA GO up MF"
[1] "Ontology plot"
[1] "Barplot"
[1] "Dotplot"
[1] "Cnet"
[1] "Heatplot"
[1] "Emap"
[1] "Upset plot"
[1] "up CC"
#
# over-representation test
#
#...@organism 	 Mus musculus 
#...@ontology 	 CC 
#...@keytype 	 ENTREZID 
#...@gene 	 chr [1:3362] "13175" "52850" "381677" "13371" "12575" "231605" "170768" ...
#...pvalues adjusted by 'BH' with cutoff <0.05 
#...107 enriched terms found
'data.frame':	107 obs. of  12 variables:
 $ ID            : chr  "GO:0090575" "GO:0014069" "GO:0031252" "GO:0140534" ...
 $ Description   : chr  "RNA polymerase II transcription regulator complex" "postsynaptic density" "cell leading edge" "endoplasmic reticulum protein-containing complex" ...
 $ GeneRatio     : chr  "83/3244" "127/3244" "127/3244" "50/3244" ...
 $ BgRatio       : chr  "250/21515" "485/21515" "488/21515" "136/21515" ...
 $ RichFactor    : num  0.332 0.262 0.26 0.368 0.254 ...
 $ FoldEnrichment: num  2.2 1.74 1.73 2.44 1.69 ...
 $ zScore        : num  8.05 6.91 6.84 7.09 6.48 ...
 $ pvalue        : num  5.11e-13 1.05e-10 1.63e-10 3.92e-10 1.15e-09 ...
 $ p.adjust      : num  3.89e-10 4.01e-08 4.13e-08 7.45e-08 1.75e-07 ...
 $ qvalue        : num  3.01e-10 3.11e-08 3.20e-08 5.77e-08 1.36e-07 ...
 $ geneID        : chr  "Fosl2/Nfil3/Xbp1/Crem/Npas2/Jdp2/Sfpq/Mafg/Med14/Taf12/Atf6/Atf4/Smad7/E2f6/Taf9/Taf10/S100a10/Clock/Rb1/Rara/S"| __truncated__ "Dclk1/Homer1/Igsf9b/Rock2/Mdga1/Tamalin/Sh2d5/Hspa8/Hspb1/Shank2/Lrrtm3/Nefm/Cacng2/Sorcs3/Arpc5/Csmd2/Baiap2/P"| __truncated__ "Synj2/Arhgap31/Fam107a/Jcad/Ezr/Iqgap2/Spry4/Hax1/Ptk2/Snx9/Layn/Spry2/Arhgef7/Fscn1/Arpc5/Slc9a5/Actn1/Ppp6r1/"| __truncated__ "Hspa5/P4ha1/Pdia6/Hsp90b1/Dnajb11/Sdf2l1/Pdia4/Hyou1/Calr/Stt3b/Mlec/Pdia3/Rpn1/Magt1/Ostc/Insig2/P4hb/Spcs2/Sr"| __truncated__ ...
 $ Count         : int  83 127 127 50 125 112 21 61 39 75 ...
#...Citation
S Xu, E Hu, Y Cai, Z Xie, X Luo, L Zhan, W Tang, Q Wang, B Liu, R Wang, W Xie, T Wu, L Xie, G Yu. Using clusterProfiler to characterize multiomics data. Nature Protocols. 2024, 19(11):3292-3320 

[1] "plotting FV ORA GO up CC"
[1] "Ontology plot"
[1] "Barplot"
[1] "Dotplot"
[1] "Cnet"
[1] "Heatplot"
[1] "Emap"
[1] "Upset plot"
[1] "ORA analyses for GO"
[1] "down all"
#
# over-representation test
#
#...@organism 	 Mus musculus 
#...@ontology 	 GOALL 
#...@keytype 	 ENTREZID 
#...@gene 	 chr [1:3789] "329502" "72205" "12696" "76295" "223697" "68795" "665113" ...
#...pvalues adjusted by 'BH' with cutoff <0.05 
#...600 enriched terms found
'data.frame':	600 obs. of  13 variables:
 $ ONTOLOGY      : chr  "BP" "BP" "BP" "BP" ...
 $ ID            : chr  "GO:0099003" "GO:0010506" "GO:0050890" "GO:0007611" ...
 $ Description   : chr  "vesicle-mediated transport in synapse" "regulation of autophagy" "cognition" "learning or memory" ...
 $ GeneRatio     : chr  "104/3579" "101/3579" "120/3579" "109/3579" ...
 $ BgRatio       : chr  "329/21379" "326/21379" "412/21379" "367/21379" ...
 $ RichFactor    : num  0.316 0.31 0.291 0.297 0.471 ...
 $ FoldEnrichment: num  1.89 1.85 1.74 1.77 2.82 ...
 $ zScore        : num  7.28 6.94 6.8 6.71 6.82 ...
 $ pvalue        : num  1.79e-11 1.26e-10 1.94e-10 3.81e-10 3.27e-09 ...
 $ p.adjust      : num  1.12e-07 3.93e-07 4.05e-07 5.95e-07 3.71e-06 ...
 $ qvalue        : num  9.56e-08 3.36e-07 3.46e-07 5.08e-07 3.17e-06 ...
 $ geneID        : chr  "Actg1/Fgf14/Stx3/Snapin/Slc9a6/Slc17a7/Arfgap3/Scrn1/Atp6v0e2/Cask/Napa/Fbxl20/Tbc1d24/Syt9/Syt11/Grik5/Cspg5/S"| __truncated__ "Wdr6/Fbxl4/Epm2a/Cdk5rap3/Washc1/Bid/Lrsam1/Keap1/Nrbp2/Nprl3/Srebf1/Ambra1/Ulk3/Ikbkg/Trim23/Trem2/Poldip2/Opt"| __truncated__ "Epm2a/Trpm4/Hrh3/Pak5/Idua/Deaf1/Ldlr/Abcc8/Slc17a7/Adgrb3/D130043K22Rik/Setd5/Neurod2/Oprl1/Trem2/Syt11/Plcb1/"| __truncated__ "Epm2a/Trpm4/Hrh3/Pak5/Idua/Deaf1/Ldlr/Abcc8/Slc17a7/Adgrb3/D130043K22Rik/Neurod2/Oprl1/Trem2/Syt11/Plcb1/Itga3/"| __truncated__ ...
 $ Count         : int  104 101 120 109 33 84 32 74 83 78 ...
#...Citation
S Xu, E Hu, Y Cai, Z Xie, X Luo, L Zhan, W Tang, Q Wang, B Liu, R Wang, W Xie, T Wu, L Xie, G Yu. Using clusterProfiler to characterize multiomics data. Nature Protocols. 2024, 19(11):3292-3320 

[1] "down BP"
#
# over-representation test
#
#...@organism 	 Mus musculus 
#...@ontology 	 BP 
#...@keytype 	 ENTREZID 
#...@gene 	 chr [1:3789] "329502" "72205" "12696" "76295" "223697" "68795" "665113" ...
#...pvalues adjusted by 'BH' with cutoff <0.05 
#...411 enriched terms found
'data.frame':	411 obs. of  12 variables:
 $ ID            : chr  "GO:0099003" "GO:0010506" "GO:0050890" "GO:0007611" ...
 $ Description   : chr  "vesicle-mediated transport in synapse" "regulation of autophagy" "cognition" "learning or memory" ...
 $ GeneRatio     : chr  "104/3579" "101/3579" "120/3579" "109/3579" ...
 $ BgRatio       : chr  "329/21379" "326/21379" "412/21379" "367/21379" ...
 $ RichFactor    : num  0.316 0.31 0.291 0.297 0.471 ...
 $ FoldEnrichment: num  1.89 1.85 1.74 1.77 2.82 ...
 $ zScore        : num  7.28 6.94 6.8 6.71 6.82 ...
 $ pvalue        : num  1.79e-11 1.26e-10 1.94e-10 3.81e-10 3.27e-09 ...
 $ p.adjust      : num  1.12e-07 3.93e-07 4.05e-07 5.95e-07 3.71e-06 ...
 $ qvalue        : num  9.56e-08 3.36e-07 3.46e-07 5.08e-07 3.17e-06 ...
 $ geneID        : chr  "Actg1/Fgf14/Stx3/Snapin/Slc9a6/Slc17a7/Arfgap3/Scrn1/Atp6v0e2/Cask/Napa/Fbxl20/Tbc1d24/Syt9/Syt11/Grik5/Cspg5/S"| __truncated__ "Wdr6/Fbxl4/Epm2a/Cdk5rap3/Washc1/Bid/Lrsam1/Keap1/Nrbp2/Nprl3/Srebf1/Ambra1/Ulk3/Ikbkg/Trim23/Trem2/Poldip2/Opt"| __truncated__ "Epm2a/Trpm4/Hrh3/Pak5/Idua/Deaf1/Ldlr/Abcc8/Slc17a7/Adgrb3/D130043K22Rik/Setd5/Neurod2/Oprl1/Trem2/Syt11/Plcb1/"| __truncated__ "Epm2a/Trpm4/Hrh3/Pak5/Idua/Deaf1/Ldlr/Abcc8/Slc17a7/Adgrb3/D130043K22Rik/Neurod2/Oprl1/Trem2/Syt11/Plcb1/Itga3/"| __truncated__ ...
 $ Count         : int  104 101 120 109 33 84 32 74 83 78 ...
#...Citation
S Xu, E Hu, Y Cai, Z Xie, X Luo, L Zhan, W Tang, Q Wang, B Liu, R Wang, W Xie, T Wu, L Xie, G Yu. Using clusterProfiler to characterize multiomics data. Nature Protocols. 2024, 19(11):3292-3320 

[1] "plotting FV ORA GO down BP"
[1] "Ontology plot"
[1] "Barplot"
[1] "Dotplot"
[1] "Cnet"
[1] "Heatplot"
[1] "Emap"
[1] "Upset plot"
[1] "down MF"
#
# over-representation test
#
#...@organism 	 Mus musculus 
#...@ontology 	 MF 
#...@keytype 	 ENTREZID 
#...@gene 	 chr [1:3789] "329502" "72205" "12696" "76295" "223697" "68795" "665113" ...
#...pvalues adjusted by 'BH' with cutoff <0.05 
#...92 enriched terms found
'data.frame':	92 obs. of  12 variables:
 $ ID            : chr  "GO:0015631" "GO:0008017" "GO:0046873" "GO:0005216" ...
 $ Description   : chr  "tubulin binding" "microtubule binding" "metal ion transmembrane transporter activity" "monoatomic ion channel activity" ...
 $ GeneRatio     : chr  "114/3565" "83/3565" "121/3565" "114/3565" ...
 $ BgRatio       : chr  "394/20899" "279/20899" "451/20899" "441/20899" ...
 $ RichFactor    : num  0.289 0.297 0.268 0.259 0.259 ...
 $ FoldEnrichment: num  1.7 1.74 1.57 1.52 1.52 ...
 $ zScore        : num  6.33 5.67 5.58 4.96 4.95 ...
 $ pvalue        : num  2.57e-09 9.77e-08 9.81e-08 1.69e-06 1.79e-06 ...
 $ p.adjust      : num  3.23e-06 4.12e-05 4.12e-05 4.50e-04 4.50e-04 ...
 $ qvalue        : num  2.70e-06 3.45e-05 3.45e-05 3.77e-04 3.77e-04 ...
 $ geneID        : chr  "Eml2/Dcx/Akap1/Nav3/Tubgcp2/Hook2/Washc1/Stmn1/Pde4b/Hdgfl3/Kif16b/Lrrc61/Rad51d/Reep2/Ift81/Gli1/Stim1/Stmn4/S"| __truncated__ "Eml2/Dcx/Akap1/Nav3/Tubgcp2/Hook2/Hdgfl3/Kif16b/Reep2/Gli1/Stim1/Fmn1/Dctn1/Apc2/Cep295/Mapre3/Gas2/Cep44/Tiam1"| __truncated__ "Trpm4/Kcnj3/Slc9a8/Tfrc/Slc6a15/Slc6a6/Abcc8/Tspoap1/Mcoln1/Slc9a6/Slc17a7/Nalcn/Kcnj11/Kcnd1/Slc9a9/Stim1/Slc1"| __truncated__ "Trpm4/Kcnj3/Gabra4/Unc80/Tmem63b/Abcc8/Tspoap1/Gabrg2/Gria4/Mcoln1/Slc17a7/Nalcn/Kcnj11/Kcnd1/Stim1/Kcnj4/Lrrc8"| __truncated__ ...
 $ Count         : int  114 83 121 114 112 86 13 13 111 91 ...
#...Citation
S Xu, E Hu, Y Cai, Z Xie, X Luo, L Zhan, W Tang, Q Wang, B Liu, R Wang, W Xie, T Wu, L Xie, G Yu. Using clusterProfiler to characterize multiomics data. Nature Protocols. 2024, 19(11):3292-3320 

[1] "plotting FV ORA GO down MF"
[1] "Ontology plot"
[1] "Barplot"
[1] "Dotplot"
[1] "Cnet"
[1] "Heatplot"
[1] "Emap"
[1] "Upset plot"
[1] "down CC"
#
# over-representation test
#
#...@organism 	 Mus musculus 
#...@ontology 	 CC 
#...@keytype 	 ENTREZID 
#...@gene 	 chr [1:3789] "329502" "72205" "12696" "76295" "223697" "68795" "665113" ...
#...pvalues adjusted by 'BH' with cutoff <0.05 
#...97 enriched terms found
'data.frame':	97 obs. of  12 variables:
 $ ID            : chr  "GO:0042734" "GO:0005774" "GO:0005765" "GO:0098852" ...
 $ Description   : chr  "presynaptic membrane" "vacuolar membrane" "lysosomal membrane" "lytic vacuole membrane" ...
 $ GeneRatio     : chr  "96/3618" "117/3618" "102/3618" "102/3618" ...
 $ BgRatio       : chr  "277/21515" "391/21515" "331/21515" "331/21515" ...
 $ RichFactor    : num  0.347 0.299 0.308 0.308 0.28 ...
 $ FoldEnrichment: num  2.06 1.78 1.83 1.83 1.67 ...
 $ zScore        : num  7.99 6.99 6.86 6.86 6.4 ...
 $ pvalue        : num  3.57e-13 6.95e-11 1.86e-10 1.86e-10 1.57e-09 ...
 $ p.adjust      : num  2.71e-10 2.64e-08 3.54e-08 3.54e-08 2.39e-07 ...
 $ qvalue        : num  2.16e-10 2.11e-08 2.83e-08 2.83e-08 1.91e-07 ...
 $ geneID        : chr  "Adam23/Kcnj3/L1cam/Igsf8/Grm2/Stx3/Adam11/Abcc8/Cntn1/Cadm3/Gria4/Kcnj11/Cyth1/Cask/Napa/Flot2/Syt11/Itga3/Grik"| __truncated__ "Pla2g4e/Minar2/Tmem63b/Nprl3/Marchf1/Arl8a/Gpr137c/Snapin/Mcoln1/Pgap6/Slc22a17/Marchf9/Atp6v0e2/Vps11/Trim23/S"| __truncated__ "Pla2g4e/Minar2/Tmem63b/Nprl3/Marchf1/Arl8a/Gpr137c/Snapin/Mcoln1/Pgap6/Marchf9/Vps11/Trim23/Syt11/Slc11a2/Atrai"| __truncated__ "Pla2g4e/Minar2/Tmem63b/Nprl3/Marchf1/Arl8a/Gpr137c/Snapin/Mcoln1/Pgap6/Marchf9/Vps11/Trim23/Syt11/Slc11a2/Atrai"| __truncated__ ...
 $ Count         : int  96 117 102 102 125 117 93 51 88 122 ...
#...Citation
S Xu, E Hu, Y Cai, Z Xie, X Luo, L Zhan, W Tang, Q Wang, B Liu, R Wang, W Xie, T Wu, L Xie, G Yu. Using clusterProfiler to characterize multiomics data. Nature Protocols. 2024, 19(11):3292-3320 

[1] "plotting FV ORA GO down CC"
[1] "Ontology plot"
[1] "Barplot"
[1] "Dotplot"
[1] "Cnet"
[1] "Heatplot"
[1] "Emap"
[1] "Upset plot"
[1] "GSEA analyses for GO"
#
# Gene Set Enrichment Analysis
#
#...@organism 	 Mus musculus 
#...@setType 	 GOALL 
#...@keytype 	 ENTREZID 
#...@geneList 	 Named num [1:14908] 4.77 3.35 3.19 2.62 2.51 ...
 - attr(*, "names")= chr [1:14908] "631584" "57435" "13654" "102075" ...
#...nPerm 	 
#...pvalues adjusted by 'BH' with cutoff <0.05 
#...51 enriched terms found
'data.frame':	51 obs. of  12 variables:
 $ ONTOLOGY       : chr  "MF" "MF" "CC" "MF" ...
 $ ID             : chr  "GO:0001228" "GO:0001216" "GO:0005667" "GO:0061629" ...
 $ Description    : chr  "DNA-binding transcription activator activity, RNA polymerase II-specific" "DNA-binding transcription activator activity" "transcription regulator complex" "RNA polymerase II-specific DNA-binding transcription factor binding" ...
 $ setSize        : int  313 322 454 333 471 297 10 84 136 191 ...
 $ enrichmentScore: num  0.449 0.442 0.404 0.408 0.378 ...
 $ NES            : num  1.87 1.85 1.75 1.72 1.64 ...
 $ pvalue         : num  4.91e-08 9.49e-08 8.80e-08 3.28e-06 3.44e-06 ...
 $ p.adjust       : num  0.000246 0.000246 0.000246 0.005364 0.005364 ...
 $ qvalue         : num  0.00023 0.00023 0.00023 0.00501 0.00501 ...
 $ rank           : num  2293 2293 2367 2409 2409 ...
 $ leading_edge   : chr  "tags=29%, list=15%, signal=25%" "tags=29%, list=15%, signal=25%" "tags=24%, list=16%, signal=21%" "tags=23%, list=16%, signal=19%" ...
 $ core_enrichment: chr  "13654/14282/14281/14284/18124/16600/20472/15370/13655/17133/13656/13653/11910/225872/215418/21679/14234/16477/2"| __truncated__ "13654/14282/14281/14284/18124/16600/20472/15370/13655/17133/13656/13653/11910/225872/215418/21679/14234/16477/2"| __truncated__ "30927/14281/53417/382221/14284/18124/16600/20472/18030/15370/17133/11910/225872/18627/12916/21679/16477/214855/"| __truncated__ "13654/15507/14281/18124/211770/16600/15511/15370/21389/18627/243910/193740/217410/12265/214855/277744/12317/224"| __truncated__ ...
#...Citation
S Xu, E Hu, Y Cai, Z Xie, X Luo, L Zhan, W Tang, Q Wang, B Liu, R Wang, W Xie, T Wu, L Xie, G Yu. Using clusterProfiler to characterize multiomics data. Nature Protocols. 2024, 19(11):3292-3320 

#
# Gene Set Enrichment Analysis
#
#...@organism 	 Mus musculus 
#...@setType 	 BP 
#...@keytype 	 ENTREZID 
#...@geneList 	 Named num [1:14908] 4.77 3.35 3.19 2.62 2.51 ...
 - attr(*, "names")= chr [1:14908] "631584" "57435" "13654" "102075" ...
#...nPerm 	 
#...pvalues adjusted by 'BH' with cutoff <0.05 
#...63 enriched terms found
'data.frame':	63 obs. of  11 variables:
 $ ID             : chr  "GO:0031960" "GO:0030856" "GO:0050679" "GO:0031669" ...
 $ Description    : chr  "response to corticosteroid" "regulation of epithelial cell differentiation" "positive regulation of epithelial cell proliferation" "cellular response to nutrient levels" ...
 $ setSize        : int  136 148 191 270 246 84 167 153 294 297 ...
 $ enrichmentScore: num  0.497 0.488 0.462 0.414 0.419 ...
 $ NES            : num  1.88 1.87 1.83 1.71 1.7 ...
 $ pvalue         : num  1.21e-05 8.46e-06 8.27e-06 1.04e-05 1.18e-05 ...
 $ p.adjust       : num  0.0142 0.0142 0.0142 0.0142 0.0142 ...
 $ qvalue         : num  0.013 0.013 0.013 0.013 0.013 ...
 $ rank           : num  1969 1885 2702 1757 1890 ...
 $ leading_edge   : chr  "tags=28%, list=13%, signal=24%" "tags=28%, list=13%, signal=25%" "tags=34%, list=18%, signal=28%" "tags=15%, list=12%, signal=13%" ...
 $ core_enrichment: chr  "28253/14282/14281/14284/16323/20887/225872/12918/71760/14102/18491/19252/22228/56744/268709/12043/11609/12737/1"| __truncated__ "22412/55948/71093/20472/19116/13115/18787/17133/22436/18132/22061/14313/67888/74591/26365/15223/15901/22062/666"| __truncated__ "18124/15370/13655/11727/15451/15235/12273/22413/384783/100504425/22061/22433/15901/20254/14178/18103/13601/5621"| __truncated__ "22412/16819/12575/14281/329065/16323/13115/18712/76574/11910/14828/14102/66725/71962/21847/235344/71712/109270/"| __truncated__ ...
#...Citation
S Xu, E Hu, Y Cai, Z Xie, X Luo, L Zhan, W Tang, Q Wang, B Liu, R Wang, W Xie, T Wu, L Xie, G Yu. Using clusterProfiler to characterize multiomics data. Nature Protocols. 2024, 19(11):3292-3320 

[1] "plotting FV GSEA GO"
[1] "Ridgeplot"
Picking joint bandwidth of 0.113
[1] "GSEA"
NULL
[1] "Dotplot"
[1] "Cnet"
[1] "Heatplot"
[1] "Emap"
[1] "Upset plot"
#
# Gene Set Enrichment Analysis
#
#...@organism 	 Mus musculus 
#...@setType 	 MF 
#...@keytype 	 ENTREZID 
#...@geneList 	 Named num [1:14908] 4.77 3.35 3.19 2.62 2.51 ...
 - attr(*, "names")= chr [1:14908] "631584" "57435" "13654" "102075" ...
#...nPerm 	 
#...pvalues adjusted by 'BH' with cutoff <0.05 
#...18 enriched terms found
'data.frame':	18 obs. of  11 variables:
 $ ID             : chr  "GO:0001228" "GO:0001216" "GO:0061629" "GO:0140297" ...
 $ Description    : chr  "DNA-binding transcription activator activity, RNA polymerase II-specific" "DNA-binding transcription activator activity" "RNA polymerase II-specific DNA-binding transcription factor binding" "DNA-binding transcription factor binding" ...
 $ setSize        : int  313 322 333 471 287 297 322 81 121 260 ...
 $ enrichmentScore: num  0.449 0.442 0.408 0.378 0.414 ...
 $ NES            : num  1.88 1.86 1.72 1.63 1.72 ...
 $ pvalue         : num  2.02e-08 1.27e-07 3.08e-06 2.84e-06 5.84e-06 ...
 $ p.adjust       : num  2.33e-05 7.29e-05 8.85e-04 8.85e-04 1.34e-03 ...
 $ qvalue         : num  2.22e-05 6.97e-05 8.46e-04 8.46e-04 1.28e-03 ...
 $ rank           : num  2293 2293 2409 2409 1642 ...
 $ leading_edge   : chr  "tags=29%, list=15%, signal=25%" "tags=29%, list=15%, signal=25%" "tags=23%, list=16%, signal=19%" "tags=21%, list=16%, signal=18%" ...
 $ core_enrichment: chr  "13654/14282/14281/14284/18124/16600/20472/15370/13655/17133/13656/13653/11910/225872/215418/21679/14234/16477/2"| __truncated__ "13654/14282/14281/14284/18124/16600/20472/15370/13655/17133/13656/13653/11910/225872/215418/21679/14234/16477/2"| __truncated__ "13654/15507/14281/18124/211770/16600/15511/15370/21389/18627/243910/193740/217410/12265/214855/277744/12317/224"| __truncated__ "13654/15507/14281/17691/18124/71093/211770/16600/15511/15370/21389/18627/14605/243910/193740/217410/12265/21485"| __truncated__ ...
#...Citation
S Xu, E Hu, Y Cai, Z Xie, X Luo, L Zhan, W Tang, Q Wang, B Liu, R Wang, W Xie, T Wu, L Xie, G Yu. Using clusterProfiler to characterize multiomics data. Nature Protocols. 2024, 19(11):3292-3320 

[1] "plotting FV GSEA GO"
[1] "Ridgeplot"
Picking joint bandwidth of 0.121
[1] "GSEA"
NULL
[1] "Dotplot"
[1] "Cnet"
[1] "Heatplot"
[1] "Emap"
[1] "Upset plot"
#
# Gene Set Enrichment Analysis
#
#...@organism 	 Mus musculus 
#...@setType 	 CC 
#...@keytype 	 ENTREZID 
#...@geneList 	 Named num [1:14908] 4.77 3.35 3.19 2.62 2.51 ...
 - attr(*, "names")= chr [1:14908] "631584" "57435" "13654" "102075" ...
#...nPerm 	 
#...pvalues adjusted by 'BH' with cutoff <0.05 
#...4 enriched terms found
'data.frame':	4 obs. of  11 variables:
 $ ID             : chr  "GO:0005667" "GO:0034663" "GO:0090575" "GO:0101031"
 $ Description    : chr  "transcription regulator complex" "endoplasmic reticulum chaperone complex" "RNA polymerase II transcription regulator complex" "protein folding chaperone complex"
 $ setSize        : int  454 10 225 35
 $ enrichmentScore: num  0.404 0.909 0.441 0.673
 $ NES            : num  1.75 2.06 1.8 1.99
 $ pvalue         : num  1.67e-07 5.58e-06 8.84e-06 1.52e-04
 $ p.adjust       : num  0.000125 0.002086 0.002205 0.028455
 $ qvalue         : num  0.000123 0.002054 0.002172 0.028031
 $ rank           : int  2367 594 2399 3403
 $ leading_edge   : chr  "tags=24%, list=16%, signal=21%" "tags=70%, list=4%, signal=67%" "tags=28%, list=16%, signal=24%" "tags=54%, list=23%, signal=42%"
 $ core_enrichment: chr  "30927/14281/53417/382221/14284/18124/16600/20472/18030/15370/17133/11910/225872/18627/12916/21679/16477/214855/"| __truncated__ "64136/12304/14828/71853/22027/67838/12282" "14281/382221/14284/18030/17133/11910/12916/16477/17121/12306/12609/22433/22259/226182/21677/19401/20849/108143/"| __truncated__ "64136/80888/67838/15481/29810/20867/26942/15519/56351/15499/213539/109065/15516/12464/20174/12465/12466/12462/12468"
#...Citation
S Xu, E Hu, Y Cai, Z Xie, X Luo, L Zhan, W Tang, Q Wang, B Liu, R Wang, W Xie, T Wu, L Xie, G Yu. Using clusterProfiler to characterize multiomics data. Nature Protocols. 2024, 19(11):3292-3320 

There were 28 warnings (use warnings() to see them)
R version 4.5.2 (2025-10-31)
Platform: x86_64-pc-linux-gnu
Running under: Ubuntu 22.04.5 LTS

Matrix products: default
BLAS/LAPACK: /usr/lib/x86_64-linux-gnu/openblas-pthread/libopenblasp-r0.3.20.so;  LAPACK version 3.10.0

locale:
 [1] LC_CTYPE=en_US.UTF-8       LC_NUMERIC=C              
 [3] LC_TIME=en_US.UTF-8        LC_COLLATE=en_US.UTF-8    
 [5] LC_MONETARY=en_US.UTF-8    LC_MESSAGES=en_US.UTF-8   
 [7] LC_PAPER=en_US.UTF-8       LC_NAME=C                 
 [9] LC_ADDRESS=C               LC_TELEPHONE=C            
[11] LC_MEASUREMENT=en_US.UTF-8 LC_IDENTIFICATION=C       

time zone: Etc/UTC
tzcode source: system (glibc)

attached base packages:
[1] stats4    stats     graphics  grDevices utils     datasets  methods  
[8] base     

other attached packages:
 [1] optparse_1.8.2                           
 [2] ReactomePA_1.54.0                        
 [3] lubridate_1.9.5                          
 [4] forcats_1.0.1                            
 [5] stringr_1.6.0                            
 [6] dplyr_1.2.1                              
 [7] purrr_1.2.2                              
 [8] readr_2.2.0                              
 [9] tidyr_1.3.2                              
[10] tibble_3.3.1                             
[11] tidyverse_2.0.0                          
[12] org.Mm.eg.db_3.22.0                      
[13] TxDb.Mmusculus.UCSC.mm10.knownGene_3.10.0
[14] GenomicFeatures_1.62.0                   
[15] AnnotationDbi_1.72.0                     
[16] Biobase_2.70.0                           
[17] GenomicRanges_1.62.1                     
[18] Seqinfo_1.0.0                            
[19] IRanges_2.44.0                           
[20] S4Vectors_0.48.1                         
[21] BiocGenerics_0.56.0                      
[22] generics_0.1.4                           
[23] enrichplot_1.30.5                        
[24] ggplot2_4.0.3                            
[25] clusterProfiler_4.18.4                   

loaded via a namespace (and not attached):
  [1] RColorBrewer_1.1-3          jsonlite_2.0.0             
  [3] tidydr_0.0.6                magrittr_2.0.5             
  [5] ggtangle_0.1.2              farver_2.1.2               
  [7] fs_2.1.0                    BiocIO_1.20.0              
  [9] vctrs_0.7.3                 ggarchery_0.4.4            
 [11] memoise_2.0.1               Rsamtools_2.26.0           
 [13] RCurl_1.98-1.20             ggtree_4.0.5               
 [15] htmltools_0.5.9             S4Arrays_1.10.1            
 [17] curl_7.1.0                  SparseArray_1.10.10        
 [19] gridGraphics_0.5-1          htmlwidgets_1.6.4          
 [21] plyr_1.8.9                  cachem_1.1.0               
 [23] GenomicAlignments_1.46.0    igraph_2.3.3               
 [25] lifecycle_1.0.5             pkgconfig_2.0.3            
 [27] Matrix_1.7-4                R6_2.6.1                   
 [29] fastmap_1.2.0               gson_0.2.1                 
 [31] MatrixGenerics_1.22.0       digest_0.6.39              
 [33] aplot_0.3.1                 ggnewscale_0.5.2           
 [35] patchwork_1.3.2             RSQLite_3.53.3             
 [37] labeling_0.4.3              timechange_0.4.0           
 [39] httr_1.4.8                  polyclip_1.10-7            
 [41] abind_1.4-8                 compiler_4.5.2             
 [43] bit64_4.8.4                 fontquiver_0.2.1           
 [45] withr_3.0.3                 graphite_1.56.0            
 [47] S7_0.2.2                    BiocParallel_1.44.0        
 [49] viridis_0.6.5               DBI_1.3.0                  
 [51] ggupset_0.4.1               ggforce_0.5.0              
 [53] R.utils_2.13.0              MASS_7.3-65                
 [55] rappdirs_0.3.4              DelayedArray_0.36.1        
 [57] rjson_0.2.23                tools_4.5.2                
 [59] otel_0.2.0                  ape_5.8-1                  
 [61] scatterpie_0.2.6            R.oo_1.27.1                
 [63] glue_1.8.1                  restfulr_0.0.17            
 [65] nlme_3.1-168                GOSemSim_2.36.0            
 [67] grid_4.5.2                  cluster_2.1.8.1            
 [69] reshape2_1.4.5              fgsea_1.36.2               
 [71] gtable_0.3.6                tzdb_0.5.0                 
 [73] R.methodsS3_1.8.2           hms_1.1.4                  
 [75] data.table_1.18.6.1         tidygraph_1.3.1            
 [77] XVector_0.50.0              ggrepel_0.9.8              
 [79] pillar_1.11.1               yulab.utils_0.2.4          
 [81] splines_4.5.2               tweenr_2.0.3               
 [83] treeio_1.34.0               lattice_0.22-7             
 [85] rtracklayer_1.70.1          bit_4.6.0                  
 [87] tidyselect_1.2.1            fontLiberation_0.1.0       
 [89] GO.db_3.22.0                Biostrings_2.78.0          
 [91] reactome.db_1.95.0          gridExtra_2.3.1            
 [93] fontBitstreamVera_0.1.1     SummarizedExperiment_1.40.0
 [95] graphlayouts_1.2.5          matrixStats_1.5.0          
 [97] stringi_1.8.7               lazyeval_0.2.3             
 [99] ggfun_0.2.1                 yaml_2.3.12                
[101] codetools_0.2-20            cigarillo_1.0.0            
[103] ggraph_2.2.2                gdtools_0.5.1              
[105] qvalue_2.42.0               graph_1.88.1               
[107] ggplotify_0.1.3             cli_3.6.6                  
[109] systemfonts_1.3.2           Rcpp_1.1.1-1.1             
[111] png_0.1-9                   XML_3.99-0.24              
[113] parallel_4.5.2              blob_1.3.0                 
[115] DOSE_4.4.0                  bitops_1.1-0               
[117] viridisLite_0.4.3           tidytree_0.4.8             
[119] ggiraph_0.9.6               ggridges_0.5.7             
[121] scales_1.4.0                crayon_1.5.3               
[123] rlang_1.3.0                 cowplot_1.2.0              
[125] fastmatch_1.1-8             KEGGREST_1.50.0            
