List of all outputs for NRF analyses:
12-BXD_footprints/diff/48a/Lineplots/MA0506.1.NRF1.pdf
12-BXD_footprints/diff/48a/Lineplots/MA0506.1.NRF1.txt
12-BXD_footprints/diff/48a_sub1/Lineplots/MA0506.1.NRF1.pdf
12-BXD_footprints/diff/48a_sub1/Lineplots/MA0506.1.NRF1.txt
12-BXD_footprints/diff/48a_sub2/Lineplots/MA0506.1.NRF1.pdf
12-BXD_footprints/diff/48a_sub2/Lineplots/MA0506.1.NRF1.txt
12-BXD_footprints/diff/65a/Lineplots/MA0506.1.NRF1.pdf
12-BXD_footprints/diff/65a/Lineplots/MA0506.1.NRF1.txt
12-BXD_footprints/diff/65a_sub1/Lineplots/MA0506.1.NRF1.pdf
12-BXD_footprints/diff/65a_sub1/Lineplots/MA0506.1.NRF1.txt
12-BXD_footprints/diff/65a_sub2/Lineplots/MA0506.1.NRF1.pdf
12-BXD_footprints/diff/65a_sub2/Lineplots/MA0506.1.NRF1.txt
12-BXD_footprints/diff/73b/Lineplots/MA0506.1.NRF1.pdf
12-BXD_footprints/diff/73b/Lineplots/MA0506.1.NRF1.txt
12-BXD_footprints/diff/73b_sub1/Lineplots/MA0506.1.NRF1.pdf
12-BXD_footprints/diff/73b_sub1/Lineplots/MA0506.1.NRF1.txt
12-BXD_footprints/diff/73b_sub2/Lineplots/MA0506.1.NRF1.pdf
12-BXD_footprints/diff/73b_sub2/Lineplots/MA0506.1.NRF1.txt
12-BXD_footprints/diff/BXD100/Lineplots/MA0506.1.NRF1.pdf
12-BXD_footprints/diff/BXD100/Lineplots/MA0506.1.NRF1.txt
12-BXD_footprints/diff/BXD100_sub1/Lineplots/MA0506.1.NRF1.pdf
12-BXD_footprints/diff/BXD100_sub1/Lineplots/MA0506.1.NRF1.txt
12-BXD_footprints/diff/BXD100_sub2/Lineplots/MA0506.1.NRF1.pdf
12-BXD_footprints/diff/BXD100_sub2/Lineplots/MA0506.1.NRF1.txt
12-BXD_footprints/diff/BXD101/Lineplots/MA0506.1.NRF1.pdf
12-BXD_footprints/diff/BXD101/Lineplots/MA0506.1.NRF1.txt
12-BXD_footprints/diff/BXD101_sub1/Lineplots/MA0506.1.NRF1.pdf
12-BXD_footprints/diff/BXD101_sub1/Lineplots/MA0506.1.NRF1.txt
12-BXD_footprints/diff/BXD101_sub2/Lineplots/MA0506.1.NRF1.pdf
12-BXD_footprints/diff/BXD101_sub2/Lineplots/MA0506.1.NRF1.txt
12-BXD_footprints/diff/BXD43/Lineplots/MA0506.1.NRF1.pdf
12-BXD_footprints/diff/BXD43/Lineplots/MA0506.1.NRF1.txt
12-BXD_footprints/diff/BXD43_sub1/Lineplots/MA0506.1.NRF1.pdf
12-BXD_footprints/diff/BXD43_sub1/Lineplots/MA0506.1.NRF1.txt
12-BXD_footprints/diff/BXD43_sub2/Lineplots/MA0506.1.NRF1.pdf
12-BXD_footprints/diff/BXD43_sub2/Lineplots/MA0506.1.NRF1.txt
12-BXD_footprints/diff/BXD44/Lineplots/MA0506.1.NRF1.pdf
12-BXD_footprints/diff/BXD44/Lineplots/MA0506.1.NRF1.txt
12-BXD_footprints/diff/BXD44_sub1/Lineplots/MA0506.1.NRF1.pdf
12-BXD_footprints/diff/BXD44_sub1/Lineplots/MA0506.1.NRF1.txt
12-BXD_footprints/diff/BXD44_sub2/Lineplots/MA0506.1.NRF1.pdf
12-BXD_footprints/diff/BXD44_sub2/Lineplots/MA0506.1.NRF1.txt
12-BXD_footprints/diff/BXD45/Lineplots/MA0506.1.NRF1.pdf
12-BXD_footprints/diff/BXD45/Lineplots/MA0506.1.NRF1.txt
12-BXD_footprints/diff/BXD45_sub1/Lineplots/MA0506.1.NRF1.pdf
12-BXD_footprints/diff/BXD45_sub1/Lineplots/MA0506.1.NRF1.txt
12-BXD_footprints/diff/BXD45_sub2/Lineplots/MA0506.1.NRF1.pdf
12-BXD_footprints/diff/BXD45_sub2/Lineplots/MA0506.1.NRF1.txt
12-BXD_footprints/diff/BXD48/Lineplots/MA0506.1.NRF1.pdf
12-BXD_footprints/diff/BXD48/Lineplots/MA0506.1.NRF1.txt
12-BXD_footprints/diff/BXD48_sub1/Lineplots/MA0506.1.NRF1.pdf
12-BXD_footprints/diff/BXD48_sub1/Lineplots/MA0506.1.NRF1.txt
12-BXD_footprints/diff/BXD48_sub2/Lineplots/MA0506.1.NRF1.pdf
12-BXD_footprints/diff/BXD48_sub2/Lineplots/MA0506.1.NRF1.txt
12-BXD_footprints/diff/BXD49/Lineplots/MA0506.1.NRF1.pdf
12-BXD_footprints/diff/BXD49/Lineplots/MA0506.1.NRF1.txt
12-BXD_footprints/diff/BXD49_sub1/Lineplots/MA0506.1.NRF1.pdf
12-BXD_footprints/diff/BXD49_sub1/Lineplots/MA0506.1.NRF1.txt
12-BXD_footprints/diff/BXD49_sub2/Lineplots/MA0506.1.NRF1.pdf
12-BXD_footprints/diff/BXD49_sub2/Lineplots/MA0506.1.NRF1.txt
12-BXD_footprints/diff/BXD50/Lineplots/MA0506.1.NRF1.pdf
12-BXD_footprints/diff/BXD50/Lineplots/MA0506.1.NRF1.txt
12-BXD_footprints/diff/BXD50_sub1/Lineplots/MA0506.1.NRF1.pdf
12-BXD_footprints/diff/BXD50_sub1/Lineplots/MA0506.1.NRF1.txt
12-BXD_footprints/diff/BXD50_sub2/Lineplots/MA0506.1.NRF1.pdf
12-BXD_footprints/diff/BXD50_sub2/Lineplots/MA0506.1.NRF1.txt
12-BXD_footprints/diff/BXD51/Lineplots/MA0506.1.NRF1.pdf
12-BXD_footprints/diff/BXD51/Lineplots/MA0506.1.NRF1.txt
12-BXD_footprints/diff/BXD51_sub1/Lineplots/MA0506.1.NRF1.pdf
12-BXD_footprints/diff/BXD51_sub1/Lineplots/MA0506.1.NRF1.txt
12-BXD_footprints/diff/BXD51_sub2/Lineplots/MA0506.1.NRF1.pdf
12-BXD_footprints/diff/BXD51_sub2/Lineplots/MA0506.1.NRF1.txt
12-BXD_footprints/diff/BXD55/Lineplots/MA0506.1.NRF1.pdf
12-BXD_footprints/diff/BXD55/Lineplots/MA0506.1.NRF1.txt
12-BXD_footprints/diff/BXD55_sub1/Lineplots/MA0506.1.NRF1.pdf
12-BXD_footprints/diff/BXD55_sub1/Lineplots/MA0506.1.NRF1.txt
12-BXD_footprints/diff/BXD55_sub2/Lineplots/MA0506.1.NRF1.pdf
12-BXD_footprints/diff/BXD55_sub2/Lineplots/MA0506.1.NRF1.txt
12-BXD_footprints/diff/BXD56/Lineplots/MA0506.1.NRF1.pdf
12-BXD_footprints/diff/BXD56/Lineplots/MA0506.1.NRF1.txt
12-BXD_footprints/diff/BXD56_sub1/Lineplots/MA0506.1.NRF1.pdf
12-BXD_footprints/diff/BXD56_sub1/Lineplots/MA0506.1.NRF1.txt
12-BXD_footprints/diff/BXD56_sub2/Lineplots/MA0506.1.NRF1.pdf
12-BXD_footprints/diff/BXD56_sub2/Lineplots/MA0506.1.NRF1.txt
12-BXD_footprints/diff/BXD61/Lineplots/MA0506.1.NRF1.pdf
12-BXD_footprints/diff/BXD61/Lineplots/MA0506.1.NRF1.txt
12-BXD_footprints/diff/BXD61_sub1/Lineplots/MA0506.1.NRF1.pdf
12-BXD_footprints/diff/BXD61_sub1/Lineplots/MA0506.1.NRF1.txt
12-BXD_footprints/diff/BXD61_sub2/Lineplots/MA0506.1.NRF1.pdf
12-BXD_footprints/diff/BXD61_sub2/Lineplots/MA0506.1.NRF1.txt
12-BXD_footprints/diff/BXD64/Lineplots/MA0506.1.NRF1.pdf
12-BXD_footprints/diff/BXD64/Lineplots/MA0506.1.NRF1.txt
12-BXD_footprints/diff/BXD64_sub1/Lineplots/MA0506.1.NRF1.pdf
12-BXD_footprints/diff/BXD64_sub1/Lineplots/MA0506.1.NRF1.txt
12-BXD_footprints/diff/BXD64_sub2/Lineplots/MA0506.1.NRF1.pdf
12-BXD_footprints/diff/BXD64_sub2/Lineplots/MA0506.1.NRF1.txt
12-BXD_footprints/diff/BXD65/Lineplots/MA0506.1.NRF1.pdf
12-BXD_footprints/diff/BXD65/Lineplots/MA0506.1.NRF1.txt
12-BXD_footprints/diff/BXD65_sub1/Lineplots/MA0506.1.NRF1.pdf
12-BXD_footprints/diff/BXD65_sub1/Lineplots/MA0506.1.NRF1.txt
12-BXD_footprints/diff/BXD65_sub2/Lineplots/MA0506.1.NRF1.pdf
12-BXD_footprints/diff/BXD65_sub2/Lineplots/MA0506.1.NRF1.txt
12-BXD_footprints/diff/BXD66/Lineplots/MA0506.1.NRF1.pdf
12-BXD_footprints/diff/BXD66/Lineplots/MA0506.1.NRF1.txt
12-BXD_footprints/diff/BXD66_sub1/Lineplots/MA0506.1.NRF1.pdf
12-BXD_footprints/diff/BXD66_sub1/Lineplots/MA0506.1.NRF1.txt
12-BXD_footprints/diff/BXD66_sub2/Lineplots/MA0506.1.NRF1.pdf
12-BXD_footprints/diff/BXD66_sub2/Lineplots/MA0506.1.NRF1.txt
12-BXD_footprints/diff/BXD67/Lineplots/MA0506.1.NRF1.pdf
12-BXD_footprints/diff/BXD67/Lineplots/MA0506.1.NRF1.txt
12-BXD_footprints/diff/BXD67_sub1/Lineplots/MA0506.1.NRF1.pdf
12-BXD_footprints/diff/BXD67_sub1/Lineplots/MA0506.1.NRF1.txt
12-BXD_footprints/diff/BXD67_sub2/Lineplots/MA0506.1.NRF1.pdf
12-BXD_footprints/diff/BXD67_sub2/Lineplots/MA0506.1.NRF1.txt
12-BXD_footprints/diff/BXD70/Lineplots/MA0506.1.NRF1.pdf
12-BXD_footprints/diff/BXD70/Lineplots/MA0506.1.NRF1.txt
12-BXD_footprints/diff/BXD70_sub1/Lineplots/MA0506.1.NRF1.pdf
12-BXD_footprints/diff/BXD70_sub1/Lineplots/MA0506.1.NRF1.txt
12-BXD_footprints/diff/BXD70_sub2/Lineplots/MA0506.1.NRF1.pdf
12-BXD_footprints/diff/BXD70_sub2/Lineplots/MA0506.1.NRF1.txt
12-BXD_footprints/diff/BXD71/Lineplots/MA0506.1.NRF1.pdf
12-BXD_footprints/diff/BXD71/Lineplots/MA0506.1.NRF1.txt
12-BXD_footprints/diff/BXD71_sub1/Lineplots/MA0506.1.NRF1.pdf
12-BXD_footprints/diff/BXD71_sub1/Lineplots/MA0506.1.NRF1.txt
12-BXD_footprints/diff/BXD71_sub2/Lineplots/MA0506.1.NRF1.pdf
12-BXD_footprints/diff/BXD71_sub2/Lineplots/MA0506.1.NRF1.txt
12-BXD_footprints/diff/BXD73/Lineplots/MA0506.1.NRF1.pdf
12-BXD_footprints/diff/BXD73/Lineplots/MA0506.1.NRF1.txt
12-BXD_footprints/diff/BXD73_sub1/Lineplots/MA0506.1.NRF1.pdf
12-BXD_footprints/diff/BXD73_sub1/Lineplots/MA0506.1.NRF1.txt
12-BXD_footprints/diff/BXD73_sub2/Lineplots/MA0506.1.NRF1.pdf
12-BXD_footprints/diff/BXD73_sub2/Lineplots/MA0506.1.NRF1.txt
12-BXD_footprints/diff/BXD75/Lineplots/MA0506.1.NRF1.pdf
12-BXD_footprints/diff/BXD75/Lineplots/MA0506.1.NRF1.txt
12-BXD_footprints/diff/BXD75_sub1/Lineplots/MA0506.1.NRF1.pdf
12-BXD_footprints/diff/BXD75_sub1/Lineplots/MA0506.1.NRF1.txt
12-BXD_footprints/diff/BXD75_sub2/Lineplots/MA0506.1.NRF1.pdf
12-BXD_footprints/diff/BXD75_sub2/Lineplots/MA0506.1.NRF1.txt
12-BXD_footprints/diff/BXD79/Lineplots/MA0506.1.NRF1.pdf
12-BXD_footprints/diff/BXD79/Lineplots/MA0506.1.NRF1.txt
12-BXD_footprints/diff/BXD79_sub1/Lineplots/MA0506.1.NRF1.pdf
12-BXD_footprints/diff/BXD79_sub1/Lineplots/MA0506.1.NRF1.txt
12-BXD_footprints/diff/BXD79_sub2/Lineplots/MA0506.1.NRF1.pdf
12-BXD_footprints/diff/BXD79_sub2/Lineplots/MA0506.1.NRF1.txt
12-BXD_footprints/diff/BXD81/Lineplots/MA0506.1.NRF1.pdf
12-BXD_footprints/diff/BXD81/Lineplots/MA0506.1.NRF1.txt
12-BXD_footprints/diff/BXD81_sub1/Lineplots/MA0506.1.NRF1.pdf
12-BXD_footprints/diff/BXD81_sub1/Lineplots/MA0506.1.NRF1.txt
12-BXD_footprints/diff/BXD81_sub2/Lineplots/MA0506.1.NRF1.pdf
12-BXD_footprints/diff/BXD81_sub2/Lineplots/MA0506.1.NRF1.txt
12-BXD_footprints/diff/BXD83/Lineplots/MA0506.1.NRF1.pdf
12-BXD_footprints/diff/BXD83/Lineplots/MA0506.1.NRF1.txt
12-BXD_footprints/diff/BXD83_sub1/Lineplots/MA0506.1.NRF1.pdf
12-BXD_footprints/diff/BXD83_sub1/Lineplots/MA0506.1.NRF1.txt
12-BXD_footprints/diff/BXD83_sub2/Lineplots/MA0506.1.NRF1.pdf
12-BXD_footprints/diff/BXD83_sub2/Lineplots/MA0506.1.NRF1.txt
12-BXD_footprints/diff/BXD84/Lineplots/MA0506.1.NRF1.pdf
12-BXD_footprints/diff/BXD84/Lineplots/MA0506.1.NRF1.txt
12-BXD_footprints/diff/BXD84_sub1/Lineplots/MA0506.1.NRF1.pdf
12-BXD_footprints/diff/BXD84_sub1/Lineplots/MA0506.1.NRF1.txt
12-BXD_footprints/diff/BXD84_sub2/Lineplots/MA0506.1.NRF1.pdf
12-BXD_footprints/diff/BXD84_sub2/Lineplots/MA0506.1.NRF1.txt
12-BXD_footprints/diff/BXD85/Lineplots/MA0506.1.NRF1.pdf
12-BXD_footprints/diff/BXD85/Lineplots/MA0506.1.NRF1.txt
12-BXD_footprints/diff/BXD85_sub1/Lineplots/MA0506.1.NRF1.pdf
12-BXD_footprints/diff/BXD85_sub1/Lineplots/MA0506.1.NRF1.txt
12-BXD_footprints/diff/BXD85_sub2/Lineplots/MA0506.1.NRF1.pdf
12-BXD_footprints/diff/BXD85_sub2/Lineplots/MA0506.1.NRF1.txt
12-BXD_footprints/diff/BXD89/Lineplots/MA0506.1.NRF1.pdf
12-BXD_footprints/diff/BXD89/Lineplots/MA0506.1.NRF1.txt
12-BXD_footprints/diff/BXD89_sub1/Lineplots/MA0506.1.NRF1.pdf
12-BXD_footprints/diff/BXD89_sub1/Lineplots/MA0506.1.NRF1.txt
12-BXD_footprints/diff/BXD89_sub2/Lineplots/MA0506.1.NRF1.pdf
12-BXD_footprints/diff/BXD89_sub2/Lineplots/MA0506.1.NRF1.txt
12-BXD_footprints/diff/BXD90/Lineplots/MA0506.1.NRF1.pdf
12-BXD_footprints/diff/BXD90/Lineplots/MA0506.1.NRF1.txt
12-BXD_footprints/diff/BXD90_sub1/Lineplots/MA0506.1.NRF1.pdf
12-BXD_footprints/diff/BXD90_sub1/Lineplots/MA0506.1.NRF1.txt
12-BXD_footprints/diff/BXD90_sub2/Lineplots/MA0506.1.NRF1.pdf
12-BXD_footprints/diff/BXD90_sub2/Lineplots/MA0506.1.NRF1.txt
12-BXD_footprints/diff/BXD95/Lineplots/MA0506.1.NRF1.pdf
12-BXD_footprints/diff/BXD95/Lineplots/MA0506.1.NRF1.txt
12-BXD_footprints/diff/BXD95_sub1/Lineplots/MA0506.1.NRF1.pdf
12-BXD_footprints/diff/BXD95_sub1/Lineplots/MA0506.1.NRF1.txt
12-BXD_footprints/diff/BXD95_sub2/Lineplots/MA0506.1.NRF1.pdf
12-BXD_footprints/diff/BXD95_sub2/Lineplots/MA0506.1.NRF1.txt
12-BXD_footprints/diff/BXD98/Lineplots/MA0506.1.NRF1.pdf
12-BXD_footprints/diff/BXD98/Lineplots/MA0506.1.NRF1.txt
12-BXD_footprints/diff/BXD98_sub1/Lineplots/MA0506.1.NRF1.pdf
12-BXD_footprints/diff/BXD98_sub1/Lineplots/MA0506.1.NRF1.txt
12-BXD_footprints/diff/BXD98_sub2/Lineplots/MA0506.1.NRF1.pdf
12-BXD_footprints/diff/BXD98_sub2/Lineplots/MA0506.1.NRF1.txt
12-BXD_footprints/diff/C57Bl6/Lineplots/MA0506.1.NRF1.pdf
12-BXD_footprints/diff/C57Bl6/Lineplots/MA0506.1.NRF1.txt
12-BXD_footprints/diff/C57Bl6_sub1/Lineplots/MA0506.1.NRF1.pdf
12-BXD_footprints/diff/C57Bl6_sub1/Lineplots/MA0506.1.NRF1.txt
12-BXD_footprints/diff/C57Bl6_sub2/Lineplots/MA0506.1.NRF1.pdf
12-BXD_footprints/diff/C57Bl6_sub2/Lineplots/MA0506.1.NRF1.txt
12-BXD_footprints/diff/DBA/Lineplots/MA0506.1.NRF1.pdf
12-BXD_footprints/diff/DBA/Lineplots/MA0506.1.NRF1.txt
12-BXD_footprints/diff/DBA_sub1/Lineplots/MA0506.1.NRF1.pdf
12-BXD_footprints/diff/DBA_sub1/Lineplots/MA0506.1.NRF1.txt
12-BXD_footprints/diff/DBA_sub2/Lineplots/MA0506.1.NRF1.pdf
12-BXD_footprints/diff/DBA_sub2/Lineplots/MA0506.1.NRF1.txt
13-BXD_integrate/granie/PWMScan_HOCOMOCOv10/NRF1_TFBS.bed.gz
14-NRF_fastq/QC/fastq/10048_FT_SD.fq.gz
14-NRF_fastq/QC/fastq/10049_FT_NSD.fq.gz
14-NRF_fastq/QC/fastq/10050_FV_SD.fq.gz
14-NRF_fastq/QC/fastq/10081_CT_NSD.fq.gz
14-NRF_fastq/QC/fastq/10089_FV_NSD.fq.gz
14-NRF_fastq/QC/fastq/10092_FV_NSD.fq.gz
14-NRF_fastq/QC/fastq/10160_FT_NSD.fq.gz
14-NRF_fastq/QC/fastq/10163_FV_NSD.fq.gz
14-NRF_fastq/QC/fastq/10173_FV_SD.fq.gz
14-NRF_fastq/QC/fastq/10174_FV_SD.fq.gz
14-NRF_fastq/QC/fastq/10175_FT_SD.fq.gz
14-NRF_fastq/QC/fastq/10205_FT_SD.fq.gz
14-NRF_fastq/QC/fastq/10288_CT_SD.fq.gz
14-NRF_fastq/QC/fastq/10289_CT_NSD.fq.gz
14-NRF_fastq/QC/fastq/10290_CT_NSD.fq.gz
14-NRF_fastq/QC/fastq/9243_FV_NSD.fq.gz
14-NRF_fastq/QC/fastq/9244_FT_NSD.fq.gz
14-NRF_fastq/QC/fastq/9268_CT_NSD.fq.gz
14-NRF_fastq/QC/fastq/9279_CT_NSD.fq.gz
14-NRF_fastq/QC/fastq/9280_CT_SD.fq.gz
14-NRF_fastq/QC/fastq/9347_FV_SD.fq.gz
14-NRF_fastq/QC/fastq/9348_FT_SD.fq.gz
14-NRF_fastq/QC/fastq/9515_CT_SD.fq.gz
14-NRF_fastq/QC/fastq/9516_CT_NSD.fq.gz
14-NRF_fastq/QC/fastq/9517_CT_SD.fq.gz
14-NRF_fastq/QC/fastq/9518_CT_NSD.fq.gz
14-NRF_fastq/QC/fastq/9661_FV_NSD.fq.gz
14-NRF_fastq/QC/fastq/9673_FV_SD.fq.gz
14-NRF_fastq/QC/fastq/9726_FT_NSD.fq.gz
14-NRF_fastq/QC/fastq/9844_FT_SD.fq.gz
14-NRF_fastq/QC/fastq/9984_CT_SD.fq.gz
14-NRF_fastq/QC/fastq/9993_FT_NSD.fq.gz
14-NRF_fastq/QC/html/10048_FT_SD.html
14-NRF_fastq/QC/html/10049_FT_NSD.html
14-NRF_fastq/QC/html/10050_FV_SD.html
14-NRF_fastq/QC/html/10081_CT_NSD.html
14-NRF_fastq/QC/html/10089_FV_NSD.html
14-NRF_fastq/QC/html/10092_FV_NSD.html
14-NRF_fastq/QC/html/10160_FT_NSD.html
14-NRF_fastq/QC/html/10163_FV_NSD.html
14-NRF_fastq/QC/html/10173_FV_SD.html
14-NRF_fastq/QC/html/10174_FV_SD.html
14-NRF_fastq/QC/html/10175_FT_SD.html
14-NRF_fastq/QC/html/10205_FT_SD.html
14-NRF_fastq/QC/html/10288_CT_SD.html
14-NRF_fastq/QC/html/10289_CT_NSD.html
14-NRF_fastq/QC/html/10290_CT_NSD.html
14-NRF_fastq/QC/html/9243_FV_NSD.html
14-NRF_fastq/QC/html/9244_FT_NSD.html
14-NRF_fastq/QC/html/9268_CT_NSD.html
14-NRF_fastq/QC/html/9279_CT_NSD.html
14-NRF_fastq/QC/html/9280_CT_SD.html
14-NRF_fastq/QC/html/9347_FV_SD.html
14-NRF_fastq/QC/html/9348_FT_SD.html
14-NRF_fastq/QC/html/9515_CT_SD.html
14-NRF_fastq/QC/html/9516_CT_NSD.html
14-NRF_fastq/QC/html/9517_CT_SD.html
14-NRF_fastq/QC/html/9518_CT_NSD.html
14-NRF_fastq/QC/html/9661_FV_NSD.html
14-NRF_fastq/QC/html/9673_FV_SD.html
14-NRF_fastq/QC/html/9726_FT_NSD.html
14-NRF_fastq/QC/html/9844_FT_SD.html
14-NRF_fastq/QC/html/9984_CT_SD.html
14-NRF_fastq/QC/html/9993_FT_NSD.html
14-NRF_fastq/QC/json/10048_FT_SD.json
14-NRF_fastq/QC/json/10049_FT_NSD.json
14-NRF_fastq/QC/json/10050_FV_SD.json
14-NRF_fastq/QC/json/10081_CT_NSD.json
14-NRF_fastq/QC/json/10089_FV_NSD.json
14-NRF_fastq/QC/json/10092_FV_NSD.json
14-NRF_fastq/QC/json/10160_FT_NSD.json
14-NRF_fastq/QC/json/10163_FV_NSD.json
14-NRF_fastq/QC/json/10173_FV_SD.json
14-NRF_fastq/QC/json/10174_FV_SD.json
14-NRF_fastq/QC/json/10175_FT_SD.json
14-NRF_fastq/QC/json/10205_FT_SD.json
14-NRF_fastq/QC/json/10288_CT_SD.json
14-NRF_fastq/QC/json/10289_CT_NSD.json
14-NRF_fastq/QC/json/10290_CT_NSD.json
14-NRF_fastq/QC/json/9243_FV_NSD.json
14-NRF_fastq/QC/json/9244_FT_NSD.json
14-NRF_fastq/QC/json/9268_CT_NSD.json
14-NRF_fastq/QC/json/9279_CT_NSD.json
14-NRF_fastq/QC/json/9280_CT_SD.json
14-NRF_fastq/QC/json/9347_FV_SD.json
14-NRF_fastq/QC/json/9348_FT_SD.json
14-NRF_fastq/QC/json/9515_CT_SD.json
14-NRF_fastq/QC/json/9516_CT_NSD.json
14-NRF_fastq/QC/json/9517_CT_SD.json
14-NRF_fastq/QC/json/9518_CT_NSD.json
14-NRF_fastq/QC/json/9661_FV_NSD.json
14-NRF_fastq/QC/json/9673_FV_SD.json
14-NRF_fastq/QC/json/9726_FT_NSD.json
14-NRF_fastq/QC/json/9844_FT_SD.json
14-NRF_fastq/QC/json/9984_CT_SD.json
14-NRF_fastq/QC/json/9993_FT_NSD.json
14-NRF_fastq/QC/QC_plotContentsummary.png
14-NRF_fastq/QC/QC_plotDuplicationsummary.png
14-NRF_fastq/QC/QC_plotReadQCsummary.png
14-NRF_fastq/QC/QC_plotReadssummary.png
14-NRF_fastq/summaries/QC_fastq.csv
14-NRF_fastq/summaries/QC_plotContentsummary.png
14-NRF_fastq/summaries/QC_plot_density.png
14-NRF_fastq/summaries/QC_plotDuplicationsummary.png
14-NRF_fastq/summaries/QC_plotReadQCsummary.png
14-NRF_fastq/summaries/QC_plotReadssummary.png
15-NRF_align/aligment/10048_FT_SD_Aligned.out.sam
15-NRF_align/aligment/10048_FT_SD_Log.final.out
15-NRF_align/aligment/10048_FT_SD_Log.out
15-NRF_align/aligment/10048_FT_SD_Log.progress.out
15-NRF_align/aligment/10048_FT_SD_ReadsPerGene.out.tab
15-NRF_align/aligment/10048_FT_SD_SJ.out.tab
15-NRF_align/aligment/10049_FT_NSD_Aligned.out.sam
15-NRF_align/aligment/10049_FT_NSD_Log.final.out
15-NRF_align/aligment/10049_FT_NSD_Log.out
15-NRF_align/aligment/10049_FT_NSD_Log.progress.out
15-NRF_align/aligment/10049_FT_NSD_ReadsPerGene.out.tab
15-NRF_align/aligment/10049_FT_NSD_SJ.out.tab
15-NRF_align/aligment/10050_FV_SD_Aligned.out.sam
15-NRF_align/aligment/10050_FV_SD_Log.final.out
15-NRF_align/aligment/10050_FV_SD_Log.out
15-NRF_align/aligment/10050_FV_SD_Log.progress.out
15-NRF_align/aligment/10050_FV_SD_ReadsPerGene.out.tab
15-NRF_align/aligment/10050_FV_SD_SJ.out.tab
15-NRF_align/aligment/10081_CT_NSD_Aligned.out.sam
15-NRF_align/aligment/10081_CT_NSD_Log.final.out
15-NRF_align/aligment/10081_CT_NSD_Log.out
15-NRF_align/aligment/10081_CT_NSD_Log.progress.out
15-NRF_align/aligment/10081_CT_NSD_ReadsPerGene.out.tab
15-NRF_align/aligment/10081_CT_NSD_SJ.out.tab
15-NRF_align/aligment/10089_FV_NSD_Aligned.out.sam
15-NRF_align/aligment/10089_FV_NSD_Log.final.out
15-NRF_align/aligment/10089_FV_NSD_Log.out
15-NRF_align/aligment/10089_FV_NSD_Log.progress.out
15-NRF_align/aligment/10089_FV_NSD_ReadsPerGene.out.tab
15-NRF_align/aligment/10089_FV_NSD_SJ.out.tab
15-NRF_align/aligment/10092_FV_NSD_Aligned.out.sam
15-NRF_align/aligment/10092_FV_NSD_Log.final.out
15-NRF_align/aligment/10092_FV_NSD_Log.out
15-NRF_align/aligment/10092_FV_NSD_Log.progress.out
15-NRF_align/aligment/10092_FV_NSD_ReadsPerGene.out.tab
15-NRF_align/aligment/10092_FV_NSD_SJ.out.tab
15-NRF_align/aligment/10160_FT_NSD_Aligned.out.sam
15-NRF_align/aligment/10160_FT_NSD_Log.final.out
15-NRF_align/aligment/10160_FT_NSD_Log.out
15-NRF_align/aligment/10160_FT_NSD_Log.progress.out
15-NRF_align/aligment/10160_FT_NSD_ReadsPerGene.out.tab
15-NRF_align/aligment/10160_FT_NSD_SJ.out.tab
15-NRF_align/aligment/10163_FV_NSD_Aligned.out.sam
15-NRF_align/aligment/10163_FV_NSD_Log.final.out
15-NRF_align/aligment/10163_FV_NSD_Log.out
15-NRF_align/aligment/10163_FV_NSD_Log.progress.out
15-NRF_align/aligment/10163_FV_NSD_ReadsPerGene.out.tab
15-NRF_align/aligment/10163_FV_NSD_SJ.out.tab
15-NRF_align/aligment/10173_FV_SD_Aligned.out.sam
15-NRF_align/aligment/10173_FV_SD_Log.final.out
15-NRF_align/aligment/10173_FV_SD_Log.out
15-NRF_align/aligment/10173_FV_SD_Log.progress.out
15-NRF_align/aligment/10173_FV_SD_ReadsPerGene.out.tab
15-NRF_align/aligment/10173_FV_SD_SJ.out.tab
15-NRF_align/aligment/10174_FV_SD_Aligned.out.sam
15-NRF_align/aligment/10174_FV_SD_Log.final.out
15-NRF_align/aligment/10174_FV_SD_Log.out
15-NRF_align/aligment/10174_FV_SD_Log.progress.out
15-NRF_align/aligment/10174_FV_SD_ReadsPerGene.out.tab
15-NRF_align/aligment/10174_FV_SD_SJ.out.tab
15-NRF_align/aligment/10175_FT_SD_Aligned.out.sam
15-NRF_align/aligment/10175_FT_SD_Log.final.out
15-NRF_align/aligment/10175_FT_SD_Log.out
15-NRF_align/aligment/10175_FT_SD_Log.progress.out
15-NRF_align/aligment/10175_FT_SD_ReadsPerGene.out.tab
15-NRF_align/aligment/10175_FT_SD_SJ.out.tab
15-NRF_align/aligment/10205_FT_SD_Aligned.out.sam
15-NRF_align/aligment/10205_FT_SD_Log.final.out
15-NRF_align/aligment/10205_FT_SD_Log.out
15-NRF_align/aligment/10205_FT_SD_Log.progress.out
15-NRF_align/aligment/10205_FT_SD_ReadsPerGene.out.tab
15-NRF_align/aligment/10205_FT_SD_SJ.out.tab
15-NRF_align/aligment/10288_CT_SD_Aligned.out.sam
15-NRF_align/aligment/10288_CT_SD_Log.final.out
15-NRF_align/aligment/10288_CT_SD_Log.out
15-NRF_align/aligment/10288_CT_SD_Log.progress.out
15-NRF_align/aligment/10288_CT_SD_ReadsPerGene.out.tab
15-NRF_align/aligment/10288_CT_SD_SJ.out.tab
15-NRF_align/aligment/10289_CT_NSD_Aligned.out.sam
15-NRF_align/aligment/10289_CT_NSD_Log.final.out
15-NRF_align/aligment/10289_CT_NSD_Log.out
15-NRF_align/aligment/10289_CT_NSD_Log.progress.out
15-NRF_align/aligment/10289_CT_NSD_ReadsPerGene.out.tab
15-NRF_align/aligment/10289_CT_NSD_SJ.out.tab
15-NRF_align/aligment/10290_CT_NSD_Aligned.out.sam
15-NRF_align/aligment/10290_CT_NSD_Log.final.out
15-NRF_align/aligment/10290_CT_NSD_Log.out
15-NRF_align/aligment/10290_CT_NSD_Log.progress.out
15-NRF_align/aligment/10290_CT_NSD_ReadsPerGene.out.tab
15-NRF_align/aligment/10290_CT_NSD_SJ.out.tab
15-NRF_align/aligment/9243_FV_NSD_Aligned.out.sam
15-NRF_align/aligment/9243_FV_NSD_Log.final.out
15-NRF_align/aligment/9243_FV_NSD_Log.out
15-NRF_align/aligment/9243_FV_NSD_Log.progress.out
15-NRF_align/aligment/9243_FV_NSD_ReadsPerGene.out.tab
15-NRF_align/aligment/9243_FV_NSD_SJ.out.tab
15-NRF_align/aligment/9244_FT_NSD_Aligned.out.sam
15-NRF_align/aligment/9244_FT_NSD_Log.final.out
15-NRF_align/aligment/9244_FT_NSD_Log.out
15-NRF_align/aligment/9244_FT_NSD_Log.progress.out
15-NRF_align/aligment/9244_FT_NSD_ReadsPerGene.out.tab
15-NRF_align/aligment/9244_FT_NSD_SJ.out.tab
15-NRF_align/aligment/9268_CT_NSD_Aligned.out.sam
15-NRF_align/aligment/9268_CT_NSD_Log.final.out
15-NRF_align/aligment/9268_CT_NSD_Log.out
15-NRF_align/aligment/9268_CT_NSD_Log.progress.out
15-NRF_align/aligment/9268_CT_NSD_ReadsPerGene.out.tab
15-NRF_align/aligment/9268_CT_NSD_SJ.out.tab
15-NRF_align/aligment/9279_CT_NSD_Aligned.out.sam
15-NRF_align/aligment/9279_CT_NSD_Log.final.out
15-NRF_align/aligment/9279_CT_NSD_Log.out
15-NRF_align/aligment/9279_CT_NSD_Log.progress.out
15-NRF_align/aligment/9279_CT_NSD_ReadsPerGene.out.tab
15-NRF_align/aligment/9279_CT_NSD_SJ.out.tab
15-NRF_align/aligment/9280_CT_SD_Aligned.out.sam
15-NRF_align/aligment/9280_CT_SD_Log.final.out
15-NRF_align/aligment/9280_CT_SD_Log.out
15-NRF_align/aligment/9280_CT_SD_Log.progress.out
15-NRF_align/aligment/9280_CT_SD_ReadsPerGene.out.tab
15-NRF_align/aligment/9280_CT_SD_SJ.out.tab
15-NRF_align/aligment/9347_FV_SD_Aligned.out.sam
15-NRF_align/aligment/9347_FV_SD_Log.final.out
15-NRF_align/aligment/9347_FV_SD_Log.out
15-NRF_align/aligment/9347_FV_SD_Log.progress.out
15-NRF_align/aligment/9347_FV_SD_ReadsPerGene.out.tab
15-NRF_align/aligment/9347_FV_SD_SJ.out.tab
15-NRF_align/aligment/9348_FT_SD_Aligned.out.sam
15-NRF_align/aligment/9348_FT_SD_Log.final.out
15-NRF_align/aligment/9348_FT_SD_Log.out
15-NRF_align/aligment/9348_FT_SD_Log.progress.out
15-NRF_align/aligment/9348_FT_SD_ReadsPerGene.out.tab
15-NRF_align/aligment/9348_FT_SD_SJ.out.tab
15-NRF_align/aligment/9515_CT_SD_Aligned.out.sam
15-NRF_align/aligment/9515_CT_SD_Log.final.out
15-NRF_align/aligment/9515_CT_SD_Log.out
15-NRF_align/aligment/9515_CT_SD_Log.progress.out
15-NRF_align/aligment/9515_CT_SD_ReadsPerGene.out.tab
15-NRF_align/aligment/9515_CT_SD_SJ.out.tab
15-NRF_align/aligment/9516_CT_NSD_Aligned.out.sam
15-NRF_align/aligment/9516_CT_NSD_Log.final.out
15-NRF_align/aligment/9516_CT_NSD_Log.out
15-NRF_align/aligment/9516_CT_NSD_Log.progress.out
15-NRF_align/aligment/9516_CT_NSD_ReadsPerGene.out.tab
15-NRF_align/aligment/9516_CT_NSD_SJ.out.tab
15-NRF_align/aligment/9517_CT_SD_Aligned.out.sam
15-NRF_align/aligment/9517_CT_SD_Log.final.out
15-NRF_align/aligment/9517_CT_SD_Log.out
15-NRF_align/aligment/9517_CT_SD_Log.progress.out
15-NRF_align/aligment/9517_CT_SD_ReadsPerGene.out.tab
15-NRF_align/aligment/9517_CT_SD_SJ.out.tab
15-NRF_align/aligment/9518_CT_NSD_Aligned.out.sam
15-NRF_align/aligment/9518_CT_NSD_Log.final.out
15-NRF_align/aligment/9518_CT_NSD_Log.out
15-NRF_align/aligment/9518_CT_NSD_Log.progress.out
15-NRF_align/aligment/9518_CT_NSD_ReadsPerGene.out.tab
15-NRF_align/aligment/9518_CT_NSD_SJ.out.tab
15-NRF_align/aligment/9661_FV_NSD_Aligned.out.sam
15-NRF_align/aligment/9661_FV_NSD_Log.final.out
15-NRF_align/aligment/9661_FV_NSD_Log.out
15-NRF_align/aligment/9661_FV_NSD_Log.progress.out
15-NRF_align/aligment/9661_FV_NSD_ReadsPerGene.out.tab
15-NRF_align/aligment/9661_FV_NSD_SJ.out.tab
15-NRF_align/aligment/9673_FV_SD_Aligned.out.sam
15-NRF_align/aligment/9673_FV_SD_Log.final.out
15-NRF_align/aligment/9673_FV_SD_Log.out
15-NRF_align/aligment/9673_FV_SD_Log.progress.out
15-NRF_align/aligment/9673_FV_SD_ReadsPerGene.out.tab
15-NRF_align/aligment/9673_FV_SD_SJ.out.tab
15-NRF_align/aligment/9726_FT_NSD_Aligned.out.sam
15-NRF_align/aligment/9726_FT_NSD_Log.final.out
15-NRF_align/aligment/9726_FT_NSD_Log.out
15-NRF_align/aligment/9726_FT_NSD_Log.progress.out
15-NRF_align/aligment/9726_FT_NSD_ReadsPerGene.out.tab
15-NRF_align/aligment/9726_FT_NSD_SJ.out.tab
15-NRF_align/aligment/9844_FT_SD_Aligned.out.sam
15-NRF_align/aligment/9844_FT_SD_Log.final.out
15-NRF_align/aligment/9844_FT_SD_Log.out
15-NRF_align/aligment/9844_FT_SD_Log.progress.out
15-NRF_align/aligment/9844_FT_SD_ReadsPerGene.out.tab
15-NRF_align/aligment/9844_FT_SD_SJ.out.tab
15-NRF_align/aligment/9984_CT_SD_Aligned.out.sam
15-NRF_align/aligment/9984_CT_SD_Log.final.out
15-NRF_align/aligment/9984_CT_SD_Log.out
15-NRF_align/aligment/9984_CT_SD_Log.progress.out
15-NRF_align/aligment/9984_CT_SD_ReadsPerGene.out.tab
15-NRF_align/aligment/9984_CT_SD_SJ.out.tab
15-NRF_align/aligment/9993_FT_NSD_Aligned.out.sam
15-NRF_align/aligment/9993_FT_NSD_Log.final.out
15-NRF_align/aligment/9993_FT_NSD_Log.out
15-NRF_align/aligment/9993_FT_NSD_Log.progress.out
15-NRF_align/aligment/9993_FT_NSD_ReadsPerGene.out.tab
15-NRF_align/aligment/9993_FT_NSD_SJ.out.tab
15-NRF_align/index/chrLength.txt
15-NRF_align/index/chrNameLength.txt
15-NRF_align/index/chrName.txt
15-NRF_align/index/chrStart.txt
15-NRF_align/index/exonGeTrInfo.tab
15-NRF_align/index/exonInfo.tab
15-NRF_align/index/gencode.vM10.primary_assembly.annotation.gff3
15-NRF_align/index/gencode.vM10.primary_assembly.annotation.gtf
15-NRF_align/index/geneInfo.tab
15-NRF_align/index/Genome
15-NRF_align/index/genomeParameters.txt
15-NRF_align/index/GRCm38.primary_assembly.genome.fa
15-NRF_align/index/Log.out
15-NRF_align/index/SA
15-NRF_align/index/SAindex
15-NRF_align/index/sjdbInfo.txt
15-NRF_align/index/sjdbList.fromGTF.out.tab
15-NRF_align/index/sjdbList.out.tab
15-NRF_align/index/transcriptInfo.tab
16-NRF_bam/alignQC/QC_align.csv
16-NRF_bam/alignQC/QC_align_mapping.png
16-NRF_bam/alignQC/QC_align_reads.png
16-NRF_bam/alignQC/QCbam_align.csv
16-NRF_bam/alignQC/QC_bam_bottleneck.png
16-NRF_bam/alignQC/QC_bam_chrs.png
16-NRF_bam/alignQC/QC_bam_fragsize.png
16-NRF_bam/alignQC/QC_bam_heatmap.png
16-NRF_bam/alignQC/QC_bam_libcomplexity.png
16-NRF_bam/alignQC/QC_bam_mapq.png
16-NRF_bam/alignQC/QC_bam_mitocrondria.png
16-NRF_bam/alignQC/QC_bam_nfr.png
16-NRF_bam/alignQC/QC_bam_pca.png
16-NRF_bam/alignQC/QC_bam_pt.png
16-NRF_bam/alignQC/QC_bam_sex.png
16-NRF_bam/alignQC/QC_bam_tssebox.png
16-NRF_bam/alignQC/QC_bam_tsseline.png
16-NRF_bam/bamQC/10048_FT_SD.RData
16-NRF_bam/bamQC/10049_FT_NSD.RData
16-NRF_bam/bamQC/10050_FV_SD.RData
16-NRF_bam/bamQC/10081_CT_NSD.RData
16-NRF_bam/bamQC/10089_FV_NSD.RData
16-NRF_bam/bamQC/10092_FV_NSD.RData
16-NRF_bam/bamQC/10160_FT_NSD.RData
16-NRF_bam/bamQC/10163_FV_NSD.RData
16-NRF_bam/bamQC/10173_FV_SD.RData
16-NRF_bam/bamQC/10174_FV_SD.RData
16-NRF_bam/bamQC/10175_FT_SD.RData
16-NRF_bam/bamQC/10205_FT_SD.RData
16-NRF_bam/bamQC/10288_CT_SD.RData
16-NRF_bam/bamQC/10289_CT_NSD.RData
16-NRF_bam/bamQC/10290_CT_NSD.RData
16-NRF_bam/bamQC/9243_FV_NSD.RData
16-NRF_bam/bamQC/9244_FT_NSD.RData
16-NRF_bam/bamQC/9268_CT_NSD.RData
16-NRF_bam/bamQC/9279_CT_NSD.RData
16-NRF_bam/bamQC/9280_CT_SD.RData
16-NRF_bam/bamQC/9347_FV_SD.RData
16-NRF_bam/bamQC/9348_FT_SD.RData
16-NRF_bam/bamQC/9515_CT_SD.RData
16-NRF_bam/bamQC/9516_CT_NSD.RData
16-NRF_bam/bamQC/9517_CT_SD.RData
16-NRF_bam/bamQC/9518_CT_NSD.RData
16-NRF_bam/bamQC/9661_FV_NSD.RData
16-NRF_bam/bamQC/9673_FV_SD.RData
16-NRF_bam/bamQC/9726_FT_NSD.RData
16-NRF_bam/bamQC/9844_FT_SD.RData
16-NRF_bam/bamQC/9984_CT_SD.RData
16-NRF_bam/bamQC/9993_FT_NSD.RData
16-NRF_bam/EDA/bias_gc_norm.png
16-NRF_bam/EDA/bias_gc.png
16-NRF_bam/EDA/bias_length_norm.png
16-NRF_bam/EDA/bias_length.png
16-NRF_bam/EDA/count_dist_norm.png
16-NRF_bam/EDA/count_dist.png
16-NRF_bam/EDA/EDA_normalised.RData
16-NRF_bam/EDA/EDASeq_alined_reads.png
16-NRF_bam/EDA/EDASeq_percentage_mapped.png
16-NRF_bam/EDA/EDASeq_read_quality10.png
16-NRF_bam/EDA/EDASeq_read_quality11.png
16-NRF_bam/EDA/EDASeq_read_quality12.png
16-NRF_bam/EDA/EDASeq_read_quality13.png
16-NRF_bam/EDA/EDASeq_read_quality14.png
16-NRF_bam/EDA/EDASeq_read_quality15.png
16-NRF_bam/EDA/EDASeq_read_quality16.png
16-NRF_bam/EDA/EDASeq_read_quality17.png
16-NRF_bam/EDA/EDASeq_read_quality18.png
16-NRF_bam/EDA/EDASeq_read_quality19.png
16-NRF_bam/EDA/EDASeq_read_quality1.png
16-NRF_bam/EDA/EDASeq_read_quality20.png
16-NRF_bam/EDA/EDASeq_read_quality21.png
16-NRF_bam/EDA/EDASeq_read_quality22.png
16-NRF_bam/EDA/EDASeq_read_quality23.png
16-NRF_bam/EDA/EDASeq_read_quality24.png
16-NRF_bam/EDA/EDASeq_read_quality25.png
16-NRF_bam/EDA/EDASeq_read_quality26.png
16-NRF_bam/EDA/EDASeq_read_quality27.png
16-NRF_bam/EDA/EDASeq_read_quality28.png
16-NRF_bam/EDA/EDASeq_read_quality29.png
16-NRF_bam/EDA/EDASeq_read_quality2.png
16-NRF_bam/EDA/EDASeq_read_quality30.png
16-NRF_bam/EDA/EDASeq_read_quality31.png
16-NRF_bam/EDA/EDASeq_read_quality32.png
16-NRF_bam/EDA/EDASeq_read_quality3.png
16-NRF_bam/EDA/EDASeq_read_quality4.png
16-NRF_bam/EDA/EDASeq_read_quality5.png
16-NRF_bam/EDA/EDASeq_read_quality6.png
16-NRF_bam/EDA/EDASeq_read_quality7.png
16-NRF_bam/EDA/EDASeq_read_quality8.png
16-NRF_bam/EDA/EDASeq_read_quality9.png
16-NRF_bam/EDA/EDASeq_read_quality.png
16-NRF_bam/EDA/EDASeq_total_reads.png
16-NRF_bam/EDA/MDP_CT_NSD.png
16-NRF_bam/EDA/MDP_CT_SD.png
16-NRF_bam/EDA/MDP_FT_NSD.png
16-NRF_bam/EDA/MDP_FT_SD.png
16-NRF_bam/EDA/MDP_FV_NSD.png
16-NRF_bam/EDA/MDP_FV_SD.png
16-NRF_bam/EDA/MDP.png
16-NRF_bam/EDA/varPlot_CT_NSD.png
16-NRF_bam/EDA/varPlot_CT_SD.png
16-NRF_bam/EDA/varPlot_FT_NSD.png
16-NRF_bam/EDA/varPlot_FT_SD.png
16-NRF_bam/EDA/varPlot_FV_NSD.png
16-NRF_bam/EDA/varPlot_FV_SD.png
16-NRF_bam/EDA/varPlot.png
16-NRF_bam/MultiQC/multiqc_data/bowtie2_se_plot.txt
16-NRF_bam/MultiQC/multiqc_data/fastp_filtered_reads_plot.txt
16-NRF_bam/MultiQC/multiqc_data/fastp-seq-content-gc-plot_Read_1_After_filtering.txt
16-NRF_bam/MultiQC/multiqc_data/fastp-seq-content-gc-plot_Read_1_Before_filtering.txt
16-NRF_bam/MultiQC/multiqc_data/fastp-seq-content-n-plot_Read_1_After_filtering.txt
16-NRF_bam/MultiQC/multiqc_data/fastp-seq-content-n-plot_Read_1_Before_filtering.txt
16-NRF_bam/MultiQC/multiqc_data/fastp-seq-quality-plot_Read_1_After_filtering.txt
16-NRF_bam/MultiQC/multiqc_data/fastp-seq-quality-plot_Read_1_Before_filtering.txt
16-NRF_bam/MultiQC/multiqc_data/htseq_assignment_plot.txt
16-NRF_bam/MultiQC/multiqc_data/llms-full.txt
16-NRF_bam/MultiQC/multiqc_data/multiqc_bowtie2.txt
16-NRF_bam/MultiQC/multiqc_data/multiqc_citations.txt
16-NRF_bam/MultiQC/multiqc_data/multiqc_data.json
16-NRF_bam/MultiQC/multiqc_data/multiqc_fastp.txt
16-NRF_bam/MultiQC/multiqc_data/multiqc_general_stats.txt
16-NRF_bam/MultiQC/multiqc_data/multiqc_htseq.txt
16-NRF_bam/MultiQC/multiqc_data/multiqc.log
16-NRF_bam/MultiQC/multiqc_data/multiqc.parquet
16-NRF_bam/MultiQC/multiqc_data/multiqc_qualimap_bamqc_genome_results.txt
16-NRF_bam/MultiQC/multiqc_data/multiqc_software_versions.txt
16-NRF_bam/MultiQC/multiqc_data/multiqc_sources.txt
16-NRF_bam/MultiQC/multiqc_data/multiqc_star.txt
16-NRF_bam/MultiQC/multiqc_data/qualimap_coverage_histogram.txt
16-NRF_bam/MultiQC/multiqc_data/qualimap_gc_content.txt
16-NRF_bam/MultiQC/multiqc_data/qualimap_gene_coverage_profile_Counts.txt
16-NRF_bam/MultiQC/multiqc_data/qualimap_gene_coverage_profile_Normalised.txt
16-NRF_bam/MultiQC/multiqc_data/qualimap_genome_fraction.txt
16-NRF_bam/MultiQC/multiqc_data/qualimap_genomic_origin.txt
16-NRF_bam/MultiQC/multiqc_data/qualimap_rnaseq_cov_hist.txt
16-NRF_bam/MultiQC/multiqc_data/qualimap_rnaseq_genome_results.txt
16-NRF_bam/MultiQC/multiqc_data/star_alignment_plot.txt
16-NRF_bam/MultiQC/multiqc_data/star_gene_counts_Reverse_Stranded.txt
16-NRF_bam/MultiQC/multiqc_data/star_gene_counts_Same_Stranded.txt
16-NRF_bam/MultiQC/multiqc_data/star_gene_counts_Unstranded.txt
16-NRF_bam/MultiQC/multiqc_data/star_summary_table.txt
16-NRF_bam/MultiQC/multiqc_report.html
16-NRF_bam/qualimap/10048_FT_SD/css/agogo.css
16-NRF_bam/qualimap/10048_FT_SD/css/ajax-loader.gif
16-NRF_bam/qualimap/10048_FT_SD/css/basic.css
16-NRF_bam/qualimap/10048_FT_SD/css/bgfooter.png
16-NRF_bam/qualimap/10048_FT_SD/css/bgtop.png
16-NRF_bam/qualimap/10048_FT_SD/css/comment-bright.png
16-NRF_bam/qualimap/10048_FT_SD/css/comment-close.png
16-NRF_bam/qualimap/10048_FT_SD/css/comment.png
16-NRF_bam/qualimap/10048_FT_SD/css/doctools.js
16-NRF_bam/qualimap/10048_FT_SD/css/down.png
16-NRF_bam/qualimap/10048_FT_SD/css/down-pressed.png
16-NRF_bam/qualimap/10048_FT_SD/css/file.png
16-NRF_bam/qualimap/10048_FT_SD/css/jquery.js
16-NRF_bam/qualimap/10048_FT_SD/css/minus.png
16-NRF_bam/qualimap/10048_FT_SD/css/plus.png
16-NRF_bam/qualimap/10048_FT_SD/css/pygments.css
16-NRF_bam/qualimap/10048_FT_SD/css/qualimap_logo_small.png
16-NRF_bam/qualimap/10048_FT_SD/css/report.css
16-NRF_bam/qualimap/10048_FT_SD/css/searchtools.js
16-NRF_bam/qualimap/10048_FT_SD/css/underscore.js
16-NRF_bam/qualimap/10048_FT_SD/css/up.png
16-NRF_bam/qualimap/10048_FT_SD/css/up-pressed.png
16-NRF_bam/qualimap/10048_FT_SD/css/websupport.js
16-NRF_bam/qualimap/10048_FT_SD/genome_results.txt
16-NRF_bam/qualimap/10048_FT_SD/images_qualimapReport/Coverage Profile Along Genes (High).png
16-NRF_bam/qualimap/10048_FT_SD/images_qualimapReport/Coverage Profile Along Genes (Low).png
16-NRF_bam/qualimap/10048_FT_SD/images_qualimapReport/Coverage Profile Along Genes (Total).png
16-NRF_bam/qualimap/10048_FT_SD/images_qualimapReport/genome_coverage_0to50_histogram.png
16-NRF_bam/qualimap/10048_FT_SD/images_qualimapReport/genome_coverage_across_reference.png
16-NRF_bam/qualimap/10048_FT_SD/images_qualimapReport/genome_coverage_histogram.png
16-NRF_bam/qualimap/10048_FT_SD/images_qualimapReport/genome_coverage_quotes.png
16-NRF_bam/qualimap/10048_FT_SD/images_qualimapReport/genome_gc_content_per_window.png
16-NRF_bam/qualimap/10048_FT_SD/images_qualimapReport/genome_homopolymer_indels.png
16-NRF_bam/qualimap/10048_FT_SD/images_qualimapReport/genome_mapping_quality_across_reference.png
16-NRF_bam/qualimap/10048_FT_SD/images_qualimapReport/genome_mapping_quality_histogram.png
16-NRF_bam/qualimap/10048_FT_SD/images_qualimapReport/genome_reads_clipping_profile.png
16-NRF_bam/qualimap/10048_FT_SD/images_qualimapReport/genome_reads_content_per_read_position.png
16-NRF_bam/qualimap/10048_FT_SD/images_qualimapReport/genome_uniq_read_starts_histogram.png
16-NRF_bam/qualimap/10048_FT_SD/images_qualimapReport/Junction Analysis.png
16-NRF_bam/qualimap/10048_FT_SD/images_qualimapReportOutsideRegions/outside_coverage_0to50_histogram.png
16-NRF_bam/qualimap/10048_FT_SD/images_qualimapReportOutsideRegions/outside_coverage_across_reference.png
16-NRF_bam/qualimap/10048_FT_SD/images_qualimapReportOutsideRegions/outside_coverage_histogram.png
16-NRF_bam/qualimap/10048_FT_SD/images_qualimapReportOutsideRegions/outside_coverage_quotes.png
16-NRF_bam/qualimap/10048_FT_SD/images_qualimapReportOutsideRegions/outside_gc_content_per_window.png
16-NRF_bam/qualimap/10048_FT_SD/images_qualimapReportOutsideRegions/outside_homopolymer_indels.png
16-NRF_bam/qualimap/10048_FT_SD/images_qualimapReportOutsideRegions/outside_mapping_quality_across_reference.png
16-NRF_bam/qualimap/10048_FT_SD/images_qualimapReportOutsideRegions/outside_mapping_quality_histogram.png
16-NRF_bam/qualimap/10048_FT_SD/images_qualimapReportOutsideRegions/outside_reads_clipping_profile.png
16-NRF_bam/qualimap/10048_FT_SD/images_qualimapReportOutsideRegions/outside_reads_content_per_read_position.png
16-NRF_bam/qualimap/10048_FT_SD/images_qualimapReportOutsideRegions/outside_uniq_read_starts_histogram.png
16-NRF_bam/qualimap/10048_FT_SD/images_qualimapReport/Reads Genomic Origin.png
16-NRF_bam/qualimap/10048_FT_SD/images_qualimapReport/Transcript coverage histogram.png
16-NRF_bam/qualimap/10048_FT_SD/outside_results.txt
16-NRF_bam/qualimap/10048_FT_SD/outside_window.txt
16-NRF_bam/qualimap/10048_FT_SD/qualimapReport.html
16-NRF_bam/qualimap/10048_FT_SD/qualimapReportOutsideRegions.html
16-NRF_bam/qualimap/10048_FT_SD/raw_data_qualimapReport/coverage_across_reference.txt
16-NRF_bam/qualimap/10048_FT_SD/raw_data_qualimapReport/coverage_histogram.txt
16-NRF_bam/qualimap/10048_FT_SD/raw_data_qualimapReport/coverage_profile_along_genes_(high).txt
16-NRF_bam/qualimap/10048_FT_SD/raw_data_qualimapReport/coverage_profile_along_genes_(low).txt
16-NRF_bam/qualimap/10048_FT_SD/raw_data_qualimapReport/coverage_profile_along_genes_(total).txt
16-NRF_bam/qualimap/10048_FT_SD/raw_data_qualimapReport/duplication_rate_histogram.txt
16-NRF_bam/qualimap/10048_FT_SD/raw_data_qualimapReport/genome_fraction_coverage.txt
16-NRF_bam/qualimap/10048_FT_SD/raw_data_qualimapReport/homopolymer_indels.txt
16-NRF_bam/qualimap/10048_FT_SD/raw_data_qualimapReport/mapped_reads_clipping_profile.txt
16-NRF_bam/qualimap/10048_FT_SD/raw_data_qualimapReport/mapped_reads_gc-content_distribution.txt
16-NRF_bam/qualimap/10048_FT_SD/raw_data_qualimapReport/mapped_reads_nucleotide_content.txt
16-NRF_bam/qualimap/10048_FT_SD/raw_data_qualimapReport/mapping_quality_across_reference.txt
16-NRF_bam/qualimap/10048_FT_SD/raw_data_qualimapReport/mapping_quality_histogram.txt
16-NRF_bam/qualimap/10048_FT_SD/raw_data_qualimapReportOutsideRegions/coverage_across_reference.txt
16-NRF_bam/qualimap/10048_FT_SD/raw_data_qualimapReportOutsideRegions/coverage_histogram.txt
16-NRF_bam/qualimap/10048_FT_SD/raw_data_qualimapReportOutsideRegions/duplication_rate_histogram.txt
16-NRF_bam/qualimap/10048_FT_SD/raw_data_qualimapReportOutsideRegions/genome_fraction_coverage.txt
16-NRF_bam/qualimap/10048_FT_SD/raw_data_qualimapReportOutsideRegions/homopolymer_indels.txt
16-NRF_bam/qualimap/10048_FT_SD/raw_data_qualimapReportOutsideRegions/mapped_reads_clipping_profile.txt
16-NRF_bam/qualimap/10048_FT_SD/raw_data_qualimapReportOutsideRegions/mapped_reads_gc-content_distribution.txt
16-NRF_bam/qualimap/10048_FT_SD/raw_data_qualimapReportOutsideRegions/mapped_reads_nucleotide_content.txt
16-NRF_bam/qualimap/10048_FT_SD/raw_data_qualimapReportOutsideRegions/mapping_quality_across_reference.txt
16-NRF_bam/qualimap/10048_FT_SD/raw_data_qualimapReportOutsideRegions/mapping_quality_histogram.txt
16-NRF_bam/qualimap/10048_FT_SD/rnaseq_qc_results.txt
16-NRF_bam/qualimap/10049_FT_NSD/css/agogo.css
16-NRF_bam/qualimap/10049_FT_NSD/css/ajax-loader.gif
16-NRF_bam/qualimap/10049_FT_NSD/css/basic.css
16-NRF_bam/qualimap/10049_FT_NSD/css/bgfooter.png
16-NRF_bam/qualimap/10049_FT_NSD/css/bgtop.png
16-NRF_bam/qualimap/10049_FT_NSD/css/comment-bright.png
16-NRF_bam/qualimap/10049_FT_NSD/css/comment-close.png
16-NRF_bam/qualimap/10049_FT_NSD/css/comment.png
16-NRF_bam/qualimap/10049_FT_NSD/css/doctools.js
16-NRF_bam/qualimap/10049_FT_NSD/css/down.png
16-NRF_bam/qualimap/10049_FT_NSD/css/down-pressed.png
16-NRF_bam/qualimap/10049_FT_NSD/css/file.png
16-NRF_bam/qualimap/10049_FT_NSD/css/jquery.js
16-NRF_bam/qualimap/10049_FT_NSD/css/minus.png
16-NRF_bam/qualimap/10049_FT_NSD/css/plus.png
16-NRF_bam/qualimap/10049_FT_NSD/css/pygments.css
16-NRF_bam/qualimap/10049_FT_NSD/css/qualimap_logo_small.png
16-NRF_bam/qualimap/10049_FT_NSD/css/report.css
16-NRF_bam/qualimap/10049_FT_NSD/css/searchtools.js
16-NRF_bam/qualimap/10049_FT_NSD/css/underscore.js
16-NRF_bam/qualimap/10049_FT_NSD/css/up.png
16-NRF_bam/qualimap/10049_FT_NSD/css/up-pressed.png
16-NRF_bam/qualimap/10049_FT_NSD/css/websupport.js
16-NRF_bam/qualimap/10049_FT_NSD/genome_results.txt
16-NRF_bam/qualimap/10049_FT_NSD/images_qualimapReport/Coverage Profile Along Genes (High).png
16-NRF_bam/qualimap/10049_FT_NSD/images_qualimapReport/Coverage Profile Along Genes (Low).png
16-NRF_bam/qualimap/10049_FT_NSD/images_qualimapReport/Coverage Profile Along Genes (Total).png
16-NRF_bam/qualimap/10049_FT_NSD/images_qualimapReport/genome_coverage_0to50_histogram.png
16-NRF_bam/qualimap/10049_FT_NSD/images_qualimapReport/genome_coverage_across_reference.png
16-NRF_bam/qualimap/10049_FT_NSD/images_qualimapReport/genome_coverage_histogram.png
16-NRF_bam/qualimap/10049_FT_NSD/images_qualimapReport/genome_coverage_quotes.png
16-NRF_bam/qualimap/10049_FT_NSD/images_qualimapReport/genome_gc_content_per_window.png
16-NRF_bam/qualimap/10049_FT_NSD/images_qualimapReport/genome_homopolymer_indels.png
16-NRF_bam/qualimap/10049_FT_NSD/images_qualimapReport/genome_mapping_quality_across_reference.png
16-NRF_bam/qualimap/10049_FT_NSD/images_qualimapReport/genome_mapping_quality_histogram.png
16-NRF_bam/qualimap/10049_FT_NSD/images_qualimapReport/genome_reads_clipping_profile.png
16-NRF_bam/qualimap/10049_FT_NSD/images_qualimapReport/genome_reads_content_per_read_position.png
16-NRF_bam/qualimap/10049_FT_NSD/images_qualimapReport/genome_uniq_read_starts_histogram.png
16-NRF_bam/qualimap/10049_FT_NSD/images_qualimapReport/Junction Analysis.png
16-NRF_bam/qualimap/10049_FT_NSD/images_qualimapReportOutsideRegions/outside_coverage_0to50_histogram.png
16-NRF_bam/qualimap/10049_FT_NSD/images_qualimapReportOutsideRegions/outside_coverage_across_reference.png
16-NRF_bam/qualimap/10049_FT_NSD/images_qualimapReportOutsideRegions/outside_coverage_histogram.png
16-NRF_bam/qualimap/10049_FT_NSD/images_qualimapReportOutsideRegions/outside_coverage_quotes.png
16-NRF_bam/qualimap/10049_FT_NSD/images_qualimapReportOutsideRegions/outside_gc_content_per_window.png
16-NRF_bam/qualimap/10049_FT_NSD/images_qualimapReportOutsideRegions/outside_homopolymer_indels.png
16-NRF_bam/qualimap/10049_FT_NSD/images_qualimapReportOutsideRegions/outside_mapping_quality_across_reference.png
16-NRF_bam/qualimap/10049_FT_NSD/images_qualimapReportOutsideRegions/outside_mapping_quality_histogram.png
16-NRF_bam/qualimap/10049_FT_NSD/images_qualimapReportOutsideRegions/outside_reads_clipping_profile.png
16-NRF_bam/qualimap/10049_FT_NSD/images_qualimapReportOutsideRegions/outside_reads_content_per_read_position.png
16-NRF_bam/qualimap/10049_FT_NSD/images_qualimapReportOutsideRegions/outside_uniq_read_starts_histogram.png
16-NRF_bam/qualimap/10049_FT_NSD/images_qualimapReport/Reads Genomic Origin.png
16-NRF_bam/qualimap/10049_FT_NSD/images_qualimapReport/Transcript coverage histogram.png
16-NRF_bam/qualimap/10049_FT_NSD/outside_results.txt
16-NRF_bam/qualimap/10049_FT_NSD/outside_window.txt
16-NRF_bam/qualimap/10049_FT_NSD/qualimapReport.html
16-NRF_bam/qualimap/10049_FT_NSD/qualimapReportOutsideRegions.html
16-NRF_bam/qualimap/10049_FT_NSD/raw_data_qualimapReport/coverage_across_reference.txt
16-NRF_bam/qualimap/10049_FT_NSD/raw_data_qualimapReport/coverage_histogram.txt
16-NRF_bam/qualimap/10049_FT_NSD/raw_data_qualimapReport/coverage_profile_along_genes_(high).txt
16-NRF_bam/qualimap/10049_FT_NSD/raw_data_qualimapReport/coverage_profile_along_genes_(low).txt
16-NRF_bam/qualimap/10049_FT_NSD/raw_data_qualimapReport/coverage_profile_along_genes_(total).txt
16-NRF_bam/qualimap/10049_FT_NSD/raw_data_qualimapReport/duplication_rate_histogram.txt
16-NRF_bam/qualimap/10049_FT_NSD/raw_data_qualimapReport/genome_fraction_coverage.txt
16-NRF_bam/qualimap/10049_FT_NSD/raw_data_qualimapReport/homopolymer_indels.txt
16-NRF_bam/qualimap/10049_FT_NSD/raw_data_qualimapReport/mapped_reads_clipping_profile.txt
16-NRF_bam/qualimap/10049_FT_NSD/raw_data_qualimapReport/mapped_reads_gc-content_distribution.txt
16-NRF_bam/qualimap/10049_FT_NSD/raw_data_qualimapReport/mapped_reads_nucleotide_content.txt
16-NRF_bam/qualimap/10049_FT_NSD/raw_data_qualimapReport/mapping_quality_across_reference.txt
16-NRF_bam/qualimap/10049_FT_NSD/raw_data_qualimapReport/mapping_quality_histogram.txt
16-NRF_bam/qualimap/10049_FT_NSD/raw_data_qualimapReportOutsideRegions/coverage_across_reference.txt
16-NRF_bam/qualimap/10049_FT_NSD/raw_data_qualimapReportOutsideRegions/coverage_histogram.txt
16-NRF_bam/qualimap/10049_FT_NSD/raw_data_qualimapReportOutsideRegions/duplication_rate_histogram.txt
16-NRF_bam/qualimap/10049_FT_NSD/raw_data_qualimapReportOutsideRegions/genome_fraction_coverage.txt
16-NRF_bam/qualimap/10049_FT_NSD/raw_data_qualimapReportOutsideRegions/homopolymer_indels.txt
16-NRF_bam/qualimap/10049_FT_NSD/raw_data_qualimapReportOutsideRegions/mapped_reads_clipping_profile.txt
16-NRF_bam/qualimap/10049_FT_NSD/raw_data_qualimapReportOutsideRegions/mapped_reads_gc-content_distribution.txt
16-NRF_bam/qualimap/10049_FT_NSD/raw_data_qualimapReportOutsideRegions/mapped_reads_nucleotide_content.txt
16-NRF_bam/qualimap/10049_FT_NSD/raw_data_qualimapReportOutsideRegions/mapping_quality_across_reference.txt
16-NRF_bam/qualimap/10049_FT_NSD/raw_data_qualimapReportOutsideRegions/mapping_quality_histogram.txt
16-NRF_bam/qualimap/10049_FT_NSD/rnaseq_qc_results.txt
16-NRF_bam/qualimap/10050_FV_SD/css/agogo.css
16-NRF_bam/qualimap/10050_FV_SD/css/ajax-loader.gif
16-NRF_bam/qualimap/10050_FV_SD/css/basic.css
16-NRF_bam/qualimap/10050_FV_SD/css/bgfooter.png
16-NRF_bam/qualimap/10050_FV_SD/css/bgtop.png
16-NRF_bam/qualimap/10050_FV_SD/css/comment-bright.png
16-NRF_bam/qualimap/10050_FV_SD/css/comment-close.png
16-NRF_bam/qualimap/10050_FV_SD/css/comment.png
16-NRF_bam/qualimap/10050_FV_SD/css/doctools.js
16-NRF_bam/qualimap/10050_FV_SD/css/down.png
16-NRF_bam/qualimap/10050_FV_SD/css/down-pressed.png
16-NRF_bam/qualimap/10050_FV_SD/css/file.png
16-NRF_bam/qualimap/10050_FV_SD/css/jquery.js
16-NRF_bam/qualimap/10050_FV_SD/css/minus.png
16-NRF_bam/qualimap/10050_FV_SD/css/plus.png
16-NRF_bam/qualimap/10050_FV_SD/css/pygments.css
16-NRF_bam/qualimap/10050_FV_SD/css/qualimap_logo_small.png
16-NRF_bam/qualimap/10050_FV_SD/css/report.css
16-NRF_bam/qualimap/10050_FV_SD/css/searchtools.js
16-NRF_bam/qualimap/10050_FV_SD/css/underscore.js
16-NRF_bam/qualimap/10050_FV_SD/css/up.png
16-NRF_bam/qualimap/10050_FV_SD/css/up-pressed.png
16-NRF_bam/qualimap/10050_FV_SD/css/websupport.js
16-NRF_bam/qualimap/10050_FV_SD/genome_results.txt
16-NRF_bam/qualimap/10050_FV_SD/images_qualimapReport/Coverage Profile Along Genes (High).png
16-NRF_bam/qualimap/10050_FV_SD/images_qualimapReport/Coverage Profile Along Genes (Low).png
16-NRF_bam/qualimap/10050_FV_SD/images_qualimapReport/Coverage Profile Along Genes (Total).png
16-NRF_bam/qualimap/10050_FV_SD/images_qualimapReport/genome_coverage_0to50_histogram.png
16-NRF_bam/qualimap/10050_FV_SD/images_qualimapReport/genome_coverage_across_reference.png
16-NRF_bam/qualimap/10050_FV_SD/images_qualimapReport/genome_coverage_histogram.png
16-NRF_bam/qualimap/10050_FV_SD/images_qualimapReport/genome_coverage_quotes.png
16-NRF_bam/qualimap/10050_FV_SD/images_qualimapReport/genome_gc_content_per_window.png
16-NRF_bam/qualimap/10050_FV_SD/images_qualimapReport/genome_homopolymer_indels.png
16-NRF_bam/qualimap/10050_FV_SD/images_qualimapReport/genome_mapping_quality_across_reference.png
16-NRF_bam/qualimap/10050_FV_SD/images_qualimapReport/genome_mapping_quality_histogram.png
16-NRF_bam/qualimap/10050_FV_SD/images_qualimapReport/genome_reads_clipping_profile.png
16-NRF_bam/qualimap/10050_FV_SD/images_qualimapReport/genome_reads_content_per_read_position.png
16-NRF_bam/qualimap/10050_FV_SD/images_qualimapReport/genome_uniq_read_starts_histogram.png
16-NRF_bam/qualimap/10050_FV_SD/images_qualimapReport/Junction Analysis.png
16-NRF_bam/qualimap/10050_FV_SD/images_qualimapReportOutsideRegions/outside_coverage_0to50_histogram.png
16-NRF_bam/qualimap/10050_FV_SD/images_qualimapReportOutsideRegions/outside_coverage_across_reference.png
16-NRF_bam/qualimap/10050_FV_SD/images_qualimapReportOutsideRegions/outside_coverage_histogram.png
16-NRF_bam/qualimap/10050_FV_SD/images_qualimapReportOutsideRegions/outside_coverage_quotes.png
16-NRF_bam/qualimap/10050_FV_SD/images_qualimapReportOutsideRegions/outside_gc_content_per_window.png
16-NRF_bam/qualimap/10050_FV_SD/images_qualimapReportOutsideRegions/outside_homopolymer_indels.png
16-NRF_bam/qualimap/10050_FV_SD/images_qualimapReportOutsideRegions/outside_mapping_quality_across_reference.png
16-NRF_bam/qualimap/10050_FV_SD/images_qualimapReportOutsideRegions/outside_mapping_quality_histogram.png
16-NRF_bam/qualimap/10050_FV_SD/images_qualimapReportOutsideRegions/outside_reads_clipping_profile.png
16-NRF_bam/qualimap/10050_FV_SD/images_qualimapReportOutsideRegions/outside_reads_content_per_read_position.png
16-NRF_bam/qualimap/10050_FV_SD/images_qualimapReportOutsideRegions/outside_uniq_read_starts_histogram.png
16-NRF_bam/qualimap/10050_FV_SD/images_qualimapReport/Reads Genomic Origin.png
16-NRF_bam/qualimap/10050_FV_SD/images_qualimapReport/Transcript coverage histogram.png
16-NRF_bam/qualimap/10050_FV_SD/outside_results.txt
16-NRF_bam/qualimap/10050_FV_SD/outside_window.txt
16-NRF_bam/qualimap/10050_FV_SD/qualimapReport.html
16-NRF_bam/qualimap/10050_FV_SD/qualimapReportOutsideRegions.html
16-NRF_bam/qualimap/10050_FV_SD/raw_data_qualimapReport/coverage_across_reference.txt
16-NRF_bam/qualimap/10050_FV_SD/raw_data_qualimapReport/coverage_histogram.txt
16-NRF_bam/qualimap/10050_FV_SD/raw_data_qualimapReport/coverage_profile_along_genes_(high).txt
16-NRF_bam/qualimap/10050_FV_SD/raw_data_qualimapReport/coverage_profile_along_genes_(low).txt
16-NRF_bam/qualimap/10050_FV_SD/raw_data_qualimapReport/coverage_profile_along_genes_(total).txt
16-NRF_bam/qualimap/10050_FV_SD/raw_data_qualimapReport/duplication_rate_histogram.txt
16-NRF_bam/qualimap/10050_FV_SD/raw_data_qualimapReport/genome_fraction_coverage.txt
16-NRF_bam/qualimap/10050_FV_SD/raw_data_qualimapReport/homopolymer_indels.txt
16-NRF_bam/qualimap/10050_FV_SD/raw_data_qualimapReport/mapped_reads_clipping_profile.txt
16-NRF_bam/qualimap/10050_FV_SD/raw_data_qualimapReport/mapped_reads_gc-content_distribution.txt
16-NRF_bam/qualimap/10050_FV_SD/raw_data_qualimapReport/mapped_reads_nucleotide_content.txt
16-NRF_bam/qualimap/10050_FV_SD/raw_data_qualimapReport/mapping_quality_across_reference.txt
16-NRF_bam/qualimap/10050_FV_SD/raw_data_qualimapReport/mapping_quality_histogram.txt
16-NRF_bam/qualimap/10050_FV_SD/raw_data_qualimapReportOutsideRegions/coverage_across_reference.txt
16-NRF_bam/qualimap/10050_FV_SD/raw_data_qualimapReportOutsideRegions/coverage_histogram.txt
16-NRF_bam/qualimap/10050_FV_SD/raw_data_qualimapReportOutsideRegions/duplication_rate_histogram.txt
16-NRF_bam/qualimap/10050_FV_SD/raw_data_qualimapReportOutsideRegions/genome_fraction_coverage.txt
16-NRF_bam/qualimap/10050_FV_SD/raw_data_qualimapReportOutsideRegions/homopolymer_indels.txt
16-NRF_bam/qualimap/10050_FV_SD/raw_data_qualimapReportOutsideRegions/mapped_reads_clipping_profile.txt
16-NRF_bam/qualimap/10050_FV_SD/raw_data_qualimapReportOutsideRegions/mapped_reads_gc-content_distribution.txt
16-NRF_bam/qualimap/10050_FV_SD/raw_data_qualimapReportOutsideRegions/mapped_reads_nucleotide_content.txt
16-NRF_bam/qualimap/10050_FV_SD/raw_data_qualimapReportOutsideRegions/mapping_quality_across_reference.txt
16-NRF_bam/qualimap/10050_FV_SD/raw_data_qualimapReportOutsideRegions/mapping_quality_histogram.txt
16-NRF_bam/qualimap/10050_FV_SD/rnaseq_qc_results.txt
16-NRF_bam/qualimap/10081_CT_NSD/css/agogo.css
16-NRF_bam/qualimap/10081_CT_NSD/css/ajax-loader.gif
16-NRF_bam/qualimap/10081_CT_NSD/css/basic.css
16-NRF_bam/qualimap/10081_CT_NSD/css/bgfooter.png
16-NRF_bam/qualimap/10081_CT_NSD/css/bgtop.png
16-NRF_bam/qualimap/10081_CT_NSD/css/comment-bright.png
16-NRF_bam/qualimap/10081_CT_NSD/css/comment-close.png
16-NRF_bam/qualimap/10081_CT_NSD/css/comment.png
16-NRF_bam/qualimap/10081_CT_NSD/css/doctools.js
16-NRF_bam/qualimap/10081_CT_NSD/css/down.png
16-NRF_bam/qualimap/10081_CT_NSD/css/down-pressed.png
16-NRF_bam/qualimap/10081_CT_NSD/css/file.png
16-NRF_bam/qualimap/10081_CT_NSD/css/jquery.js
16-NRF_bam/qualimap/10081_CT_NSD/css/minus.png
16-NRF_bam/qualimap/10081_CT_NSD/css/plus.png
16-NRF_bam/qualimap/10081_CT_NSD/css/pygments.css
16-NRF_bam/qualimap/10081_CT_NSD/css/qualimap_logo_small.png
16-NRF_bam/qualimap/10081_CT_NSD/css/report.css
16-NRF_bam/qualimap/10081_CT_NSD/css/searchtools.js
16-NRF_bam/qualimap/10081_CT_NSD/css/underscore.js
16-NRF_bam/qualimap/10081_CT_NSD/css/up.png
16-NRF_bam/qualimap/10081_CT_NSD/css/up-pressed.png
16-NRF_bam/qualimap/10081_CT_NSD/css/websupport.js
16-NRF_bam/qualimap/10081_CT_NSD/genome_results.txt
16-NRF_bam/qualimap/10081_CT_NSD/images_qualimapReport/Coverage Profile Along Genes (High).png
16-NRF_bam/qualimap/10081_CT_NSD/images_qualimapReport/Coverage Profile Along Genes (Low).png
16-NRF_bam/qualimap/10081_CT_NSD/images_qualimapReport/Coverage Profile Along Genes (Total).png
16-NRF_bam/qualimap/10081_CT_NSD/images_qualimapReport/genome_coverage_0to50_histogram.png
16-NRF_bam/qualimap/10081_CT_NSD/images_qualimapReport/genome_coverage_across_reference.png
16-NRF_bam/qualimap/10081_CT_NSD/images_qualimapReport/genome_coverage_histogram.png
16-NRF_bam/qualimap/10081_CT_NSD/images_qualimapReport/genome_coverage_quotes.png
16-NRF_bam/qualimap/10081_CT_NSD/images_qualimapReport/genome_gc_content_per_window.png
16-NRF_bam/qualimap/10081_CT_NSD/images_qualimapReport/genome_homopolymer_indels.png
16-NRF_bam/qualimap/10081_CT_NSD/images_qualimapReport/genome_mapping_quality_across_reference.png
16-NRF_bam/qualimap/10081_CT_NSD/images_qualimapReport/genome_mapping_quality_histogram.png
16-NRF_bam/qualimap/10081_CT_NSD/images_qualimapReport/genome_reads_clipping_profile.png
16-NRF_bam/qualimap/10081_CT_NSD/images_qualimapReport/genome_reads_content_per_read_position.png
16-NRF_bam/qualimap/10081_CT_NSD/images_qualimapReport/genome_uniq_read_starts_histogram.png
16-NRF_bam/qualimap/10081_CT_NSD/images_qualimapReport/Junction Analysis.png
16-NRF_bam/qualimap/10081_CT_NSD/images_qualimapReportOutsideRegions/outside_coverage_0to50_histogram.png
16-NRF_bam/qualimap/10081_CT_NSD/images_qualimapReportOutsideRegions/outside_coverage_across_reference.png
16-NRF_bam/qualimap/10081_CT_NSD/images_qualimapReportOutsideRegions/outside_coverage_histogram.png
16-NRF_bam/qualimap/10081_CT_NSD/images_qualimapReportOutsideRegions/outside_coverage_quotes.png
16-NRF_bam/qualimap/10081_CT_NSD/images_qualimapReportOutsideRegions/outside_gc_content_per_window.png
16-NRF_bam/qualimap/10081_CT_NSD/images_qualimapReportOutsideRegions/outside_homopolymer_indels.png
16-NRF_bam/qualimap/10081_CT_NSD/images_qualimapReportOutsideRegions/outside_mapping_quality_across_reference.png
16-NRF_bam/qualimap/10081_CT_NSD/images_qualimapReportOutsideRegions/outside_mapping_quality_histogram.png
16-NRF_bam/qualimap/10081_CT_NSD/images_qualimapReportOutsideRegions/outside_reads_clipping_profile.png
16-NRF_bam/qualimap/10081_CT_NSD/images_qualimapReportOutsideRegions/outside_reads_content_per_read_position.png
16-NRF_bam/qualimap/10081_CT_NSD/images_qualimapReportOutsideRegions/outside_uniq_read_starts_histogram.png
16-NRF_bam/qualimap/10081_CT_NSD/images_qualimapReport/Reads Genomic Origin.png
16-NRF_bam/qualimap/10081_CT_NSD/images_qualimapReport/Transcript coverage histogram.png
16-NRF_bam/qualimap/10081_CT_NSD/outside_results.txt
16-NRF_bam/qualimap/10081_CT_NSD/outside_window.txt
16-NRF_bam/qualimap/10081_CT_NSD/qualimapReport.html
16-NRF_bam/qualimap/10081_CT_NSD/qualimapReportOutsideRegions.html
16-NRF_bam/qualimap/10081_CT_NSD/raw_data_qualimapReport/coverage_across_reference.txt
16-NRF_bam/qualimap/10081_CT_NSD/raw_data_qualimapReport/coverage_histogram.txt
16-NRF_bam/qualimap/10081_CT_NSD/raw_data_qualimapReport/coverage_profile_along_genes_(high).txt
16-NRF_bam/qualimap/10081_CT_NSD/raw_data_qualimapReport/coverage_profile_along_genes_(low).txt
16-NRF_bam/qualimap/10081_CT_NSD/raw_data_qualimapReport/coverage_profile_along_genes_(total).txt
16-NRF_bam/qualimap/10081_CT_NSD/raw_data_qualimapReport/duplication_rate_histogram.txt
16-NRF_bam/qualimap/10081_CT_NSD/raw_data_qualimapReport/genome_fraction_coverage.txt
16-NRF_bam/qualimap/10081_CT_NSD/raw_data_qualimapReport/homopolymer_indels.txt
16-NRF_bam/qualimap/10081_CT_NSD/raw_data_qualimapReport/mapped_reads_clipping_profile.txt
16-NRF_bam/qualimap/10081_CT_NSD/raw_data_qualimapReport/mapped_reads_gc-content_distribution.txt
16-NRF_bam/qualimap/10081_CT_NSD/raw_data_qualimapReport/mapped_reads_nucleotide_content.txt
16-NRF_bam/qualimap/10081_CT_NSD/raw_data_qualimapReport/mapping_quality_across_reference.txt
16-NRF_bam/qualimap/10081_CT_NSD/raw_data_qualimapReport/mapping_quality_histogram.txt
16-NRF_bam/qualimap/10081_CT_NSD/raw_data_qualimapReportOutsideRegions/coverage_across_reference.txt
16-NRF_bam/qualimap/10081_CT_NSD/raw_data_qualimapReportOutsideRegions/coverage_histogram.txt
16-NRF_bam/qualimap/10081_CT_NSD/raw_data_qualimapReportOutsideRegions/duplication_rate_histogram.txt
16-NRF_bam/qualimap/10081_CT_NSD/raw_data_qualimapReportOutsideRegions/genome_fraction_coverage.txt
16-NRF_bam/qualimap/10081_CT_NSD/raw_data_qualimapReportOutsideRegions/homopolymer_indels.txt
16-NRF_bam/qualimap/10081_CT_NSD/raw_data_qualimapReportOutsideRegions/mapped_reads_clipping_profile.txt
16-NRF_bam/qualimap/10081_CT_NSD/raw_data_qualimapReportOutsideRegions/mapped_reads_gc-content_distribution.txt
16-NRF_bam/qualimap/10081_CT_NSD/raw_data_qualimapReportOutsideRegions/mapped_reads_nucleotide_content.txt
16-NRF_bam/qualimap/10081_CT_NSD/raw_data_qualimapReportOutsideRegions/mapping_quality_across_reference.txt
16-NRF_bam/qualimap/10081_CT_NSD/raw_data_qualimapReportOutsideRegions/mapping_quality_histogram.txt
16-NRF_bam/qualimap/10081_CT_NSD/rnaseq_qc_results.txt
16-NRF_bam/qualimap/10089_FV_NSD/css/agogo.css
16-NRF_bam/qualimap/10089_FV_NSD/css/ajax-loader.gif
16-NRF_bam/qualimap/10089_FV_NSD/css/basic.css
16-NRF_bam/qualimap/10089_FV_NSD/css/bgfooter.png
16-NRF_bam/qualimap/10089_FV_NSD/css/bgtop.png
16-NRF_bam/qualimap/10089_FV_NSD/css/comment-bright.png
16-NRF_bam/qualimap/10089_FV_NSD/css/comment-close.png
16-NRF_bam/qualimap/10089_FV_NSD/css/comment.png
16-NRF_bam/qualimap/10089_FV_NSD/css/doctools.js
16-NRF_bam/qualimap/10089_FV_NSD/css/down.png
16-NRF_bam/qualimap/10089_FV_NSD/css/down-pressed.png
16-NRF_bam/qualimap/10089_FV_NSD/css/file.png
16-NRF_bam/qualimap/10089_FV_NSD/css/jquery.js
16-NRF_bam/qualimap/10089_FV_NSD/css/minus.png
16-NRF_bam/qualimap/10089_FV_NSD/css/plus.png
16-NRF_bam/qualimap/10089_FV_NSD/css/pygments.css
16-NRF_bam/qualimap/10089_FV_NSD/css/qualimap_logo_small.png
16-NRF_bam/qualimap/10089_FV_NSD/css/report.css
16-NRF_bam/qualimap/10089_FV_NSD/css/searchtools.js
16-NRF_bam/qualimap/10089_FV_NSD/css/underscore.js
16-NRF_bam/qualimap/10089_FV_NSD/css/up.png
16-NRF_bam/qualimap/10089_FV_NSD/css/up-pressed.png
16-NRF_bam/qualimap/10089_FV_NSD/css/websupport.js
16-NRF_bam/qualimap/10089_FV_NSD/genome_results.txt
16-NRF_bam/qualimap/10089_FV_NSD/images_qualimapReport/Coverage Profile Along Genes (High).png
16-NRF_bam/qualimap/10089_FV_NSD/images_qualimapReport/Coverage Profile Along Genes (Low).png
16-NRF_bam/qualimap/10089_FV_NSD/images_qualimapReport/Coverage Profile Along Genes (Total).png
16-NRF_bam/qualimap/10089_FV_NSD/images_qualimapReport/genome_coverage_0to50_histogram.png
16-NRF_bam/qualimap/10089_FV_NSD/images_qualimapReport/genome_coverage_across_reference.png
16-NRF_bam/qualimap/10089_FV_NSD/images_qualimapReport/genome_coverage_histogram.png
16-NRF_bam/qualimap/10089_FV_NSD/images_qualimapReport/genome_coverage_quotes.png
16-NRF_bam/qualimap/10089_FV_NSD/images_qualimapReport/genome_gc_content_per_window.png
16-NRF_bam/qualimap/10089_FV_NSD/images_qualimapReport/genome_homopolymer_indels.png
16-NRF_bam/qualimap/10089_FV_NSD/images_qualimapReport/genome_mapping_quality_across_reference.png
16-NRF_bam/qualimap/10089_FV_NSD/images_qualimapReport/genome_mapping_quality_histogram.png
16-NRF_bam/qualimap/10089_FV_NSD/images_qualimapReport/genome_reads_clipping_profile.png
16-NRF_bam/qualimap/10089_FV_NSD/images_qualimapReport/genome_reads_content_per_read_position.png
16-NRF_bam/qualimap/10089_FV_NSD/images_qualimapReport/genome_uniq_read_starts_histogram.png
16-NRF_bam/qualimap/10089_FV_NSD/images_qualimapReport/Junction Analysis.png
16-NRF_bam/qualimap/10089_FV_NSD/images_qualimapReportOutsideRegions/outside_coverage_0to50_histogram.png
16-NRF_bam/qualimap/10089_FV_NSD/images_qualimapReportOutsideRegions/outside_coverage_across_reference.png
16-NRF_bam/qualimap/10089_FV_NSD/images_qualimapReportOutsideRegions/outside_coverage_histogram.png
16-NRF_bam/qualimap/10089_FV_NSD/images_qualimapReportOutsideRegions/outside_coverage_quotes.png
16-NRF_bam/qualimap/10089_FV_NSD/images_qualimapReportOutsideRegions/outside_gc_content_per_window.png
16-NRF_bam/qualimap/10089_FV_NSD/images_qualimapReportOutsideRegions/outside_homopolymer_indels.png
16-NRF_bam/qualimap/10089_FV_NSD/images_qualimapReportOutsideRegions/outside_mapping_quality_across_reference.png
16-NRF_bam/qualimap/10089_FV_NSD/images_qualimapReportOutsideRegions/outside_mapping_quality_histogram.png
16-NRF_bam/qualimap/10089_FV_NSD/images_qualimapReportOutsideRegions/outside_reads_clipping_profile.png
16-NRF_bam/qualimap/10089_FV_NSD/images_qualimapReportOutsideRegions/outside_reads_content_per_read_position.png
16-NRF_bam/qualimap/10089_FV_NSD/images_qualimapReportOutsideRegions/outside_uniq_read_starts_histogram.png
16-NRF_bam/qualimap/10089_FV_NSD/images_qualimapReport/Reads Genomic Origin.png
16-NRF_bam/qualimap/10089_FV_NSD/images_qualimapReport/Transcript coverage histogram.png
16-NRF_bam/qualimap/10089_FV_NSD/outside_results.txt
16-NRF_bam/qualimap/10089_FV_NSD/outside_window.txt
16-NRF_bam/qualimap/10089_FV_NSD/qualimapReport.html
16-NRF_bam/qualimap/10089_FV_NSD/qualimapReportOutsideRegions.html
16-NRF_bam/qualimap/10089_FV_NSD/raw_data_qualimapReport/coverage_across_reference.txt
16-NRF_bam/qualimap/10089_FV_NSD/raw_data_qualimapReport/coverage_histogram.txt
16-NRF_bam/qualimap/10089_FV_NSD/raw_data_qualimapReport/coverage_profile_along_genes_(high).txt
16-NRF_bam/qualimap/10089_FV_NSD/raw_data_qualimapReport/coverage_profile_along_genes_(low).txt
16-NRF_bam/qualimap/10089_FV_NSD/raw_data_qualimapReport/coverage_profile_along_genes_(total).txt
16-NRF_bam/qualimap/10089_FV_NSD/raw_data_qualimapReport/duplication_rate_histogram.txt
16-NRF_bam/qualimap/10089_FV_NSD/raw_data_qualimapReport/genome_fraction_coverage.txt
16-NRF_bam/qualimap/10089_FV_NSD/raw_data_qualimapReport/homopolymer_indels.txt
16-NRF_bam/qualimap/10089_FV_NSD/raw_data_qualimapReport/mapped_reads_clipping_profile.txt
16-NRF_bam/qualimap/10089_FV_NSD/raw_data_qualimapReport/mapped_reads_gc-content_distribution.txt
16-NRF_bam/qualimap/10089_FV_NSD/raw_data_qualimapReport/mapped_reads_nucleotide_content.txt
16-NRF_bam/qualimap/10089_FV_NSD/raw_data_qualimapReport/mapping_quality_across_reference.txt
16-NRF_bam/qualimap/10089_FV_NSD/raw_data_qualimapReport/mapping_quality_histogram.txt
16-NRF_bam/qualimap/10089_FV_NSD/raw_data_qualimapReportOutsideRegions/coverage_across_reference.txt
16-NRF_bam/qualimap/10089_FV_NSD/raw_data_qualimapReportOutsideRegions/coverage_histogram.txt
16-NRF_bam/qualimap/10089_FV_NSD/raw_data_qualimapReportOutsideRegions/duplication_rate_histogram.txt
16-NRF_bam/qualimap/10089_FV_NSD/raw_data_qualimapReportOutsideRegions/genome_fraction_coverage.txt
16-NRF_bam/qualimap/10089_FV_NSD/raw_data_qualimapReportOutsideRegions/homopolymer_indels.txt
16-NRF_bam/qualimap/10089_FV_NSD/raw_data_qualimapReportOutsideRegions/mapped_reads_clipping_profile.txt
16-NRF_bam/qualimap/10089_FV_NSD/raw_data_qualimapReportOutsideRegions/mapped_reads_gc-content_distribution.txt
16-NRF_bam/qualimap/10089_FV_NSD/raw_data_qualimapReportOutsideRegions/mapped_reads_nucleotide_content.txt
16-NRF_bam/qualimap/10089_FV_NSD/raw_data_qualimapReportOutsideRegions/mapping_quality_across_reference.txt
16-NRF_bam/qualimap/10089_FV_NSD/raw_data_qualimapReportOutsideRegions/mapping_quality_histogram.txt
16-NRF_bam/qualimap/10089_FV_NSD/rnaseq_qc_results.txt
16-NRF_bam/qualimap/10092_FV_NSD/css/agogo.css
16-NRF_bam/qualimap/10092_FV_NSD/css/ajax-loader.gif
16-NRF_bam/qualimap/10092_FV_NSD/css/basic.css
16-NRF_bam/qualimap/10092_FV_NSD/css/bgfooter.png
16-NRF_bam/qualimap/10092_FV_NSD/css/bgtop.png
16-NRF_bam/qualimap/10092_FV_NSD/css/comment-bright.png
16-NRF_bam/qualimap/10092_FV_NSD/css/comment-close.png
16-NRF_bam/qualimap/10092_FV_NSD/css/comment.png
16-NRF_bam/qualimap/10092_FV_NSD/css/doctools.js
16-NRF_bam/qualimap/10092_FV_NSD/css/down.png
16-NRF_bam/qualimap/10092_FV_NSD/css/down-pressed.png
16-NRF_bam/qualimap/10092_FV_NSD/css/file.png
16-NRF_bam/qualimap/10092_FV_NSD/css/jquery.js
16-NRF_bam/qualimap/10092_FV_NSD/css/minus.png
16-NRF_bam/qualimap/10092_FV_NSD/css/plus.png
16-NRF_bam/qualimap/10092_FV_NSD/css/pygments.css
16-NRF_bam/qualimap/10092_FV_NSD/css/qualimap_logo_small.png
16-NRF_bam/qualimap/10092_FV_NSD/css/report.css
16-NRF_bam/qualimap/10092_FV_NSD/css/searchtools.js
16-NRF_bam/qualimap/10092_FV_NSD/css/underscore.js
16-NRF_bam/qualimap/10092_FV_NSD/css/up.png
16-NRF_bam/qualimap/10092_FV_NSD/css/up-pressed.png
16-NRF_bam/qualimap/10092_FV_NSD/css/websupport.js
16-NRF_bam/qualimap/10092_FV_NSD/genome_results.txt
16-NRF_bam/qualimap/10092_FV_NSD/images_qualimapReport/Coverage Profile Along Genes (High).png
16-NRF_bam/qualimap/10092_FV_NSD/images_qualimapReport/Coverage Profile Along Genes (Low).png
16-NRF_bam/qualimap/10092_FV_NSD/images_qualimapReport/Coverage Profile Along Genes (Total).png
16-NRF_bam/qualimap/10092_FV_NSD/images_qualimapReport/genome_coverage_0to50_histogram.png
16-NRF_bam/qualimap/10092_FV_NSD/images_qualimapReport/genome_coverage_across_reference.png
16-NRF_bam/qualimap/10092_FV_NSD/images_qualimapReport/genome_coverage_histogram.png
16-NRF_bam/qualimap/10092_FV_NSD/images_qualimapReport/genome_coverage_quotes.png
16-NRF_bam/qualimap/10092_FV_NSD/images_qualimapReport/genome_gc_content_per_window.png
16-NRF_bam/qualimap/10092_FV_NSD/images_qualimapReport/genome_homopolymer_indels.png
16-NRF_bam/qualimap/10092_FV_NSD/images_qualimapReport/genome_mapping_quality_across_reference.png
16-NRF_bam/qualimap/10092_FV_NSD/images_qualimapReport/genome_mapping_quality_histogram.png
16-NRF_bam/qualimap/10092_FV_NSD/images_qualimapReport/genome_reads_clipping_profile.png
16-NRF_bam/qualimap/10092_FV_NSD/images_qualimapReport/genome_reads_content_per_read_position.png
16-NRF_bam/qualimap/10092_FV_NSD/images_qualimapReport/genome_uniq_read_starts_histogram.png
16-NRF_bam/qualimap/10092_FV_NSD/images_qualimapReport/Junction Analysis.png
16-NRF_bam/qualimap/10092_FV_NSD/images_qualimapReportOutsideRegions/outside_coverage_0to50_histogram.png
16-NRF_bam/qualimap/10092_FV_NSD/images_qualimapReportOutsideRegions/outside_coverage_across_reference.png
16-NRF_bam/qualimap/10092_FV_NSD/images_qualimapReportOutsideRegions/outside_coverage_histogram.png
16-NRF_bam/qualimap/10092_FV_NSD/images_qualimapReportOutsideRegions/outside_coverage_quotes.png
16-NRF_bam/qualimap/10092_FV_NSD/images_qualimapReportOutsideRegions/outside_gc_content_per_window.png
16-NRF_bam/qualimap/10092_FV_NSD/images_qualimapReportOutsideRegions/outside_homopolymer_indels.png
16-NRF_bam/qualimap/10092_FV_NSD/images_qualimapReportOutsideRegions/outside_mapping_quality_across_reference.png
16-NRF_bam/qualimap/10092_FV_NSD/images_qualimapReportOutsideRegions/outside_mapping_quality_histogram.png
16-NRF_bam/qualimap/10092_FV_NSD/images_qualimapReportOutsideRegions/outside_reads_clipping_profile.png
16-NRF_bam/qualimap/10092_FV_NSD/images_qualimapReportOutsideRegions/outside_reads_content_per_read_position.png
16-NRF_bam/qualimap/10092_FV_NSD/images_qualimapReportOutsideRegions/outside_uniq_read_starts_histogram.png
16-NRF_bam/qualimap/10092_FV_NSD/images_qualimapReport/Reads Genomic Origin.png
16-NRF_bam/qualimap/10092_FV_NSD/images_qualimapReport/Transcript coverage histogram.png
16-NRF_bam/qualimap/10092_FV_NSD/outside_results.txt
16-NRF_bam/qualimap/10092_FV_NSD/outside_window.txt
16-NRF_bam/qualimap/10092_FV_NSD/qualimapReport.html
16-NRF_bam/qualimap/10092_FV_NSD/qualimapReportOutsideRegions.html
16-NRF_bam/qualimap/10092_FV_NSD/raw_data_qualimapReport/coverage_across_reference.txt
16-NRF_bam/qualimap/10092_FV_NSD/raw_data_qualimapReport/coverage_histogram.txt
16-NRF_bam/qualimap/10092_FV_NSD/raw_data_qualimapReport/coverage_profile_along_genes_(high).txt
16-NRF_bam/qualimap/10092_FV_NSD/raw_data_qualimapReport/coverage_profile_along_genes_(low).txt
16-NRF_bam/qualimap/10092_FV_NSD/raw_data_qualimapReport/coverage_profile_along_genes_(total).txt
16-NRF_bam/qualimap/10092_FV_NSD/raw_data_qualimapReport/duplication_rate_histogram.txt
16-NRF_bam/qualimap/10092_FV_NSD/raw_data_qualimapReport/genome_fraction_coverage.txt
16-NRF_bam/qualimap/10092_FV_NSD/raw_data_qualimapReport/homopolymer_indels.txt
16-NRF_bam/qualimap/10092_FV_NSD/raw_data_qualimapReport/mapped_reads_clipping_profile.txt
16-NRF_bam/qualimap/10092_FV_NSD/raw_data_qualimapReport/mapped_reads_gc-content_distribution.txt
16-NRF_bam/qualimap/10092_FV_NSD/raw_data_qualimapReport/mapped_reads_nucleotide_content.txt
16-NRF_bam/qualimap/10092_FV_NSD/raw_data_qualimapReport/mapping_quality_across_reference.txt
16-NRF_bam/qualimap/10092_FV_NSD/raw_data_qualimapReport/mapping_quality_histogram.txt
16-NRF_bam/qualimap/10092_FV_NSD/raw_data_qualimapReportOutsideRegions/coverage_across_reference.txt
16-NRF_bam/qualimap/10092_FV_NSD/raw_data_qualimapReportOutsideRegions/coverage_histogram.txt
16-NRF_bam/qualimap/10092_FV_NSD/raw_data_qualimapReportOutsideRegions/duplication_rate_histogram.txt
16-NRF_bam/qualimap/10092_FV_NSD/raw_data_qualimapReportOutsideRegions/genome_fraction_coverage.txt
16-NRF_bam/qualimap/10092_FV_NSD/raw_data_qualimapReportOutsideRegions/homopolymer_indels.txt
16-NRF_bam/qualimap/10092_FV_NSD/raw_data_qualimapReportOutsideRegions/mapped_reads_clipping_profile.txt
16-NRF_bam/qualimap/10092_FV_NSD/raw_data_qualimapReportOutsideRegions/mapped_reads_gc-content_distribution.txt
16-NRF_bam/qualimap/10092_FV_NSD/raw_data_qualimapReportOutsideRegions/mapped_reads_nucleotide_content.txt
16-NRF_bam/qualimap/10092_FV_NSD/raw_data_qualimapReportOutsideRegions/mapping_quality_across_reference.txt
16-NRF_bam/qualimap/10092_FV_NSD/raw_data_qualimapReportOutsideRegions/mapping_quality_histogram.txt
16-NRF_bam/qualimap/10092_FV_NSD/rnaseq_qc_results.txt
16-NRF_bam/qualimap/10160_FT_NSD/css/agogo.css
16-NRF_bam/qualimap/10160_FT_NSD/css/ajax-loader.gif
16-NRF_bam/qualimap/10160_FT_NSD/css/basic.css
16-NRF_bam/qualimap/10160_FT_NSD/css/bgfooter.png
16-NRF_bam/qualimap/10160_FT_NSD/css/bgtop.png
16-NRF_bam/qualimap/10160_FT_NSD/css/comment-bright.png
16-NRF_bam/qualimap/10160_FT_NSD/css/comment-close.png
16-NRF_bam/qualimap/10160_FT_NSD/css/comment.png
16-NRF_bam/qualimap/10160_FT_NSD/css/doctools.js
16-NRF_bam/qualimap/10160_FT_NSD/css/down.png
16-NRF_bam/qualimap/10160_FT_NSD/css/down-pressed.png
16-NRF_bam/qualimap/10160_FT_NSD/css/file.png
16-NRF_bam/qualimap/10160_FT_NSD/css/jquery.js
16-NRF_bam/qualimap/10160_FT_NSD/css/minus.png
16-NRF_bam/qualimap/10160_FT_NSD/css/plus.png
16-NRF_bam/qualimap/10160_FT_NSD/css/pygments.css
16-NRF_bam/qualimap/10160_FT_NSD/css/qualimap_logo_small.png
16-NRF_bam/qualimap/10160_FT_NSD/css/report.css
16-NRF_bam/qualimap/10160_FT_NSD/css/searchtools.js
16-NRF_bam/qualimap/10160_FT_NSD/css/underscore.js
16-NRF_bam/qualimap/10160_FT_NSD/css/up.png
16-NRF_bam/qualimap/10160_FT_NSD/css/up-pressed.png
16-NRF_bam/qualimap/10160_FT_NSD/css/websupport.js
16-NRF_bam/qualimap/10160_FT_NSD/genome_results.txt
16-NRF_bam/qualimap/10160_FT_NSD/images_qualimapReport/Coverage Profile Along Genes (High).png
16-NRF_bam/qualimap/10160_FT_NSD/images_qualimapReport/Coverage Profile Along Genes (Low).png
16-NRF_bam/qualimap/10160_FT_NSD/images_qualimapReport/Coverage Profile Along Genes (Total).png
16-NRF_bam/qualimap/10160_FT_NSD/images_qualimapReport/genome_coverage_0to50_histogram.png
16-NRF_bam/qualimap/10160_FT_NSD/images_qualimapReport/genome_coverage_across_reference.png
16-NRF_bam/qualimap/10160_FT_NSD/images_qualimapReport/genome_coverage_histogram.png
16-NRF_bam/qualimap/10160_FT_NSD/images_qualimapReport/genome_coverage_quotes.png
16-NRF_bam/qualimap/10160_FT_NSD/images_qualimapReport/genome_gc_content_per_window.png
16-NRF_bam/qualimap/10160_FT_NSD/images_qualimapReport/genome_homopolymer_indels.png
16-NRF_bam/qualimap/10160_FT_NSD/images_qualimapReport/genome_mapping_quality_across_reference.png
16-NRF_bam/qualimap/10160_FT_NSD/images_qualimapReport/genome_mapping_quality_histogram.png
16-NRF_bam/qualimap/10160_FT_NSD/images_qualimapReport/genome_reads_clipping_profile.png
16-NRF_bam/qualimap/10160_FT_NSD/images_qualimapReport/genome_reads_content_per_read_position.png
16-NRF_bam/qualimap/10160_FT_NSD/images_qualimapReport/genome_uniq_read_starts_histogram.png
16-NRF_bam/qualimap/10160_FT_NSD/images_qualimapReport/Junction Analysis.png
16-NRF_bam/qualimap/10160_FT_NSD/images_qualimapReportOutsideRegions/outside_coverage_0to50_histogram.png
16-NRF_bam/qualimap/10160_FT_NSD/images_qualimapReportOutsideRegions/outside_coverage_across_reference.png
16-NRF_bam/qualimap/10160_FT_NSD/images_qualimapReportOutsideRegions/outside_coverage_histogram.png
16-NRF_bam/qualimap/10160_FT_NSD/images_qualimapReportOutsideRegions/outside_coverage_quotes.png
16-NRF_bam/qualimap/10160_FT_NSD/images_qualimapReportOutsideRegions/outside_gc_content_per_window.png
16-NRF_bam/qualimap/10160_FT_NSD/images_qualimapReportOutsideRegions/outside_homopolymer_indels.png
16-NRF_bam/qualimap/10160_FT_NSD/images_qualimapReportOutsideRegions/outside_mapping_quality_across_reference.png
16-NRF_bam/qualimap/10160_FT_NSD/images_qualimapReportOutsideRegions/outside_mapping_quality_histogram.png
16-NRF_bam/qualimap/10160_FT_NSD/images_qualimapReportOutsideRegions/outside_reads_clipping_profile.png
16-NRF_bam/qualimap/10160_FT_NSD/images_qualimapReportOutsideRegions/outside_reads_content_per_read_position.png
16-NRF_bam/qualimap/10160_FT_NSD/images_qualimapReportOutsideRegions/outside_uniq_read_starts_histogram.png
16-NRF_bam/qualimap/10160_FT_NSD/images_qualimapReport/Reads Genomic Origin.png
16-NRF_bam/qualimap/10160_FT_NSD/images_qualimapReport/Transcript coverage histogram.png
16-NRF_bam/qualimap/10160_FT_NSD/outside_results.txt
16-NRF_bam/qualimap/10160_FT_NSD/outside_window.txt
16-NRF_bam/qualimap/10160_FT_NSD/qualimapReport.html
16-NRF_bam/qualimap/10160_FT_NSD/qualimapReportOutsideRegions.html
16-NRF_bam/qualimap/10160_FT_NSD/raw_data_qualimapReport/coverage_across_reference.txt
16-NRF_bam/qualimap/10160_FT_NSD/raw_data_qualimapReport/coverage_histogram.txt
16-NRF_bam/qualimap/10160_FT_NSD/raw_data_qualimapReport/coverage_profile_along_genes_(high).txt
16-NRF_bam/qualimap/10160_FT_NSD/raw_data_qualimapReport/coverage_profile_along_genes_(low).txt
16-NRF_bam/qualimap/10160_FT_NSD/raw_data_qualimapReport/coverage_profile_along_genes_(total).txt
16-NRF_bam/qualimap/10160_FT_NSD/raw_data_qualimapReport/duplication_rate_histogram.txt
16-NRF_bam/qualimap/10160_FT_NSD/raw_data_qualimapReport/genome_fraction_coverage.txt
16-NRF_bam/qualimap/10160_FT_NSD/raw_data_qualimapReport/homopolymer_indels.txt
16-NRF_bam/qualimap/10160_FT_NSD/raw_data_qualimapReport/mapped_reads_clipping_profile.txt
16-NRF_bam/qualimap/10160_FT_NSD/raw_data_qualimapReport/mapped_reads_gc-content_distribution.txt
16-NRF_bam/qualimap/10160_FT_NSD/raw_data_qualimapReport/mapped_reads_nucleotide_content.txt
16-NRF_bam/qualimap/10160_FT_NSD/raw_data_qualimapReport/mapping_quality_across_reference.txt
16-NRF_bam/qualimap/10160_FT_NSD/raw_data_qualimapReport/mapping_quality_histogram.txt
16-NRF_bam/qualimap/10160_FT_NSD/raw_data_qualimapReportOutsideRegions/coverage_across_reference.txt
16-NRF_bam/qualimap/10160_FT_NSD/raw_data_qualimapReportOutsideRegions/coverage_histogram.txt
16-NRF_bam/qualimap/10160_FT_NSD/raw_data_qualimapReportOutsideRegions/duplication_rate_histogram.txt
16-NRF_bam/qualimap/10160_FT_NSD/raw_data_qualimapReportOutsideRegions/genome_fraction_coverage.txt
16-NRF_bam/qualimap/10160_FT_NSD/raw_data_qualimapReportOutsideRegions/homopolymer_indels.txt
16-NRF_bam/qualimap/10160_FT_NSD/raw_data_qualimapReportOutsideRegions/mapped_reads_clipping_profile.txt
16-NRF_bam/qualimap/10160_FT_NSD/raw_data_qualimapReportOutsideRegions/mapped_reads_gc-content_distribution.txt
16-NRF_bam/qualimap/10160_FT_NSD/raw_data_qualimapReportOutsideRegions/mapped_reads_nucleotide_content.txt
16-NRF_bam/qualimap/10160_FT_NSD/raw_data_qualimapReportOutsideRegions/mapping_quality_across_reference.txt
16-NRF_bam/qualimap/10160_FT_NSD/raw_data_qualimapReportOutsideRegions/mapping_quality_histogram.txt
16-NRF_bam/qualimap/10160_FT_NSD/rnaseq_qc_results.txt
16-NRF_bam/qualimap/10163_FV_NSD/css/agogo.css
16-NRF_bam/qualimap/10163_FV_NSD/css/ajax-loader.gif
16-NRF_bam/qualimap/10163_FV_NSD/css/basic.css
16-NRF_bam/qualimap/10163_FV_NSD/css/bgfooter.png
16-NRF_bam/qualimap/10163_FV_NSD/css/bgtop.png
16-NRF_bam/qualimap/10163_FV_NSD/css/comment-bright.png
16-NRF_bam/qualimap/10163_FV_NSD/css/comment-close.png
16-NRF_bam/qualimap/10163_FV_NSD/css/comment.png
16-NRF_bam/qualimap/10163_FV_NSD/css/doctools.js
16-NRF_bam/qualimap/10163_FV_NSD/css/down.png
16-NRF_bam/qualimap/10163_FV_NSD/css/down-pressed.png
16-NRF_bam/qualimap/10163_FV_NSD/css/file.png
16-NRF_bam/qualimap/10163_FV_NSD/css/jquery.js
16-NRF_bam/qualimap/10163_FV_NSD/css/minus.png
16-NRF_bam/qualimap/10163_FV_NSD/css/plus.png
16-NRF_bam/qualimap/10163_FV_NSD/css/pygments.css
16-NRF_bam/qualimap/10163_FV_NSD/css/qualimap_logo_small.png
16-NRF_bam/qualimap/10163_FV_NSD/css/report.css
16-NRF_bam/qualimap/10163_FV_NSD/css/searchtools.js
16-NRF_bam/qualimap/10163_FV_NSD/css/underscore.js
16-NRF_bam/qualimap/10163_FV_NSD/css/up.png
16-NRF_bam/qualimap/10163_FV_NSD/css/up-pressed.png
16-NRF_bam/qualimap/10163_FV_NSD/css/websupport.js
16-NRF_bam/qualimap/10163_FV_NSD/genome_results.txt
16-NRF_bam/qualimap/10163_FV_NSD/images_qualimapReport/Coverage Profile Along Genes (High).png
16-NRF_bam/qualimap/10163_FV_NSD/images_qualimapReport/Coverage Profile Along Genes (Low).png
16-NRF_bam/qualimap/10163_FV_NSD/images_qualimapReport/Coverage Profile Along Genes (Total).png
16-NRF_bam/qualimap/10163_FV_NSD/images_qualimapReport/genome_coverage_0to50_histogram.png
16-NRF_bam/qualimap/10163_FV_NSD/images_qualimapReport/genome_coverage_across_reference.png
16-NRF_bam/qualimap/10163_FV_NSD/images_qualimapReport/genome_coverage_histogram.png
16-NRF_bam/qualimap/10163_FV_NSD/images_qualimapReport/genome_coverage_quotes.png
16-NRF_bam/qualimap/10163_FV_NSD/images_qualimapReport/genome_gc_content_per_window.png
16-NRF_bam/qualimap/10163_FV_NSD/images_qualimapReport/genome_homopolymer_indels.png
16-NRF_bam/qualimap/10163_FV_NSD/images_qualimapReport/genome_mapping_quality_across_reference.png
16-NRF_bam/qualimap/10163_FV_NSD/images_qualimapReport/genome_mapping_quality_histogram.png
16-NRF_bam/qualimap/10163_FV_NSD/images_qualimapReport/genome_reads_clipping_profile.png
16-NRF_bam/qualimap/10163_FV_NSD/images_qualimapReport/genome_reads_content_per_read_position.png
16-NRF_bam/qualimap/10163_FV_NSD/images_qualimapReport/genome_uniq_read_starts_histogram.png
16-NRF_bam/qualimap/10163_FV_NSD/images_qualimapReport/Junction Analysis.png
16-NRF_bam/qualimap/10163_FV_NSD/images_qualimapReportOutsideRegions/outside_coverage_0to50_histogram.png
16-NRF_bam/qualimap/10163_FV_NSD/images_qualimapReportOutsideRegions/outside_coverage_across_reference.png
16-NRF_bam/qualimap/10163_FV_NSD/images_qualimapReportOutsideRegions/outside_coverage_histogram.png
16-NRF_bam/qualimap/10163_FV_NSD/images_qualimapReportOutsideRegions/outside_coverage_quotes.png
16-NRF_bam/qualimap/10163_FV_NSD/images_qualimapReportOutsideRegions/outside_gc_content_per_window.png
16-NRF_bam/qualimap/10163_FV_NSD/images_qualimapReportOutsideRegions/outside_homopolymer_indels.png
16-NRF_bam/qualimap/10163_FV_NSD/images_qualimapReportOutsideRegions/outside_mapping_quality_across_reference.png
16-NRF_bam/qualimap/10163_FV_NSD/images_qualimapReportOutsideRegions/outside_mapping_quality_histogram.png
16-NRF_bam/qualimap/10163_FV_NSD/images_qualimapReportOutsideRegions/outside_reads_clipping_profile.png
16-NRF_bam/qualimap/10163_FV_NSD/images_qualimapReportOutsideRegions/outside_reads_content_per_read_position.png
16-NRF_bam/qualimap/10163_FV_NSD/images_qualimapReportOutsideRegions/outside_uniq_read_starts_histogram.png
16-NRF_bam/qualimap/10163_FV_NSD/images_qualimapReport/Reads Genomic Origin.png
16-NRF_bam/qualimap/10163_FV_NSD/images_qualimapReport/Transcript coverage histogram.png
16-NRF_bam/qualimap/10163_FV_NSD/outside_results.txt
16-NRF_bam/qualimap/10163_FV_NSD/outside_window.txt
16-NRF_bam/qualimap/10163_FV_NSD/qualimapReport.html
16-NRF_bam/qualimap/10163_FV_NSD/qualimapReportOutsideRegions.html
16-NRF_bam/qualimap/10163_FV_NSD/raw_data_qualimapReport/coverage_across_reference.txt
16-NRF_bam/qualimap/10163_FV_NSD/raw_data_qualimapReport/coverage_histogram.txt
16-NRF_bam/qualimap/10163_FV_NSD/raw_data_qualimapReport/coverage_profile_along_genes_(high).txt
16-NRF_bam/qualimap/10163_FV_NSD/raw_data_qualimapReport/coverage_profile_along_genes_(low).txt
16-NRF_bam/qualimap/10163_FV_NSD/raw_data_qualimapReport/coverage_profile_along_genes_(total).txt
16-NRF_bam/qualimap/10163_FV_NSD/raw_data_qualimapReport/duplication_rate_histogram.txt
16-NRF_bam/qualimap/10163_FV_NSD/raw_data_qualimapReport/genome_fraction_coverage.txt
16-NRF_bam/qualimap/10163_FV_NSD/raw_data_qualimapReport/homopolymer_indels.txt
16-NRF_bam/qualimap/10163_FV_NSD/raw_data_qualimapReport/mapped_reads_clipping_profile.txt
16-NRF_bam/qualimap/10163_FV_NSD/raw_data_qualimapReport/mapped_reads_gc-content_distribution.txt
16-NRF_bam/qualimap/10163_FV_NSD/raw_data_qualimapReport/mapped_reads_nucleotide_content.txt
16-NRF_bam/qualimap/10163_FV_NSD/raw_data_qualimapReport/mapping_quality_across_reference.txt
16-NRF_bam/qualimap/10163_FV_NSD/raw_data_qualimapReport/mapping_quality_histogram.txt
16-NRF_bam/qualimap/10163_FV_NSD/raw_data_qualimapReportOutsideRegions/coverage_across_reference.txt
16-NRF_bam/qualimap/10163_FV_NSD/raw_data_qualimapReportOutsideRegions/coverage_histogram.txt
16-NRF_bam/qualimap/10163_FV_NSD/raw_data_qualimapReportOutsideRegions/duplication_rate_histogram.txt
16-NRF_bam/qualimap/10163_FV_NSD/raw_data_qualimapReportOutsideRegions/genome_fraction_coverage.txt
16-NRF_bam/qualimap/10163_FV_NSD/raw_data_qualimapReportOutsideRegions/homopolymer_indels.txt
16-NRF_bam/qualimap/10163_FV_NSD/raw_data_qualimapReportOutsideRegions/mapped_reads_clipping_profile.txt
16-NRF_bam/qualimap/10163_FV_NSD/raw_data_qualimapReportOutsideRegions/mapped_reads_gc-content_distribution.txt
16-NRF_bam/qualimap/10163_FV_NSD/raw_data_qualimapReportOutsideRegions/mapped_reads_nucleotide_content.txt
16-NRF_bam/qualimap/10163_FV_NSD/raw_data_qualimapReportOutsideRegions/mapping_quality_across_reference.txt
16-NRF_bam/qualimap/10163_FV_NSD/raw_data_qualimapReportOutsideRegions/mapping_quality_histogram.txt
16-NRF_bam/qualimap/10163_FV_NSD/rnaseq_qc_results.txt
16-NRF_bam/qualimap/10173_FV_SD/css/agogo.css
16-NRF_bam/qualimap/10173_FV_SD/css/ajax-loader.gif
16-NRF_bam/qualimap/10173_FV_SD/css/basic.css
16-NRF_bam/qualimap/10173_FV_SD/css/bgfooter.png
16-NRF_bam/qualimap/10173_FV_SD/css/bgtop.png
16-NRF_bam/qualimap/10173_FV_SD/css/comment-bright.png
16-NRF_bam/qualimap/10173_FV_SD/css/comment-close.png
16-NRF_bam/qualimap/10173_FV_SD/css/comment.png
16-NRF_bam/qualimap/10173_FV_SD/css/doctools.js
16-NRF_bam/qualimap/10173_FV_SD/css/down.png
16-NRF_bam/qualimap/10173_FV_SD/css/down-pressed.png
16-NRF_bam/qualimap/10173_FV_SD/css/file.png
16-NRF_bam/qualimap/10173_FV_SD/css/jquery.js
16-NRF_bam/qualimap/10173_FV_SD/css/minus.png
16-NRF_bam/qualimap/10173_FV_SD/css/plus.png
16-NRF_bam/qualimap/10173_FV_SD/css/pygments.css
16-NRF_bam/qualimap/10173_FV_SD/css/qualimap_logo_small.png
16-NRF_bam/qualimap/10173_FV_SD/css/report.css
16-NRF_bam/qualimap/10173_FV_SD/css/searchtools.js
16-NRF_bam/qualimap/10173_FV_SD/css/underscore.js
16-NRF_bam/qualimap/10173_FV_SD/css/up.png
16-NRF_bam/qualimap/10173_FV_SD/css/up-pressed.png
16-NRF_bam/qualimap/10173_FV_SD/css/websupport.js
16-NRF_bam/qualimap/10173_FV_SD/genome_results.txt
16-NRF_bam/qualimap/10173_FV_SD/images_qualimapReport/Coverage Profile Along Genes (High).png
16-NRF_bam/qualimap/10173_FV_SD/images_qualimapReport/Coverage Profile Along Genes (Low).png
16-NRF_bam/qualimap/10173_FV_SD/images_qualimapReport/Coverage Profile Along Genes (Total).png
16-NRF_bam/qualimap/10173_FV_SD/images_qualimapReport/genome_coverage_0to50_histogram.png
16-NRF_bam/qualimap/10173_FV_SD/images_qualimapReport/genome_coverage_across_reference.png
16-NRF_bam/qualimap/10173_FV_SD/images_qualimapReport/genome_coverage_histogram.png
16-NRF_bam/qualimap/10173_FV_SD/images_qualimapReport/genome_coverage_quotes.png
16-NRF_bam/qualimap/10173_FV_SD/images_qualimapReport/genome_gc_content_per_window.png
16-NRF_bam/qualimap/10173_FV_SD/images_qualimapReport/genome_homopolymer_indels.png
16-NRF_bam/qualimap/10173_FV_SD/images_qualimapReport/genome_mapping_quality_across_reference.png
16-NRF_bam/qualimap/10173_FV_SD/images_qualimapReport/genome_mapping_quality_histogram.png
16-NRF_bam/qualimap/10173_FV_SD/images_qualimapReport/genome_reads_clipping_profile.png
16-NRF_bam/qualimap/10173_FV_SD/images_qualimapReport/genome_reads_content_per_read_position.png
16-NRF_bam/qualimap/10173_FV_SD/images_qualimapReport/genome_uniq_read_starts_histogram.png
16-NRF_bam/qualimap/10173_FV_SD/images_qualimapReport/Junction Analysis.png
16-NRF_bam/qualimap/10173_FV_SD/images_qualimapReportOutsideRegions/outside_coverage_0to50_histogram.png
16-NRF_bam/qualimap/10173_FV_SD/images_qualimapReportOutsideRegions/outside_coverage_across_reference.png
16-NRF_bam/qualimap/10173_FV_SD/images_qualimapReportOutsideRegions/outside_coverage_histogram.png
16-NRF_bam/qualimap/10173_FV_SD/images_qualimapReportOutsideRegions/outside_coverage_quotes.png
16-NRF_bam/qualimap/10173_FV_SD/images_qualimapReportOutsideRegions/outside_gc_content_per_window.png
16-NRF_bam/qualimap/10173_FV_SD/images_qualimapReportOutsideRegions/outside_homopolymer_indels.png
16-NRF_bam/qualimap/10173_FV_SD/images_qualimapReportOutsideRegions/outside_mapping_quality_across_reference.png
16-NRF_bam/qualimap/10173_FV_SD/images_qualimapReportOutsideRegions/outside_mapping_quality_histogram.png
16-NRF_bam/qualimap/10173_FV_SD/images_qualimapReportOutsideRegions/outside_reads_clipping_profile.png
16-NRF_bam/qualimap/10173_FV_SD/images_qualimapReportOutsideRegions/outside_reads_content_per_read_position.png
16-NRF_bam/qualimap/10173_FV_SD/images_qualimapReportOutsideRegions/outside_uniq_read_starts_histogram.png
16-NRF_bam/qualimap/10173_FV_SD/images_qualimapReport/Reads Genomic Origin.png
16-NRF_bam/qualimap/10173_FV_SD/images_qualimapReport/Transcript coverage histogram.png
16-NRF_bam/qualimap/10173_FV_SD/outside_results.txt
16-NRF_bam/qualimap/10173_FV_SD/outside_window.txt
16-NRF_bam/qualimap/10173_FV_SD/qualimapReport.html
16-NRF_bam/qualimap/10173_FV_SD/qualimapReportOutsideRegions.html
16-NRF_bam/qualimap/10173_FV_SD/raw_data_qualimapReport/coverage_across_reference.txt
16-NRF_bam/qualimap/10173_FV_SD/raw_data_qualimapReport/coverage_histogram.txt
16-NRF_bam/qualimap/10173_FV_SD/raw_data_qualimapReport/coverage_profile_along_genes_(high).txt
16-NRF_bam/qualimap/10173_FV_SD/raw_data_qualimapReport/coverage_profile_along_genes_(low).txt
16-NRF_bam/qualimap/10173_FV_SD/raw_data_qualimapReport/coverage_profile_along_genes_(total).txt
16-NRF_bam/qualimap/10173_FV_SD/raw_data_qualimapReport/duplication_rate_histogram.txt
16-NRF_bam/qualimap/10173_FV_SD/raw_data_qualimapReport/genome_fraction_coverage.txt
16-NRF_bam/qualimap/10173_FV_SD/raw_data_qualimapReport/homopolymer_indels.txt
16-NRF_bam/qualimap/10173_FV_SD/raw_data_qualimapReport/mapped_reads_clipping_profile.txt
16-NRF_bam/qualimap/10173_FV_SD/raw_data_qualimapReport/mapped_reads_gc-content_distribution.txt
16-NRF_bam/qualimap/10173_FV_SD/raw_data_qualimapReport/mapped_reads_nucleotide_content.txt
16-NRF_bam/qualimap/10173_FV_SD/raw_data_qualimapReport/mapping_quality_across_reference.txt
16-NRF_bam/qualimap/10173_FV_SD/raw_data_qualimapReport/mapping_quality_histogram.txt
16-NRF_bam/qualimap/10173_FV_SD/raw_data_qualimapReportOutsideRegions/coverage_across_reference.txt
16-NRF_bam/qualimap/10173_FV_SD/raw_data_qualimapReportOutsideRegions/coverage_histogram.txt
16-NRF_bam/qualimap/10173_FV_SD/raw_data_qualimapReportOutsideRegions/duplication_rate_histogram.txt
16-NRF_bam/qualimap/10173_FV_SD/raw_data_qualimapReportOutsideRegions/genome_fraction_coverage.txt
16-NRF_bam/qualimap/10173_FV_SD/raw_data_qualimapReportOutsideRegions/homopolymer_indels.txt
16-NRF_bam/qualimap/10173_FV_SD/raw_data_qualimapReportOutsideRegions/mapped_reads_clipping_profile.txt
16-NRF_bam/qualimap/10173_FV_SD/raw_data_qualimapReportOutsideRegions/mapped_reads_gc-content_distribution.txt
16-NRF_bam/qualimap/10173_FV_SD/raw_data_qualimapReportOutsideRegions/mapped_reads_nucleotide_content.txt
16-NRF_bam/qualimap/10173_FV_SD/raw_data_qualimapReportOutsideRegions/mapping_quality_across_reference.txt
16-NRF_bam/qualimap/10173_FV_SD/raw_data_qualimapReportOutsideRegions/mapping_quality_histogram.txt
16-NRF_bam/qualimap/10173_FV_SD/rnaseq_qc_results.txt
16-NRF_bam/qualimap/10174_FV_SD/css/agogo.css
16-NRF_bam/qualimap/10174_FV_SD/css/ajax-loader.gif
16-NRF_bam/qualimap/10174_FV_SD/css/basic.css
16-NRF_bam/qualimap/10174_FV_SD/css/bgfooter.png
16-NRF_bam/qualimap/10174_FV_SD/css/bgtop.png
16-NRF_bam/qualimap/10174_FV_SD/css/comment-bright.png
16-NRF_bam/qualimap/10174_FV_SD/css/comment-close.png
16-NRF_bam/qualimap/10174_FV_SD/css/comment.png
16-NRF_bam/qualimap/10174_FV_SD/css/doctools.js
16-NRF_bam/qualimap/10174_FV_SD/css/down.png
16-NRF_bam/qualimap/10174_FV_SD/css/down-pressed.png
16-NRF_bam/qualimap/10174_FV_SD/css/file.png
16-NRF_bam/qualimap/10174_FV_SD/css/jquery.js
16-NRF_bam/qualimap/10174_FV_SD/css/minus.png
16-NRF_bam/qualimap/10174_FV_SD/css/plus.png
16-NRF_bam/qualimap/10174_FV_SD/css/pygments.css
16-NRF_bam/qualimap/10174_FV_SD/css/qualimap_logo_small.png
16-NRF_bam/qualimap/10174_FV_SD/css/report.css
16-NRF_bam/qualimap/10174_FV_SD/css/searchtools.js
16-NRF_bam/qualimap/10174_FV_SD/css/underscore.js
16-NRF_bam/qualimap/10174_FV_SD/css/up.png
16-NRF_bam/qualimap/10174_FV_SD/css/up-pressed.png
16-NRF_bam/qualimap/10174_FV_SD/css/websupport.js
16-NRF_bam/qualimap/10174_FV_SD/genome_results.txt
16-NRF_bam/qualimap/10174_FV_SD/images_qualimapReport/Coverage Profile Along Genes (High).png
16-NRF_bam/qualimap/10174_FV_SD/images_qualimapReport/Coverage Profile Along Genes (Low).png
16-NRF_bam/qualimap/10174_FV_SD/images_qualimapReport/Coverage Profile Along Genes (Total).png
16-NRF_bam/qualimap/10174_FV_SD/images_qualimapReport/genome_coverage_0to50_histogram.png
16-NRF_bam/qualimap/10174_FV_SD/images_qualimapReport/genome_coverage_across_reference.png
16-NRF_bam/qualimap/10174_FV_SD/images_qualimapReport/genome_coverage_histogram.png
16-NRF_bam/qualimap/10174_FV_SD/images_qualimapReport/genome_coverage_quotes.png
16-NRF_bam/qualimap/10174_FV_SD/images_qualimapReport/genome_gc_content_per_window.png
16-NRF_bam/qualimap/10174_FV_SD/images_qualimapReport/genome_homopolymer_indels.png
16-NRF_bam/qualimap/10174_FV_SD/images_qualimapReport/genome_mapping_quality_across_reference.png
16-NRF_bam/qualimap/10174_FV_SD/images_qualimapReport/genome_mapping_quality_histogram.png
16-NRF_bam/qualimap/10174_FV_SD/images_qualimapReport/genome_reads_clipping_profile.png
16-NRF_bam/qualimap/10174_FV_SD/images_qualimapReport/genome_reads_content_per_read_position.png
16-NRF_bam/qualimap/10174_FV_SD/images_qualimapReport/genome_uniq_read_starts_histogram.png
16-NRF_bam/qualimap/10174_FV_SD/images_qualimapReport/Junction Analysis.png
16-NRF_bam/qualimap/10174_FV_SD/images_qualimapReportOutsideRegions/outside_coverage_0to50_histogram.png
16-NRF_bam/qualimap/10174_FV_SD/images_qualimapReportOutsideRegions/outside_coverage_across_reference.png
16-NRF_bam/qualimap/10174_FV_SD/images_qualimapReportOutsideRegions/outside_coverage_histogram.png
16-NRF_bam/qualimap/10174_FV_SD/images_qualimapReportOutsideRegions/outside_coverage_quotes.png
16-NRF_bam/qualimap/10174_FV_SD/images_qualimapReportOutsideRegions/outside_gc_content_per_window.png
16-NRF_bam/qualimap/10174_FV_SD/images_qualimapReportOutsideRegions/outside_homopolymer_indels.png
16-NRF_bam/qualimap/10174_FV_SD/images_qualimapReportOutsideRegions/outside_mapping_quality_across_reference.png
16-NRF_bam/qualimap/10174_FV_SD/images_qualimapReportOutsideRegions/outside_mapping_quality_histogram.png
16-NRF_bam/qualimap/10174_FV_SD/images_qualimapReportOutsideRegions/outside_reads_clipping_profile.png
16-NRF_bam/qualimap/10174_FV_SD/images_qualimapReportOutsideRegions/outside_reads_content_per_read_position.png
16-NRF_bam/qualimap/10174_FV_SD/images_qualimapReportOutsideRegions/outside_uniq_read_starts_histogram.png
16-NRF_bam/qualimap/10174_FV_SD/images_qualimapReport/Reads Genomic Origin.png
16-NRF_bam/qualimap/10174_FV_SD/images_qualimapReport/Transcript coverage histogram.png
16-NRF_bam/qualimap/10174_FV_SD/outside_results.txt
16-NRF_bam/qualimap/10174_FV_SD/outside_window.txt
16-NRF_bam/qualimap/10174_FV_SD/qualimapReport.html
16-NRF_bam/qualimap/10174_FV_SD/qualimapReportOutsideRegions.html
16-NRF_bam/qualimap/10174_FV_SD/raw_data_qualimapReport/coverage_across_reference.txt
16-NRF_bam/qualimap/10174_FV_SD/raw_data_qualimapReport/coverage_histogram.txt
16-NRF_bam/qualimap/10174_FV_SD/raw_data_qualimapReport/coverage_profile_along_genes_(high).txt
16-NRF_bam/qualimap/10174_FV_SD/raw_data_qualimapReport/coverage_profile_along_genes_(low).txt
16-NRF_bam/qualimap/10174_FV_SD/raw_data_qualimapReport/coverage_profile_along_genes_(total).txt
16-NRF_bam/qualimap/10174_FV_SD/raw_data_qualimapReport/duplication_rate_histogram.txt
16-NRF_bam/qualimap/10174_FV_SD/raw_data_qualimapReport/genome_fraction_coverage.txt
16-NRF_bam/qualimap/10174_FV_SD/raw_data_qualimapReport/homopolymer_indels.txt
16-NRF_bam/qualimap/10174_FV_SD/raw_data_qualimapReport/mapped_reads_clipping_profile.txt
16-NRF_bam/qualimap/10174_FV_SD/raw_data_qualimapReport/mapped_reads_gc-content_distribution.txt
16-NRF_bam/qualimap/10174_FV_SD/raw_data_qualimapReport/mapped_reads_nucleotide_content.txt
16-NRF_bam/qualimap/10174_FV_SD/raw_data_qualimapReport/mapping_quality_across_reference.txt
16-NRF_bam/qualimap/10174_FV_SD/raw_data_qualimapReport/mapping_quality_histogram.txt
16-NRF_bam/qualimap/10174_FV_SD/raw_data_qualimapReportOutsideRegions/coverage_across_reference.txt
16-NRF_bam/qualimap/10174_FV_SD/raw_data_qualimapReportOutsideRegions/coverage_histogram.txt
16-NRF_bam/qualimap/10174_FV_SD/raw_data_qualimapReportOutsideRegions/duplication_rate_histogram.txt
16-NRF_bam/qualimap/10174_FV_SD/raw_data_qualimapReportOutsideRegions/genome_fraction_coverage.txt
16-NRF_bam/qualimap/10174_FV_SD/raw_data_qualimapReportOutsideRegions/homopolymer_indels.txt
16-NRF_bam/qualimap/10174_FV_SD/raw_data_qualimapReportOutsideRegions/mapped_reads_clipping_profile.txt
16-NRF_bam/qualimap/10174_FV_SD/raw_data_qualimapReportOutsideRegions/mapped_reads_gc-content_distribution.txt
16-NRF_bam/qualimap/10174_FV_SD/raw_data_qualimapReportOutsideRegions/mapped_reads_nucleotide_content.txt
16-NRF_bam/qualimap/10174_FV_SD/raw_data_qualimapReportOutsideRegions/mapping_quality_across_reference.txt
16-NRF_bam/qualimap/10174_FV_SD/raw_data_qualimapReportOutsideRegions/mapping_quality_histogram.txt
16-NRF_bam/qualimap/10174_FV_SD/rnaseq_qc_results.txt
16-NRF_bam/qualimap/10175_FT_SD/css/agogo.css
16-NRF_bam/qualimap/10175_FT_SD/css/ajax-loader.gif
16-NRF_bam/qualimap/10175_FT_SD/css/basic.css
16-NRF_bam/qualimap/10175_FT_SD/css/bgfooter.png
16-NRF_bam/qualimap/10175_FT_SD/css/bgtop.png
16-NRF_bam/qualimap/10175_FT_SD/css/comment-bright.png
16-NRF_bam/qualimap/10175_FT_SD/css/comment-close.png
16-NRF_bam/qualimap/10175_FT_SD/css/comment.png
16-NRF_bam/qualimap/10175_FT_SD/css/doctools.js
16-NRF_bam/qualimap/10175_FT_SD/css/down.png
16-NRF_bam/qualimap/10175_FT_SD/css/down-pressed.png
16-NRF_bam/qualimap/10175_FT_SD/css/file.png
16-NRF_bam/qualimap/10175_FT_SD/css/jquery.js
16-NRF_bam/qualimap/10175_FT_SD/css/minus.png
16-NRF_bam/qualimap/10175_FT_SD/css/plus.png
16-NRF_bam/qualimap/10175_FT_SD/css/pygments.css
16-NRF_bam/qualimap/10175_FT_SD/css/qualimap_logo_small.png
16-NRF_bam/qualimap/10175_FT_SD/css/report.css
16-NRF_bam/qualimap/10175_FT_SD/css/searchtools.js
16-NRF_bam/qualimap/10175_FT_SD/css/underscore.js
16-NRF_bam/qualimap/10175_FT_SD/css/up.png
16-NRF_bam/qualimap/10175_FT_SD/css/up-pressed.png
16-NRF_bam/qualimap/10175_FT_SD/css/websupport.js
16-NRF_bam/qualimap/10175_FT_SD/genome_results.txt
16-NRF_bam/qualimap/10175_FT_SD/images_qualimapReport/Coverage Profile Along Genes (High).png
16-NRF_bam/qualimap/10175_FT_SD/images_qualimapReport/Coverage Profile Along Genes (Low).png
16-NRF_bam/qualimap/10175_FT_SD/images_qualimapReport/Coverage Profile Along Genes (Total).png
16-NRF_bam/qualimap/10175_FT_SD/images_qualimapReport/genome_coverage_0to50_histogram.png
16-NRF_bam/qualimap/10175_FT_SD/images_qualimapReport/genome_coverage_across_reference.png
16-NRF_bam/qualimap/10175_FT_SD/images_qualimapReport/genome_coverage_histogram.png
16-NRF_bam/qualimap/10175_FT_SD/images_qualimapReport/genome_coverage_quotes.png
16-NRF_bam/qualimap/10175_FT_SD/images_qualimapReport/genome_gc_content_per_window.png
16-NRF_bam/qualimap/10175_FT_SD/images_qualimapReport/genome_homopolymer_indels.png
16-NRF_bam/qualimap/10175_FT_SD/images_qualimapReport/genome_mapping_quality_across_reference.png
16-NRF_bam/qualimap/10175_FT_SD/images_qualimapReport/genome_mapping_quality_histogram.png
16-NRF_bam/qualimap/10175_FT_SD/images_qualimapReport/genome_reads_clipping_profile.png
16-NRF_bam/qualimap/10175_FT_SD/images_qualimapReport/genome_reads_content_per_read_position.png
16-NRF_bam/qualimap/10175_FT_SD/images_qualimapReport/genome_uniq_read_starts_histogram.png
16-NRF_bam/qualimap/10175_FT_SD/images_qualimapReport/Junction Analysis.png
16-NRF_bam/qualimap/10175_FT_SD/images_qualimapReportOutsideRegions/outside_coverage_0to50_histogram.png
16-NRF_bam/qualimap/10175_FT_SD/images_qualimapReportOutsideRegions/outside_coverage_across_reference.png
16-NRF_bam/qualimap/10175_FT_SD/images_qualimapReportOutsideRegions/outside_coverage_histogram.png
16-NRF_bam/qualimap/10175_FT_SD/images_qualimapReportOutsideRegions/outside_coverage_quotes.png
16-NRF_bam/qualimap/10175_FT_SD/images_qualimapReportOutsideRegions/outside_gc_content_per_window.png
16-NRF_bam/qualimap/10175_FT_SD/images_qualimapReportOutsideRegions/outside_homopolymer_indels.png
16-NRF_bam/qualimap/10175_FT_SD/images_qualimapReportOutsideRegions/outside_mapping_quality_across_reference.png
16-NRF_bam/qualimap/10175_FT_SD/images_qualimapReportOutsideRegions/outside_mapping_quality_histogram.png
16-NRF_bam/qualimap/10175_FT_SD/images_qualimapReportOutsideRegions/outside_reads_clipping_profile.png
16-NRF_bam/qualimap/10175_FT_SD/images_qualimapReportOutsideRegions/outside_reads_content_per_read_position.png
16-NRF_bam/qualimap/10175_FT_SD/images_qualimapReportOutsideRegions/outside_uniq_read_starts_histogram.png
16-NRF_bam/qualimap/10175_FT_SD/images_qualimapReport/Reads Genomic Origin.png
16-NRF_bam/qualimap/10175_FT_SD/images_qualimapReport/Transcript coverage histogram.png
16-NRF_bam/qualimap/10175_FT_SD/outside_results.txt
16-NRF_bam/qualimap/10175_FT_SD/outside_window.txt
16-NRF_bam/qualimap/10175_FT_SD/qualimapReport.html
16-NRF_bam/qualimap/10175_FT_SD/qualimapReportOutsideRegions.html
16-NRF_bam/qualimap/10175_FT_SD/raw_data_qualimapReport/coverage_across_reference.txt
16-NRF_bam/qualimap/10175_FT_SD/raw_data_qualimapReport/coverage_histogram.txt
16-NRF_bam/qualimap/10175_FT_SD/raw_data_qualimapReport/coverage_profile_along_genes_(high).txt
16-NRF_bam/qualimap/10175_FT_SD/raw_data_qualimapReport/coverage_profile_along_genes_(low).txt
16-NRF_bam/qualimap/10175_FT_SD/raw_data_qualimapReport/coverage_profile_along_genes_(total).txt
16-NRF_bam/qualimap/10175_FT_SD/raw_data_qualimapReport/duplication_rate_histogram.txt
16-NRF_bam/qualimap/10175_FT_SD/raw_data_qualimapReport/genome_fraction_coverage.txt
16-NRF_bam/qualimap/10175_FT_SD/raw_data_qualimapReport/homopolymer_indels.txt
16-NRF_bam/qualimap/10175_FT_SD/raw_data_qualimapReport/mapped_reads_clipping_profile.txt
16-NRF_bam/qualimap/10175_FT_SD/raw_data_qualimapReport/mapped_reads_gc-content_distribution.txt
16-NRF_bam/qualimap/10175_FT_SD/raw_data_qualimapReport/mapped_reads_nucleotide_content.txt
16-NRF_bam/qualimap/10175_FT_SD/raw_data_qualimapReport/mapping_quality_across_reference.txt
16-NRF_bam/qualimap/10175_FT_SD/raw_data_qualimapReport/mapping_quality_histogram.txt
16-NRF_bam/qualimap/10175_FT_SD/raw_data_qualimapReportOutsideRegions/coverage_across_reference.txt
16-NRF_bam/qualimap/10175_FT_SD/raw_data_qualimapReportOutsideRegions/coverage_histogram.txt
16-NRF_bam/qualimap/10175_FT_SD/raw_data_qualimapReportOutsideRegions/duplication_rate_histogram.txt
16-NRF_bam/qualimap/10175_FT_SD/raw_data_qualimapReportOutsideRegions/genome_fraction_coverage.txt
16-NRF_bam/qualimap/10175_FT_SD/raw_data_qualimapReportOutsideRegions/homopolymer_indels.txt
16-NRF_bam/qualimap/10175_FT_SD/raw_data_qualimapReportOutsideRegions/mapped_reads_clipping_profile.txt
16-NRF_bam/qualimap/10175_FT_SD/raw_data_qualimapReportOutsideRegions/mapped_reads_gc-content_distribution.txt
16-NRF_bam/qualimap/10175_FT_SD/raw_data_qualimapReportOutsideRegions/mapped_reads_nucleotide_content.txt
16-NRF_bam/qualimap/10175_FT_SD/raw_data_qualimapReportOutsideRegions/mapping_quality_across_reference.txt
16-NRF_bam/qualimap/10175_FT_SD/raw_data_qualimapReportOutsideRegions/mapping_quality_histogram.txt
16-NRF_bam/qualimap/10175_FT_SD/rnaseq_qc_results.txt
16-NRF_bam/qualimap/10205_FT_SD/css/agogo.css
16-NRF_bam/qualimap/10205_FT_SD/css/ajax-loader.gif
16-NRF_bam/qualimap/10205_FT_SD/css/basic.css
16-NRF_bam/qualimap/10205_FT_SD/css/bgfooter.png
16-NRF_bam/qualimap/10205_FT_SD/css/bgtop.png
16-NRF_bam/qualimap/10205_FT_SD/css/comment-bright.png
16-NRF_bam/qualimap/10205_FT_SD/css/comment-close.png
16-NRF_bam/qualimap/10205_FT_SD/css/comment.png
16-NRF_bam/qualimap/10205_FT_SD/css/doctools.js
16-NRF_bam/qualimap/10205_FT_SD/css/down.png
16-NRF_bam/qualimap/10205_FT_SD/css/down-pressed.png
16-NRF_bam/qualimap/10205_FT_SD/css/file.png
16-NRF_bam/qualimap/10205_FT_SD/css/jquery.js
16-NRF_bam/qualimap/10205_FT_SD/css/minus.png
16-NRF_bam/qualimap/10205_FT_SD/css/plus.png
16-NRF_bam/qualimap/10205_FT_SD/css/pygments.css
16-NRF_bam/qualimap/10205_FT_SD/css/qualimap_logo_small.png
16-NRF_bam/qualimap/10205_FT_SD/css/report.css
16-NRF_bam/qualimap/10205_FT_SD/css/searchtools.js
16-NRF_bam/qualimap/10205_FT_SD/css/underscore.js
16-NRF_bam/qualimap/10205_FT_SD/css/up.png
16-NRF_bam/qualimap/10205_FT_SD/css/up-pressed.png
16-NRF_bam/qualimap/10205_FT_SD/css/websupport.js
16-NRF_bam/qualimap/10205_FT_SD/genome_results.txt
16-NRF_bam/qualimap/10205_FT_SD/images_qualimapReport/Coverage Profile Along Genes (High).png
16-NRF_bam/qualimap/10205_FT_SD/images_qualimapReport/Coverage Profile Along Genes (Low).png
16-NRF_bam/qualimap/10205_FT_SD/images_qualimapReport/Coverage Profile Along Genes (Total).png
16-NRF_bam/qualimap/10205_FT_SD/images_qualimapReport/genome_coverage_0to50_histogram.png
16-NRF_bam/qualimap/10205_FT_SD/images_qualimapReport/genome_coverage_across_reference.png
16-NRF_bam/qualimap/10205_FT_SD/images_qualimapReport/genome_coverage_histogram.png
16-NRF_bam/qualimap/10205_FT_SD/images_qualimapReport/genome_coverage_quotes.png
16-NRF_bam/qualimap/10205_FT_SD/images_qualimapReport/genome_gc_content_per_window.png
16-NRF_bam/qualimap/10205_FT_SD/images_qualimapReport/genome_homopolymer_indels.png
16-NRF_bam/qualimap/10205_FT_SD/images_qualimapReport/genome_mapping_quality_across_reference.png
16-NRF_bam/qualimap/10205_FT_SD/images_qualimapReport/genome_mapping_quality_histogram.png
16-NRF_bam/qualimap/10205_FT_SD/images_qualimapReport/genome_reads_clipping_profile.png
16-NRF_bam/qualimap/10205_FT_SD/images_qualimapReport/genome_reads_content_per_read_position.png
16-NRF_bam/qualimap/10205_FT_SD/images_qualimapReport/genome_uniq_read_starts_histogram.png
16-NRF_bam/qualimap/10205_FT_SD/images_qualimapReport/Junction Analysis.png
16-NRF_bam/qualimap/10205_FT_SD/images_qualimapReportOutsideRegions/outside_coverage_0to50_histogram.png
16-NRF_bam/qualimap/10205_FT_SD/images_qualimapReportOutsideRegions/outside_coverage_across_reference.png
16-NRF_bam/qualimap/10205_FT_SD/images_qualimapReportOutsideRegions/outside_coverage_histogram.png
16-NRF_bam/qualimap/10205_FT_SD/images_qualimapReportOutsideRegions/outside_coverage_quotes.png
16-NRF_bam/qualimap/10205_FT_SD/images_qualimapReportOutsideRegions/outside_gc_content_per_window.png
16-NRF_bam/qualimap/10205_FT_SD/images_qualimapReportOutsideRegions/outside_homopolymer_indels.png
16-NRF_bam/qualimap/10205_FT_SD/images_qualimapReportOutsideRegions/outside_mapping_quality_across_reference.png
16-NRF_bam/qualimap/10205_FT_SD/images_qualimapReportOutsideRegions/outside_mapping_quality_histogram.png
16-NRF_bam/qualimap/10205_FT_SD/images_qualimapReportOutsideRegions/outside_reads_clipping_profile.png
16-NRF_bam/qualimap/10205_FT_SD/images_qualimapReportOutsideRegions/outside_reads_content_per_read_position.png
16-NRF_bam/qualimap/10205_FT_SD/images_qualimapReportOutsideRegions/outside_uniq_read_starts_histogram.png
16-NRF_bam/qualimap/10205_FT_SD/images_qualimapReport/Reads Genomic Origin.png
16-NRF_bam/qualimap/10205_FT_SD/images_qualimapReport/Transcript coverage histogram.png
16-NRF_bam/qualimap/10205_FT_SD/outside_results.txt
16-NRF_bam/qualimap/10205_FT_SD/outside_window.txt
16-NRF_bam/qualimap/10205_FT_SD/qualimapReport.html
16-NRF_bam/qualimap/10205_FT_SD/qualimapReportOutsideRegions.html
16-NRF_bam/qualimap/10205_FT_SD/raw_data_qualimapReport/coverage_across_reference.txt
16-NRF_bam/qualimap/10205_FT_SD/raw_data_qualimapReport/coverage_histogram.txt
16-NRF_bam/qualimap/10205_FT_SD/raw_data_qualimapReport/coverage_profile_along_genes_(high).txt
16-NRF_bam/qualimap/10205_FT_SD/raw_data_qualimapReport/coverage_profile_along_genes_(low).txt
16-NRF_bam/qualimap/10205_FT_SD/raw_data_qualimapReport/coverage_profile_along_genes_(total).txt
16-NRF_bam/qualimap/10205_FT_SD/raw_data_qualimapReport/duplication_rate_histogram.txt
16-NRF_bam/qualimap/10205_FT_SD/raw_data_qualimapReport/genome_fraction_coverage.txt
16-NRF_bam/qualimap/10205_FT_SD/raw_data_qualimapReport/homopolymer_indels.txt
16-NRF_bam/qualimap/10205_FT_SD/raw_data_qualimapReport/mapped_reads_clipping_profile.txt
16-NRF_bam/qualimap/10205_FT_SD/raw_data_qualimapReport/mapped_reads_gc-content_distribution.txt
16-NRF_bam/qualimap/10205_FT_SD/raw_data_qualimapReport/mapped_reads_nucleotide_content.txt
16-NRF_bam/qualimap/10205_FT_SD/raw_data_qualimapReport/mapping_quality_across_reference.txt
16-NRF_bam/qualimap/10205_FT_SD/raw_data_qualimapReport/mapping_quality_histogram.txt
16-NRF_bam/qualimap/10205_FT_SD/raw_data_qualimapReportOutsideRegions/coverage_across_reference.txt
16-NRF_bam/qualimap/10205_FT_SD/raw_data_qualimapReportOutsideRegions/coverage_histogram.txt
16-NRF_bam/qualimap/10205_FT_SD/raw_data_qualimapReportOutsideRegions/duplication_rate_histogram.txt
16-NRF_bam/qualimap/10205_FT_SD/raw_data_qualimapReportOutsideRegions/genome_fraction_coverage.txt
16-NRF_bam/qualimap/10205_FT_SD/raw_data_qualimapReportOutsideRegions/homopolymer_indels.txt
16-NRF_bam/qualimap/10205_FT_SD/raw_data_qualimapReportOutsideRegions/mapped_reads_clipping_profile.txt
16-NRF_bam/qualimap/10205_FT_SD/raw_data_qualimapReportOutsideRegions/mapped_reads_gc-content_distribution.txt
16-NRF_bam/qualimap/10205_FT_SD/raw_data_qualimapReportOutsideRegions/mapped_reads_nucleotide_content.txt
16-NRF_bam/qualimap/10205_FT_SD/raw_data_qualimapReportOutsideRegions/mapping_quality_across_reference.txt
16-NRF_bam/qualimap/10205_FT_SD/raw_data_qualimapReportOutsideRegions/mapping_quality_histogram.txt
16-NRF_bam/qualimap/10205_FT_SD/rnaseq_qc_results.txt
16-NRF_bam/qualimap/10288_CT_SD/css/agogo.css
16-NRF_bam/qualimap/10288_CT_SD/css/ajax-loader.gif
16-NRF_bam/qualimap/10288_CT_SD/css/basic.css
16-NRF_bam/qualimap/10288_CT_SD/css/bgfooter.png
16-NRF_bam/qualimap/10288_CT_SD/css/bgtop.png
16-NRF_bam/qualimap/10288_CT_SD/css/comment-bright.png
16-NRF_bam/qualimap/10288_CT_SD/css/comment-close.png
16-NRF_bam/qualimap/10288_CT_SD/css/comment.png
16-NRF_bam/qualimap/10288_CT_SD/css/doctools.js
16-NRF_bam/qualimap/10288_CT_SD/css/down.png
16-NRF_bam/qualimap/10288_CT_SD/css/down-pressed.png
16-NRF_bam/qualimap/10288_CT_SD/css/file.png
16-NRF_bam/qualimap/10288_CT_SD/css/jquery.js
16-NRF_bam/qualimap/10288_CT_SD/css/minus.png
16-NRF_bam/qualimap/10288_CT_SD/css/plus.png
16-NRF_bam/qualimap/10288_CT_SD/css/pygments.css
16-NRF_bam/qualimap/10288_CT_SD/css/qualimap_logo_small.png
16-NRF_bam/qualimap/10288_CT_SD/css/report.css
16-NRF_bam/qualimap/10288_CT_SD/css/searchtools.js
16-NRF_bam/qualimap/10288_CT_SD/css/underscore.js
16-NRF_bam/qualimap/10288_CT_SD/css/up.png
16-NRF_bam/qualimap/10288_CT_SD/css/up-pressed.png
16-NRF_bam/qualimap/10288_CT_SD/css/websupport.js
16-NRF_bam/qualimap/10288_CT_SD/genome_results.txt
16-NRF_bam/qualimap/10288_CT_SD/images_qualimapReport/Coverage Profile Along Genes (High).png
16-NRF_bam/qualimap/10288_CT_SD/images_qualimapReport/Coverage Profile Along Genes (Low).png
16-NRF_bam/qualimap/10288_CT_SD/images_qualimapReport/Coverage Profile Along Genes (Total).png
16-NRF_bam/qualimap/10288_CT_SD/images_qualimapReport/genome_coverage_0to50_histogram.png
16-NRF_bam/qualimap/10288_CT_SD/images_qualimapReport/genome_coverage_across_reference.png
16-NRF_bam/qualimap/10288_CT_SD/images_qualimapReport/genome_coverage_histogram.png
16-NRF_bam/qualimap/10288_CT_SD/images_qualimapReport/genome_coverage_quotes.png
16-NRF_bam/qualimap/10288_CT_SD/images_qualimapReport/genome_gc_content_per_window.png
16-NRF_bam/qualimap/10288_CT_SD/images_qualimapReport/genome_homopolymer_indels.png
16-NRF_bam/qualimap/10288_CT_SD/images_qualimapReport/genome_mapping_quality_across_reference.png
16-NRF_bam/qualimap/10288_CT_SD/images_qualimapReport/genome_mapping_quality_histogram.png
16-NRF_bam/qualimap/10288_CT_SD/images_qualimapReport/genome_reads_clipping_profile.png
16-NRF_bam/qualimap/10288_CT_SD/images_qualimapReport/genome_reads_content_per_read_position.png
16-NRF_bam/qualimap/10288_CT_SD/images_qualimapReport/genome_uniq_read_starts_histogram.png
16-NRF_bam/qualimap/10288_CT_SD/images_qualimapReport/Junction Analysis.png
16-NRF_bam/qualimap/10288_CT_SD/images_qualimapReportOutsideRegions/outside_coverage_0to50_histogram.png
16-NRF_bam/qualimap/10288_CT_SD/images_qualimapReportOutsideRegions/outside_coverage_across_reference.png
16-NRF_bam/qualimap/10288_CT_SD/images_qualimapReportOutsideRegions/outside_coverage_histogram.png
16-NRF_bam/qualimap/10288_CT_SD/images_qualimapReportOutsideRegions/outside_coverage_quotes.png
16-NRF_bam/qualimap/10288_CT_SD/images_qualimapReportOutsideRegions/outside_gc_content_per_window.png
16-NRF_bam/qualimap/10288_CT_SD/images_qualimapReportOutsideRegions/outside_homopolymer_indels.png
16-NRF_bam/qualimap/10288_CT_SD/images_qualimapReportOutsideRegions/outside_mapping_quality_across_reference.png
16-NRF_bam/qualimap/10288_CT_SD/images_qualimapReportOutsideRegions/outside_mapping_quality_histogram.png
16-NRF_bam/qualimap/10288_CT_SD/images_qualimapReportOutsideRegions/outside_reads_clipping_profile.png
16-NRF_bam/qualimap/10288_CT_SD/images_qualimapReportOutsideRegions/outside_reads_content_per_read_position.png
16-NRF_bam/qualimap/10288_CT_SD/images_qualimapReportOutsideRegions/outside_uniq_read_starts_histogram.png
16-NRF_bam/qualimap/10288_CT_SD/images_qualimapReport/Reads Genomic Origin.png
16-NRF_bam/qualimap/10288_CT_SD/images_qualimapReport/Transcript coverage histogram.png
16-NRF_bam/qualimap/10288_CT_SD/outside_results.txt
16-NRF_bam/qualimap/10288_CT_SD/outside_window.txt
16-NRF_bam/qualimap/10288_CT_SD/qualimapReport.html
16-NRF_bam/qualimap/10288_CT_SD/qualimapReportOutsideRegions.html
16-NRF_bam/qualimap/10288_CT_SD/raw_data_qualimapReport/coverage_across_reference.txt
16-NRF_bam/qualimap/10288_CT_SD/raw_data_qualimapReport/coverage_histogram.txt
16-NRF_bam/qualimap/10288_CT_SD/raw_data_qualimapReport/coverage_profile_along_genes_(high).txt
16-NRF_bam/qualimap/10288_CT_SD/raw_data_qualimapReport/coverage_profile_along_genes_(low).txt
16-NRF_bam/qualimap/10288_CT_SD/raw_data_qualimapReport/coverage_profile_along_genes_(total).txt
16-NRF_bam/qualimap/10288_CT_SD/raw_data_qualimapReport/duplication_rate_histogram.txt
16-NRF_bam/qualimap/10288_CT_SD/raw_data_qualimapReport/genome_fraction_coverage.txt
16-NRF_bam/qualimap/10288_CT_SD/raw_data_qualimapReport/homopolymer_indels.txt
16-NRF_bam/qualimap/10288_CT_SD/raw_data_qualimapReport/mapped_reads_clipping_profile.txt
16-NRF_bam/qualimap/10288_CT_SD/raw_data_qualimapReport/mapped_reads_gc-content_distribution.txt
16-NRF_bam/qualimap/10288_CT_SD/raw_data_qualimapReport/mapped_reads_nucleotide_content.txt
16-NRF_bam/qualimap/10288_CT_SD/raw_data_qualimapReport/mapping_quality_across_reference.txt
16-NRF_bam/qualimap/10288_CT_SD/raw_data_qualimapReport/mapping_quality_histogram.txt
16-NRF_bam/qualimap/10288_CT_SD/raw_data_qualimapReportOutsideRegions/coverage_across_reference.txt
16-NRF_bam/qualimap/10288_CT_SD/raw_data_qualimapReportOutsideRegions/coverage_histogram.txt
16-NRF_bam/qualimap/10288_CT_SD/raw_data_qualimapReportOutsideRegions/duplication_rate_histogram.txt
16-NRF_bam/qualimap/10288_CT_SD/raw_data_qualimapReportOutsideRegions/genome_fraction_coverage.txt
16-NRF_bam/qualimap/10288_CT_SD/raw_data_qualimapReportOutsideRegions/homopolymer_indels.txt
16-NRF_bam/qualimap/10288_CT_SD/raw_data_qualimapReportOutsideRegions/mapped_reads_clipping_profile.txt
16-NRF_bam/qualimap/10288_CT_SD/raw_data_qualimapReportOutsideRegions/mapped_reads_gc-content_distribution.txt
16-NRF_bam/qualimap/10288_CT_SD/raw_data_qualimapReportOutsideRegions/mapped_reads_nucleotide_content.txt
16-NRF_bam/qualimap/10288_CT_SD/raw_data_qualimapReportOutsideRegions/mapping_quality_across_reference.txt
16-NRF_bam/qualimap/10288_CT_SD/raw_data_qualimapReportOutsideRegions/mapping_quality_histogram.txt
16-NRF_bam/qualimap/10288_CT_SD/rnaseq_qc_results.txt
16-NRF_bam/qualimap/10289_CT_NSD/css/agogo.css
16-NRF_bam/qualimap/10289_CT_NSD/css/ajax-loader.gif
16-NRF_bam/qualimap/10289_CT_NSD/css/basic.css
16-NRF_bam/qualimap/10289_CT_NSD/css/bgfooter.png
16-NRF_bam/qualimap/10289_CT_NSD/css/bgtop.png
16-NRF_bam/qualimap/10289_CT_NSD/css/comment-bright.png
16-NRF_bam/qualimap/10289_CT_NSD/css/comment-close.png
16-NRF_bam/qualimap/10289_CT_NSD/css/comment.png
16-NRF_bam/qualimap/10289_CT_NSD/css/doctools.js
16-NRF_bam/qualimap/10289_CT_NSD/css/down.png
16-NRF_bam/qualimap/10289_CT_NSD/css/down-pressed.png
16-NRF_bam/qualimap/10289_CT_NSD/css/file.png
16-NRF_bam/qualimap/10289_CT_NSD/css/jquery.js
16-NRF_bam/qualimap/10289_CT_NSD/css/minus.png
16-NRF_bam/qualimap/10289_CT_NSD/css/plus.png
16-NRF_bam/qualimap/10289_CT_NSD/css/pygments.css
16-NRF_bam/qualimap/10289_CT_NSD/css/qualimap_logo_small.png
16-NRF_bam/qualimap/10289_CT_NSD/css/report.css
16-NRF_bam/qualimap/10289_CT_NSD/css/searchtools.js
16-NRF_bam/qualimap/10289_CT_NSD/css/underscore.js
16-NRF_bam/qualimap/10289_CT_NSD/css/up.png
16-NRF_bam/qualimap/10289_CT_NSD/css/up-pressed.png
16-NRF_bam/qualimap/10289_CT_NSD/css/websupport.js
16-NRF_bam/qualimap/10289_CT_NSD/genome_results.txt
16-NRF_bam/qualimap/10289_CT_NSD/images_qualimapReport/Coverage Profile Along Genes (High).png
16-NRF_bam/qualimap/10289_CT_NSD/images_qualimapReport/Coverage Profile Along Genes (Low).png
16-NRF_bam/qualimap/10289_CT_NSD/images_qualimapReport/Coverage Profile Along Genes (Total).png
16-NRF_bam/qualimap/10289_CT_NSD/images_qualimapReport/genome_coverage_0to50_histogram.png
16-NRF_bam/qualimap/10289_CT_NSD/images_qualimapReport/genome_coverage_across_reference.png
16-NRF_bam/qualimap/10289_CT_NSD/images_qualimapReport/genome_coverage_histogram.png
16-NRF_bam/qualimap/10289_CT_NSD/images_qualimapReport/genome_coverage_quotes.png
16-NRF_bam/qualimap/10289_CT_NSD/images_qualimapReport/genome_gc_content_per_window.png
16-NRF_bam/qualimap/10289_CT_NSD/images_qualimapReport/genome_homopolymer_indels.png
16-NRF_bam/qualimap/10289_CT_NSD/images_qualimapReport/genome_mapping_quality_across_reference.png
16-NRF_bam/qualimap/10289_CT_NSD/images_qualimapReport/genome_mapping_quality_histogram.png
16-NRF_bam/qualimap/10289_CT_NSD/images_qualimapReport/genome_reads_clipping_profile.png
16-NRF_bam/qualimap/10289_CT_NSD/images_qualimapReport/genome_reads_content_per_read_position.png
16-NRF_bam/qualimap/10289_CT_NSD/images_qualimapReport/genome_uniq_read_starts_histogram.png
16-NRF_bam/qualimap/10289_CT_NSD/images_qualimapReport/Junction Analysis.png
16-NRF_bam/qualimap/10289_CT_NSD/images_qualimapReportOutsideRegions/outside_coverage_0to50_histogram.png
16-NRF_bam/qualimap/10289_CT_NSD/images_qualimapReportOutsideRegions/outside_coverage_across_reference.png
16-NRF_bam/qualimap/10289_CT_NSD/images_qualimapReportOutsideRegions/outside_coverage_histogram.png
16-NRF_bam/qualimap/10289_CT_NSD/images_qualimapReportOutsideRegions/outside_coverage_quotes.png
16-NRF_bam/qualimap/10289_CT_NSD/images_qualimapReportOutsideRegions/outside_gc_content_per_window.png
16-NRF_bam/qualimap/10289_CT_NSD/images_qualimapReportOutsideRegions/outside_homopolymer_indels.png
16-NRF_bam/qualimap/10289_CT_NSD/images_qualimapReportOutsideRegions/outside_mapping_quality_across_reference.png
16-NRF_bam/qualimap/10289_CT_NSD/images_qualimapReportOutsideRegions/outside_mapping_quality_histogram.png
16-NRF_bam/qualimap/10289_CT_NSD/images_qualimapReportOutsideRegions/outside_reads_clipping_profile.png
16-NRF_bam/qualimap/10289_CT_NSD/images_qualimapReportOutsideRegions/outside_reads_content_per_read_position.png
16-NRF_bam/qualimap/10289_CT_NSD/images_qualimapReportOutsideRegions/outside_uniq_read_starts_histogram.png
16-NRF_bam/qualimap/10289_CT_NSD/images_qualimapReport/Reads Genomic Origin.png
16-NRF_bam/qualimap/10289_CT_NSD/images_qualimapReport/Transcript coverage histogram.png
16-NRF_bam/qualimap/10289_CT_NSD/outside_results.txt
16-NRF_bam/qualimap/10289_CT_NSD/outside_window.txt
16-NRF_bam/qualimap/10289_CT_NSD/qualimapReport.html
16-NRF_bam/qualimap/10289_CT_NSD/qualimapReportOutsideRegions.html
16-NRF_bam/qualimap/10289_CT_NSD/raw_data_qualimapReport/coverage_across_reference.txt
16-NRF_bam/qualimap/10289_CT_NSD/raw_data_qualimapReport/coverage_histogram.txt
16-NRF_bam/qualimap/10289_CT_NSD/raw_data_qualimapReport/coverage_profile_along_genes_(high).txt
16-NRF_bam/qualimap/10289_CT_NSD/raw_data_qualimapReport/coverage_profile_along_genes_(low).txt
16-NRF_bam/qualimap/10289_CT_NSD/raw_data_qualimapReport/coverage_profile_along_genes_(total).txt
16-NRF_bam/qualimap/10289_CT_NSD/raw_data_qualimapReport/duplication_rate_histogram.txt
16-NRF_bam/qualimap/10289_CT_NSD/raw_data_qualimapReport/genome_fraction_coverage.txt
16-NRF_bam/qualimap/10289_CT_NSD/raw_data_qualimapReport/homopolymer_indels.txt
16-NRF_bam/qualimap/10289_CT_NSD/raw_data_qualimapReport/mapped_reads_clipping_profile.txt
16-NRF_bam/qualimap/10289_CT_NSD/raw_data_qualimapReport/mapped_reads_gc-content_distribution.txt
16-NRF_bam/qualimap/10289_CT_NSD/raw_data_qualimapReport/mapped_reads_nucleotide_content.txt
16-NRF_bam/qualimap/10289_CT_NSD/raw_data_qualimapReport/mapping_quality_across_reference.txt
16-NRF_bam/qualimap/10289_CT_NSD/raw_data_qualimapReport/mapping_quality_histogram.txt
16-NRF_bam/qualimap/10289_CT_NSD/raw_data_qualimapReportOutsideRegions/coverage_across_reference.txt
16-NRF_bam/qualimap/10289_CT_NSD/raw_data_qualimapReportOutsideRegions/coverage_histogram.txt
16-NRF_bam/qualimap/10289_CT_NSD/raw_data_qualimapReportOutsideRegions/duplication_rate_histogram.txt
16-NRF_bam/qualimap/10289_CT_NSD/raw_data_qualimapReportOutsideRegions/genome_fraction_coverage.txt
16-NRF_bam/qualimap/10289_CT_NSD/raw_data_qualimapReportOutsideRegions/homopolymer_indels.txt
16-NRF_bam/qualimap/10289_CT_NSD/raw_data_qualimapReportOutsideRegions/mapped_reads_clipping_profile.txt
16-NRF_bam/qualimap/10289_CT_NSD/raw_data_qualimapReportOutsideRegions/mapped_reads_gc-content_distribution.txt
16-NRF_bam/qualimap/10289_CT_NSD/raw_data_qualimapReportOutsideRegions/mapped_reads_nucleotide_content.txt
16-NRF_bam/qualimap/10289_CT_NSD/raw_data_qualimapReportOutsideRegions/mapping_quality_across_reference.txt
16-NRF_bam/qualimap/10289_CT_NSD/raw_data_qualimapReportOutsideRegions/mapping_quality_histogram.txt
16-NRF_bam/qualimap/10289_CT_NSD/rnaseq_qc_results.txt
16-NRF_bam/qualimap/10290_CT_NSD/css/agogo.css
16-NRF_bam/qualimap/10290_CT_NSD/css/ajax-loader.gif
16-NRF_bam/qualimap/10290_CT_NSD/css/basic.css
16-NRF_bam/qualimap/10290_CT_NSD/css/bgfooter.png
16-NRF_bam/qualimap/10290_CT_NSD/css/bgtop.png
16-NRF_bam/qualimap/10290_CT_NSD/css/comment-bright.png
16-NRF_bam/qualimap/10290_CT_NSD/css/comment-close.png
16-NRF_bam/qualimap/10290_CT_NSD/css/comment.png
16-NRF_bam/qualimap/10290_CT_NSD/css/doctools.js
16-NRF_bam/qualimap/10290_CT_NSD/css/down.png
16-NRF_bam/qualimap/10290_CT_NSD/css/down-pressed.png
16-NRF_bam/qualimap/10290_CT_NSD/css/file.png
16-NRF_bam/qualimap/10290_CT_NSD/css/jquery.js
16-NRF_bam/qualimap/10290_CT_NSD/css/minus.png
16-NRF_bam/qualimap/10290_CT_NSD/css/plus.png
16-NRF_bam/qualimap/10290_CT_NSD/css/pygments.css
16-NRF_bam/qualimap/10290_CT_NSD/css/qualimap_logo_small.png
16-NRF_bam/qualimap/10290_CT_NSD/css/report.css
16-NRF_bam/qualimap/10290_CT_NSD/css/searchtools.js
16-NRF_bam/qualimap/10290_CT_NSD/css/underscore.js
16-NRF_bam/qualimap/10290_CT_NSD/css/up.png
16-NRF_bam/qualimap/10290_CT_NSD/css/up-pressed.png
16-NRF_bam/qualimap/10290_CT_NSD/css/websupport.js
16-NRF_bam/qualimap/10290_CT_NSD/genome_results.txt
16-NRF_bam/qualimap/10290_CT_NSD/images_qualimapReport/Coverage Profile Along Genes (High).png
16-NRF_bam/qualimap/10290_CT_NSD/images_qualimapReport/Coverage Profile Along Genes (Low).png
16-NRF_bam/qualimap/10290_CT_NSD/images_qualimapReport/Coverage Profile Along Genes (Total).png
16-NRF_bam/qualimap/10290_CT_NSD/images_qualimapReport/genome_coverage_0to50_histogram.png
16-NRF_bam/qualimap/10290_CT_NSD/images_qualimapReport/genome_coverage_across_reference.png
16-NRF_bam/qualimap/10290_CT_NSD/images_qualimapReport/genome_coverage_histogram.png
16-NRF_bam/qualimap/10290_CT_NSD/images_qualimapReport/genome_coverage_quotes.png
16-NRF_bam/qualimap/10290_CT_NSD/images_qualimapReport/genome_gc_content_per_window.png
16-NRF_bam/qualimap/10290_CT_NSD/images_qualimapReport/genome_homopolymer_indels.png
16-NRF_bam/qualimap/10290_CT_NSD/images_qualimapReport/genome_mapping_quality_across_reference.png
16-NRF_bam/qualimap/10290_CT_NSD/images_qualimapReport/genome_mapping_quality_histogram.png
16-NRF_bam/qualimap/10290_CT_NSD/images_qualimapReport/genome_reads_clipping_profile.png
16-NRF_bam/qualimap/10290_CT_NSD/images_qualimapReport/genome_reads_content_per_read_position.png
16-NRF_bam/qualimap/10290_CT_NSD/images_qualimapReport/genome_uniq_read_starts_histogram.png
16-NRF_bam/qualimap/10290_CT_NSD/images_qualimapReport/Junction Analysis.png
16-NRF_bam/qualimap/10290_CT_NSD/images_qualimapReportOutsideRegions/outside_coverage_0to50_histogram.png
16-NRF_bam/qualimap/10290_CT_NSD/images_qualimapReportOutsideRegions/outside_coverage_across_reference.png
16-NRF_bam/qualimap/10290_CT_NSD/images_qualimapReportOutsideRegions/outside_coverage_histogram.png
16-NRF_bam/qualimap/10290_CT_NSD/images_qualimapReportOutsideRegions/outside_coverage_quotes.png
16-NRF_bam/qualimap/10290_CT_NSD/images_qualimapReportOutsideRegions/outside_gc_content_per_window.png
16-NRF_bam/qualimap/10290_CT_NSD/images_qualimapReportOutsideRegions/outside_homopolymer_indels.png
16-NRF_bam/qualimap/10290_CT_NSD/images_qualimapReportOutsideRegions/outside_mapping_quality_across_reference.png
16-NRF_bam/qualimap/10290_CT_NSD/images_qualimapReportOutsideRegions/outside_mapping_quality_histogram.png
16-NRF_bam/qualimap/10290_CT_NSD/images_qualimapReportOutsideRegions/outside_reads_clipping_profile.png
16-NRF_bam/qualimap/10290_CT_NSD/images_qualimapReportOutsideRegions/outside_reads_content_per_read_position.png
16-NRF_bam/qualimap/10290_CT_NSD/images_qualimapReportOutsideRegions/outside_uniq_read_starts_histogram.png
16-NRF_bam/qualimap/10290_CT_NSD/images_qualimapReport/Reads Genomic Origin.png
16-NRF_bam/qualimap/10290_CT_NSD/images_qualimapReport/Transcript coverage histogram.png
16-NRF_bam/qualimap/10290_CT_NSD/outside_results.txt
16-NRF_bam/qualimap/10290_CT_NSD/outside_window.txt
16-NRF_bam/qualimap/10290_CT_NSD/qualimapReport.html
16-NRF_bam/qualimap/10290_CT_NSD/qualimapReportOutsideRegions.html
16-NRF_bam/qualimap/10290_CT_NSD/raw_data_qualimapReport/coverage_across_reference.txt
16-NRF_bam/qualimap/10290_CT_NSD/raw_data_qualimapReport/coverage_histogram.txt
16-NRF_bam/qualimap/10290_CT_NSD/raw_data_qualimapReport/coverage_profile_along_genes_(high).txt
16-NRF_bam/qualimap/10290_CT_NSD/raw_data_qualimapReport/coverage_profile_along_genes_(low).txt
16-NRF_bam/qualimap/10290_CT_NSD/raw_data_qualimapReport/coverage_profile_along_genes_(total).txt
16-NRF_bam/qualimap/10290_CT_NSD/raw_data_qualimapReport/duplication_rate_histogram.txt
16-NRF_bam/qualimap/10290_CT_NSD/raw_data_qualimapReport/genome_fraction_coverage.txt
16-NRF_bam/qualimap/10290_CT_NSD/raw_data_qualimapReport/homopolymer_indels.txt
16-NRF_bam/qualimap/10290_CT_NSD/raw_data_qualimapReport/mapped_reads_clipping_profile.txt
16-NRF_bam/qualimap/10290_CT_NSD/raw_data_qualimapReport/mapped_reads_gc-content_distribution.txt
16-NRF_bam/qualimap/10290_CT_NSD/raw_data_qualimapReport/mapped_reads_nucleotide_content.txt
16-NRF_bam/qualimap/10290_CT_NSD/raw_data_qualimapReport/mapping_quality_across_reference.txt
16-NRF_bam/qualimap/10290_CT_NSD/raw_data_qualimapReport/mapping_quality_histogram.txt
16-NRF_bam/qualimap/10290_CT_NSD/raw_data_qualimapReportOutsideRegions/coverage_across_reference.txt
16-NRF_bam/qualimap/10290_CT_NSD/raw_data_qualimapReportOutsideRegions/coverage_histogram.txt
16-NRF_bam/qualimap/10290_CT_NSD/raw_data_qualimapReportOutsideRegions/duplication_rate_histogram.txt
16-NRF_bam/qualimap/10290_CT_NSD/raw_data_qualimapReportOutsideRegions/genome_fraction_coverage.txt
16-NRF_bam/qualimap/10290_CT_NSD/raw_data_qualimapReportOutsideRegions/homopolymer_indels.txt
16-NRF_bam/qualimap/10290_CT_NSD/raw_data_qualimapReportOutsideRegions/mapped_reads_clipping_profile.txt
16-NRF_bam/qualimap/10290_CT_NSD/raw_data_qualimapReportOutsideRegions/mapped_reads_gc-content_distribution.txt
16-NRF_bam/qualimap/10290_CT_NSD/raw_data_qualimapReportOutsideRegions/mapped_reads_nucleotide_content.txt
16-NRF_bam/qualimap/10290_CT_NSD/raw_data_qualimapReportOutsideRegions/mapping_quality_across_reference.txt
16-NRF_bam/qualimap/10290_CT_NSD/raw_data_qualimapReportOutsideRegions/mapping_quality_histogram.txt
16-NRF_bam/qualimap/10290_CT_NSD/rnaseq_qc_results.txt
16-NRF_bam/qualimap/9243_FV_NSD/css/agogo.css
16-NRF_bam/qualimap/9243_FV_NSD/css/ajax-loader.gif
16-NRF_bam/qualimap/9243_FV_NSD/css/basic.css
16-NRF_bam/qualimap/9243_FV_NSD/css/bgfooter.png
16-NRF_bam/qualimap/9243_FV_NSD/css/bgtop.png
16-NRF_bam/qualimap/9243_FV_NSD/css/comment-bright.png
16-NRF_bam/qualimap/9243_FV_NSD/css/comment-close.png
16-NRF_bam/qualimap/9243_FV_NSD/css/comment.png
16-NRF_bam/qualimap/9243_FV_NSD/css/doctools.js
16-NRF_bam/qualimap/9243_FV_NSD/css/down.png
16-NRF_bam/qualimap/9243_FV_NSD/css/down-pressed.png
16-NRF_bam/qualimap/9243_FV_NSD/css/file.png
16-NRF_bam/qualimap/9243_FV_NSD/css/jquery.js
16-NRF_bam/qualimap/9243_FV_NSD/css/minus.png
16-NRF_bam/qualimap/9243_FV_NSD/css/plus.png
16-NRF_bam/qualimap/9243_FV_NSD/css/pygments.css
16-NRF_bam/qualimap/9243_FV_NSD/css/qualimap_logo_small.png
16-NRF_bam/qualimap/9243_FV_NSD/css/report.css
16-NRF_bam/qualimap/9243_FV_NSD/css/searchtools.js
16-NRF_bam/qualimap/9243_FV_NSD/css/underscore.js
16-NRF_bam/qualimap/9243_FV_NSD/css/up.png
16-NRF_bam/qualimap/9243_FV_NSD/css/up-pressed.png
16-NRF_bam/qualimap/9243_FV_NSD/css/websupport.js
16-NRF_bam/qualimap/9243_FV_NSD/genome_results.txt
16-NRF_bam/qualimap/9243_FV_NSD/images_qualimapReport/Coverage Profile Along Genes (High).png
16-NRF_bam/qualimap/9243_FV_NSD/images_qualimapReport/Coverage Profile Along Genes (Low).png
16-NRF_bam/qualimap/9243_FV_NSD/images_qualimapReport/Coverage Profile Along Genes (Total).png
16-NRF_bam/qualimap/9243_FV_NSD/images_qualimapReport/genome_coverage_0to50_histogram.png
16-NRF_bam/qualimap/9243_FV_NSD/images_qualimapReport/genome_coverage_across_reference.png
16-NRF_bam/qualimap/9243_FV_NSD/images_qualimapReport/genome_coverage_histogram.png
16-NRF_bam/qualimap/9243_FV_NSD/images_qualimapReport/genome_coverage_quotes.png
16-NRF_bam/qualimap/9243_FV_NSD/images_qualimapReport/genome_gc_content_per_window.png
16-NRF_bam/qualimap/9243_FV_NSD/images_qualimapReport/genome_homopolymer_indels.png
16-NRF_bam/qualimap/9243_FV_NSD/images_qualimapReport/genome_mapping_quality_across_reference.png
16-NRF_bam/qualimap/9243_FV_NSD/images_qualimapReport/genome_mapping_quality_histogram.png
16-NRF_bam/qualimap/9243_FV_NSD/images_qualimapReport/genome_reads_clipping_profile.png
16-NRF_bam/qualimap/9243_FV_NSD/images_qualimapReport/genome_reads_content_per_read_position.png
16-NRF_bam/qualimap/9243_FV_NSD/images_qualimapReport/genome_uniq_read_starts_histogram.png
16-NRF_bam/qualimap/9243_FV_NSD/images_qualimapReport/Junction Analysis.png
16-NRF_bam/qualimap/9243_FV_NSD/images_qualimapReportOutsideRegions/outside_coverage_0to50_histogram.png
16-NRF_bam/qualimap/9243_FV_NSD/images_qualimapReportOutsideRegions/outside_coverage_across_reference.png
16-NRF_bam/qualimap/9243_FV_NSD/images_qualimapReportOutsideRegions/outside_coverage_histogram.png
16-NRF_bam/qualimap/9243_FV_NSD/images_qualimapReportOutsideRegions/outside_coverage_quotes.png
16-NRF_bam/qualimap/9243_FV_NSD/images_qualimapReportOutsideRegions/outside_gc_content_per_window.png
16-NRF_bam/qualimap/9243_FV_NSD/images_qualimapReportOutsideRegions/outside_homopolymer_indels.png
16-NRF_bam/qualimap/9243_FV_NSD/images_qualimapReportOutsideRegions/outside_mapping_quality_across_reference.png
16-NRF_bam/qualimap/9243_FV_NSD/images_qualimapReportOutsideRegions/outside_mapping_quality_histogram.png
16-NRF_bam/qualimap/9243_FV_NSD/images_qualimapReportOutsideRegions/outside_reads_clipping_profile.png
16-NRF_bam/qualimap/9243_FV_NSD/images_qualimapReportOutsideRegions/outside_reads_content_per_read_position.png
16-NRF_bam/qualimap/9243_FV_NSD/images_qualimapReportOutsideRegions/outside_uniq_read_starts_histogram.png
16-NRF_bam/qualimap/9243_FV_NSD/images_qualimapReport/Reads Genomic Origin.png
16-NRF_bam/qualimap/9243_FV_NSD/images_qualimapReport/Transcript coverage histogram.png
16-NRF_bam/qualimap/9243_FV_NSD/outside_results.txt
16-NRF_bam/qualimap/9243_FV_NSD/outside_window.txt
16-NRF_bam/qualimap/9243_FV_NSD/qualimapReport.html
16-NRF_bam/qualimap/9243_FV_NSD/qualimapReportOutsideRegions.html
16-NRF_bam/qualimap/9243_FV_NSD/raw_data_qualimapReport/coverage_across_reference.txt
16-NRF_bam/qualimap/9243_FV_NSD/raw_data_qualimapReport/coverage_histogram.txt
16-NRF_bam/qualimap/9243_FV_NSD/raw_data_qualimapReport/coverage_profile_along_genes_(high).txt
16-NRF_bam/qualimap/9243_FV_NSD/raw_data_qualimapReport/coverage_profile_along_genes_(low).txt
16-NRF_bam/qualimap/9243_FV_NSD/raw_data_qualimapReport/coverage_profile_along_genes_(total).txt
16-NRF_bam/qualimap/9243_FV_NSD/raw_data_qualimapReport/duplication_rate_histogram.txt
16-NRF_bam/qualimap/9243_FV_NSD/raw_data_qualimapReport/genome_fraction_coverage.txt
16-NRF_bam/qualimap/9243_FV_NSD/raw_data_qualimapReport/homopolymer_indels.txt
16-NRF_bam/qualimap/9243_FV_NSD/raw_data_qualimapReport/mapped_reads_clipping_profile.txt
16-NRF_bam/qualimap/9243_FV_NSD/raw_data_qualimapReport/mapped_reads_gc-content_distribution.txt
16-NRF_bam/qualimap/9243_FV_NSD/raw_data_qualimapReport/mapped_reads_nucleotide_content.txt
16-NRF_bam/qualimap/9243_FV_NSD/raw_data_qualimapReport/mapping_quality_across_reference.txt
16-NRF_bam/qualimap/9243_FV_NSD/raw_data_qualimapReport/mapping_quality_histogram.txt
16-NRF_bam/qualimap/9243_FV_NSD/raw_data_qualimapReportOutsideRegions/coverage_across_reference.txt
16-NRF_bam/qualimap/9243_FV_NSD/raw_data_qualimapReportOutsideRegions/coverage_histogram.txt
16-NRF_bam/qualimap/9243_FV_NSD/raw_data_qualimapReportOutsideRegions/duplication_rate_histogram.txt
16-NRF_bam/qualimap/9243_FV_NSD/raw_data_qualimapReportOutsideRegions/genome_fraction_coverage.txt
16-NRF_bam/qualimap/9243_FV_NSD/raw_data_qualimapReportOutsideRegions/homopolymer_indels.txt
16-NRF_bam/qualimap/9243_FV_NSD/raw_data_qualimapReportOutsideRegions/mapped_reads_clipping_profile.txt
16-NRF_bam/qualimap/9243_FV_NSD/raw_data_qualimapReportOutsideRegions/mapped_reads_gc-content_distribution.txt
16-NRF_bam/qualimap/9243_FV_NSD/raw_data_qualimapReportOutsideRegions/mapped_reads_nucleotide_content.txt
16-NRF_bam/qualimap/9243_FV_NSD/raw_data_qualimapReportOutsideRegions/mapping_quality_across_reference.txt
16-NRF_bam/qualimap/9243_FV_NSD/raw_data_qualimapReportOutsideRegions/mapping_quality_histogram.txt
16-NRF_bam/qualimap/9243_FV_NSD/rnaseq_qc_results.txt
16-NRF_bam/qualimap/9244_FT_NSD/css/agogo.css
16-NRF_bam/qualimap/9244_FT_NSD/css/ajax-loader.gif
16-NRF_bam/qualimap/9244_FT_NSD/css/basic.css
16-NRF_bam/qualimap/9244_FT_NSD/css/bgfooter.png
16-NRF_bam/qualimap/9244_FT_NSD/css/bgtop.png
16-NRF_bam/qualimap/9244_FT_NSD/css/comment-bright.png
16-NRF_bam/qualimap/9244_FT_NSD/css/comment-close.png
16-NRF_bam/qualimap/9244_FT_NSD/css/comment.png
16-NRF_bam/qualimap/9244_FT_NSD/css/doctools.js
16-NRF_bam/qualimap/9244_FT_NSD/css/down.png
16-NRF_bam/qualimap/9244_FT_NSD/css/down-pressed.png
16-NRF_bam/qualimap/9244_FT_NSD/css/file.png
16-NRF_bam/qualimap/9244_FT_NSD/css/jquery.js
16-NRF_bam/qualimap/9244_FT_NSD/css/minus.png
16-NRF_bam/qualimap/9244_FT_NSD/css/plus.png
16-NRF_bam/qualimap/9244_FT_NSD/css/pygments.css
16-NRF_bam/qualimap/9244_FT_NSD/css/qualimap_logo_small.png
16-NRF_bam/qualimap/9244_FT_NSD/css/report.css
16-NRF_bam/qualimap/9244_FT_NSD/css/searchtools.js
16-NRF_bam/qualimap/9244_FT_NSD/css/underscore.js
16-NRF_bam/qualimap/9244_FT_NSD/css/up.png
16-NRF_bam/qualimap/9244_FT_NSD/css/up-pressed.png
16-NRF_bam/qualimap/9244_FT_NSD/css/websupport.js
16-NRF_bam/qualimap/9244_FT_NSD/genome_results.txt
16-NRF_bam/qualimap/9244_FT_NSD/images_qualimapReport/Coverage Profile Along Genes (High).png
16-NRF_bam/qualimap/9244_FT_NSD/images_qualimapReport/Coverage Profile Along Genes (Low).png
16-NRF_bam/qualimap/9244_FT_NSD/images_qualimapReport/Coverage Profile Along Genes (Total).png
16-NRF_bam/qualimap/9244_FT_NSD/images_qualimapReport/genome_coverage_0to50_histogram.png
16-NRF_bam/qualimap/9244_FT_NSD/images_qualimapReport/genome_coverage_across_reference.png
16-NRF_bam/qualimap/9244_FT_NSD/images_qualimapReport/genome_coverage_histogram.png
16-NRF_bam/qualimap/9244_FT_NSD/images_qualimapReport/genome_coverage_quotes.png
16-NRF_bam/qualimap/9244_FT_NSD/images_qualimapReport/genome_gc_content_per_window.png
16-NRF_bam/qualimap/9244_FT_NSD/images_qualimapReport/genome_homopolymer_indels.png
16-NRF_bam/qualimap/9244_FT_NSD/images_qualimapReport/genome_mapping_quality_across_reference.png
16-NRF_bam/qualimap/9244_FT_NSD/images_qualimapReport/genome_mapping_quality_histogram.png
16-NRF_bam/qualimap/9244_FT_NSD/images_qualimapReport/genome_reads_clipping_profile.png
16-NRF_bam/qualimap/9244_FT_NSD/images_qualimapReport/genome_reads_content_per_read_position.png
16-NRF_bam/qualimap/9244_FT_NSD/images_qualimapReport/genome_uniq_read_starts_histogram.png
16-NRF_bam/qualimap/9244_FT_NSD/images_qualimapReport/Junction Analysis.png
16-NRF_bam/qualimap/9244_FT_NSD/images_qualimapReportOutsideRegions/outside_coverage_0to50_histogram.png
16-NRF_bam/qualimap/9244_FT_NSD/images_qualimapReportOutsideRegions/outside_coverage_across_reference.png
16-NRF_bam/qualimap/9244_FT_NSD/images_qualimapReportOutsideRegions/outside_coverage_histogram.png
16-NRF_bam/qualimap/9244_FT_NSD/images_qualimapReportOutsideRegions/outside_coverage_quotes.png
16-NRF_bam/qualimap/9244_FT_NSD/images_qualimapReportOutsideRegions/outside_gc_content_per_window.png
16-NRF_bam/qualimap/9244_FT_NSD/images_qualimapReportOutsideRegions/outside_homopolymer_indels.png
16-NRF_bam/qualimap/9244_FT_NSD/images_qualimapReportOutsideRegions/outside_mapping_quality_across_reference.png
16-NRF_bam/qualimap/9244_FT_NSD/images_qualimapReportOutsideRegions/outside_mapping_quality_histogram.png
16-NRF_bam/qualimap/9244_FT_NSD/images_qualimapReportOutsideRegions/outside_reads_clipping_profile.png
16-NRF_bam/qualimap/9244_FT_NSD/images_qualimapReportOutsideRegions/outside_reads_content_per_read_position.png
16-NRF_bam/qualimap/9244_FT_NSD/images_qualimapReportOutsideRegions/outside_uniq_read_starts_histogram.png
16-NRF_bam/qualimap/9244_FT_NSD/images_qualimapReport/Reads Genomic Origin.png
16-NRF_bam/qualimap/9244_FT_NSD/images_qualimapReport/Transcript coverage histogram.png
16-NRF_bam/qualimap/9244_FT_NSD/outside_results.txt
16-NRF_bam/qualimap/9244_FT_NSD/outside_window.txt
16-NRF_bam/qualimap/9244_FT_NSD/qualimapReport.html
16-NRF_bam/qualimap/9244_FT_NSD/qualimapReportOutsideRegions.html
16-NRF_bam/qualimap/9244_FT_NSD/raw_data_qualimapReport/coverage_across_reference.txt
16-NRF_bam/qualimap/9244_FT_NSD/raw_data_qualimapReport/coverage_histogram.txt
16-NRF_bam/qualimap/9244_FT_NSD/raw_data_qualimapReport/coverage_profile_along_genes_(high).txt
16-NRF_bam/qualimap/9244_FT_NSD/raw_data_qualimapReport/coverage_profile_along_genes_(low).txt
16-NRF_bam/qualimap/9244_FT_NSD/raw_data_qualimapReport/coverage_profile_along_genes_(total).txt
16-NRF_bam/qualimap/9244_FT_NSD/raw_data_qualimapReport/duplication_rate_histogram.txt
16-NRF_bam/qualimap/9244_FT_NSD/raw_data_qualimapReport/genome_fraction_coverage.txt
16-NRF_bam/qualimap/9244_FT_NSD/raw_data_qualimapReport/homopolymer_indels.txt
16-NRF_bam/qualimap/9244_FT_NSD/raw_data_qualimapReport/mapped_reads_clipping_profile.txt
16-NRF_bam/qualimap/9244_FT_NSD/raw_data_qualimapReport/mapped_reads_gc-content_distribution.txt
16-NRF_bam/qualimap/9244_FT_NSD/raw_data_qualimapReport/mapped_reads_nucleotide_content.txt
16-NRF_bam/qualimap/9244_FT_NSD/raw_data_qualimapReport/mapping_quality_across_reference.txt
16-NRF_bam/qualimap/9244_FT_NSD/raw_data_qualimapReport/mapping_quality_histogram.txt
16-NRF_bam/qualimap/9244_FT_NSD/raw_data_qualimapReportOutsideRegions/coverage_across_reference.txt
16-NRF_bam/qualimap/9244_FT_NSD/raw_data_qualimapReportOutsideRegions/coverage_histogram.txt
16-NRF_bam/qualimap/9244_FT_NSD/raw_data_qualimapReportOutsideRegions/duplication_rate_histogram.txt
16-NRF_bam/qualimap/9244_FT_NSD/raw_data_qualimapReportOutsideRegions/genome_fraction_coverage.txt
16-NRF_bam/qualimap/9244_FT_NSD/raw_data_qualimapReportOutsideRegions/homopolymer_indels.txt
16-NRF_bam/qualimap/9244_FT_NSD/raw_data_qualimapReportOutsideRegions/mapped_reads_clipping_profile.txt
16-NRF_bam/qualimap/9244_FT_NSD/raw_data_qualimapReportOutsideRegions/mapped_reads_gc-content_distribution.txt
16-NRF_bam/qualimap/9244_FT_NSD/raw_data_qualimapReportOutsideRegions/mapped_reads_nucleotide_content.txt
16-NRF_bam/qualimap/9244_FT_NSD/raw_data_qualimapReportOutsideRegions/mapping_quality_across_reference.txt
16-NRF_bam/qualimap/9244_FT_NSD/raw_data_qualimapReportOutsideRegions/mapping_quality_histogram.txt
16-NRF_bam/qualimap/9244_FT_NSD/rnaseq_qc_results.txt
16-NRF_bam/qualimap/9268_CT_NSD/css/agogo.css
16-NRF_bam/qualimap/9268_CT_NSD/css/ajax-loader.gif
16-NRF_bam/qualimap/9268_CT_NSD/css/basic.css
16-NRF_bam/qualimap/9268_CT_NSD/css/bgfooter.png
16-NRF_bam/qualimap/9268_CT_NSD/css/bgtop.png
16-NRF_bam/qualimap/9268_CT_NSD/css/comment-bright.png
16-NRF_bam/qualimap/9268_CT_NSD/css/comment-close.png
16-NRF_bam/qualimap/9268_CT_NSD/css/comment.png
16-NRF_bam/qualimap/9268_CT_NSD/css/doctools.js
16-NRF_bam/qualimap/9268_CT_NSD/css/down.png
16-NRF_bam/qualimap/9268_CT_NSD/css/down-pressed.png
16-NRF_bam/qualimap/9268_CT_NSD/css/file.png
16-NRF_bam/qualimap/9268_CT_NSD/css/jquery.js
16-NRF_bam/qualimap/9268_CT_NSD/css/minus.png
16-NRF_bam/qualimap/9268_CT_NSD/css/plus.png
16-NRF_bam/qualimap/9268_CT_NSD/css/pygments.css
16-NRF_bam/qualimap/9268_CT_NSD/css/qualimap_logo_small.png
16-NRF_bam/qualimap/9268_CT_NSD/css/report.css
16-NRF_bam/qualimap/9268_CT_NSD/css/searchtools.js
16-NRF_bam/qualimap/9268_CT_NSD/css/underscore.js
16-NRF_bam/qualimap/9268_CT_NSD/css/up.png
16-NRF_bam/qualimap/9268_CT_NSD/css/up-pressed.png
16-NRF_bam/qualimap/9268_CT_NSD/css/websupport.js
16-NRF_bam/qualimap/9268_CT_NSD/genome_results.txt
16-NRF_bam/qualimap/9268_CT_NSD/images_qualimapReport/Coverage Profile Along Genes (High).png
16-NRF_bam/qualimap/9268_CT_NSD/images_qualimapReport/Coverage Profile Along Genes (Low).png
16-NRF_bam/qualimap/9268_CT_NSD/images_qualimapReport/Coverage Profile Along Genes (Total).png
16-NRF_bam/qualimap/9268_CT_NSD/images_qualimapReport/genome_coverage_0to50_histogram.png
16-NRF_bam/qualimap/9268_CT_NSD/images_qualimapReport/genome_coverage_across_reference.png
16-NRF_bam/qualimap/9268_CT_NSD/images_qualimapReport/genome_coverage_histogram.png
16-NRF_bam/qualimap/9268_CT_NSD/images_qualimapReport/genome_coverage_quotes.png
16-NRF_bam/qualimap/9268_CT_NSD/images_qualimapReport/genome_gc_content_per_window.png
16-NRF_bam/qualimap/9268_CT_NSD/images_qualimapReport/genome_homopolymer_indels.png
16-NRF_bam/qualimap/9268_CT_NSD/images_qualimapReport/genome_mapping_quality_across_reference.png
16-NRF_bam/qualimap/9268_CT_NSD/images_qualimapReport/genome_mapping_quality_histogram.png
16-NRF_bam/qualimap/9268_CT_NSD/images_qualimapReport/genome_reads_clipping_profile.png
16-NRF_bam/qualimap/9268_CT_NSD/images_qualimapReport/genome_reads_content_per_read_position.png
16-NRF_bam/qualimap/9268_CT_NSD/images_qualimapReport/genome_uniq_read_starts_histogram.png
16-NRF_bam/qualimap/9268_CT_NSD/images_qualimapReport/Junction Analysis.png
16-NRF_bam/qualimap/9268_CT_NSD/images_qualimapReportOutsideRegions/outside_coverage_0to50_histogram.png
16-NRF_bam/qualimap/9268_CT_NSD/images_qualimapReportOutsideRegions/outside_coverage_across_reference.png
16-NRF_bam/qualimap/9268_CT_NSD/images_qualimapReportOutsideRegions/outside_coverage_histogram.png
16-NRF_bam/qualimap/9268_CT_NSD/images_qualimapReportOutsideRegions/outside_coverage_quotes.png
16-NRF_bam/qualimap/9268_CT_NSD/images_qualimapReportOutsideRegions/outside_gc_content_per_window.png
16-NRF_bam/qualimap/9268_CT_NSD/images_qualimapReportOutsideRegions/outside_homopolymer_indels.png
16-NRF_bam/qualimap/9268_CT_NSD/images_qualimapReportOutsideRegions/outside_mapping_quality_across_reference.png
16-NRF_bam/qualimap/9268_CT_NSD/images_qualimapReportOutsideRegions/outside_mapping_quality_histogram.png
16-NRF_bam/qualimap/9268_CT_NSD/images_qualimapReportOutsideRegions/outside_reads_clipping_profile.png
16-NRF_bam/qualimap/9268_CT_NSD/images_qualimapReportOutsideRegions/outside_reads_content_per_read_position.png
16-NRF_bam/qualimap/9268_CT_NSD/images_qualimapReportOutsideRegions/outside_uniq_read_starts_histogram.png
16-NRF_bam/qualimap/9268_CT_NSD/images_qualimapReport/Reads Genomic Origin.png
16-NRF_bam/qualimap/9268_CT_NSD/images_qualimapReport/Transcript coverage histogram.png
16-NRF_bam/qualimap/9268_CT_NSD/outside_results.txt
16-NRF_bam/qualimap/9268_CT_NSD/outside_window.txt
16-NRF_bam/qualimap/9268_CT_NSD/qualimapReport.html
16-NRF_bam/qualimap/9268_CT_NSD/qualimapReportOutsideRegions.html
16-NRF_bam/qualimap/9268_CT_NSD/raw_data_qualimapReport/coverage_across_reference.txt
16-NRF_bam/qualimap/9268_CT_NSD/raw_data_qualimapReport/coverage_histogram.txt
16-NRF_bam/qualimap/9268_CT_NSD/raw_data_qualimapReport/coverage_profile_along_genes_(high).txt
16-NRF_bam/qualimap/9268_CT_NSD/raw_data_qualimapReport/coverage_profile_along_genes_(low).txt
16-NRF_bam/qualimap/9268_CT_NSD/raw_data_qualimapReport/coverage_profile_along_genes_(total).txt
16-NRF_bam/qualimap/9268_CT_NSD/raw_data_qualimapReport/duplication_rate_histogram.txt
16-NRF_bam/qualimap/9268_CT_NSD/raw_data_qualimapReport/genome_fraction_coverage.txt
16-NRF_bam/qualimap/9268_CT_NSD/raw_data_qualimapReport/homopolymer_indels.txt
16-NRF_bam/qualimap/9268_CT_NSD/raw_data_qualimapReport/mapped_reads_clipping_profile.txt
16-NRF_bam/qualimap/9268_CT_NSD/raw_data_qualimapReport/mapped_reads_gc-content_distribution.txt
16-NRF_bam/qualimap/9268_CT_NSD/raw_data_qualimapReport/mapped_reads_nucleotide_content.txt
16-NRF_bam/qualimap/9268_CT_NSD/raw_data_qualimapReport/mapping_quality_across_reference.txt
16-NRF_bam/qualimap/9268_CT_NSD/raw_data_qualimapReport/mapping_quality_histogram.txt
16-NRF_bam/qualimap/9268_CT_NSD/raw_data_qualimapReportOutsideRegions/coverage_across_reference.txt
16-NRF_bam/qualimap/9268_CT_NSD/raw_data_qualimapReportOutsideRegions/coverage_histogram.txt
16-NRF_bam/qualimap/9268_CT_NSD/raw_data_qualimapReportOutsideRegions/duplication_rate_histogram.txt
16-NRF_bam/qualimap/9268_CT_NSD/raw_data_qualimapReportOutsideRegions/genome_fraction_coverage.txt
16-NRF_bam/qualimap/9268_CT_NSD/raw_data_qualimapReportOutsideRegions/homopolymer_indels.txt
16-NRF_bam/qualimap/9268_CT_NSD/raw_data_qualimapReportOutsideRegions/mapped_reads_clipping_profile.txt
16-NRF_bam/qualimap/9268_CT_NSD/raw_data_qualimapReportOutsideRegions/mapped_reads_gc-content_distribution.txt
16-NRF_bam/qualimap/9268_CT_NSD/raw_data_qualimapReportOutsideRegions/mapped_reads_nucleotide_content.txt
16-NRF_bam/qualimap/9268_CT_NSD/raw_data_qualimapReportOutsideRegions/mapping_quality_across_reference.txt
16-NRF_bam/qualimap/9268_CT_NSD/raw_data_qualimapReportOutsideRegions/mapping_quality_histogram.txt
16-NRF_bam/qualimap/9268_CT_NSD/rnaseq_qc_results.txt
16-NRF_bam/qualimap/9279_CT_NSD/css/agogo.css
16-NRF_bam/qualimap/9279_CT_NSD/css/ajax-loader.gif
16-NRF_bam/qualimap/9279_CT_NSD/css/basic.css
16-NRF_bam/qualimap/9279_CT_NSD/css/bgfooter.png
16-NRF_bam/qualimap/9279_CT_NSD/css/bgtop.png
16-NRF_bam/qualimap/9279_CT_NSD/css/comment-bright.png
16-NRF_bam/qualimap/9279_CT_NSD/css/comment-close.png
16-NRF_bam/qualimap/9279_CT_NSD/css/comment.png
16-NRF_bam/qualimap/9279_CT_NSD/css/doctools.js
16-NRF_bam/qualimap/9279_CT_NSD/css/down.png
16-NRF_bam/qualimap/9279_CT_NSD/css/down-pressed.png
16-NRF_bam/qualimap/9279_CT_NSD/css/file.png
16-NRF_bam/qualimap/9279_CT_NSD/css/jquery.js
16-NRF_bam/qualimap/9279_CT_NSD/css/minus.png
16-NRF_bam/qualimap/9279_CT_NSD/css/plus.png
16-NRF_bam/qualimap/9279_CT_NSD/css/pygments.css
16-NRF_bam/qualimap/9279_CT_NSD/css/qualimap_logo_small.png
16-NRF_bam/qualimap/9279_CT_NSD/css/report.css
16-NRF_bam/qualimap/9279_CT_NSD/css/searchtools.js
16-NRF_bam/qualimap/9279_CT_NSD/css/underscore.js
16-NRF_bam/qualimap/9279_CT_NSD/css/up.png
16-NRF_bam/qualimap/9279_CT_NSD/css/up-pressed.png
16-NRF_bam/qualimap/9279_CT_NSD/css/websupport.js
16-NRF_bam/qualimap/9279_CT_NSD/genome_results.txt
16-NRF_bam/qualimap/9279_CT_NSD/images_qualimapReport/Coverage Profile Along Genes (High).png
16-NRF_bam/qualimap/9279_CT_NSD/images_qualimapReport/Coverage Profile Along Genes (Low).png
16-NRF_bam/qualimap/9279_CT_NSD/images_qualimapReport/Coverage Profile Along Genes (Total).png
16-NRF_bam/qualimap/9279_CT_NSD/images_qualimapReport/genome_coverage_0to50_histogram.png
16-NRF_bam/qualimap/9279_CT_NSD/images_qualimapReport/genome_coverage_across_reference.png
16-NRF_bam/qualimap/9279_CT_NSD/images_qualimapReport/genome_coverage_histogram.png
16-NRF_bam/qualimap/9279_CT_NSD/images_qualimapReport/genome_coverage_quotes.png
16-NRF_bam/qualimap/9279_CT_NSD/images_qualimapReport/genome_gc_content_per_window.png
16-NRF_bam/qualimap/9279_CT_NSD/images_qualimapReport/genome_homopolymer_indels.png
16-NRF_bam/qualimap/9279_CT_NSD/images_qualimapReport/genome_mapping_quality_across_reference.png
16-NRF_bam/qualimap/9279_CT_NSD/images_qualimapReport/genome_mapping_quality_histogram.png
16-NRF_bam/qualimap/9279_CT_NSD/images_qualimapReport/genome_reads_clipping_profile.png
16-NRF_bam/qualimap/9279_CT_NSD/images_qualimapReport/genome_reads_content_per_read_position.png
16-NRF_bam/qualimap/9279_CT_NSD/images_qualimapReport/genome_uniq_read_starts_histogram.png
16-NRF_bam/qualimap/9279_CT_NSD/images_qualimapReport/Junction Analysis.png
16-NRF_bam/qualimap/9279_CT_NSD/images_qualimapReportOutsideRegions/outside_coverage_0to50_histogram.png
16-NRF_bam/qualimap/9279_CT_NSD/images_qualimapReportOutsideRegions/outside_coverage_across_reference.png
16-NRF_bam/qualimap/9279_CT_NSD/images_qualimapReportOutsideRegions/outside_coverage_histogram.png
16-NRF_bam/qualimap/9279_CT_NSD/images_qualimapReportOutsideRegions/outside_coverage_quotes.png
16-NRF_bam/qualimap/9279_CT_NSD/images_qualimapReportOutsideRegions/outside_gc_content_per_window.png
16-NRF_bam/qualimap/9279_CT_NSD/images_qualimapReportOutsideRegions/outside_homopolymer_indels.png
16-NRF_bam/qualimap/9279_CT_NSD/images_qualimapReportOutsideRegions/outside_mapping_quality_across_reference.png
16-NRF_bam/qualimap/9279_CT_NSD/images_qualimapReportOutsideRegions/outside_mapping_quality_histogram.png
16-NRF_bam/qualimap/9279_CT_NSD/images_qualimapReportOutsideRegions/outside_reads_clipping_profile.png
16-NRF_bam/qualimap/9279_CT_NSD/images_qualimapReportOutsideRegions/outside_reads_content_per_read_position.png
16-NRF_bam/qualimap/9279_CT_NSD/images_qualimapReportOutsideRegions/outside_uniq_read_starts_histogram.png
16-NRF_bam/qualimap/9279_CT_NSD/images_qualimapReport/Reads Genomic Origin.png
16-NRF_bam/qualimap/9279_CT_NSD/images_qualimapReport/Transcript coverage histogram.png
16-NRF_bam/qualimap/9279_CT_NSD/outside_results.txt
16-NRF_bam/qualimap/9279_CT_NSD/outside_window.txt
16-NRF_bam/qualimap/9279_CT_NSD/qualimapReport.html
16-NRF_bam/qualimap/9279_CT_NSD/qualimapReportOutsideRegions.html
16-NRF_bam/qualimap/9279_CT_NSD/raw_data_qualimapReport/coverage_across_reference.txt
16-NRF_bam/qualimap/9279_CT_NSD/raw_data_qualimapReport/coverage_histogram.txt
16-NRF_bam/qualimap/9279_CT_NSD/raw_data_qualimapReport/coverage_profile_along_genes_(high).txt
16-NRF_bam/qualimap/9279_CT_NSD/raw_data_qualimapReport/coverage_profile_along_genes_(low).txt
16-NRF_bam/qualimap/9279_CT_NSD/raw_data_qualimapReport/coverage_profile_along_genes_(total).txt
16-NRF_bam/qualimap/9279_CT_NSD/raw_data_qualimapReport/duplication_rate_histogram.txt
16-NRF_bam/qualimap/9279_CT_NSD/raw_data_qualimapReport/genome_fraction_coverage.txt
16-NRF_bam/qualimap/9279_CT_NSD/raw_data_qualimapReport/homopolymer_indels.txt
16-NRF_bam/qualimap/9279_CT_NSD/raw_data_qualimapReport/mapped_reads_clipping_profile.txt
16-NRF_bam/qualimap/9279_CT_NSD/raw_data_qualimapReport/mapped_reads_gc-content_distribution.txt
16-NRF_bam/qualimap/9279_CT_NSD/raw_data_qualimapReport/mapped_reads_nucleotide_content.txt
16-NRF_bam/qualimap/9279_CT_NSD/raw_data_qualimapReport/mapping_quality_across_reference.txt
16-NRF_bam/qualimap/9279_CT_NSD/raw_data_qualimapReport/mapping_quality_histogram.txt
16-NRF_bam/qualimap/9279_CT_NSD/raw_data_qualimapReportOutsideRegions/coverage_across_reference.txt
16-NRF_bam/qualimap/9279_CT_NSD/raw_data_qualimapReportOutsideRegions/coverage_histogram.txt
16-NRF_bam/qualimap/9279_CT_NSD/raw_data_qualimapReportOutsideRegions/duplication_rate_histogram.txt
16-NRF_bam/qualimap/9279_CT_NSD/raw_data_qualimapReportOutsideRegions/genome_fraction_coverage.txt
16-NRF_bam/qualimap/9279_CT_NSD/raw_data_qualimapReportOutsideRegions/homopolymer_indels.txt
16-NRF_bam/qualimap/9279_CT_NSD/raw_data_qualimapReportOutsideRegions/mapped_reads_clipping_profile.txt
16-NRF_bam/qualimap/9279_CT_NSD/raw_data_qualimapReportOutsideRegions/mapped_reads_gc-content_distribution.txt
16-NRF_bam/qualimap/9279_CT_NSD/raw_data_qualimapReportOutsideRegions/mapped_reads_nucleotide_content.txt
16-NRF_bam/qualimap/9279_CT_NSD/raw_data_qualimapReportOutsideRegions/mapping_quality_across_reference.txt
16-NRF_bam/qualimap/9279_CT_NSD/raw_data_qualimapReportOutsideRegions/mapping_quality_histogram.txt
16-NRF_bam/qualimap/9279_CT_NSD/rnaseq_qc_results.txt
16-NRF_bam/qualimap/9280_CT_SD/css/agogo.css
16-NRF_bam/qualimap/9280_CT_SD/css/ajax-loader.gif
16-NRF_bam/qualimap/9280_CT_SD/css/basic.css
16-NRF_bam/qualimap/9280_CT_SD/css/bgfooter.png
16-NRF_bam/qualimap/9280_CT_SD/css/bgtop.png
16-NRF_bam/qualimap/9280_CT_SD/css/comment-bright.png
16-NRF_bam/qualimap/9280_CT_SD/css/comment-close.png
16-NRF_bam/qualimap/9280_CT_SD/css/comment.png
16-NRF_bam/qualimap/9280_CT_SD/css/doctools.js
16-NRF_bam/qualimap/9280_CT_SD/css/down.png
16-NRF_bam/qualimap/9280_CT_SD/css/down-pressed.png
16-NRF_bam/qualimap/9280_CT_SD/css/file.png
16-NRF_bam/qualimap/9280_CT_SD/css/jquery.js
16-NRF_bam/qualimap/9280_CT_SD/css/minus.png
16-NRF_bam/qualimap/9280_CT_SD/css/plus.png
16-NRF_bam/qualimap/9280_CT_SD/css/pygments.css
16-NRF_bam/qualimap/9280_CT_SD/css/qualimap_logo_small.png
16-NRF_bam/qualimap/9280_CT_SD/css/report.css
16-NRF_bam/qualimap/9280_CT_SD/css/searchtools.js
16-NRF_bam/qualimap/9280_CT_SD/css/underscore.js
16-NRF_bam/qualimap/9280_CT_SD/css/up.png
16-NRF_bam/qualimap/9280_CT_SD/css/up-pressed.png
16-NRF_bam/qualimap/9280_CT_SD/css/websupport.js
16-NRF_bam/qualimap/9280_CT_SD/genome_results.txt
16-NRF_bam/qualimap/9280_CT_SD/images_qualimapReport/Coverage Profile Along Genes (High).png
16-NRF_bam/qualimap/9280_CT_SD/images_qualimapReport/Coverage Profile Along Genes (Low).png
16-NRF_bam/qualimap/9280_CT_SD/images_qualimapReport/Coverage Profile Along Genes (Total).png
16-NRF_bam/qualimap/9280_CT_SD/images_qualimapReport/genome_coverage_0to50_histogram.png
16-NRF_bam/qualimap/9280_CT_SD/images_qualimapReport/genome_coverage_across_reference.png
16-NRF_bam/qualimap/9280_CT_SD/images_qualimapReport/genome_coverage_histogram.png
16-NRF_bam/qualimap/9280_CT_SD/images_qualimapReport/genome_coverage_quotes.png
16-NRF_bam/qualimap/9280_CT_SD/images_qualimapReport/genome_gc_content_per_window.png
16-NRF_bam/qualimap/9280_CT_SD/images_qualimapReport/genome_homopolymer_indels.png
16-NRF_bam/qualimap/9280_CT_SD/images_qualimapReport/genome_mapping_quality_across_reference.png
16-NRF_bam/qualimap/9280_CT_SD/images_qualimapReport/genome_mapping_quality_histogram.png
16-NRF_bam/qualimap/9280_CT_SD/images_qualimapReport/genome_reads_clipping_profile.png
16-NRF_bam/qualimap/9280_CT_SD/images_qualimapReport/genome_reads_content_per_read_position.png
16-NRF_bam/qualimap/9280_CT_SD/images_qualimapReport/genome_uniq_read_starts_histogram.png
16-NRF_bam/qualimap/9280_CT_SD/images_qualimapReport/Junction Analysis.png
16-NRF_bam/qualimap/9280_CT_SD/images_qualimapReportOutsideRegions/outside_coverage_0to50_histogram.png
16-NRF_bam/qualimap/9280_CT_SD/images_qualimapReportOutsideRegions/outside_coverage_across_reference.png
16-NRF_bam/qualimap/9280_CT_SD/images_qualimapReportOutsideRegions/outside_coverage_histogram.png
16-NRF_bam/qualimap/9280_CT_SD/images_qualimapReportOutsideRegions/outside_coverage_quotes.png
16-NRF_bam/qualimap/9280_CT_SD/images_qualimapReportOutsideRegions/outside_gc_content_per_window.png
16-NRF_bam/qualimap/9280_CT_SD/images_qualimapReportOutsideRegions/outside_homopolymer_indels.png
16-NRF_bam/qualimap/9280_CT_SD/images_qualimapReportOutsideRegions/outside_mapping_quality_across_reference.png
16-NRF_bam/qualimap/9280_CT_SD/images_qualimapReportOutsideRegions/outside_mapping_quality_histogram.png
16-NRF_bam/qualimap/9280_CT_SD/images_qualimapReportOutsideRegions/outside_reads_clipping_profile.png
16-NRF_bam/qualimap/9280_CT_SD/images_qualimapReportOutsideRegions/outside_reads_content_per_read_position.png
16-NRF_bam/qualimap/9280_CT_SD/images_qualimapReportOutsideRegions/outside_uniq_read_starts_histogram.png
16-NRF_bam/qualimap/9280_CT_SD/images_qualimapReport/Reads Genomic Origin.png
16-NRF_bam/qualimap/9280_CT_SD/images_qualimapReport/Transcript coverage histogram.png
16-NRF_bam/qualimap/9280_CT_SD/outside_results.txt
16-NRF_bam/qualimap/9280_CT_SD/outside_window.txt
16-NRF_bam/qualimap/9280_CT_SD/qualimapReport.html
16-NRF_bam/qualimap/9280_CT_SD/qualimapReportOutsideRegions.html
16-NRF_bam/qualimap/9280_CT_SD/raw_data_qualimapReport/coverage_across_reference.txt
16-NRF_bam/qualimap/9280_CT_SD/raw_data_qualimapReport/coverage_histogram.txt
16-NRF_bam/qualimap/9280_CT_SD/raw_data_qualimapReport/coverage_profile_along_genes_(high).txt
16-NRF_bam/qualimap/9280_CT_SD/raw_data_qualimapReport/coverage_profile_along_genes_(low).txt
16-NRF_bam/qualimap/9280_CT_SD/raw_data_qualimapReport/coverage_profile_along_genes_(total).txt
16-NRF_bam/qualimap/9280_CT_SD/raw_data_qualimapReport/duplication_rate_histogram.txt
16-NRF_bam/qualimap/9280_CT_SD/raw_data_qualimapReport/genome_fraction_coverage.txt
16-NRF_bam/qualimap/9280_CT_SD/raw_data_qualimapReport/homopolymer_indels.txt
16-NRF_bam/qualimap/9280_CT_SD/raw_data_qualimapReport/mapped_reads_clipping_profile.txt
16-NRF_bam/qualimap/9280_CT_SD/raw_data_qualimapReport/mapped_reads_gc-content_distribution.txt
16-NRF_bam/qualimap/9280_CT_SD/raw_data_qualimapReport/mapped_reads_nucleotide_content.txt
16-NRF_bam/qualimap/9280_CT_SD/raw_data_qualimapReport/mapping_quality_across_reference.txt
16-NRF_bam/qualimap/9280_CT_SD/raw_data_qualimapReport/mapping_quality_histogram.txt
16-NRF_bam/qualimap/9280_CT_SD/raw_data_qualimapReportOutsideRegions/coverage_across_reference.txt
16-NRF_bam/qualimap/9280_CT_SD/raw_data_qualimapReportOutsideRegions/coverage_histogram.txt
16-NRF_bam/qualimap/9280_CT_SD/raw_data_qualimapReportOutsideRegions/duplication_rate_histogram.txt
16-NRF_bam/qualimap/9280_CT_SD/raw_data_qualimapReportOutsideRegions/genome_fraction_coverage.txt
16-NRF_bam/qualimap/9280_CT_SD/raw_data_qualimapReportOutsideRegions/homopolymer_indels.txt
16-NRF_bam/qualimap/9280_CT_SD/raw_data_qualimapReportOutsideRegions/mapped_reads_clipping_profile.txt
16-NRF_bam/qualimap/9280_CT_SD/raw_data_qualimapReportOutsideRegions/mapped_reads_gc-content_distribution.txt
16-NRF_bam/qualimap/9280_CT_SD/raw_data_qualimapReportOutsideRegions/mapped_reads_nucleotide_content.txt
16-NRF_bam/qualimap/9280_CT_SD/raw_data_qualimapReportOutsideRegions/mapping_quality_across_reference.txt
16-NRF_bam/qualimap/9280_CT_SD/raw_data_qualimapReportOutsideRegions/mapping_quality_histogram.txt
16-NRF_bam/qualimap/9280_CT_SD/rnaseq_qc_results.txt
16-NRF_bam/qualimap/9347_FV_SD/css/agogo.css
16-NRF_bam/qualimap/9347_FV_SD/css/ajax-loader.gif
16-NRF_bam/qualimap/9347_FV_SD/css/basic.css
16-NRF_bam/qualimap/9347_FV_SD/css/bgfooter.png
16-NRF_bam/qualimap/9347_FV_SD/css/bgtop.png
16-NRF_bam/qualimap/9347_FV_SD/css/comment-bright.png
16-NRF_bam/qualimap/9347_FV_SD/css/comment-close.png
16-NRF_bam/qualimap/9347_FV_SD/css/comment.png
16-NRF_bam/qualimap/9347_FV_SD/css/doctools.js
16-NRF_bam/qualimap/9347_FV_SD/css/down.png
16-NRF_bam/qualimap/9347_FV_SD/css/down-pressed.png
16-NRF_bam/qualimap/9347_FV_SD/css/file.png
16-NRF_bam/qualimap/9347_FV_SD/css/jquery.js
16-NRF_bam/qualimap/9347_FV_SD/css/minus.png
16-NRF_bam/qualimap/9347_FV_SD/css/plus.png
16-NRF_bam/qualimap/9347_FV_SD/css/pygments.css
16-NRF_bam/qualimap/9347_FV_SD/css/qualimap_logo_small.png
16-NRF_bam/qualimap/9347_FV_SD/css/report.css
16-NRF_bam/qualimap/9347_FV_SD/css/searchtools.js
16-NRF_bam/qualimap/9347_FV_SD/css/underscore.js
16-NRF_bam/qualimap/9347_FV_SD/css/up.png
16-NRF_bam/qualimap/9347_FV_SD/css/up-pressed.png
16-NRF_bam/qualimap/9347_FV_SD/css/websupport.js
16-NRF_bam/qualimap/9347_FV_SD/genome_results.txt
16-NRF_bam/qualimap/9347_FV_SD/images_qualimapReport/Coverage Profile Along Genes (High).png
16-NRF_bam/qualimap/9347_FV_SD/images_qualimapReport/Coverage Profile Along Genes (Low).png
16-NRF_bam/qualimap/9347_FV_SD/images_qualimapReport/Coverage Profile Along Genes (Total).png
16-NRF_bam/qualimap/9347_FV_SD/images_qualimapReport/genome_coverage_0to50_histogram.png
16-NRF_bam/qualimap/9347_FV_SD/images_qualimapReport/genome_coverage_across_reference.png
16-NRF_bam/qualimap/9347_FV_SD/images_qualimapReport/genome_coverage_histogram.png
16-NRF_bam/qualimap/9347_FV_SD/images_qualimapReport/genome_coverage_quotes.png
16-NRF_bam/qualimap/9347_FV_SD/images_qualimapReport/genome_gc_content_per_window.png
16-NRF_bam/qualimap/9347_FV_SD/images_qualimapReport/genome_homopolymer_indels.png
16-NRF_bam/qualimap/9347_FV_SD/images_qualimapReport/genome_mapping_quality_across_reference.png
16-NRF_bam/qualimap/9347_FV_SD/images_qualimapReport/genome_mapping_quality_histogram.png
16-NRF_bam/qualimap/9347_FV_SD/images_qualimapReport/genome_reads_clipping_profile.png
16-NRF_bam/qualimap/9347_FV_SD/images_qualimapReport/genome_reads_content_per_read_position.png
16-NRF_bam/qualimap/9347_FV_SD/images_qualimapReport/genome_uniq_read_starts_histogram.png
16-NRF_bam/qualimap/9347_FV_SD/images_qualimapReport/Junction Analysis.png
16-NRF_bam/qualimap/9347_FV_SD/images_qualimapReportOutsideRegions/outside_coverage_0to50_histogram.png
16-NRF_bam/qualimap/9347_FV_SD/images_qualimapReportOutsideRegions/outside_coverage_across_reference.png
16-NRF_bam/qualimap/9347_FV_SD/images_qualimapReportOutsideRegions/outside_coverage_histogram.png
16-NRF_bam/qualimap/9347_FV_SD/images_qualimapReportOutsideRegions/outside_coverage_quotes.png
16-NRF_bam/qualimap/9347_FV_SD/images_qualimapReportOutsideRegions/outside_gc_content_per_window.png
16-NRF_bam/qualimap/9347_FV_SD/images_qualimapReportOutsideRegions/outside_homopolymer_indels.png
16-NRF_bam/qualimap/9347_FV_SD/images_qualimapReportOutsideRegions/outside_mapping_quality_across_reference.png
16-NRF_bam/qualimap/9347_FV_SD/images_qualimapReportOutsideRegions/outside_mapping_quality_histogram.png
16-NRF_bam/qualimap/9347_FV_SD/images_qualimapReportOutsideRegions/outside_reads_clipping_profile.png
16-NRF_bam/qualimap/9347_FV_SD/images_qualimapReportOutsideRegions/outside_reads_content_per_read_position.png
16-NRF_bam/qualimap/9347_FV_SD/images_qualimapReportOutsideRegions/outside_uniq_read_starts_histogram.png
16-NRF_bam/qualimap/9347_FV_SD/images_qualimapReport/Reads Genomic Origin.png
16-NRF_bam/qualimap/9347_FV_SD/images_qualimapReport/Transcript coverage histogram.png
16-NRF_bam/qualimap/9347_FV_SD/outside_results.txt
16-NRF_bam/qualimap/9347_FV_SD/outside_window.txt
16-NRF_bam/qualimap/9347_FV_SD/qualimapReport.html
16-NRF_bam/qualimap/9347_FV_SD/qualimapReportOutsideRegions.html
16-NRF_bam/qualimap/9347_FV_SD/raw_data_qualimapReport/coverage_across_reference.txt
16-NRF_bam/qualimap/9347_FV_SD/raw_data_qualimapReport/coverage_histogram.txt
16-NRF_bam/qualimap/9347_FV_SD/raw_data_qualimapReport/coverage_profile_along_genes_(high).txt
16-NRF_bam/qualimap/9347_FV_SD/raw_data_qualimapReport/coverage_profile_along_genes_(low).txt
16-NRF_bam/qualimap/9347_FV_SD/raw_data_qualimapReport/coverage_profile_along_genes_(total).txt
16-NRF_bam/qualimap/9347_FV_SD/raw_data_qualimapReport/duplication_rate_histogram.txt
16-NRF_bam/qualimap/9347_FV_SD/raw_data_qualimapReport/genome_fraction_coverage.txt
16-NRF_bam/qualimap/9347_FV_SD/raw_data_qualimapReport/homopolymer_indels.txt
16-NRF_bam/qualimap/9347_FV_SD/raw_data_qualimapReport/mapped_reads_clipping_profile.txt
16-NRF_bam/qualimap/9347_FV_SD/raw_data_qualimapReport/mapped_reads_gc-content_distribution.txt
16-NRF_bam/qualimap/9347_FV_SD/raw_data_qualimapReport/mapped_reads_nucleotide_content.txt
16-NRF_bam/qualimap/9347_FV_SD/raw_data_qualimapReport/mapping_quality_across_reference.txt
16-NRF_bam/qualimap/9347_FV_SD/raw_data_qualimapReport/mapping_quality_histogram.txt
16-NRF_bam/qualimap/9347_FV_SD/raw_data_qualimapReportOutsideRegions/coverage_across_reference.txt
16-NRF_bam/qualimap/9347_FV_SD/raw_data_qualimapReportOutsideRegions/coverage_histogram.txt
16-NRF_bam/qualimap/9347_FV_SD/raw_data_qualimapReportOutsideRegions/duplication_rate_histogram.txt
16-NRF_bam/qualimap/9347_FV_SD/raw_data_qualimapReportOutsideRegions/genome_fraction_coverage.txt
16-NRF_bam/qualimap/9347_FV_SD/raw_data_qualimapReportOutsideRegions/homopolymer_indels.txt
16-NRF_bam/qualimap/9347_FV_SD/raw_data_qualimapReportOutsideRegions/mapped_reads_clipping_profile.txt
16-NRF_bam/qualimap/9347_FV_SD/raw_data_qualimapReportOutsideRegions/mapped_reads_gc-content_distribution.txt
16-NRF_bam/qualimap/9347_FV_SD/raw_data_qualimapReportOutsideRegions/mapped_reads_nucleotide_content.txt
16-NRF_bam/qualimap/9347_FV_SD/raw_data_qualimapReportOutsideRegions/mapping_quality_across_reference.txt
16-NRF_bam/qualimap/9347_FV_SD/raw_data_qualimapReportOutsideRegions/mapping_quality_histogram.txt
16-NRF_bam/qualimap/9347_FV_SD/rnaseq_qc_results.txt
16-NRF_bam/qualimap/9348_FT_SD/css/agogo.css
16-NRF_bam/qualimap/9348_FT_SD/css/ajax-loader.gif
16-NRF_bam/qualimap/9348_FT_SD/css/basic.css
16-NRF_bam/qualimap/9348_FT_SD/css/bgfooter.png
16-NRF_bam/qualimap/9348_FT_SD/css/bgtop.png
16-NRF_bam/qualimap/9348_FT_SD/css/comment-bright.png
16-NRF_bam/qualimap/9348_FT_SD/css/comment-close.png
16-NRF_bam/qualimap/9348_FT_SD/css/comment.png
16-NRF_bam/qualimap/9348_FT_SD/css/doctools.js
16-NRF_bam/qualimap/9348_FT_SD/css/down.png
16-NRF_bam/qualimap/9348_FT_SD/css/down-pressed.png
16-NRF_bam/qualimap/9348_FT_SD/css/file.png
16-NRF_bam/qualimap/9348_FT_SD/css/jquery.js
16-NRF_bam/qualimap/9348_FT_SD/css/minus.png
16-NRF_bam/qualimap/9348_FT_SD/css/plus.png
16-NRF_bam/qualimap/9348_FT_SD/css/pygments.css
16-NRF_bam/qualimap/9348_FT_SD/css/qualimap_logo_small.png
16-NRF_bam/qualimap/9348_FT_SD/css/report.css
16-NRF_bam/qualimap/9348_FT_SD/css/searchtools.js
16-NRF_bam/qualimap/9348_FT_SD/css/underscore.js
16-NRF_bam/qualimap/9348_FT_SD/css/up.png
16-NRF_bam/qualimap/9348_FT_SD/css/up-pressed.png
16-NRF_bam/qualimap/9348_FT_SD/css/websupport.js
16-NRF_bam/qualimap/9348_FT_SD/genome_results.txt
16-NRF_bam/qualimap/9348_FT_SD/images_qualimapReport/Coverage Profile Along Genes (High).png
16-NRF_bam/qualimap/9348_FT_SD/images_qualimapReport/Coverage Profile Along Genes (Low).png
16-NRF_bam/qualimap/9348_FT_SD/images_qualimapReport/Coverage Profile Along Genes (Total).png
16-NRF_bam/qualimap/9348_FT_SD/images_qualimapReport/genome_coverage_0to50_histogram.png
16-NRF_bam/qualimap/9348_FT_SD/images_qualimapReport/genome_coverage_across_reference.png
16-NRF_bam/qualimap/9348_FT_SD/images_qualimapReport/genome_coverage_histogram.png
16-NRF_bam/qualimap/9348_FT_SD/images_qualimapReport/genome_coverage_quotes.png
16-NRF_bam/qualimap/9348_FT_SD/images_qualimapReport/genome_gc_content_per_window.png
16-NRF_bam/qualimap/9348_FT_SD/images_qualimapReport/genome_homopolymer_indels.png
16-NRF_bam/qualimap/9348_FT_SD/images_qualimapReport/genome_mapping_quality_across_reference.png
16-NRF_bam/qualimap/9348_FT_SD/images_qualimapReport/genome_mapping_quality_histogram.png
16-NRF_bam/qualimap/9348_FT_SD/images_qualimapReport/genome_reads_clipping_profile.png
16-NRF_bam/qualimap/9348_FT_SD/images_qualimapReport/genome_reads_content_per_read_position.png
16-NRF_bam/qualimap/9348_FT_SD/images_qualimapReport/genome_uniq_read_starts_histogram.png
16-NRF_bam/qualimap/9348_FT_SD/images_qualimapReport/Junction Analysis.png
16-NRF_bam/qualimap/9348_FT_SD/images_qualimapReportOutsideRegions/outside_coverage_0to50_histogram.png
16-NRF_bam/qualimap/9348_FT_SD/images_qualimapReportOutsideRegions/outside_coverage_across_reference.png
16-NRF_bam/qualimap/9348_FT_SD/images_qualimapReportOutsideRegions/outside_coverage_histogram.png
16-NRF_bam/qualimap/9348_FT_SD/images_qualimapReportOutsideRegions/outside_coverage_quotes.png
16-NRF_bam/qualimap/9348_FT_SD/images_qualimapReportOutsideRegions/outside_gc_content_per_window.png
16-NRF_bam/qualimap/9348_FT_SD/images_qualimapReportOutsideRegions/outside_homopolymer_indels.png
16-NRF_bam/qualimap/9348_FT_SD/images_qualimapReportOutsideRegions/outside_mapping_quality_across_reference.png
16-NRF_bam/qualimap/9348_FT_SD/images_qualimapReportOutsideRegions/outside_mapping_quality_histogram.png
16-NRF_bam/qualimap/9348_FT_SD/images_qualimapReportOutsideRegions/outside_reads_clipping_profile.png
16-NRF_bam/qualimap/9348_FT_SD/images_qualimapReportOutsideRegions/outside_reads_content_per_read_position.png
16-NRF_bam/qualimap/9348_FT_SD/images_qualimapReportOutsideRegions/outside_uniq_read_starts_histogram.png
16-NRF_bam/qualimap/9348_FT_SD/images_qualimapReport/Reads Genomic Origin.png
16-NRF_bam/qualimap/9348_FT_SD/images_qualimapReport/Transcript coverage histogram.png
16-NRF_bam/qualimap/9348_FT_SD/outside_results.txt
16-NRF_bam/qualimap/9348_FT_SD/outside_window.txt
16-NRF_bam/qualimap/9348_FT_SD/qualimapReport.html
16-NRF_bam/qualimap/9348_FT_SD/qualimapReportOutsideRegions.html
16-NRF_bam/qualimap/9348_FT_SD/raw_data_qualimapReport/coverage_across_reference.txt
16-NRF_bam/qualimap/9348_FT_SD/raw_data_qualimapReport/coverage_histogram.txt
16-NRF_bam/qualimap/9348_FT_SD/raw_data_qualimapReport/coverage_profile_along_genes_(high).txt
16-NRF_bam/qualimap/9348_FT_SD/raw_data_qualimapReport/coverage_profile_along_genes_(low).txt
16-NRF_bam/qualimap/9348_FT_SD/raw_data_qualimapReport/coverage_profile_along_genes_(total).txt
16-NRF_bam/qualimap/9348_FT_SD/raw_data_qualimapReport/duplication_rate_histogram.txt
16-NRF_bam/qualimap/9348_FT_SD/raw_data_qualimapReport/genome_fraction_coverage.txt
16-NRF_bam/qualimap/9348_FT_SD/raw_data_qualimapReport/homopolymer_indels.txt
16-NRF_bam/qualimap/9348_FT_SD/raw_data_qualimapReport/mapped_reads_clipping_profile.txt
16-NRF_bam/qualimap/9348_FT_SD/raw_data_qualimapReport/mapped_reads_gc-content_distribution.txt
16-NRF_bam/qualimap/9348_FT_SD/raw_data_qualimapReport/mapped_reads_nucleotide_content.txt
16-NRF_bam/qualimap/9348_FT_SD/raw_data_qualimapReport/mapping_quality_across_reference.txt
16-NRF_bam/qualimap/9348_FT_SD/raw_data_qualimapReport/mapping_quality_histogram.txt
16-NRF_bam/qualimap/9348_FT_SD/raw_data_qualimapReportOutsideRegions/coverage_across_reference.txt
16-NRF_bam/qualimap/9348_FT_SD/raw_data_qualimapReportOutsideRegions/coverage_histogram.txt
16-NRF_bam/qualimap/9348_FT_SD/raw_data_qualimapReportOutsideRegions/duplication_rate_histogram.txt
16-NRF_bam/qualimap/9348_FT_SD/raw_data_qualimapReportOutsideRegions/genome_fraction_coverage.txt
16-NRF_bam/qualimap/9348_FT_SD/raw_data_qualimapReportOutsideRegions/homopolymer_indels.txt
16-NRF_bam/qualimap/9348_FT_SD/raw_data_qualimapReportOutsideRegions/mapped_reads_clipping_profile.txt
16-NRF_bam/qualimap/9348_FT_SD/raw_data_qualimapReportOutsideRegions/mapped_reads_gc-content_distribution.txt
16-NRF_bam/qualimap/9348_FT_SD/raw_data_qualimapReportOutsideRegions/mapped_reads_nucleotide_content.txt
16-NRF_bam/qualimap/9348_FT_SD/raw_data_qualimapReportOutsideRegions/mapping_quality_across_reference.txt
16-NRF_bam/qualimap/9348_FT_SD/raw_data_qualimapReportOutsideRegions/mapping_quality_histogram.txt
16-NRF_bam/qualimap/9348_FT_SD/rnaseq_qc_results.txt
16-NRF_bam/qualimap/9515_CT_SD/css/agogo.css
16-NRF_bam/qualimap/9515_CT_SD/css/ajax-loader.gif
16-NRF_bam/qualimap/9515_CT_SD/css/basic.css
16-NRF_bam/qualimap/9515_CT_SD/css/bgfooter.png
16-NRF_bam/qualimap/9515_CT_SD/css/bgtop.png
16-NRF_bam/qualimap/9515_CT_SD/css/comment-bright.png
16-NRF_bam/qualimap/9515_CT_SD/css/comment-close.png
16-NRF_bam/qualimap/9515_CT_SD/css/comment.png
16-NRF_bam/qualimap/9515_CT_SD/css/doctools.js
16-NRF_bam/qualimap/9515_CT_SD/css/down.png
16-NRF_bam/qualimap/9515_CT_SD/css/down-pressed.png
16-NRF_bam/qualimap/9515_CT_SD/css/file.png
16-NRF_bam/qualimap/9515_CT_SD/css/jquery.js
16-NRF_bam/qualimap/9515_CT_SD/css/minus.png
16-NRF_bam/qualimap/9515_CT_SD/css/plus.png
16-NRF_bam/qualimap/9515_CT_SD/css/pygments.css
16-NRF_bam/qualimap/9515_CT_SD/css/qualimap_logo_small.png
16-NRF_bam/qualimap/9515_CT_SD/css/report.css
16-NRF_bam/qualimap/9515_CT_SD/css/searchtools.js
16-NRF_bam/qualimap/9515_CT_SD/css/underscore.js
16-NRF_bam/qualimap/9515_CT_SD/css/up.png
16-NRF_bam/qualimap/9515_CT_SD/css/up-pressed.png
16-NRF_bam/qualimap/9515_CT_SD/css/websupport.js
16-NRF_bam/qualimap/9515_CT_SD/genome_results.txt
16-NRF_bam/qualimap/9515_CT_SD/images_qualimapReport/Coverage Profile Along Genes (High).png
16-NRF_bam/qualimap/9515_CT_SD/images_qualimapReport/Coverage Profile Along Genes (Low).png
16-NRF_bam/qualimap/9515_CT_SD/images_qualimapReport/Coverage Profile Along Genes (Total).png
16-NRF_bam/qualimap/9515_CT_SD/images_qualimapReport/genome_coverage_0to50_histogram.png
16-NRF_bam/qualimap/9515_CT_SD/images_qualimapReport/genome_coverage_across_reference.png
16-NRF_bam/qualimap/9515_CT_SD/images_qualimapReport/genome_coverage_histogram.png
16-NRF_bam/qualimap/9515_CT_SD/images_qualimapReport/genome_coverage_quotes.png
16-NRF_bam/qualimap/9515_CT_SD/images_qualimapReport/genome_gc_content_per_window.png
16-NRF_bam/qualimap/9515_CT_SD/images_qualimapReport/genome_homopolymer_indels.png
16-NRF_bam/qualimap/9515_CT_SD/images_qualimapReport/genome_mapping_quality_across_reference.png
16-NRF_bam/qualimap/9515_CT_SD/images_qualimapReport/genome_mapping_quality_histogram.png
16-NRF_bam/qualimap/9515_CT_SD/images_qualimapReport/genome_reads_clipping_profile.png
16-NRF_bam/qualimap/9515_CT_SD/images_qualimapReport/genome_reads_content_per_read_position.png
16-NRF_bam/qualimap/9515_CT_SD/images_qualimapReport/genome_uniq_read_starts_histogram.png
16-NRF_bam/qualimap/9515_CT_SD/images_qualimapReport/Junction Analysis.png
16-NRF_bam/qualimap/9515_CT_SD/images_qualimapReportOutsideRegions/outside_coverage_0to50_histogram.png
16-NRF_bam/qualimap/9515_CT_SD/images_qualimapReportOutsideRegions/outside_coverage_across_reference.png
16-NRF_bam/qualimap/9515_CT_SD/images_qualimapReportOutsideRegions/outside_coverage_histogram.png
16-NRF_bam/qualimap/9515_CT_SD/images_qualimapReportOutsideRegions/outside_coverage_quotes.png
16-NRF_bam/qualimap/9515_CT_SD/images_qualimapReportOutsideRegions/outside_gc_content_per_window.png
16-NRF_bam/qualimap/9515_CT_SD/images_qualimapReportOutsideRegions/outside_homopolymer_indels.png
16-NRF_bam/qualimap/9515_CT_SD/images_qualimapReportOutsideRegions/outside_mapping_quality_across_reference.png
16-NRF_bam/qualimap/9515_CT_SD/images_qualimapReportOutsideRegions/outside_mapping_quality_histogram.png
16-NRF_bam/qualimap/9515_CT_SD/images_qualimapReportOutsideRegions/outside_reads_clipping_profile.png
16-NRF_bam/qualimap/9515_CT_SD/images_qualimapReportOutsideRegions/outside_reads_content_per_read_position.png
16-NRF_bam/qualimap/9515_CT_SD/images_qualimapReportOutsideRegions/outside_uniq_read_starts_histogram.png
16-NRF_bam/qualimap/9515_CT_SD/images_qualimapReport/Reads Genomic Origin.png
16-NRF_bam/qualimap/9515_CT_SD/images_qualimapReport/Transcript coverage histogram.png
16-NRF_bam/qualimap/9515_CT_SD/outside_results.txt
16-NRF_bam/qualimap/9515_CT_SD/outside_window.txt
16-NRF_bam/qualimap/9515_CT_SD/qualimapReport.html
16-NRF_bam/qualimap/9515_CT_SD/qualimapReportOutsideRegions.html
16-NRF_bam/qualimap/9515_CT_SD/raw_data_qualimapReport/coverage_across_reference.txt
16-NRF_bam/qualimap/9515_CT_SD/raw_data_qualimapReport/coverage_histogram.txt
16-NRF_bam/qualimap/9515_CT_SD/raw_data_qualimapReport/coverage_profile_along_genes_(high).txt
16-NRF_bam/qualimap/9515_CT_SD/raw_data_qualimapReport/coverage_profile_along_genes_(low).txt
16-NRF_bam/qualimap/9515_CT_SD/raw_data_qualimapReport/coverage_profile_along_genes_(total).txt
16-NRF_bam/qualimap/9515_CT_SD/raw_data_qualimapReport/duplication_rate_histogram.txt
16-NRF_bam/qualimap/9515_CT_SD/raw_data_qualimapReport/genome_fraction_coverage.txt
16-NRF_bam/qualimap/9515_CT_SD/raw_data_qualimapReport/homopolymer_indels.txt
16-NRF_bam/qualimap/9515_CT_SD/raw_data_qualimapReport/mapped_reads_clipping_profile.txt
16-NRF_bam/qualimap/9515_CT_SD/raw_data_qualimapReport/mapped_reads_gc-content_distribution.txt
16-NRF_bam/qualimap/9515_CT_SD/raw_data_qualimapReport/mapped_reads_nucleotide_content.txt
16-NRF_bam/qualimap/9515_CT_SD/raw_data_qualimapReport/mapping_quality_across_reference.txt
16-NRF_bam/qualimap/9515_CT_SD/raw_data_qualimapReport/mapping_quality_histogram.txt
16-NRF_bam/qualimap/9515_CT_SD/raw_data_qualimapReportOutsideRegions/coverage_across_reference.txt
16-NRF_bam/qualimap/9515_CT_SD/raw_data_qualimapReportOutsideRegions/coverage_histogram.txt
16-NRF_bam/qualimap/9515_CT_SD/raw_data_qualimapReportOutsideRegions/duplication_rate_histogram.txt
16-NRF_bam/qualimap/9515_CT_SD/raw_data_qualimapReportOutsideRegions/genome_fraction_coverage.txt
16-NRF_bam/qualimap/9515_CT_SD/raw_data_qualimapReportOutsideRegions/homopolymer_indels.txt
16-NRF_bam/qualimap/9515_CT_SD/raw_data_qualimapReportOutsideRegions/mapped_reads_clipping_profile.txt
16-NRF_bam/qualimap/9515_CT_SD/raw_data_qualimapReportOutsideRegions/mapped_reads_gc-content_distribution.txt
16-NRF_bam/qualimap/9515_CT_SD/raw_data_qualimapReportOutsideRegions/mapped_reads_nucleotide_content.txt
16-NRF_bam/qualimap/9515_CT_SD/raw_data_qualimapReportOutsideRegions/mapping_quality_across_reference.txt
16-NRF_bam/qualimap/9515_CT_SD/raw_data_qualimapReportOutsideRegions/mapping_quality_histogram.txt
16-NRF_bam/qualimap/9515_CT_SD/rnaseq_qc_results.txt
16-NRF_bam/qualimap/9516_CT_NSD/css/agogo.css
16-NRF_bam/qualimap/9516_CT_NSD/css/ajax-loader.gif
16-NRF_bam/qualimap/9516_CT_NSD/css/basic.css
16-NRF_bam/qualimap/9516_CT_NSD/css/bgfooter.png
16-NRF_bam/qualimap/9516_CT_NSD/css/bgtop.png
16-NRF_bam/qualimap/9516_CT_NSD/css/comment-bright.png
16-NRF_bam/qualimap/9516_CT_NSD/css/comment-close.png
16-NRF_bam/qualimap/9516_CT_NSD/css/comment.png
16-NRF_bam/qualimap/9516_CT_NSD/css/doctools.js
16-NRF_bam/qualimap/9516_CT_NSD/css/down.png
16-NRF_bam/qualimap/9516_CT_NSD/css/down-pressed.png
16-NRF_bam/qualimap/9516_CT_NSD/css/file.png
16-NRF_bam/qualimap/9516_CT_NSD/css/jquery.js
16-NRF_bam/qualimap/9516_CT_NSD/css/minus.png
16-NRF_bam/qualimap/9516_CT_NSD/css/plus.png
16-NRF_bam/qualimap/9516_CT_NSD/css/pygments.css
16-NRF_bam/qualimap/9516_CT_NSD/css/qualimap_logo_small.png
16-NRF_bam/qualimap/9516_CT_NSD/css/report.css
16-NRF_bam/qualimap/9516_CT_NSD/css/searchtools.js
16-NRF_bam/qualimap/9516_CT_NSD/css/underscore.js
16-NRF_bam/qualimap/9516_CT_NSD/css/up.png
16-NRF_bam/qualimap/9516_CT_NSD/css/up-pressed.png
16-NRF_bam/qualimap/9516_CT_NSD/css/websupport.js
16-NRF_bam/qualimap/9516_CT_NSD/genome_results.txt
16-NRF_bam/qualimap/9516_CT_NSD/images_qualimapReport/Coverage Profile Along Genes (High).png
16-NRF_bam/qualimap/9516_CT_NSD/images_qualimapReport/Coverage Profile Along Genes (Low).png
16-NRF_bam/qualimap/9516_CT_NSD/images_qualimapReport/Coverage Profile Along Genes (Total).png
16-NRF_bam/qualimap/9516_CT_NSD/images_qualimapReport/genome_coverage_0to50_histogram.png
16-NRF_bam/qualimap/9516_CT_NSD/images_qualimapReport/genome_coverage_across_reference.png
16-NRF_bam/qualimap/9516_CT_NSD/images_qualimapReport/genome_coverage_histogram.png
16-NRF_bam/qualimap/9516_CT_NSD/images_qualimapReport/genome_coverage_quotes.png
16-NRF_bam/qualimap/9516_CT_NSD/images_qualimapReport/genome_gc_content_per_window.png
16-NRF_bam/qualimap/9516_CT_NSD/images_qualimapReport/genome_homopolymer_indels.png
16-NRF_bam/qualimap/9516_CT_NSD/images_qualimapReport/genome_mapping_quality_across_reference.png
16-NRF_bam/qualimap/9516_CT_NSD/images_qualimapReport/genome_mapping_quality_histogram.png
16-NRF_bam/qualimap/9516_CT_NSD/images_qualimapReport/genome_reads_clipping_profile.png
16-NRF_bam/qualimap/9516_CT_NSD/images_qualimapReport/genome_reads_content_per_read_position.png
16-NRF_bam/qualimap/9516_CT_NSD/images_qualimapReport/genome_uniq_read_starts_histogram.png
16-NRF_bam/qualimap/9516_CT_NSD/images_qualimapReport/Junction Analysis.png
16-NRF_bam/qualimap/9516_CT_NSD/images_qualimapReportOutsideRegions/outside_coverage_0to50_histogram.png
16-NRF_bam/qualimap/9516_CT_NSD/images_qualimapReportOutsideRegions/outside_coverage_across_reference.png
16-NRF_bam/qualimap/9516_CT_NSD/images_qualimapReportOutsideRegions/outside_coverage_histogram.png
16-NRF_bam/qualimap/9516_CT_NSD/images_qualimapReportOutsideRegions/outside_coverage_quotes.png
16-NRF_bam/qualimap/9516_CT_NSD/images_qualimapReportOutsideRegions/outside_gc_content_per_window.png
16-NRF_bam/qualimap/9516_CT_NSD/images_qualimapReportOutsideRegions/outside_homopolymer_indels.png
16-NRF_bam/qualimap/9516_CT_NSD/images_qualimapReportOutsideRegions/outside_mapping_quality_across_reference.png
16-NRF_bam/qualimap/9516_CT_NSD/images_qualimapReportOutsideRegions/outside_mapping_quality_histogram.png
16-NRF_bam/qualimap/9516_CT_NSD/images_qualimapReportOutsideRegions/outside_reads_clipping_profile.png
16-NRF_bam/qualimap/9516_CT_NSD/images_qualimapReportOutsideRegions/outside_reads_content_per_read_position.png
16-NRF_bam/qualimap/9516_CT_NSD/images_qualimapReportOutsideRegions/outside_uniq_read_starts_histogram.png
16-NRF_bam/qualimap/9516_CT_NSD/images_qualimapReport/Reads Genomic Origin.png
16-NRF_bam/qualimap/9516_CT_NSD/images_qualimapReport/Transcript coverage histogram.png
16-NRF_bam/qualimap/9516_CT_NSD/outside_results.txt
16-NRF_bam/qualimap/9516_CT_NSD/outside_window.txt
16-NRF_bam/qualimap/9516_CT_NSD/qualimapReport.html
16-NRF_bam/qualimap/9516_CT_NSD/qualimapReportOutsideRegions.html
16-NRF_bam/qualimap/9516_CT_NSD/raw_data_qualimapReport/coverage_across_reference.txt
16-NRF_bam/qualimap/9516_CT_NSD/raw_data_qualimapReport/coverage_histogram.txt
16-NRF_bam/qualimap/9516_CT_NSD/raw_data_qualimapReport/coverage_profile_along_genes_(high).txt
16-NRF_bam/qualimap/9516_CT_NSD/raw_data_qualimapReport/coverage_profile_along_genes_(low).txt
16-NRF_bam/qualimap/9516_CT_NSD/raw_data_qualimapReport/coverage_profile_along_genes_(total).txt
16-NRF_bam/qualimap/9516_CT_NSD/raw_data_qualimapReport/duplication_rate_histogram.txt
16-NRF_bam/qualimap/9516_CT_NSD/raw_data_qualimapReport/genome_fraction_coverage.txt
16-NRF_bam/qualimap/9516_CT_NSD/raw_data_qualimapReport/homopolymer_indels.txt
16-NRF_bam/qualimap/9516_CT_NSD/raw_data_qualimapReport/mapped_reads_clipping_profile.txt
16-NRF_bam/qualimap/9516_CT_NSD/raw_data_qualimapReport/mapped_reads_gc-content_distribution.txt
16-NRF_bam/qualimap/9516_CT_NSD/raw_data_qualimapReport/mapped_reads_nucleotide_content.txt
16-NRF_bam/qualimap/9516_CT_NSD/raw_data_qualimapReport/mapping_quality_across_reference.txt
16-NRF_bam/qualimap/9516_CT_NSD/raw_data_qualimapReport/mapping_quality_histogram.txt
16-NRF_bam/qualimap/9516_CT_NSD/raw_data_qualimapReportOutsideRegions/coverage_across_reference.txt
16-NRF_bam/qualimap/9516_CT_NSD/raw_data_qualimapReportOutsideRegions/coverage_histogram.txt
16-NRF_bam/qualimap/9516_CT_NSD/raw_data_qualimapReportOutsideRegions/duplication_rate_histogram.txt
16-NRF_bam/qualimap/9516_CT_NSD/raw_data_qualimapReportOutsideRegions/genome_fraction_coverage.txt
16-NRF_bam/qualimap/9516_CT_NSD/raw_data_qualimapReportOutsideRegions/homopolymer_indels.txt
16-NRF_bam/qualimap/9516_CT_NSD/raw_data_qualimapReportOutsideRegions/mapped_reads_clipping_profile.txt
16-NRF_bam/qualimap/9516_CT_NSD/raw_data_qualimapReportOutsideRegions/mapped_reads_gc-content_distribution.txt
16-NRF_bam/qualimap/9516_CT_NSD/raw_data_qualimapReportOutsideRegions/mapped_reads_nucleotide_content.txt
16-NRF_bam/qualimap/9516_CT_NSD/raw_data_qualimapReportOutsideRegions/mapping_quality_across_reference.txt
16-NRF_bam/qualimap/9516_CT_NSD/raw_data_qualimapReportOutsideRegions/mapping_quality_histogram.txt
16-NRF_bam/qualimap/9516_CT_NSD/rnaseq_qc_results.txt
16-NRF_bam/qualimap/9517_CT_SD/css/agogo.css
16-NRF_bam/qualimap/9517_CT_SD/css/ajax-loader.gif
16-NRF_bam/qualimap/9517_CT_SD/css/basic.css
16-NRF_bam/qualimap/9517_CT_SD/css/bgfooter.png
16-NRF_bam/qualimap/9517_CT_SD/css/bgtop.png
16-NRF_bam/qualimap/9517_CT_SD/css/comment-bright.png
16-NRF_bam/qualimap/9517_CT_SD/css/comment-close.png
16-NRF_bam/qualimap/9517_CT_SD/css/comment.png
16-NRF_bam/qualimap/9517_CT_SD/css/doctools.js
16-NRF_bam/qualimap/9517_CT_SD/css/down.png
16-NRF_bam/qualimap/9517_CT_SD/css/down-pressed.png
16-NRF_bam/qualimap/9517_CT_SD/css/file.png
16-NRF_bam/qualimap/9517_CT_SD/css/jquery.js
16-NRF_bam/qualimap/9517_CT_SD/css/minus.png
16-NRF_bam/qualimap/9517_CT_SD/css/plus.png
16-NRF_bam/qualimap/9517_CT_SD/css/pygments.css
16-NRF_bam/qualimap/9517_CT_SD/css/qualimap_logo_small.png
16-NRF_bam/qualimap/9517_CT_SD/css/report.css
16-NRF_bam/qualimap/9517_CT_SD/css/searchtools.js
16-NRF_bam/qualimap/9517_CT_SD/css/underscore.js
16-NRF_bam/qualimap/9517_CT_SD/css/up.png
16-NRF_bam/qualimap/9517_CT_SD/css/up-pressed.png
16-NRF_bam/qualimap/9517_CT_SD/css/websupport.js
16-NRF_bam/qualimap/9517_CT_SD/genome_results.txt
16-NRF_bam/qualimap/9517_CT_SD/images_qualimapReport/Coverage Profile Along Genes (High).png
16-NRF_bam/qualimap/9517_CT_SD/images_qualimapReport/Coverage Profile Along Genes (Low).png
16-NRF_bam/qualimap/9517_CT_SD/images_qualimapReport/Coverage Profile Along Genes (Total).png
16-NRF_bam/qualimap/9517_CT_SD/images_qualimapReport/genome_coverage_0to50_histogram.png
16-NRF_bam/qualimap/9517_CT_SD/images_qualimapReport/genome_coverage_across_reference.png
16-NRF_bam/qualimap/9517_CT_SD/images_qualimapReport/genome_coverage_histogram.png
16-NRF_bam/qualimap/9517_CT_SD/images_qualimapReport/genome_coverage_quotes.png
16-NRF_bam/qualimap/9517_CT_SD/images_qualimapReport/genome_gc_content_per_window.png
16-NRF_bam/qualimap/9517_CT_SD/images_qualimapReport/genome_homopolymer_indels.png
16-NRF_bam/qualimap/9517_CT_SD/images_qualimapReport/genome_mapping_quality_across_reference.png
16-NRF_bam/qualimap/9517_CT_SD/images_qualimapReport/genome_mapping_quality_histogram.png
16-NRF_bam/qualimap/9517_CT_SD/images_qualimapReport/genome_reads_clipping_profile.png
16-NRF_bam/qualimap/9517_CT_SD/images_qualimapReport/genome_reads_content_per_read_position.png
16-NRF_bam/qualimap/9517_CT_SD/images_qualimapReport/genome_uniq_read_starts_histogram.png
16-NRF_bam/qualimap/9517_CT_SD/images_qualimapReport/Junction Analysis.png
16-NRF_bam/qualimap/9517_CT_SD/images_qualimapReportOutsideRegions/outside_coverage_0to50_histogram.png
16-NRF_bam/qualimap/9517_CT_SD/images_qualimapReportOutsideRegions/outside_coverage_across_reference.png
16-NRF_bam/qualimap/9517_CT_SD/images_qualimapReportOutsideRegions/outside_coverage_histogram.png
16-NRF_bam/qualimap/9517_CT_SD/images_qualimapReportOutsideRegions/outside_coverage_quotes.png
16-NRF_bam/qualimap/9517_CT_SD/images_qualimapReportOutsideRegions/outside_gc_content_per_window.png
16-NRF_bam/qualimap/9517_CT_SD/images_qualimapReportOutsideRegions/outside_homopolymer_indels.png
16-NRF_bam/qualimap/9517_CT_SD/images_qualimapReportOutsideRegions/outside_mapping_quality_across_reference.png
16-NRF_bam/qualimap/9517_CT_SD/images_qualimapReportOutsideRegions/outside_mapping_quality_histogram.png
16-NRF_bam/qualimap/9517_CT_SD/images_qualimapReportOutsideRegions/outside_reads_clipping_profile.png
16-NRF_bam/qualimap/9517_CT_SD/images_qualimapReportOutsideRegions/outside_reads_content_per_read_position.png
16-NRF_bam/qualimap/9517_CT_SD/images_qualimapReportOutsideRegions/outside_uniq_read_starts_histogram.png
16-NRF_bam/qualimap/9517_CT_SD/images_qualimapReport/Reads Genomic Origin.png
16-NRF_bam/qualimap/9517_CT_SD/images_qualimapReport/Transcript coverage histogram.png
16-NRF_bam/qualimap/9517_CT_SD/outside_results.txt
16-NRF_bam/qualimap/9517_CT_SD/outside_window.txt
16-NRF_bam/qualimap/9517_CT_SD/qualimapReport.html
16-NRF_bam/qualimap/9517_CT_SD/qualimapReportOutsideRegions.html
16-NRF_bam/qualimap/9517_CT_SD/raw_data_qualimapReport/coverage_across_reference.txt
16-NRF_bam/qualimap/9517_CT_SD/raw_data_qualimapReport/coverage_histogram.txt
16-NRF_bam/qualimap/9517_CT_SD/raw_data_qualimapReport/coverage_profile_along_genes_(high).txt
16-NRF_bam/qualimap/9517_CT_SD/raw_data_qualimapReport/coverage_profile_along_genes_(low).txt
16-NRF_bam/qualimap/9517_CT_SD/raw_data_qualimapReport/coverage_profile_along_genes_(total).txt
16-NRF_bam/qualimap/9517_CT_SD/raw_data_qualimapReport/duplication_rate_histogram.txt
16-NRF_bam/qualimap/9517_CT_SD/raw_data_qualimapReport/genome_fraction_coverage.txt
16-NRF_bam/qualimap/9517_CT_SD/raw_data_qualimapReport/homopolymer_indels.txt
16-NRF_bam/qualimap/9517_CT_SD/raw_data_qualimapReport/mapped_reads_clipping_profile.txt
16-NRF_bam/qualimap/9517_CT_SD/raw_data_qualimapReport/mapped_reads_gc-content_distribution.txt
16-NRF_bam/qualimap/9517_CT_SD/raw_data_qualimapReport/mapped_reads_nucleotide_content.txt
16-NRF_bam/qualimap/9517_CT_SD/raw_data_qualimapReport/mapping_quality_across_reference.txt
16-NRF_bam/qualimap/9517_CT_SD/raw_data_qualimapReport/mapping_quality_histogram.txt
16-NRF_bam/qualimap/9517_CT_SD/raw_data_qualimapReportOutsideRegions/coverage_across_reference.txt
16-NRF_bam/qualimap/9517_CT_SD/raw_data_qualimapReportOutsideRegions/coverage_histogram.txt
16-NRF_bam/qualimap/9517_CT_SD/raw_data_qualimapReportOutsideRegions/duplication_rate_histogram.txt
16-NRF_bam/qualimap/9517_CT_SD/raw_data_qualimapReportOutsideRegions/genome_fraction_coverage.txt
16-NRF_bam/qualimap/9517_CT_SD/raw_data_qualimapReportOutsideRegions/homopolymer_indels.txt
16-NRF_bam/qualimap/9517_CT_SD/raw_data_qualimapReportOutsideRegions/mapped_reads_clipping_profile.txt
16-NRF_bam/qualimap/9517_CT_SD/raw_data_qualimapReportOutsideRegions/mapped_reads_gc-content_distribution.txt
16-NRF_bam/qualimap/9517_CT_SD/raw_data_qualimapReportOutsideRegions/mapped_reads_nucleotide_content.txt
16-NRF_bam/qualimap/9517_CT_SD/raw_data_qualimapReportOutsideRegions/mapping_quality_across_reference.txt
16-NRF_bam/qualimap/9517_CT_SD/raw_data_qualimapReportOutsideRegions/mapping_quality_histogram.txt
16-NRF_bam/qualimap/9517_CT_SD/rnaseq_qc_results.txt
16-NRF_bam/qualimap/9518_CT_NSD/css/agogo.css
16-NRF_bam/qualimap/9518_CT_NSD/css/ajax-loader.gif
16-NRF_bam/qualimap/9518_CT_NSD/css/basic.css
16-NRF_bam/qualimap/9518_CT_NSD/css/bgfooter.png
16-NRF_bam/qualimap/9518_CT_NSD/css/bgtop.png
16-NRF_bam/qualimap/9518_CT_NSD/css/comment-bright.png
16-NRF_bam/qualimap/9518_CT_NSD/css/comment-close.png
16-NRF_bam/qualimap/9518_CT_NSD/css/comment.png
16-NRF_bam/qualimap/9518_CT_NSD/css/doctools.js
16-NRF_bam/qualimap/9518_CT_NSD/css/down.png
16-NRF_bam/qualimap/9518_CT_NSD/css/down-pressed.png
16-NRF_bam/qualimap/9518_CT_NSD/css/file.png
16-NRF_bam/qualimap/9518_CT_NSD/css/jquery.js
16-NRF_bam/qualimap/9518_CT_NSD/css/minus.png
16-NRF_bam/qualimap/9518_CT_NSD/css/plus.png
16-NRF_bam/qualimap/9518_CT_NSD/css/pygments.css
16-NRF_bam/qualimap/9518_CT_NSD/css/qualimap_logo_small.png
16-NRF_bam/qualimap/9518_CT_NSD/css/report.css
16-NRF_bam/qualimap/9518_CT_NSD/css/searchtools.js
16-NRF_bam/qualimap/9518_CT_NSD/css/underscore.js
16-NRF_bam/qualimap/9518_CT_NSD/css/up.png
16-NRF_bam/qualimap/9518_CT_NSD/css/up-pressed.png
16-NRF_bam/qualimap/9518_CT_NSD/css/websupport.js
16-NRF_bam/qualimap/9518_CT_NSD/genome_results.txt
16-NRF_bam/qualimap/9518_CT_NSD/images_qualimapReport/Coverage Profile Along Genes (High).png
16-NRF_bam/qualimap/9518_CT_NSD/images_qualimapReport/Coverage Profile Along Genes (Low).png
16-NRF_bam/qualimap/9518_CT_NSD/images_qualimapReport/Coverage Profile Along Genes (Total).png
16-NRF_bam/qualimap/9518_CT_NSD/images_qualimapReport/genome_coverage_0to50_histogram.png
16-NRF_bam/qualimap/9518_CT_NSD/images_qualimapReport/genome_coverage_across_reference.png
16-NRF_bam/qualimap/9518_CT_NSD/images_qualimapReport/genome_coverage_histogram.png
16-NRF_bam/qualimap/9518_CT_NSD/images_qualimapReport/genome_coverage_quotes.png
16-NRF_bam/qualimap/9518_CT_NSD/images_qualimapReport/genome_gc_content_per_window.png
16-NRF_bam/qualimap/9518_CT_NSD/images_qualimapReport/genome_homopolymer_indels.png
16-NRF_bam/qualimap/9518_CT_NSD/images_qualimapReport/genome_mapping_quality_across_reference.png
16-NRF_bam/qualimap/9518_CT_NSD/images_qualimapReport/genome_mapping_quality_histogram.png
16-NRF_bam/qualimap/9518_CT_NSD/images_qualimapReport/genome_reads_clipping_profile.png
16-NRF_bam/qualimap/9518_CT_NSD/images_qualimapReport/genome_reads_content_per_read_position.png
16-NRF_bam/qualimap/9518_CT_NSD/images_qualimapReport/genome_uniq_read_starts_histogram.png
16-NRF_bam/qualimap/9518_CT_NSD/images_qualimapReport/Junction Analysis.png
16-NRF_bam/qualimap/9518_CT_NSD/images_qualimapReportOutsideRegions/outside_coverage_0to50_histogram.png
16-NRF_bam/qualimap/9518_CT_NSD/images_qualimapReportOutsideRegions/outside_coverage_across_reference.png
16-NRF_bam/qualimap/9518_CT_NSD/images_qualimapReportOutsideRegions/outside_coverage_histogram.png
16-NRF_bam/qualimap/9518_CT_NSD/images_qualimapReportOutsideRegions/outside_coverage_quotes.png
16-NRF_bam/qualimap/9518_CT_NSD/images_qualimapReportOutsideRegions/outside_gc_content_per_window.png
16-NRF_bam/qualimap/9518_CT_NSD/images_qualimapReportOutsideRegions/outside_homopolymer_indels.png
16-NRF_bam/qualimap/9518_CT_NSD/images_qualimapReportOutsideRegions/outside_mapping_quality_across_reference.png
16-NRF_bam/qualimap/9518_CT_NSD/images_qualimapReportOutsideRegions/outside_mapping_quality_histogram.png
16-NRF_bam/qualimap/9518_CT_NSD/images_qualimapReportOutsideRegions/outside_reads_clipping_profile.png
16-NRF_bam/qualimap/9518_CT_NSD/images_qualimapReportOutsideRegions/outside_reads_content_per_read_position.png
16-NRF_bam/qualimap/9518_CT_NSD/images_qualimapReportOutsideRegions/outside_uniq_read_starts_histogram.png
16-NRF_bam/qualimap/9518_CT_NSD/images_qualimapReport/Reads Genomic Origin.png
16-NRF_bam/qualimap/9518_CT_NSD/images_qualimapReport/Transcript coverage histogram.png
16-NRF_bam/qualimap/9518_CT_NSD/outside_results.txt
16-NRF_bam/qualimap/9518_CT_NSD/outside_window.txt
16-NRF_bam/qualimap/9518_CT_NSD/qualimapReport.html
16-NRF_bam/qualimap/9518_CT_NSD/qualimapReportOutsideRegions.html
16-NRF_bam/qualimap/9518_CT_NSD/raw_data_qualimapReport/coverage_across_reference.txt
16-NRF_bam/qualimap/9518_CT_NSD/raw_data_qualimapReport/coverage_histogram.txt
16-NRF_bam/qualimap/9518_CT_NSD/raw_data_qualimapReport/coverage_profile_along_genes_(high).txt
16-NRF_bam/qualimap/9518_CT_NSD/raw_data_qualimapReport/coverage_profile_along_genes_(low).txt
16-NRF_bam/qualimap/9518_CT_NSD/raw_data_qualimapReport/coverage_profile_along_genes_(total).txt
16-NRF_bam/qualimap/9518_CT_NSD/raw_data_qualimapReport/duplication_rate_histogram.txt
16-NRF_bam/qualimap/9518_CT_NSD/raw_data_qualimapReport/genome_fraction_coverage.txt
16-NRF_bam/qualimap/9518_CT_NSD/raw_data_qualimapReport/homopolymer_indels.txt
16-NRF_bam/qualimap/9518_CT_NSD/raw_data_qualimapReport/mapped_reads_clipping_profile.txt
16-NRF_bam/qualimap/9518_CT_NSD/raw_data_qualimapReport/mapped_reads_gc-content_distribution.txt
16-NRF_bam/qualimap/9518_CT_NSD/raw_data_qualimapReport/mapped_reads_nucleotide_content.txt
16-NRF_bam/qualimap/9518_CT_NSD/raw_data_qualimapReport/mapping_quality_across_reference.txt
16-NRF_bam/qualimap/9518_CT_NSD/raw_data_qualimapReport/mapping_quality_histogram.txt
16-NRF_bam/qualimap/9518_CT_NSD/raw_data_qualimapReportOutsideRegions/coverage_across_reference.txt
16-NRF_bam/qualimap/9518_CT_NSD/raw_data_qualimapReportOutsideRegions/coverage_histogram.txt
16-NRF_bam/qualimap/9518_CT_NSD/raw_data_qualimapReportOutsideRegions/duplication_rate_histogram.txt
16-NRF_bam/qualimap/9518_CT_NSD/raw_data_qualimapReportOutsideRegions/genome_fraction_coverage.txt
16-NRF_bam/qualimap/9518_CT_NSD/raw_data_qualimapReportOutsideRegions/homopolymer_indels.txt
16-NRF_bam/qualimap/9518_CT_NSD/raw_data_qualimapReportOutsideRegions/mapped_reads_clipping_profile.txt
16-NRF_bam/qualimap/9518_CT_NSD/raw_data_qualimapReportOutsideRegions/mapped_reads_gc-content_distribution.txt
16-NRF_bam/qualimap/9518_CT_NSD/raw_data_qualimapReportOutsideRegions/mapped_reads_nucleotide_content.txt
16-NRF_bam/qualimap/9518_CT_NSD/raw_data_qualimapReportOutsideRegions/mapping_quality_across_reference.txt
16-NRF_bam/qualimap/9518_CT_NSD/raw_data_qualimapReportOutsideRegions/mapping_quality_histogram.txt
16-NRF_bam/qualimap/9518_CT_NSD/rnaseq_qc_results.txt
16-NRF_bam/qualimap/9661_FV_NSD/css/agogo.css
16-NRF_bam/qualimap/9661_FV_NSD/css/ajax-loader.gif
16-NRF_bam/qualimap/9661_FV_NSD/css/basic.css
16-NRF_bam/qualimap/9661_FV_NSD/css/bgfooter.png
16-NRF_bam/qualimap/9661_FV_NSD/css/bgtop.png
16-NRF_bam/qualimap/9661_FV_NSD/css/comment-bright.png
16-NRF_bam/qualimap/9661_FV_NSD/css/comment-close.png
16-NRF_bam/qualimap/9661_FV_NSD/css/comment.png
16-NRF_bam/qualimap/9661_FV_NSD/css/doctools.js
16-NRF_bam/qualimap/9661_FV_NSD/css/down.png
16-NRF_bam/qualimap/9661_FV_NSD/css/down-pressed.png
16-NRF_bam/qualimap/9661_FV_NSD/css/file.png
16-NRF_bam/qualimap/9661_FV_NSD/css/jquery.js
16-NRF_bam/qualimap/9661_FV_NSD/css/minus.png
16-NRF_bam/qualimap/9661_FV_NSD/css/plus.png
16-NRF_bam/qualimap/9661_FV_NSD/css/pygments.css
16-NRF_bam/qualimap/9661_FV_NSD/css/qualimap_logo_small.png
16-NRF_bam/qualimap/9661_FV_NSD/css/report.css
16-NRF_bam/qualimap/9661_FV_NSD/css/searchtools.js
16-NRF_bam/qualimap/9661_FV_NSD/css/underscore.js
16-NRF_bam/qualimap/9661_FV_NSD/css/up.png
16-NRF_bam/qualimap/9661_FV_NSD/css/up-pressed.png
16-NRF_bam/qualimap/9661_FV_NSD/css/websupport.js
16-NRF_bam/qualimap/9661_FV_NSD/genome_results.txt
16-NRF_bam/qualimap/9661_FV_NSD/images_qualimapReport/Coverage Profile Along Genes (High).png
16-NRF_bam/qualimap/9661_FV_NSD/images_qualimapReport/Coverage Profile Along Genes (Low).png
16-NRF_bam/qualimap/9661_FV_NSD/images_qualimapReport/Coverage Profile Along Genes (Total).png
16-NRF_bam/qualimap/9661_FV_NSD/images_qualimapReport/genome_coverage_0to50_histogram.png
16-NRF_bam/qualimap/9661_FV_NSD/images_qualimapReport/genome_coverage_across_reference.png
16-NRF_bam/qualimap/9661_FV_NSD/images_qualimapReport/genome_coverage_histogram.png
16-NRF_bam/qualimap/9661_FV_NSD/images_qualimapReport/genome_coverage_quotes.png
16-NRF_bam/qualimap/9661_FV_NSD/images_qualimapReport/genome_gc_content_per_window.png
16-NRF_bam/qualimap/9661_FV_NSD/images_qualimapReport/genome_homopolymer_indels.png
16-NRF_bam/qualimap/9661_FV_NSD/images_qualimapReport/genome_mapping_quality_across_reference.png
16-NRF_bam/qualimap/9661_FV_NSD/images_qualimapReport/genome_mapping_quality_histogram.png
16-NRF_bam/qualimap/9661_FV_NSD/images_qualimapReport/genome_reads_clipping_profile.png
16-NRF_bam/qualimap/9661_FV_NSD/images_qualimapReport/genome_reads_content_per_read_position.png
16-NRF_bam/qualimap/9661_FV_NSD/images_qualimapReport/genome_uniq_read_starts_histogram.png
16-NRF_bam/qualimap/9661_FV_NSD/images_qualimapReport/Junction Analysis.png
16-NRF_bam/qualimap/9661_FV_NSD/images_qualimapReportOutsideRegions/outside_coverage_0to50_histogram.png
16-NRF_bam/qualimap/9661_FV_NSD/images_qualimapReportOutsideRegions/outside_coverage_across_reference.png
16-NRF_bam/qualimap/9661_FV_NSD/images_qualimapReportOutsideRegions/outside_coverage_histogram.png
16-NRF_bam/qualimap/9661_FV_NSD/images_qualimapReportOutsideRegions/outside_coverage_quotes.png
16-NRF_bam/qualimap/9661_FV_NSD/images_qualimapReportOutsideRegions/outside_gc_content_per_window.png
16-NRF_bam/qualimap/9661_FV_NSD/images_qualimapReportOutsideRegions/outside_homopolymer_indels.png
16-NRF_bam/qualimap/9661_FV_NSD/images_qualimapReportOutsideRegions/outside_mapping_quality_across_reference.png
16-NRF_bam/qualimap/9661_FV_NSD/images_qualimapReportOutsideRegions/outside_mapping_quality_histogram.png
16-NRF_bam/qualimap/9661_FV_NSD/images_qualimapReportOutsideRegions/outside_reads_clipping_profile.png
16-NRF_bam/qualimap/9661_FV_NSD/images_qualimapReportOutsideRegions/outside_reads_content_per_read_position.png
16-NRF_bam/qualimap/9661_FV_NSD/images_qualimapReportOutsideRegions/outside_uniq_read_starts_histogram.png
16-NRF_bam/qualimap/9661_FV_NSD/images_qualimapReport/Reads Genomic Origin.png
16-NRF_bam/qualimap/9661_FV_NSD/images_qualimapReport/Transcript coverage histogram.png
16-NRF_bam/qualimap/9661_FV_NSD/outside_results.txt
16-NRF_bam/qualimap/9661_FV_NSD/outside_window.txt
16-NRF_bam/qualimap/9661_FV_NSD/qualimapReport.html
16-NRF_bam/qualimap/9661_FV_NSD/qualimapReportOutsideRegions.html
16-NRF_bam/qualimap/9661_FV_NSD/raw_data_qualimapReport/coverage_across_reference.txt
16-NRF_bam/qualimap/9661_FV_NSD/raw_data_qualimapReport/coverage_histogram.txt
16-NRF_bam/qualimap/9661_FV_NSD/raw_data_qualimapReport/coverage_profile_along_genes_(high).txt
16-NRF_bam/qualimap/9661_FV_NSD/raw_data_qualimapReport/coverage_profile_along_genes_(low).txt
16-NRF_bam/qualimap/9661_FV_NSD/raw_data_qualimapReport/coverage_profile_along_genes_(total).txt
16-NRF_bam/qualimap/9661_FV_NSD/raw_data_qualimapReport/duplication_rate_histogram.txt
16-NRF_bam/qualimap/9661_FV_NSD/raw_data_qualimapReport/genome_fraction_coverage.txt
16-NRF_bam/qualimap/9661_FV_NSD/raw_data_qualimapReport/homopolymer_indels.txt
16-NRF_bam/qualimap/9661_FV_NSD/raw_data_qualimapReport/mapped_reads_clipping_profile.txt
16-NRF_bam/qualimap/9661_FV_NSD/raw_data_qualimapReport/mapped_reads_gc-content_distribution.txt
16-NRF_bam/qualimap/9661_FV_NSD/raw_data_qualimapReport/mapped_reads_nucleotide_content.txt
16-NRF_bam/qualimap/9661_FV_NSD/raw_data_qualimapReport/mapping_quality_across_reference.txt
16-NRF_bam/qualimap/9661_FV_NSD/raw_data_qualimapReport/mapping_quality_histogram.txt
16-NRF_bam/qualimap/9661_FV_NSD/raw_data_qualimapReportOutsideRegions/coverage_across_reference.txt
16-NRF_bam/qualimap/9661_FV_NSD/raw_data_qualimapReportOutsideRegions/coverage_histogram.txt
16-NRF_bam/qualimap/9661_FV_NSD/raw_data_qualimapReportOutsideRegions/duplication_rate_histogram.txt
16-NRF_bam/qualimap/9661_FV_NSD/raw_data_qualimapReportOutsideRegions/genome_fraction_coverage.txt
16-NRF_bam/qualimap/9661_FV_NSD/raw_data_qualimapReportOutsideRegions/homopolymer_indels.txt
16-NRF_bam/qualimap/9661_FV_NSD/raw_data_qualimapReportOutsideRegions/mapped_reads_clipping_profile.txt
16-NRF_bam/qualimap/9661_FV_NSD/raw_data_qualimapReportOutsideRegions/mapped_reads_gc-content_distribution.txt
16-NRF_bam/qualimap/9661_FV_NSD/raw_data_qualimapReportOutsideRegions/mapped_reads_nucleotide_content.txt
16-NRF_bam/qualimap/9661_FV_NSD/raw_data_qualimapReportOutsideRegions/mapping_quality_across_reference.txt
16-NRF_bam/qualimap/9661_FV_NSD/raw_data_qualimapReportOutsideRegions/mapping_quality_histogram.txt
16-NRF_bam/qualimap/9661_FV_NSD/rnaseq_qc_results.txt
16-NRF_bam/qualimap/9673_FV_SD/css/agogo.css
16-NRF_bam/qualimap/9673_FV_SD/css/ajax-loader.gif
16-NRF_bam/qualimap/9673_FV_SD/css/basic.css
16-NRF_bam/qualimap/9673_FV_SD/css/bgfooter.png
16-NRF_bam/qualimap/9673_FV_SD/css/bgtop.png
16-NRF_bam/qualimap/9673_FV_SD/css/comment-bright.png
16-NRF_bam/qualimap/9673_FV_SD/css/comment-close.png
16-NRF_bam/qualimap/9673_FV_SD/css/comment.png
16-NRF_bam/qualimap/9673_FV_SD/css/doctools.js
16-NRF_bam/qualimap/9673_FV_SD/css/down.png
16-NRF_bam/qualimap/9673_FV_SD/css/down-pressed.png
16-NRF_bam/qualimap/9673_FV_SD/css/file.png
16-NRF_bam/qualimap/9673_FV_SD/css/jquery.js
16-NRF_bam/qualimap/9673_FV_SD/css/minus.png
16-NRF_bam/qualimap/9673_FV_SD/css/plus.png
16-NRF_bam/qualimap/9673_FV_SD/css/pygments.css
16-NRF_bam/qualimap/9673_FV_SD/css/qualimap_logo_small.png
16-NRF_bam/qualimap/9673_FV_SD/css/report.css
16-NRF_bam/qualimap/9673_FV_SD/css/searchtools.js
16-NRF_bam/qualimap/9673_FV_SD/css/underscore.js
16-NRF_bam/qualimap/9673_FV_SD/css/up.png
16-NRF_bam/qualimap/9673_FV_SD/css/up-pressed.png
16-NRF_bam/qualimap/9673_FV_SD/css/websupport.js
16-NRF_bam/qualimap/9673_FV_SD/genome_results.txt
16-NRF_bam/qualimap/9673_FV_SD/images_qualimapReport/Coverage Profile Along Genes (High).png
16-NRF_bam/qualimap/9673_FV_SD/images_qualimapReport/Coverage Profile Along Genes (Low).png
16-NRF_bam/qualimap/9673_FV_SD/images_qualimapReport/Coverage Profile Along Genes (Total).png
16-NRF_bam/qualimap/9673_FV_SD/images_qualimapReport/genome_coverage_0to50_histogram.png
16-NRF_bam/qualimap/9673_FV_SD/images_qualimapReport/genome_coverage_across_reference.png
16-NRF_bam/qualimap/9673_FV_SD/images_qualimapReport/genome_coverage_histogram.png
16-NRF_bam/qualimap/9673_FV_SD/images_qualimapReport/genome_coverage_quotes.png
16-NRF_bam/qualimap/9673_FV_SD/images_qualimapReport/genome_gc_content_per_window.png
16-NRF_bam/qualimap/9673_FV_SD/images_qualimapReport/genome_homopolymer_indels.png
16-NRF_bam/qualimap/9673_FV_SD/images_qualimapReport/genome_mapping_quality_across_reference.png
16-NRF_bam/qualimap/9673_FV_SD/images_qualimapReport/genome_mapping_quality_histogram.png
16-NRF_bam/qualimap/9673_FV_SD/images_qualimapReport/genome_reads_clipping_profile.png
16-NRF_bam/qualimap/9673_FV_SD/images_qualimapReport/genome_reads_content_per_read_position.png
16-NRF_bam/qualimap/9673_FV_SD/images_qualimapReport/genome_uniq_read_starts_histogram.png
16-NRF_bam/qualimap/9673_FV_SD/images_qualimapReport/Junction Analysis.png
16-NRF_bam/qualimap/9673_FV_SD/images_qualimapReportOutsideRegions/outside_coverage_0to50_histogram.png
16-NRF_bam/qualimap/9673_FV_SD/images_qualimapReportOutsideRegions/outside_coverage_across_reference.png
16-NRF_bam/qualimap/9673_FV_SD/images_qualimapReportOutsideRegions/outside_coverage_histogram.png
16-NRF_bam/qualimap/9673_FV_SD/images_qualimapReportOutsideRegions/outside_coverage_quotes.png
16-NRF_bam/qualimap/9673_FV_SD/images_qualimapReportOutsideRegions/outside_gc_content_per_window.png
16-NRF_bam/qualimap/9673_FV_SD/images_qualimapReportOutsideRegions/outside_homopolymer_indels.png
16-NRF_bam/qualimap/9673_FV_SD/images_qualimapReportOutsideRegions/outside_mapping_quality_across_reference.png
16-NRF_bam/qualimap/9673_FV_SD/images_qualimapReportOutsideRegions/outside_mapping_quality_histogram.png
16-NRF_bam/qualimap/9673_FV_SD/images_qualimapReportOutsideRegions/outside_reads_clipping_profile.png
16-NRF_bam/qualimap/9673_FV_SD/images_qualimapReportOutsideRegions/outside_reads_content_per_read_position.png
16-NRF_bam/qualimap/9673_FV_SD/images_qualimapReportOutsideRegions/outside_uniq_read_starts_histogram.png
16-NRF_bam/qualimap/9673_FV_SD/images_qualimapReport/Reads Genomic Origin.png
16-NRF_bam/qualimap/9673_FV_SD/images_qualimapReport/Transcript coverage histogram.png
16-NRF_bam/qualimap/9673_FV_SD/outside_results.txt
16-NRF_bam/qualimap/9673_FV_SD/outside_window.txt
16-NRF_bam/qualimap/9673_FV_SD/qualimapReport.html
16-NRF_bam/qualimap/9673_FV_SD/qualimapReportOutsideRegions.html
16-NRF_bam/qualimap/9673_FV_SD/raw_data_qualimapReport/coverage_across_reference.txt
16-NRF_bam/qualimap/9673_FV_SD/raw_data_qualimapReport/coverage_histogram.txt
16-NRF_bam/qualimap/9673_FV_SD/raw_data_qualimapReport/coverage_profile_along_genes_(high).txt
16-NRF_bam/qualimap/9673_FV_SD/raw_data_qualimapReport/coverage_profile_along_genes_(low).txt
16-NRF_bam/qualimap/9673_FV_SD/raw_data_qualimapReport/coverage_profile_along_genes_(total).txt
16-NRF_bam/qualimap/9673_FV_SD/raw_data_qualimapReport/duplication_rate_histogram.txt
16-NRF_bam/qualimap/9673_FV_SD/raw_data_qualimapReport/genome_fraction_coverage.txt
16-NRF_bam/qualimap/9673_FV_SD/raw_data_qualimapReport/homopolymer_indels.txt
16-NRF_bam/qualimap/9673_FV_SD/raw_data_qualimapReport/mapped_reads_clipping_profile.txt
16-NRF_bam/qualimap/9673_FV_SD/raw_data_qualimapReport/mapped_reads_gc-content_distribution.txt
16-NRF_bam/qualimap/9673_FV_SD/raw_data_qualimapReport/mapped_reads_nucleotide_content.txt
16-NRF_bam/qualimap/9673_FV_SD/raw_data_qualimapReport/mapping_quality_across_reference.txt
16-NRF_bam/qualimap/9673_FV_SD/raw_data_qualimapReport/mapping_quality_histogram.txt
16-NRF_bam/qualimap/9673_FV_SD/raw_data_qualimapReportOutsideRegions/coverage_across_reference.txt
16-NRF_bam/qualimap/9673_FV_SD/raw_data_qualimapReportOutsideRegions/coverage_histogram.txt
16-NRF_bam/qualimap/9673_FV_SD/raw_data_qualimapReportOutsideRegions/duplication_rate_histogram.txt
16-NRF_bam/qualimap/9673_FV_SD/raw_data_qualimapReportOutsideRegions/genome_fraction_coverage.txt
16-NRF_bam/qualimap/9673_FV_SD/raw_data_qualimapReportOutsideRegions/homopolymer_indels.txt
16-NRF_bam/qualimap/9673_FV_SD/raw_data_qualimapReportOutsideRegions/mapped_reads_clipping_profile.txt
16-NRF_bam/qualimap/9673_FV_SD/raw_data_qualimapReportOutsideRegions/mapped_reads_gc-content_distribution.txt
16-NRF_bam/qualimap/9673_FV_SD/raw_data_qualimapReportOutsideRegions/mapped_reads_nucleotide_content.txt
16-NRF_bam/qualimap/9673_FV_SD/raw_data_qualimapReportOutsideRegions/mapping_quality_across_reference.txt
16-NRF_bam/qualimap/9673_FV_SD/raw_data_qualimapReportOutsideRegions/mapping_quality_histogram.txt
16-NRF_bam/qualimap/9673_FV_SD/rnaseq_qc_results.txt
16-NRF_bam/qualimap/9726_FT_NSD/css/agogo.css
16-NRF_bam/qualimap/9726_FT_NSD/css/ajax-loader.gif
16-NRF_bam/qualimap/9726_FT_NSD/css/basic.css
16-NRF_bam/qualimap/9726_FT_NSD/css/bgfooter.png
16-NRF_bam/qualimap/9726_FT_NSD/css/bgtop.png
16-NRF_bam/qualimap/9726_FT_NSD/css/comment-bright.png
16-NRF_bam/qualimap/9726_FT_NSD/css/comment-close.png
16-NRF_bam/qualimap/9726_FT_NSD/css/comment.png
16-NRF_bam/qualimap/9726_FT_NSD/css/doctools.js
16-NRF_bam/qualimap/9726_FT_NSD/css/down.png
16-NRF_bam/qualimap/9726_FT_NSD/css/down-pressed.png
16-NRF_bam/qualimap/9726_FT_NSD/css/file.png
16-NRF_bam/qualimap/9726_FT_NSD/css/jquery.js
16-NRF_bam/qualimap/9726_FT_NSD/css/minus.png
16-NRF_bam/qualimap/9726_FT_NSD/css/plus.png
16-NRF_bam/qualimap/9726_FT_NSD/css/pygments.css
16-NRF_bam/qualimap/9726_FT_NSD/css/qualimap_logo_small.png
16-NRF_bam/qualimap/9726_FT_NSD/css/report.css
16-NRF_bam/qualimap/9726_FT_NSD/css/searchtools.js
16-NRF_bam/qualimap/9726_FT_NSD/css/underscore.js
16-NRF_bam/qualimap/9726_FT_NSD/css/up.png
16-NRF_bam/qualimap/9726_FT_NSD/css/up-pressed.png
16-NRF_bam/qualimap/9726_FT_NSD/css/websupport.js
16-NRF_bam/qualimap/9726_FT_NSD/genome_results.txt
16-NRF_bam/qualimap/9726_FT_NSD/images_qualimapReport/Coverage Profile Along Genes (High).png
16-NRF_bam/qualimap/9726_FT_NSD/images_qualimapReport/Coverage Profile Along Genes (Low).png
16-NRF_bam/qualimap/9726_FT_NSD/images_qualimapReport/Coverage Profile Along Genes (Total).png
16-NRF_bam/qualimap/9726_FT_NSD/images_qualimapReport/genome_coverage_0to50_histogram.png
16-NRF_bam/qualimap/9726_FT_NSD/images_qualimapReport/genome_coverage_across_reference.png
16-NRF_bam/qualimap/9726_FT_NSD/images_qualimapReport/genome_coverage_histogram.png
16-NRF_bam/qualimap/9726_FT_NSD/images_qualimapReport/genome_coverage_quotes.png
16-NRF_bam/qualimap/9726_FT_NSD/images_qualimapReport/genome_gc_content_per_window.png
16-NRF_bam/qualimap/9726_FT_NSD/images_qualimapReport/genome_homopolymer_indels.png
16-NRF_bam/qualimap/9726_FT_NSD/images_qualimapReport/genome_mapping_quality_across_reference.png
16-NRF_bam/qualimap/9726_FT_NSD/images_qualimapReport/genome_mapping_quality_histogram.png
16-NRF_bam/qualimap/9726_FT_NSD/images_qualimapReport/genome_reads_clipping_profile.png
16-NRF_bam/qualimap/9726_FT_NSD/images_qualimapReport/genome_reads_content_per_read_position.png
16-NRF_bam/qualimap/9726_FT_NSD/images_qualimapReport/genome_uniq_read_starts_histogram.png
16-NRF_bam/qualimap/9726_FT_NSD/images_qualimapReport/Junction Analysis.png
16-NRF_bam/qualimap/9726_FT_NSD/images_qualimapReportOutsideRegions/outside_coverage_0to50_histogram.png
16-NRF_bam/qualimap/9726_FT_NSD/images_qualimapReportOutsideRegions/outside_coverage_across_reference.png
16-NRF_bam/qualimap/9726_FT_NSD/images_qualimapReportOutsideRegions/outside_coverage_histogram.png
16-NRF_bam/qualimap/9726_FT_NSD/images_qualimapReportOutsideRegions/outside_coverage_quotes.png
16-NRF_bam/qualimap/9726_FT_NSD/images_qualimapReportOutsideRegions/outside_gc_content_per_window.png
16-NRF_bam/qualimap/9726_FT_NSD/images_qualimapReportOutsideRegions/outside_homopolymer_indels.png
16-NRF_bam/qualimap/9726_FT_NSD/images_qualimapReportOutsideRegions/outside_mapping_quality_across_reference.png
16-NRF_bam/qualimap/9726_FT_NSD/images_qualimapReportOutsideRegions/outside_mapping_quality_histogram.png
16-NRF_bam/qualimap/9726_FT_NSD/images_qualimapReportOutsideRegions/outside_reads_clipping_profile.png
16-NRF_bam/qualimap/9726_FT_NSD/images_qualimapReportOutsideRegions/outside_reads_content_per_read_position.png
16-NRF_bam/qualimap/9726_FT_NSD/images_qualimapReportOutsideRegions/outside_uniq_read_starts_histogram.png
16-NRF_bam/qualimap/9726_FT_NSD/images_qualimapReport/Reads Genomic Origin.png
16-NRF_bam/qualimap/9726_FT_NSD/images_qualimapReport/Transcript coverage histogram.png
16-NRF_bam/qualimap/9726_FT_NSD/outside_results.txt
16-NRF_bam/qualimap/9726_FT_NSD/outside_window.txt
16-NRF_bam/qualimap/9726_FT_NSD/qualimapReport.html
16-NRF_bam/qualimap/9726_FT_NSD/qualimapReportOutsideRegions.html
16-NRF_bam/qualimap/9726_FT_NSD/raw_data_qualimapReport/coverage_across_reference.txt
16-NRF_bam/qualimap/9726_FT_NSD/raw_data_qualimapReport/coverage_histogram.txt
16-NRF_bam/qualimap/9726_FT_NSD/raw_data_qualimapReport/coverage_profile_along_genes_(high).txt
16-NRF_bam/qualimap/9726_FT_NSD/raw_data_qualimapReport/coverage_profile_along_genes_(low).txt
16-NRF_bam/qualimap/9726_FT_NSD/raw_data_qualimapReport/coverage_profile_along_genes_(total).txt
16-NRF_bam/qualimap/9726_FT_NSD/raw_data_qualimapReport/duplication_rate_histogram.txt
16-NRF_bam/qualimap/9726_FT_NSD/raw_data_qualimapReport/genome_fraction_coverage.txt
16-NRF_bam/qualimap/9726_FT_NSD/raw_data_qualimapReport/homopolymer_indels.txt
16-NRF_bam/qualimap/9726_FT_NSD/raw_data_qualimapReport/mapped_reads_clipping_profile.txt
16-NRF_bam/qualimap/9726_FT_NSD/raw_data_qualimapReport/mapped_reads_gc-content_distribution.txt
16-NRF_bam/qualimap/9726_FT_NSD/raw_data_qualimapReport/mapped_reads_nucleotide_content.txt
16-NRF_bam/qualimap/9726_FT_NSD/raw_data_qualimapReport/mapping_quality_across_reference.txt
16-NRF_bam/qualimap/9726_FT_NSD/raw_data_qualimapReport/mapping_quality_histogram.txt
16-NRF_bam/qualimap/9726_FT_NSD/raw_data_qualimapReportOutsideRegions/coverage_across_reference.txt
16-NRF_bam/qualimap/9726_FT_NSD/raw_data_qualimapReportOutsideRegions/coverage_histogram.txt
16-NRF_bam/qualimap/9726_FT_NSD/raw_data_qualimapReportOutsideRegions/duplication_rate_histogram.txt
16-NRF_bam/qualimap/9726_FT_NSD/raw_data_qualimapReportOutsideRegions/genome_fraction_coverage.txt
16-NRF_bam/qualimap/9726_FT_NSD/raw_data_qualimapReportOutsideRegions/homopolymer_indels.txt
16-NRF_bam/qualimap/9726_FT_NSD/raw_data_qualimapReportOutsideRegions/mapped_reads_clipping_profile.txt
16-NRF_bam/qualimap/9726_FT_NSD/raw_data_qualimapReportOutsideRegions/mapped_reads_gc-content_distribution.txt
16-NRF_bam/qualimap/9726_FT_NSD/raw_data_qualimapReportOutsideRegions/mapped_reads_nucleotide_content.txt
16-NRF_bam/qualimap/9726_FT_NSD/raw_data_qualimapReportOutsideRegions/mapping_quality_across_reference.txt
16-NRF_bam/qualimap/9726_FT_NSD/raw_data_qualimapReportOutsideRegions/mapping_quality_histogram.txt
16-NRF_bam/qualimap/9726_FT_NSD/rnaseq_qc_results.txt
16-NRF_bam/qualimap/9844_FT_SD/css/agogo.css
16-NRF_bam/qualimap/9844_FT_SD/css/ajax-loader.gif
16-NRF_bam/qualimap/9844_FT_SD/css/basic.css
16-NRF_bam/qualimap/9844_FT_SD/css/bgfooter.png
16-NRF_bam/qualimap/9844_FT_SD/css/bgtop.png
16-NRF_bam/qualimap/9844_FT_SD/css/comment-bright.png
16-NRF_bam/qualimap/9844_FT_SD/css/comment-close.png
16-NRF_bam/qualimap/9844_FT_SD/css/comment.png
16-NRF_bam/qualimap/9844_FT_SD/css/doctools.js
16-NRF_bam/qualimap/9844_FT_SD/css/down.png
16-NRF_bam/qualimap/9844_FT_SD/css/down-pressed.png
16-NRF_bam/qualimap/9844_FT_SD/css/file.png
16-NRF_bam/qualimap/9844_FT_SD/css/jquery.js
16-NRF_bam/qualimap/9844_FT_SD/css/minus.png
16-NRF_bam/qualimap/9844_FT_SD/css/plus.png
16-NRF_bam/qualimap/9844_FT_SD/css/pygments.css
16-NRF_bam/qualimap/9844_FT_SD/css/qualimap_logo_small.png
16-NRF_bam/qualimap/9844_FT_SD/css/report.css
16-NRF_bam/qualimap/9844_FT_SD/css/searchtools.js
16-NRF_bam/qualimap/9844_FT_SD/css/underscore.js
16-NRF_bam/qualimap/9844_FT_SD/css/up.png
16-NRF_bam/qualimap/9844_FT_SD/css/up-pressed.png
16-NRF_bam/qualimap/9844_FT_SD/css/websupport.js
16-NRF_bam/qualimap/9844_FT_SD/genome_results.txt
16-NRF_bam/qualimap/9844_FT_SD/images_qualimapReport/Coverage Profile Along Genes (High).png
16-NRF_bam/qualimap/9844_FT_SD/images_qualimapReport/Coverage Profile Along Genes (Low).png
16-NRF_bam/qualimap/9844_FT_SD/images_qualimapReport/Coverage Profile Along Genes (Total).png
16-NRF_bam/qualimap/9844_FT_SD/images_qualimapReport/genome_coverage_0to50_histogram.png
16-NRF_bam/qualimap/9844_FT_SD/images_qualimapReport/genome_coverage_across_reference.png
16-NRF_bam/qualimap/9844_FT_SD/images_qualimapReport/genome_coverage_histogram.png
16-NRF_bam/qualimap/9844_FT_SD/images_qualimapReport/genome_coverage_quotes.png
16-NRF_bam/qualimap/9844_FT_SD/images_qualimapReport/genome_gc_content_per_window.png
16-NRF_bam/qualimap/9844_FT_SD/images_qualimapReport/genome_homopolymer_indels.png
16-NRF_bam/qualimap/9844_FT_SD/images_qualimapReport/genome_mapping_quality_across_reference.png
16-NRF_bam/qualimap/9844_FT_SD/images_qualimapReport/genome_mapping_quality_histogram.png
16-NRF_bam/qualimap/9844_FT_SD/images_qualimapReport/genome_reads_clipping_profile.png
16-NRF_bam/qualimap/9844_FT_SD/images_qualimapReport/genome_reads_content_per_read_position.png
16-NRF_bam/qualimap/9844_FT_SD/images_qualimapReport/genome_uniq_read_starts_histogram.png
16-NRF_bam/qualimap/9844_FT_SD/images_qualimapReport/Junction Analysis.png
16-NRF_bam/qualimap/9844_FT_SD/images_qualimapReportOutsideRegions/outside_coverage_0to50_histogram.png
16-NRF_bam/qualimap/9844_FT_SD/images_qualimapReportOutsideRegions/outside_coverage_across_reference.png
16-NRF_bam/qualimap/9844_FT_SD/images_qualimapReportOutsideRegions/outside_coverage_histogram.png
16-NRF_bam/qualimap/9844_FT_SD/images_qualimapReportOutsideRegions/outside_coverage_quotes.png
16-NRF_bam/qualimap/9844_FT_SD/images_qualimapReportOutsideRegions/outside_gc_content_per_window.png
16-NRF_bam/qualimap/9844_FT_SD/images_qualimapReportOutsideRegions/outside_homopolymer_indels.png
16-NRF_bam/qualimap/9844_FT_SD/images_qualimapReportOutsideRegions/outside_mapping_quality_across_reference.png
16-NRF_bam/qualimap/9844_FT_SD/images_qualimapReportOutsideRegions/outside_mapping_quality_histogram.png
16-NRF_bam/qualimap/9844_FT_SD/images_qualimapReportOutsideRegions/outside_reads_clipping_profile.png
16-NRF_bam/qualimap/9844_FT_SD/images_qualimapReportOutsideRegions/outside_reads_content_per_read_position.png
16-NRF_bam/qualimap/9844_FT_SD/images_qualimapReportOutsideRegions/outside_uniq_read_starts_histogram.png
16-NRF_bam/qualimap/9844_FT_SD/images_qualimapReport/Reads Genomic Origin.png
16-NRF_bam/qualimap/9844_FT_SD/images_qualimapReport/Transcript coverage histogram.png
16-NRF_bam/qualimap/9844_FT_SD/outside_results.txt
16-NRF_bam/qualimap/9844_FT_SD/outside_window.txt
16-NRF_bam/qualimap/9844_FT_SD/qualimapReport.html
16-NRF_bam/qualimap/9844_FT_SD/qualimapReportOutsideRegions.html
16-NRF_bam/qualimap/9844_FT_SD/raw_data_qualimapReport/coverage_across_reference.txt
16-NRF_bam/qualimap/9844_FT_SD/raw_data_qualimapReport/coverage_histogram.txt
16-NRF_bam/qualimap/9844_FT_SD/raw_data_qualimapReport/coverage_profile_along_genes_(high).txt
16-NRF_bam/qualimap/9844_FT_SD/raw_data_qualimapReport/coverage_profile_along_genes_(low).txt
16-NRF_bam/qualimap/9844_FT_SD/raw_data_qualimapReport/coverage_profile_along_genes_(total).txt
16-NRF_bam/qualimap/9844_FT_SD/raw_data_qualimapReport/duplication_rate_histogram.txt
16-NRF_bam/qualimap/9844_FT_SD/raw_data_qualimapReport/genome_fraction_coverage.txt
16-NRF_bam/qualimap/9844_FT_SD/raw_data_qualimapReport/homopolymer_indels.txt
16-NRF_bam/qualimap/9844_FT_SD/raw_data_qualimapReport/mapped_reads_clipping_profile.txt
16-NRF_bam/qualimap/9844_FT_SD/raw_data_qualimapReport/mapped_reads_gc-content_distribution.txt
16-NRF_bam/qualimap/9844_FT_SD/raw_data_qualimapReport/mapped_reads_nucleotide_content.txt
16-NRF_bam/qualimap/9844_FT_SD/raw_data_qualimapReport/mapping_quality_across_reference.txt
16-NRF_bam/qualimap/9844_FT_SD/raw_data_qualimapReport/mapping_quality_histogram.txt
16-NRF_bam/qualimap/9844_FT_SD/raw_data_qualimapReportOutsideRegions/coverage_across_reference.txt
16-NRF_bam/qualimap/9844_FT_SD/raw_data_qualimapReportOutsideRegions/coverage_histogram.txt
16-NRF_bam/qualimap/9844_FT_SD/raw_data_qualimapReportOutsideRegions/duplication_rate_histogram.txt
16-NRF_bam/qualimap/9844_FT_SD/raw_data_qualimapReportOutsideRegions/genome_fraction_coverage.txt
16-NRF_bam/qualimap/9844_FT_SD/raw_data_qualimapReportOutsideRegions/homopolymer_indels.txt
16-NRF_bam/qualimap/9844_FT_SD/raw_data_qualimapReportOutsideRegions/mapped_reads_clipping_profile.txt
16-NRF_bam/qualimap/9844_FT_SD/raw_data_qualimapReportOutsideRegions/mapped_reads_gc-content_distribution.txt
16-NRF_bam/qualimap/9844_FT_SD/raw_data_qualimapReportOutsideRegions/mapped_reads_nucleotide_content.txt
16-NRF_bam/qualimap/9844_FT_SD/raw_data_qualimapReportOutsideRegions/mapping_quality_across_reference.txt
16-NRF_bam/qualimap/9844_FT_SD/raw_data_qualimapReportOutsideRegions/mapping_quality_histogram.txt
16-NRF_bam/qualimap/9844_FT_SD/rnaseq_qc_results.txt
16-NRF_bam/qualimap/9984_CT_SD/css/agogo.css
16-NRF_bam/qualimap/9984_CT_SD/css/ajax-loader.gif
16-NRF_bam/qualimap/9984_CT_SD/css/basic.css
16-NRF_bam/qualimap/9984_CT_SD/css/bgfooter.png
16-NRF_bam/qualimap/9984_CT_SD/css/bgtop.png
16-NRF_bam/qualimap/9984_CT_SD/css/comment-bright.png
16-NRF_bam/qualimap/9984_CT_SD/css/comment-close.png
16-NRF_bam/qualimap/9984_CT_SD/css/comment.png
16-NRF_bam/qualimap/9984_CT_SD/css/doctools.js
16-NRF_bam/qualimap/9984_CT_SD/css/down.png
16-NRF_bam/qualimap/9984_CT_SD/css/down-pressed.png
16-NRF_bam/qualimap/9984_CT_SD/css/file.png
16-NRF_bam/qualimap/9984_CT_SD/css/jquery.js
16-NRF_bam/qualimap/9984_CT_SD/css/minus.png
16-NRF_bam/qualimap/9984_CT_SD/css/plus.png
16-NRF_bam/qualimap/9984_CT_SD/css/pygments.css
16-NRF_bam/qualimap/9984_CT_SD/css/qualimap_logo_small.png
16-NRF_bam/qualimap/9984_CT_SD/css/report.css
16-NRF_bam/qualimap/9984_CT_SD/css/searchtools.js
16-NRF_bam/qualimap/9984_CT_SD/css/underscore.js
16-NRF_bam/qualimap/9984_CT_SD/css/up.png
16-NRF_bam/qualimap/9984_CT_SD/css/up-pressed.png
16-NRF_bam/qualimap/9984_CT_SD/css/websupport.js
16-NRF_bam/qualimap/9984_CT_SD/genome_results.txt
16-NRF_bam/qualimap/9984_CT_SD/images_qualimapReport/Coverage Profile Along Genes (High).png
16-NRF_bam/qualimap/9984_CT_SD/images_qualimapReport/Coverage Profile Along Genes (Low).png
16-NRF_bam/qualimap/9984_CT_SD/images_qualimapReport/Coverage Profile Along Genes (Total).png
16-NRF_bam/qualimap/9984_CT_SD/images_qualimapReport/genome_coverage_0to50_histogram.png
16-NRF_bam/qualimap/9984_CT_SD/images_qualimapReport/genome_coverage_across_reference.png
16-NRF_bam/qualimap/9984_CT_SD/images_qualimapReport/genome_coverage_histogram.png
16-NRF_bam/qualimap/9984_CT_SD/images_qualimapReport/genome_coverage_quotes.png
16-NRF_bam/qualimap/9984_CT_SD/images_qualimapReport/genome_gc_content_per_window.png
16-NRF_bam/qualimap/9984_CT_SD/images_qualimapReport/genome_homopolymer_indels.png
16-NRF_bam/qualimap/9984_CT_SD/images_qualimapReport/genome_mapping_quality_across_reference.png
16-NRF_bam/qualimap/9984_CT_SD/images_qualimapReport/genome_mapping_quality_histogram.png
16-NRF_bam/qualimap/9984_CT_SD/images_qualimapReport/genome_reads_clipping_profile.png
16-NRF_bam/qualimap/9984_CT_SD/images_qualimapReport/genome_reads_content_per_read_position.png
16-NRF_bam/qualimap/9984_CT_SD/images_qualimapReport/genome_uniq_read_starts_histogram.png
16-NRF_bam/qualimap/9984_CT_SD/images_qualimapReport/Junction Analysis.png
16-NRF_bam/qualimap/9984_CT_SD/images_qualimapReportOutsideRegions/outside_coverage_0to50_histogram.png
16-NRF_bam/qualimap/9984_CT_SD/images_qualimapReportOutsideRegions/outside_coverage_across_reference.png
16-NRF_bam/qualimap/9984_CT_SD/images_qualimapReportOutsideRegions/outside_coverage_histogram.png
16-NRF_bam/qualimap/9984_CT_SD/images_qualimapReportOutsideRegions/outside_coverage_quotes.png
16-NRF_bam/qualimap/9984_CT_SD/images_qualimapReportOutsideRegions/outside_gc_content_per_window.png
16-NRF_bam/qualimap/9984_CT_SD/images_qualimapReportOutsideRegions/outside_homopolymer_indels.png
16-NRF_bam/qualimap/9984_CT_SD/images_qualimapReportOutsideRegions/outside_mapping_quality_across_reference.png
16-NRF_bam/qualimap/9984_CT_SD/images_qualimapReportOutsideRegions/outside_mapping_quality_histogram.png
16-NRF_bam/qualimap/9984_CT_SD/images_qualimapReportOutsideRegions/outside_reads_clipping_profile.png
16-NRF_bam/qualimap/9984_CT_SD/images_qualimapReportOutsideRegions/outside_reads_content_per_read_position.png
16-NRF_bam/qualimap/9984_CT_SD/images_qualimapReportOutsideRegions/outside_uniq_read_starts_histogram.png
16-NRF_bam/qualimap/9984_CT_SD/images_qualimapReport/Reads Genomic Origin.png
16-NRF_bam/qualimap/9984_CT_SD/images_qualimapReport/Transcript coverage histogram.png
16-NRF_bam/qualimap/9984_CT_SD/outside_results.txt
16-NRF_bam/qualimap/9984_CT_SD/outside_window.txt
16-NRF_bam/qualimap/9984_CT_SD/qualimapReport.html
16-NRF_bam/qualimap/9984_CT_SD/qualimapReportOutsideRegions.html
16-NRF_bam/qualimap/9984_CT_SD/raw_data_qualimapReport/coverage_across_reference.txt
16-NRF_bam/qualimap/9984_CT_SD/raw_data_qualimapReport/coverage_histogram.txt
16-NRF_bam/qualimap/9984_CT_SD/raw_data_qualimapReport/coverage_profile_along_genes_(high).txt
16-NRF_bam/qualimap/9984_CT_SD/raw_data_qualimapReport/coverage_profile_along_genes_(low).txt
16-NRF_bam/qualimap/9984_CT_SD/raw_data_qualimapReport/coverage_profile_along_genes_(total).txt
16-NRF_bam/qualimap/9984_CT_SD/raw_data_qualimapReport/duplication_rate_histogram.txt
16-NRF_bam/qualimap/9984_CT_SD/raw_data_qualimapReport/genome_fraction_coverage.txt
16-NRF_bam/qualimap/9984_CT_SD/raw_data_qualimapReport/homopolymer_indels.txt
16-NRF_bam/qualimap/9984_CT_SD/raw_data_qualimapReport/mapped_reads_clipping_profile.txt
16-NRF_bam/qualimap/9984_CT_SD/raw_data_qualimapReport/mapped_reads_gc-content_distribution.txt
16-NRF_bam/qualimap/9984_CT_SD/raw_data_qualimapReport/mapped_reads_nucleotide_content.txt
16-NRF_bam/qualimap/9984_CT_SD/raw_data_qualimapReport/mapping_quality_across_reference.txt
16-NRF_bam/qualimap/9984_CT_SD/raw_data_qualimapReport/mapping_quality_histogram.txt
16-NRF_bam/qualimap/9984_CT_SD/raw_data_qualimapReportOutsideRegions/coverage_across_reference.txt
16-NRF_bam/qualimap/9984_CT_SD/raw_data_qualimapReportOutsideRegions/coverage_histogram.txt
16-NRF_bam/qualimap/9984_CT_SD/raw_data_qualimapReportOutsideRegions/duplication_rate_histogram.txt
16-NRF_bam/qualimap/9984_CT_SD/raw_data_qualimapReportOutsideRegions/genome_fraction_coverage.txt
16-NRF_bam/qualimap/9984_CT_SD/raw_data_qualimapReportOutsideRegions/homopolymer_indels.txt
16-NRF_bam/qualimap/9984_CT_SD/raw_data_qualimapReportOutsideRegions/mapped_reads_clipping_profile.txt
16-NRF_bam/qualimap/9984_CT_SD/raw_data_qualimapReportOutsideRegions/mapped_reads_gc-content_distribution.txt
16-NRF_bam/qualimap/9984_CT_SD/raw_data_qualimapReportOutsideRegions/mapped_reads_nucleotide_content.txt
16-NRF_bam/qualimap/9984_CT_SD/raw_data_qualimapReportOutsideRegions/mapping_quality_across_reference.txt
16-NRF_bam/qualimap/9984_CT_SD/raw_data_qualimapReportOutsideRegions/mapping_quality_histogram.txt
16-NRF_bam/qualimap/9984_CT_SD/rnaseq_qc_results.txt
16-NRF_bam/qualimap/9993_FT_NSD/css/agogo.css
16-NRF_bam/qualimap/9993_FT_NSD/css/ajax-loader.gif
16-NRF_bam/qualimap/9993_FT_NSD/css/basic.css
16-NRF_bam/qualimap/9993_FT_NSD/css/bgfooter.png
16-NRF_bam/qualimap/9993_FT_NSD/css/bgtop.png
16-NRF_bam/qualimap/9993_FT_NSD/css/comment-bright.png
16-NRF_bam/qualimap/9993_FT_NSD/css/comment-close.png
16-NRF_bam/qualimap/9993_FT_NSD/css/comment.png
16-NRF_bam/qualimap/9993_FT_NSD/css/doctools.js
16-NRF_bam/qualimap/9993_FT_NSD/css/down.png
16-NRF_bam/qualimap/9993_FT_NSD/css/down-pressed.png
16-NRF_bam/qualimap/9993_FT_NSD/css/file.png
16-NRF_bam/qualimap/9993_FT_NSD/css/jquery.js
16-NRF_bam/qualimap/9993_FT_NSD/css/minus.png
16-NRF_bam/qualimap/9993_FT_NSD/css/plus.png
16-NRF_bam/qualimap/9993_FT_NSD/css/pygments.css
16-NRF_bam/qualimap/9993_FT_NSD/css/qualimap_logo_small.png
16-NRF_bam/qualimap/9993_FT_NSD/css/report.css
16-NRF_bam/qualimap/9993_FT_NSD/css/searchtools.js
16-NRF_bam/qualimap/9993_FT_NSD/css/underscore.js
16-NRF_bam/qualimap/9993_FT_NSD/css/up.png
16-NRF_bam/qualimap/9993_FT_NSD/css/up-pressed.png
16-NRF_bam/qualimap/9993_FT_NSD/css/websupport.js
16-NRF_bam/qualimap/9993_FT_NSD/genome_results.txt
16-NRF_bam/qualimap/9993_FT_NSD/images_qualimapReport/Coverage Profile Along Genes (High).png
16-NRF_bam/qualimap/9993_FT_NSD/images_qualimapReport/Coverage Profile Along Genes (Low).png
16-NRF_bam/qualimap/9993_FT_NSD/images_qualimapReport/Coverage Profile Along Genes (Total).png
16-NRF_bam/qualimap/9993_FT_NSD/images_qualimapReport/genome_coverage_0to50_histogram.png
16-NRF_bam/qualimap/9993_FT_NSD/images_qualimapReport/genome_coverage_across_reference.png
16-NRF_bam/qualimap/9993_FT_NSD/images_qualimapReport/genome_coverage_histogram.png
16-NRF_bam/qualimap/9993_FT_NSD/images_qualimapReport/genome_coverage_quotes.png
16-NRF_bam/qualimap/9993_FT_NSD/images_qualimapReport/genome_gc_content_per_window.png
16-NRF_bam/qualimap/9993_FT_NSD/images_qualimapReport/genome_homopolymer_indels.png
16-NRF_bam/qualimap/9993_FT_NSD/images_qualimapReport/genome_mapping_quality_across_reference.png
16-NRF_bam/qualimap/9993_FT_NSD/images_qualimapReport/genome_mapping_quality_histogram.png
16-NRF_bam/qualimap/9993_FT_NSD/images_qualimapReport/genome_reads_clipping_profile.png
16-NRF_bam/qualimap/9993_FT_NSD/images_qualimapReport/genome_reads_content_per_read_position.png
16-NRF_bam/qualimap/9993_FT_NSD/images_qualimapReport/genome_uniq_read_starts_histogram.png
16-NRF_bam/qualimap/9993_FT_NSD/images_qualimapReport/Junction Analysis.png
16-NRF_bam/qualimap/9993_FT_NSD/images_qualimapReportOutsideRegions/outside_coverage_0to50_histogram.png
16-NRF_bam/qualimap/9993_FT_NSD/images_qualimapReportOutsideRegions/outside_coverage_across_reference.png
16-NRF_bam/qualimap/9993_FT_NSD/images_qualimapReportOutsideRegions/outside_coverage_histogram.png
16-NRF_bam/qualimap/9993_FT_NSD/images_qualimapReportOutsideRegions/outside_coverage_quotes.png
16-NRF_bam/qualimap/9993_FT_NSD/images_qualimapReportOutsideRegions/outside_gc_content_per_window.png
16-NRF_bam/qualimap/9993_FT_NSD/images_qualimapReportOutsideRegions/outside_homopolymer_indels.png
16-NRF_bam/qualimap/9993_FT_NSD/images_qualimapReportOutsideRegions/outside_mapping_quality_across_reference.png
16-NRF_bam/qualimap/9993_FT_NSD/images_qualimapReportOutsideRegions/outside_mapping_quality_histogram.png
16-NRF_bam/qualimap/9993_FT_NSD/images_qualimapReportOutsideRegions/outside_reads_clipping_profile.png
16-NRF_bam/qualimap/9993_FT_NSD/images_qualimapReportOutsideRegions/outside_reads_content_per_read_position.png
16-NRF_bam/qualimap/9993_FT_NSD/images_qualimapReportOutsideRegions/outside_uniq_read_starts_histogram.png
16-NRF_bam/qualimap/9993_FT_NSD/images_qualimapReport/Reads Genomic Origin.png
16-NRF_bam/qualimap/9993_FT_NSD/images_qualimapReport/Transcript coverage histogram.png
16-NRF_bam/qualimap/9993_FT_NSD/outside_results.txt
16-NRF_bam/qualimap/9993_FT_NSD/outside_window.txt
16-NRF_bam/qualimap/9993_FT_NSD/qualimapReport.html
16-NRF_bam/qualimap/9993_FT_NSD/qualimapReportOutsideRegions.html
16-NRF_bam/qualimap/9993_FT_NSD/raw_data_qualimapReport/coverage_across_reference.txt
16-NRF_bam/qualimap/9993_FT_NSD/raw_data_qualimapReport/coverage_histogram.txt
16-NRF_bam/qualimap/9993_FT_NSD/raw_data_qualimapReport/coverage_profile_along_genes_(high).txt
16-NRF_bam/qualimap/9993_FT_NSD/raw_data_qualimapReport/coverage_profile_along_genes_(low).txt
16-NRF_bam/qualimap/9993_FT_NSD/raw_data_qualimapReport/coverage_profile_along_genes_(total).txt
16-NRF_bam/qualimap/9993_FT_NSD/raw_data_qualimapReport/duplication_rate_histogram.txt
16-NRF_bam/qualimap/9993_FT_NSD/raw_data_qualimapReport/genome_fraction_coverage.txt
16-NRF_bam/qualimap/9993_FT_NSD/raw_data_qualimapReport/homopolymer_indels.txt
16-NRF_bam/qualimap/9993_FT_NSD/raw_data_qualimapReport/mapped_reads_clipping_profile.txt
16-NRF_bam/qualimap/9993_FT_NSD/raw_data_qualimapReport/mapped_reads_gc-content_distribution.txt
16-NRF_bam/qualimap/9993_FT_NSD/raw_data_qualimapReport/mapped_reads_nucleotide_content.txt
16-NRF_bam/qualimap/9993_FT_NSD/raw_data_qualimapReport/mapping_quality_across_reference.txt
16-NRF_bam/qualimap/9993_FT_NSD/raw_data_qualimapReport/mapping_quality_histogram.txt
16-NRF_bam/qualimap/9993_FT_NSD/raw_data_qualimapReportOutsideRegions/coverage_across_reference.txt
16-NRF_bam/qualimap/9993_FT_NSD/raw_data_qualimapReportOutsideRegions/coverage_histogram.txt
16-NRF_bam/qualimap/9993_FT_NSD/raw_data_qualimapReportOutsideRegions/duplication_rate_histogram.txt
16-NRF_bam/qualimap/9993_FT_NSD/raw_data_qualimapReportOutsideRegions/genome_fraction_coverage.txt
16-NRF_bam/qualimap/9993_FT_NSD/raw_data_qualimapReportOutsideRegions/homopolymer_indels.txt
16-NRF_bam/qualimap/9993_FT_NSD/raw_data_qualimapReportOutsideRegions/mapped_reads_clipping_profile.txt
16-NRF_bam/qualimap/9993_FT_NSD/raw_data_qualimapReportOutsideRegions/mapped_reads_gc-content_distribution.txt
16-NRF_bam/qualimap/9993_FT_NSD/raw_data_qualimapReportOutsideRegions/mapped_reads_nucleotide_content.txt
16-NRF_bam/qualimap/9993_FT_NSD/raw_data_qualimapReportOutsideRegions/mapping_quality_across_reference.txt
16-NRF_bam/qualimap/9993_FT_NSD/raw_data_qualimapReportOutsideRegions/mapping_quality_histogram.txt
16-NRF_bam/qualimap/9993_FT_NSD/rnaseq_qc_results.txt
16-NRF_bam/qualimap/all/ComparisonReport.html
16-NRF_bam/qualimap/all/css/agogo.css
16-NRF_bam/qualimap/all/css/ajax-loader.gif
16-NRF_bam/qualimap/all/css/basic.css
16-NRF_bam/qualimap/all/css/bgfooter.png
16-NRF_bam/qualimap/all/css/bgtop.png
16-NRF_bam/qualimap/all/css/comment-bright.png
16-NRF_bam/qualimap/all/css/comment-close.png
16-NRF_bam/qualimap/all/css/comment.png
16-NRF_bam/qualimap/all/css/doctools.js
16-NRF_bam/qualimap/all/css/down.png
16-NRF_bam/qualimap/all/css/down-pressed.png
16-NRF_bam/qualimap/all/css/file.png
16-NRF_bam/qualimap/all/css/jquery.js
16-NRF_bam/qualimap/all/css/minus.png
16-NRF_bam/qualimap/all/css/plus.png
16-NRF_bam/qualimap/all/css/pygments.css
16-NRF_bam/qualimap/all/css/qualimap_logo_small.png
16-NRF_bam/qualimap/all/css/report.css
16-NRF_bam/qualimap/all/css/searchtools.js
16-NRF_bam/qualimap/all/css/underscore.js
16-NRF_bam/qualimap/all/css/up.png
16-NRF_bam/qualimap/all/css/up-pressed.png
16-NRF_bam/qualimap/all/css/websupport.js
16-NRF_bam/qualimap/all/GlobalReport.html
16-NRF_bam/qualimap/all/images_ComparisonReport/Counts Distribution.png
16-NRF_bam/qualimap/all/images_ComparisonReport/Features With Low Counts.png
16-NRF_bam/qualimap/all/images_GlobalReport/Counts Density.png
16-NRF_bam/qualimap/all/images_GlobalReport/Counts Distribution.png
16-NRF_bam/qualimap/all/images_GlobalReport/Features With Low Counts.png
16-NRF_bam/qualimap/all/images_GlobalReport/Saturation.png
16-NRF_bam/qualimap/all/images_GlobalReport/Scatterplot Matrix.png
16-NRF_bam/qualimap/all/images_sample_10048_FT_SDReport/Saturation.png
16-NRF_bam/qualimap/all/images_sample_10049_FT_NSDReport/Saturation.png
16-NRF_bam/qualimap/all/images_sample_10050_FV_SDReport/Saturation.png
16-NRF_bam/qualimap/all/images_sample_10081_CT_NSDReport/Saturation.png
16-NRF_bam/qualimap/all/images_sample_10089_FV_NSDReport/Saturation.png
16-NRF_bam/qualimap/all/images_sample_10092_FV_NSDReport/Saturation.png
16-NRF_bam/qualimap/all/images_sample_10160_FT_NSDReport/Saturation.png
16-NRF_bam/qualimap/all/images_sample_10163_FV_NSDReport/Saturation.png
16-NRF_bam/qualimap/all/images_sample_10173_FV_SDReport/Saturation.png
16-NRF_bam/qualimap/all/images_sample_10174_FV_SDReport/Saturation.png
16-NRF_bam/qualimap/all/images_sample_10175_FT_SDReport/Saturation.png
16-NRF_bam/qualimap/all/images_sample_10205_FT_SDReport/Saturation.png
16-NRF_bam/qualimap/all/images_sample_10288_CT_SDReport/Saturation.png
16-NRF_bam/qualimap/all/images_sample_10289_CT_NSDReport/Saturation.png
16-NRF_bam/qualimap/all/images_sample_10290_CT_NSDReport/Saturation.png
16-NRF_bam/qualimap/all/images_sample_9243_FV_NSDReport/Saturation.png
16-NRF_bam/qualimap/all/images_sample_9244_FT_NSDReport/Saturation.png
16-NRF_bam/qualimap/all/images_sample_9268_CT_NSDReport/Saturation.png
16-NRF_bam/qualimap/all/images_sample_9279_CT_NSDReport/Saturation.png
16-NRF_bam/qualimap/all/images_sample_9280_CT_SDReport/Saturation.png
16-NRF_bam/qualimap/all/images_sample_9347_FV_SDReport/Saturation.png
16-NRF_bam/qualimap/all/images_sample_9348_FT_SDReport/Saturation.png
16-NRF_bam/qualimap/all/images_sample_9515_CT_SDReport/Saturation.png
16-NRF_bam/qualimap/all/images_sample_9516_CT_NSDReport/Saturation.png
16-NRF_bam/qualimap/all/images_sample_9517_CT_SDReport/Saturation.png
16-NRF_bam/qualimap/all/images_sample_9518_CT_NSDReport/Saturation.png
16-NRF_bam/qualimap/all/images_sample_9661_FV_NSDReport/Saturation.png
16-NRF_bam/qualimap/all/images_sample_9673_FV_SDReport/Saturation.png
16-NRF_bam/qualimap/all/images_sample_9726_FT_NSDReport/Saturation.png
16-NRF_bam/qualimap/all/images_sample_9844_FT_SDReport/Saturation.png
16-NRF_bam/qualimap/all/images_sample_9984_CT_SDReport/Saturation.png
16-NRF_bam/qualimap/all/images_sample_9993_FT_NSDReport/Saturation.png
16-NRF_bam/qualimap/all/sample_10048_FT_SDReport.html
16-NRF_bam/qualimap/all/sample_10049_FT_NSDReport.html
16-NRF_bam/qualimap/all/sample_10050_FV_SDReport.html
16-NRF_bam/qualimap/all/sample_10081_CT_NSDReport.html
16-NRF_bam/qualimap/all/sample_10089_FV_NSDReport.html
16-NRF_bam/qualimap/all/sample_10092_FV_NSDReport.html
16-NRF_bam/qualimap/all/sample_10160_FT_NSDReport.html
16-NRF_bam/qualimap/all/sample_10163_FV_NSDReport.html
16-NRF_bam/qualimap/all/sample_10173_FV_SDReport.html
16-NRF_bam/qualimap/all/sample_10174_FV_SDReport.html
16-NRF_bam/qualimap/all/sample_10175_FT_SDReport.html
16-NRF_bam/qualimap/all/sample_10205_FT_SDReport.html
16-NRF_bam/qualimap/all/sample_10288_CT_SDReport.html
16-NRF_bam/qualimap/all/sample_10289_CT_NSDReport.html
16-NRF_bam/qualimap/all/sample_10290_CT_NSDReport.html
16-NRF_bam/qualimap/all/sample_9243_FV_NSDReport.html
16-NRF_bam/qualimap/all/sample_9244_FT_NSDReport.html
16-NRF_bam/qualimap/all/sample_9268_CT_NSDReport.html
16-NRF_bam/qualimap/all/sample_9279_CT_NSDReport.html
16-NRF_bam/qualimap/all/sample_9280_CT_SDReport.html
16-NRF_bam/qualimap/all/sample_9347_FV_SDReport.html
16-NRF_bam/qualimap/all/sample_9348_FT_SDReport.html
16-NRF_bam/qualimap/all/sample_9515_CT_SDReport.html
16-NRF_bam/qualimap/all/sample_9516_CT_NSDReport.html
16-NRF_bam/qualimap/all/sample_9517_CT_SDReport.html
16-NRF_bam/qualimap/all/sample_9518_CT_NSDReport.html
16-NRF_bam/qualimap/all/sample_9661_FV_NSDReport.html
16-NRF_bam/qualimap/all/sample_9673_FV_SDReport.html
16-NRF_bam/qualimap/all/sample_9726_FT_NSDReport.html
16-NRF_bam/qualimap/all/sample_9844_FT_SDReport.html
16-NRF_bam/qualimap/all/sample_9984_CT_SDReport.html
16-NRF_bam/qualimap/all/sample_9993_FT_NSDReport.html
16-NRF_bam/qualimap/bamqc_multi/css/agogo.css
16-NRF_bam/qualimap/bamqc_multi/css/ajax-loader.gif
16-NRF_bam/qualimap/bamqc_multi/css/basic.css
16-NRF_bam/qualimap/bamqc_multi/css/bgfooter.png
16-NRF_bam/qualimap/bamqc_multi/css/bgtop.png
16-NRF_bam/qualimap/bamqc_multi/css/comment-bright.png
16-NRF_bam/qualimap/bamqc_multi/css/comment-close.png
16-NRF_bam/qualimap/bamqc_multi/css/comment.png
16-NRF_bam/qualimap/bamqc_multi/css/doctools.js
16-NRF_bam/qualimap/bamqc_multi/css/down.png
16-NRF_bam/qualimap/bamqc_multi/css/down-pressed.png
16-NRF_bam/qualimap/bamqc_multi/css/file.png
16-NRF_bam/qualimap/bamqc_multi/css/jquery.js
16-NRF_bam/qualimap/bamqc_multi/css/minus.png
16-NRF_bam/qualimap/bamqc_multi/css/plus.png
16-NRF_bam/qualimap/bamqc_multi/css/pygments.css
16-NRF_bam/qualimap/bamqc_multi/css/qualimap_logo_small.png
16-NRF_bam/qualimap/bamqc_multi/css/report.css
16-NRF_bam/qualimap/bamqc_multi/css/searchtools.js
16-NRF_bam/qualimap/bamqc_multi/css/underscore.js
16-NRF_bam/qualimap/bamqc_multi/css/up.png
16-NRF_bam/qualimap/bamqc_multi/css/up-pressed.png
16-NRF_bam/qualimap/bamqc_multi/css/websupport.js
16-NRF_bam/qualimap/bamqc_multi/images_multisampleBamQcReport/Coverage across reference.png
16-NRF_bam/qualimap/bamqc_multi/images_multisampleBamQcReport/Coverage Histogram (0 - 58324X).png
16-NRF_bam/qualimap/bamqc_multi/images_multisampleBamQcReport/Duplication Rate Histogram.png
16-NRF_bam/qualimap/bamqc_multi/images_multisampleBamQcReport/Genome Fraction Coverage.png
16-NRF_bam/qualimap/bamqc_multi/images_multisampleBamQcReport/Global Coverage Histogram.png
16-NRF_bam/qualimap/bamqc_multi/images_multisampleBamQcReport/Insert Size Across Reference.png
16-NRF_bam/qualimap/bamqc_multi/images_multisampleBamQcReport/Insert Size Histogram.png
16-NRF_bam/qualimap/bamqc_multi/images_multisampleBamQcReport/Mapped Reads Clipping Profile.png
16-NRF_bam/qualimap/bamqc_multi/images_multisampleBamQcReport/Mapped Reads GC-content Distribution.png
16-NRF_bam/qualimap/bamqc_multi/images_multisampleBamQcReport/Mapped reads GC-content.png
16-NRF_bam/qualimap/bamqc_multi/images_multisampleBamQcReport/Mapping Quality Across Reference.png
16-NRF_bam/qualimap/bamqc_multi/images_multisampleBamQcReport/Mapping Quality Histogram.png
16-NRF_bam/qualimap/bamqc_multi/images_multisampleBamQcReport/PCA.png
16-NRF_bam/qualimap/bamqc_multi/multisampleBamQcReport.html
16-NRF_bam/qualimap/CT/ComparisonReport.html
16-NRF_bam/qualimap/CT/css/agogo.css
16-NRF_bam/qualimap/CT/css/ajax-loader.gif
16-NRF_bam/qualimap/CT/css/basic.css
16-NRF_bam/qualimap/CT/css/bgfooter.png
16-NRF_bam/qualimap/CT/css/bgtop.png
16-NRF_bam/qualimap/CT/css/comment-bright.png
16-NRF_bam/qualimap/CT/css/comment-close.png
16-NRF_bam/qualimap/CT/css/comment.png
16-NRF_bam/qualimap/CT/css/doctools.js
16-NRF_bam/qualimap/CT/css/down.png
16-NRF_bam/qualimap/CT/css/down-pressed.png
16-NRF_bam/qualimap/CT/css/file.png
16-NRF_bam/qualimap/CT/css/jquery.js
16-NRF_bam/qualimap/CT/css/minus.png
16-NRF_bam/qualimap/CT/css/plus.png
16-NRF_bam/qualimap/CT/css/pygments.css
16-NRF_bam/qualimap/CT/css/qualimap_logo_small.png
16-NRF_bam/qualimap/CT/css/report.css
16-NRF_bam/qualimap/CT/css/searchtools.js
16-NRF_bam/qualimap/CT/css/underscore.js
16-NRF_bam/qualimap/CT/css/up.png
16-NRF_bam/qualimap/CT/css/up-pressed.png
16-NRF_bam/qualimap/CT/css/websupport.js
16-NRF_bam/qualimap/CT/GlobalReport.html
16-NRF_bam/qualimap/CT/images_ComparisonReport/Counts Distribution.png
16-NRF_bam/qualimap/CT/images_ComparisonReport/Features With Low Counts.png
16-NRF_bam/qualimap/CT/images_GlobalReport/Counts Density.png
16-NRF_bam/qualimap/CT/images_GlobalReport/Counts Distribution.png
16-NRF_bam/qualimap/CT/images_GlobalReport/Features With Low Counts.png
16-NRF_bam/qualimap/CT/images_GlobalReport/Saturation.png
16-NRF_bam/qualimap/CT/images_GlobalReport/Scatterplot Matrix.png
16-NRF_bam/qualimap/CT/images_sample_10081_CT_NSDReport/Saturation.png
16-NRF_bam/qualimap/CT/images_sample_10288_CT_SDReport/Saturation.png
16-NRF_bam/qualimap/CT/images_sample_10289_CT_NSDReport/Saturation.png
16-NRF_bam/qualimap/CT/images_sample_10290_CT_NSDReport/Saturation.png
16-NRF_bam/qualimap/CT/images_sample_9268_CT_NSDReport/Saturation.png
16-NRF_bam/qualimap/CT/images_sample_9279_CT_NSDReport/Saturation.png
16-NRF_bam/qualimap/CT/images_sample_9280_CT_SDReport/Saturation.png
16-NRF_bam/qualimap/CT/images_sample_9515_CT_SDReport/Saturation.png
16-NRF_bam/qualimap/CT/images_sample_9516_CT_NSDReport/Saturation.png
16-NRF_bam/qualimap/CT/images_sample_9517_CT_SDReport/Saturation.png
16-NRF_bam/qualimap/CT/images_sample_9518_CT_NSDReport/Saturation.png
16-NRF_bam/qualimap/CT/images_sample_9984_CT_SDReport/Saturation.png
16-NRF_bam/qualimap/CT/sample_10081_CT_NSDReport.html
16-NRF_bam/qualimap/CT/sample_10288_CT_SDReport.html
16-NRF_bam/qualimap/CT/sample_10289_CT_NSDReport.html
16-NRF_bam/qualimap/CT/sample_10290_CT_NSDReport.html
16-NRF_bam/qualimap/CT/sample_9268_CT_NSDReport.html
16-NRF_bam/qualimap/CT/sample_9279_CT_NSDReport.html
16-NRF_bam/qualimap/CT/sample_9280_CT_SDReport.html
16-NRF_bam/qualimap/CT/sample_9515_CT_SDReport.html
16-NRF_bam/qualimap/CT/sample_9516_CT_NSDReport.html
16-NRF_bam/qualimap/CT/sample_9517_CT_SDReport.html
16-NRF_bam/qualimap/CT/sample_9518_CT_NSDReport.html
16-NRF_bam/qualimap/CT/sample_9984_CT_SDReport.html
16-NRF_bam/qualimap/FT/ComparisonReport.html
16-NRF_bam/qualimap/FT/css/agogo.css
16-NRF_bam/qualimap/FT/css/ajax-loader.gif
16-NRF_bam/qualimap/FT/css/basic.css
16-NRF_bam/qualimap/FT/css/bgfooter.png
16-NRF_bam/qualimap/FT/css/bgtop.png
16-NRF_bam/qualimap/FT/css/comment-bright.png
16-NRF_bam/qualimap/FT/css/comment-close.png
16-NRF_bam/qualimap/FT/css/comment.png
16-NRF_bam/qualimap/FT/css/doctools.js
16-NRF_bam/qualimap/FT/css/down.png
16-NRF_bam/qualimap/FT/css/down-pressed.png
16-NRF_bam/qualimap/FT/css/file.png
16-NRF_bam/qualimap/FT/css/jquery.js
16-NRF_bam/qualimap/FT/css/minus.png
16-NRF_bam/qualimap/FT/css/plus.png
16-NRF_bam/qualimap/FT/css/pygments.css
16-NRF_bam/qualimap/FT/css/qualimap_logo_small.png
16-NRF_bam/qualimap/FT/css/report.css
16-NRF_bam/qualimap/FT/css/searchtools.js
16-NRF_bam/qualimap/FT/css/underscore.js
16-NRF_bam/qualimap/FT/css/up.png
16-NRF_bam/qualimap/FT/css/up-pressed.png
16-NRF_bam/qualimap/FT/css/websupport.js
16-NRF_bam/qualimap/FT/GlobalReport.html
16-NRF_bam/qualimap/FT/images_ComparisonReport/Counts Distribution.png
16-NRF_bam/qualimap/FT/images_ComparisonReport/Features With Low Counts.png
16-NRF_bam/qualimap/FT/images_GlobalReport/Counts Density.png
16-NRF_bam/qualimap/FT/images_GlobalReport/Counts Distribution.png
16-NRF_bam/qualimap/FT/images_GlobalReport/Features With Low Counts.png
16-NRF_bam/qualimap/FT/images_GlobalReport/Saturation.png
16-NRF_bam/qualimap/FT/images_GlobalReport/Scatterplot Matrix.png
16-NRF_bam/qualimap/FT/images_sample_10048_FT_SDReport/Saturation.png
16-NRF_bam/qualimap/FT/images_sample_10049_FT_NSDReport/Saturation.png
16-NRF_bam/qualimap/FT/images_sample_10160_FT_NSDReport/Saturation.png
16-NRF_bam/qualimap/FT/images_sample_10175_FT_SDReport/Saturation.png
16-NRF_bam/qualimap/FT/images_sample_10205_FT_SDReport/Saturation.png
16-NRF_bam/qualimap/FT/images_sample_9244_FT_NSDReport/Saturation.png
16-NRF_bam/qualimap/FT/images_sample_9348_FT_SDReport/Saturation.png
16-NRF_bam/qualimap/FT/images_sample_9726_FT_NSDReport/Saturation.png
16-NRF_bam/qualimap/FT/images_sample_9844_FT_SDReport/Saturation.png
16-NRF_bam/qualimap/FT/images_sample_9993_FT_NSDReport/Saturation.png
16-NRF_bam/qualimap/FT/sample_10048_FT_SDReport.html
16-NRF_bam/qualimap/FT/sample_10049_FT_NSDReport.html
16-NRF_bam/qualimap/FT/sample_10160_FT_NSDReport.html
16-NRF_bam/qualimap/FT/sample_10175_FT_SDReport.html
16-NRF_bam/qualimap/FT/sample_10205_FT_SDReport.html
16-NRF_bam/qualimap/FT/sample_9244_FT_NSDReport.html
16-NRF_bam/qualimap/FT/sample_9348_FT_SDReport.html
16-NRF_bam/qualimap/FT/sample_9726_FT_NSDReport.html
16-NRF_bam/qualimap/FT/sample_9844_FT_SDReport.html
16-NRF_bam/qualimap/FT/sample_9993_FT_NSDReport.html
16-NRF_bam/qualimap/FV/ComparisonReport.html
16-NRF_bam/qualimap/FV/css/agogo.css
16-NRF_bam/qualimap/FV/css/ajax-loader.gif
16-NRF_bam/qualimap/FV/css/basic.css
16-NRF_bam/qualimap/FV/css/bgfooter.png
16-NRF_bam/qualimap/FV/css/bgtop.png
16-NRF_bam/qualimap/FV/css/comment-bright.png
16-NRF_bam/qualimap/FV/css/comment-close.png
16-NRF_bam/qualimap/FV/css/comment.png
16-NRF_bam/qualimap/FV/css/doctools.js
16-NRF_bam/qualimap/FV/css/down.png
16-NRF_bam/qualimap/FV/css/down-pressed.png
16-NRF_bam/qualimap/FV/css/file.png
16-NRF_bam/qualimap/FV/css/jquery.js
16-NRF_bam/qualimap/FV/css/minus.png
16-NRF_bam/qualimap/FV/css/plus.png
16-NRF_bam/qualimap/FV/css/pygments.css
16-NRF_bam/qualimap/FV/css/qualimap_logo_small.png
16-NRF_bam/qualimap/FV/css/report.css
16-NRF_bam/qualimap/FV/css/searchtools.js
16-NRF_bam/qualimap/FV/css/underscore.js
16-NRF_bam/qualimap/FV/css/up.png
16-NRF_bam/qualimap/FV/css/up-pressed.png
16-NRF_bam/qualimap/FV/css/websupport.js
16-NRF_bam/qualimap/FV/GlobalReport.html
16-NRF_bam/qualimap/FV/images_ComparisonReport/Counts Distribution.png
16-NRF_bam/qualimap/FV/images_ComparisonReport/Features With Low Counts.png
16-NRF_bam/qualimap/FV/images_GlobalReport/Counts Density.png
16-NRF_bam/qualimap/FV/images_GlobalReport/Counts Distribution.png
16-NRF_bam/qualimap/FV/images_GlobalReport/Features With Low Counts.png
16-NRF_bam/qualimap/FV/images_GlobalReport/Saturation.png
16-NRF_bam/qualimap/FV/images_GlobalReport/Scatterplot Matrix.png
16-NRF_bam/qualimap/FV/images_sample_10050_FV_SDReport/Saturation.png
16-NRF_bam/qualimap/FV/images_sample_10089_FV_NSDReport/Saturation.png
16-NRF_bam/qualimap/FV/images_sample_10092_FV_NSDReport/Saturation.png
16-NRF_bam/qualimap/FV/images_sample_10163_FV_NSDReport/Saturation.png
16-NRF_bam/qualimap/FV/images_sample_10173_FV_SDReport/Saturation.png
16-NRF_bam/qualimap/FV/images_sample_10174_FV_SDReport/Saturation.png
16-NRF_bam/qualimap/FV/images_sample_9243_FV_NSDReport/Saturation.png
16-NRF_bam/qualimap/FV/images_sample_9347_FV_SDReport/Saturation.png
16-NRF_bam/qualimap/FV/images_sample_9661_FV_NSDReport/Saturation.png
16-NRF_bam/qualimap/FV/images_sample_9673_FV_SDReport/Saturation.png
16-NRF_bam/qualimap/FV/sample_10050_FV_SDReport.html
16-NRF_bam/qualimap/FV/sample_10089_FV_NSDReport.html
16-NRF_bam/qualimap/FV/sample_10092_FV_NSDReport.html
16-NRF_bam/qualimap/FV/sample_10163_FV_NSDReport.html
16-NRF_bam/qualimap/FV/sample_10173_FV_SDReport.html
16-NRF_bam/qualimap/FV/sample_10174_FV_SDReport.html
16-NRF_bam/qualimap/FV/sample_9243_FV_NSDReport.html
16-NRF_bam/qualimap/FV/sample_9347_FV_SDReport.html
16-NRF_bam/qualimap/FV/sample_9661_FV_NSDReport.html
16-NRF_bam/qualimap/FV/sample_9673_FV_SDReport.html
16-NRF_bam/qualimap/qualimap_counts.txt
16-NRF_bam/qualimap/qualimap_CTsamples.txt
16-NRF_bam/qualimap/qualimap_FTsamples.txt
16-NRF_bam/qualimap/qualimap_FVsamples.txt
16-NRF_bam/qualimap/qualimap_multi.txt
16-NRF_bam/qualimap/qualimap_samples.txt
16-NRF_bam/sort/10048_FT_SD.co.bam
16-NRF_bam/sort/10048_FT_SD.co.bam.bai
16-NRF_bam/sort/10049_FT_NSD.co.bam
16-NRF_bam/sort/10049_FT_NSD.co.bam.bai
16-NRF_bam/sort/10050_FV_SD.co.bam
16-NRF_bam/sort/10050_FV_SD.co.bam.bai
16-NRF_bam/sort/10081_CT_NSD.co.bam
16-NRF_bam/sort/10081_CT_NSD.co.bam.bai
16-NRF_bam/sort/10089_FV_NSD.co.bam
16-NRF_bam/sort/10089_FV_NSD.co.bam.bai
16-NRF_bam/sort/10092_FV_NSD.co.bam
16-NRF_bam/sort/10092_FV_NSD.co.bam.bai
16-NRF_bam/sort/10160_FT_NSD.co.bam
16-NRF_bam/sort/10160_FT_NSD.co.bam.bai
16-NRF_bam/sort/10163_FV_NSD.co.bam
16-NRF_bam/sort/10163_FV_NSD.co.bam.bai
16-NRF_bam/sort/10173_FV_SD.co.bam
16-NRF_bam/sort/10173_FV_SD.co.bam.bai
16-NRF_bam/sort/10174_FV_SD.co.bam
16-NRF_bam/sort/10174_FV_SD.co.bam.bai
16-NRF_bam/sort/10175_FT_SD.co.bam
16-NRF_bam/sort/10175_FT_SD.co.bam.bai
16-NRF_bam/sort/10205_FT_SD.co.bam
16-NRF_bam/sort/10205_FT_SD.co.bam.bai
16-NRF_bam/sort/10288_CT_SD.co.bam
16-NRF_bam/sort/10288_CT_SD.co.bam.bai
16-NRF_bam/sort/10289_CT_NSD.co.bam
16-NRF_bam/sort/10289_CT_NSD.co.bam.bai
16-NRF_bam/sort/10290_CT_NSD.co.bam
16-NRF_bam/sort/10290_CT_NSD.co.bam.bai
16-NRF_bam/sort/9243_FV_NSD.co.bam
16-NRF_bam/sort/9243_FV_NSD.co.bam.bai
16-NRF_bam/sort/9244_FT_NSD.co.bam
16-NRF_bam/sort/9244_FT_NSD.co.bam.bai
16-NRF_bam/sort/9268_CT_NSD.co.bam
16-NRF_bam/sort/9268_CT_NSD.co.bam.bai
16-NRF_bam/sort/9279_CT_NSD.co.bam
16-NRF_bam/sort/9279_CT_NSD.co.bam.bai
16-NRF_bam/sort/9280_CT_SD.co.bam
16-NRF_bam/sort/9280_CT_SD.co.bam.bai
16-NRF_bam/sort/9347_FV_SD.co.bam
16-NRF_bam/sort/9347_FV_SD.co.bam.bai
16-NRF_bam/sort/9348_FT_SD.co.bam
16-NRF_bam/sort/9348_FT_SD.co.bam.bai
16-NRF_bam/sort/9515_CT_SD.co.bam
16-NRF_bam/sort/9515_CT_SD.co.bam.bai
16-NRF_bam/sort/9516_CT_NSD.co.bam
16-NRF_bam/sort/9516_CT_NSD.co.bam.bai
16-NRF_bam/sort/9517_CT_SD.co.bam
16-NRF_bam/sort/9517_CT_SD.co.bam.bai
16-NRF_bam/sort/9518_CT_NSD.co.bam
16-NRF_bam/sort/9518_CT_NSD.co.bam.bai
16-NRF_bam/sort/9661_FV_NSD.co.bam
16-NRF_bam/sort/9661_FV_NSD.co.bam.bai
16-NRF_bam/sort/9673_FV_SD.co.bam
16-NRF_bam/sort/9673_FV_SD.co.bam.bai
16-NRF_bam/sort/9726_FT_NSD.co.bam
16-NRF_bam/sort/9726_FT_NSD.co.bam.bai
16-NRF_bam/sort/9844_FT_SD.co.bam
16-NRF_bam/sort/9844_FT_SD.co.bam.bai
16-NRF_bam/sort/9984_CT_SD.co.bam
16-NRF_bam/sort/9984_CT_SD.co.bam.bai
16-NRF_bam/sort/9993_FT_NSD.co.bam
16-NRF_bam/sort/9993_FT_NSD.co.bam.bai
17-NRF_differential/DA/BCV1.png
17-NRF_differential/DA/BCV2.png
17-NRF_differential/DA/BCV3.png
17-NRF_differential/DA/Diff_ANODEV_sleep.csv
17-NRF_differential/DA/Diff_baseline.csv
17-NRF_differential/DA/Diff_baselineCT.csv
17-NRF_differential/DA/Diff_baselineFV.csv
17-NRF_differential/DA/Diff_CT.csv
17-NRF_differential/DA/Diff_F_control.csv
17-NRF_differential/DA/Diff_FT.csv
17-NRF_differential/DA/Diff_FTcvCT_baseline.csv
17-NRF_differential/DA/Diff_FTcvFV_baseline.csv
17-NRF_differential/DA/Diff_FV.csv
17-NRF_differential/DA/Diff_int.csv
17-NRF_differential/DA/Diff_SDCT.csv
17-NRF_differential/DA/Diff_SDFT.csv
17-NRF_differential/DA/Diff_SDFV.csv
17-NRF_differential/DA/Diff_T_control.csv
17-NRF_differential/DA/FCcor.png
17-NRF_differential/DA/heatmap.png
17-NRF_differential/DA/MD_ANODEV_sleep.png
17-NRF_differential/DA/MD_baselineCT.png
17-NRF_differential/DA/MD_baselineFV.png
17-NRF_differential/DA/MD_baseline.png
17-NRF_differential/DA/MD_CT.png
17-NRF_differential/DA/MD_F_control.png
17-NRF_differential/DA/MD_FTcvCT_baseline.png
17-NRF_differential/DA/MD_FTcvFV_baseline.png
17-NRF_differential/DA/MD_FT.png
17-NRF_differential/DA/MD_FV.png
17-NRF_differential/DA/MD_int.png
17-NRF_differential/DA/MD_SDCT.png
17-NRF_differential/DA/MD_SDFT.png
17-NRF_differential/DA/MD_SDFV.png
17-NRF_differential/DA/MDS.png
17-NRF_differential/DA/MD_T_control.png
17-NRF_differential/DA/nrf_stats.RData
17-NRF_differential/DA/QLDisp1.png
17-NRF_differential/DA/QLDisp2.png
17-NRF_differential/DA/QLDisp3.png
17-NRF_differential/DA/Volcano_ANODEV_sleep.png
17-NRF_differential/DA/Volcano_baselineCT.png
17-NRF_differential/DA/Volcano_baselineFV.png
17-NRF_differential/DA/Volcano_baseline.png
17-NRF_differential/DA/Volcano_CT.png
17-NRF_differential/DA/Volcano_F_control.png
17-NRF_differential/DA/Volcano_FTcvCT_baseline.png
17-NRF_differential/DA/Volcano_FTcvFV_baseline.png
17-NRF_differential/DA/Volcano_FT.png
17-NRF_differential/DA/Volcano_FV.png
17-NRF_differential/DA/Volcano_int.png
17-NRF_differential/DA/Volcano_SDCT.png
17-NRF_differential/DA/Volcano_SDFT.png
17-NRF_differential/DA/Volcano_SDFV.png
17-NRF_differential/DA/Volcano_T_control.png
17-NRF_differential/enrichment/CT_GSEA_GO_MF_cnetplot.png
17-NRF_differential/enrichment/CT_GSEA_GO_MF_dotplot.png
17-NRF_differential/enrichment/CT_GSEA_GO_MF_emap.png
17-NRF_differential/enrichment/CT_GSEA_GO_MF_heatplot.png
17-NRF_differential/enrichment/CT_GSEA_GO_MF_ridge.png
17-NRF_differential/enrichment/CT_GSEA_GO_MF_upset.png
17-NRF_differential/enrichment/CT_GSEA_KEGG__cnetplot.png
17-NRF_differential/enrichment/CT_GSEA_KEGG__dotplot.png
17-NRF_differential/enrichment/CT_GSEA_KEGG__emap.png
17-NRF_differential/enrichment/CT_GSEA_KEGG__heatplot.png
17-NRF_differential/enrichment/CT_GSEA_KEGG__ridge.png
17-NRF_differential/enrichment/CT_GSEA_KEGG__upset.png
17-NRF_differential/enrichment/CT_GSEA_Reactome__cnetplot.png
17-NRF_differential/enrichment/CT_GSEA_Reactome__dotplot.png
17-NRF_differential/enrichment/CT_GSEA_Reactome__emap.png
17-NRF_differential/enrichment/CT_GSEA_Reactome__heatplot.png
17-NRF_differential/enrichment/CT_GSEA_Reactome__ridge.png
17-NRF_differential/enrichment/CT_GSEA_Reactome__upset.png
17-NRF_differential/enrichment/CT_ORA_GO_down_all_enrichment.csv
17-NRF_differential/enrichment/CT_ORA_GO_down_BP_barplot.png
17-NRF_differential/enrichment/CT_ORA_GO_down_BP_cnetplot.png
17-NRF_differential/enrichment/CT_ORA_GO_down_BP_dotplot.png
17-NRF_differential/enrichment/CT_ORA_GO_down_BP_emap.png
17-NRF_differential/enrichment/CT_ORA_GO_down_BP_enrichment.csv
17-NRF_differential/enrichment/CT_ORA_GO_down_BP_heatplot.png
17-NRF_differential/enrichment/CT_ORA_GO_down_BP_ontology.png
17-NRF_differential/enrichment/CT_ORA_GO_down_BP_upset.png
17-NRF_differential/enrichment/CT_ORA_GO_down_CC_barplot.png
17-NRF_differential/enrichment/CT_ORA_GO_down_CC_cnetplot.png
17-NRF_differential/enrichment/CT_ORA_GO_down_CC_dotplot.png
17-NRF_differential/enrichment/CT_ORA_GO_down_CC_emap.png
17-NRF_differential/enrichment/CT_ORA_GO_down_CC_enrichment.csv
17-NRF_differential/enrichment/CT_ORA_GO_down_CC_heatplot.png
17-NRF_differential/enrichment/CT_ORA_GO_down_CC_ontology.png
17-NRF_differential/enrichment/CT_ORA_GO_down_CC_upset.png
17-NRF_differential/enrichment/CT_ORA_GO_down_MF_barplot.png
17-NRF_differential/enrichment/CT_ORA_GO_down_MF_cnetplot.png
17-NRF_differential/enrichment/CT_ORA_GO_down_MF_dotplot.png
17-NRF_differential/enrichment/CT_ORA_GO_down_MF_emap.png
17-NRF_differential/enrichment/CT_ORA_GO_down_MF_enrichment.csv
17-NRF_differential/enrichment/CT_ORA_GO_down_MF_heatplot.png
17-NRF_differential/enrichment/CT_ORA_GO_down_MF_ontology.png
17-NRF_differential/enrichment/CT_ORA_GO_down_MF_upset.png
17-NRF_differential/enrichment/CT_ORA_GO_genes_all_enrichment.csv
17-NRF_differential/enrichment/CT_ORA_GO_genes_BP_barplot.png
17-NRF_differential/enrichment/CT_ORA_GO_genes_BP_cnetplot.png
17-NRF_differential/enrichment/CT_ORA_GO_genes_BP_dotplot.png
17-NRF_differential/enrichment/CT_ORA_GO_genes_BP_emap.png
17-NRF_differential/enrichment/CT_ORA_GO_genes_BP_enrichment.csv
17-NRF_differential/enrichment/CT_ORA_GO_genes_BP_heatplot.png
17-NRF_differential/enrichment/CT_ORA_GO_genes_BP_ontology.png
17-NRF_differential/enrichment/CT_ORA_GO_genes_BP_upset.png
17-NRF_differential/enrichment/CT_ORA_GO_genes_CC_barplot.png
17-NRF_differential/enrichment/CT_ORA_GO_genes_CC_cnetplot.png
17-NRF_differential/enrichment/CT_ORA_GO_genes_CC_dotplot.png
17-NRF_differential/enrichment/CT_ORA_GO_genes_CC_emap.png
17-NRF_differential/enrichment/CT_ORA_GO_genes_CC_enrichment.csv
17-NRF_differential/enrichment/CT_ORA_GO_genes_CC_heatplot.png
17-NRF_differential/enrichment/CT_ORA_GO_genes_CC_ontology.png
17-NRF_differential/enrichment/CT_ORA_GO_genes_CC_upset.png
17-NRF_differential/enrichment/CT_ORA_GO_genes_MF_barplot.png
17-NRF_differential/enrichment/CT_ORA_GO_genes_MF_cnetplot.png
17-NRF_differential/enrichment/CT_ORA_GO_genes_MF_dotplot.png
17-NRF_differential/enrichment/CT_ORA_GO_genes_MF_emap.png
17-NRF_differential/enrichment/CT_ORA_GO_genes_MF_enrichment.csv
17-NRF_differential/enrichment/CT_ORA_GO_genes_MF_heatplot.png
17-NRF_differential/enrichment/CT_ORA_GO_genes_MF_ontology.png
17-NRF_differential/enrichment/CT_ORA_GO_genes_MF_upset.png
17-NRF_differential/enrichment/CT_ORA_GO_up_all_enrichment.csv
17-NRF_differential/enrichment/CT_ORA_GO_up_BP_barplot.png
17-NRF_differential/enrichment/CT_ORA_GO_up_BP_cnetplot.png
17-NRF_differential/enrichment/CT_ORA_GO_up_BP_dotplot.png
17-NRF_differential/enrichment/CT_ORA_GO_up_BP_emap.png
17-NRF_differential/enrichment/CT_ORA_GO_up_BP_enrichment.csv
17-NRF_differential/enrichment/CT_ORA_GO_up_BP_heatplot.png
17-NRF_differential/enrichment/CT_ORA_GO_up_BP_ontology.png
17-NRF_differential/enrichment/CT_ORA_GO_up_BP_upset.png
17-NRF_differential/enrichment/CT_ORA_GO_up_CC_barplot.png
17-NRF_differential/enrichment/CT_ORA_GO_up_CC_cnetplot.png
17-NRF_differential/enrichment/CT_ORA_GO_up_CC_dotplot.png
17-NRF_differential/enrichment/CT_ORA_GO_up_CC_emap.png
17-NRF_differential/enrichment/CT_ORA_GO_up_CC_enrichment.csv
17-NRF_differential/enrichment/CT_ORA_GO_up_CC_heatplot.png
17-NRF_differential/enrichment/CT_ORA_GO_up_CC_ontology.png
17-NRF_differential/enrichment/CT_ORA_GO_up_CC_upset.png
17-NRF_differential/enrichment/CT_ORA_GO_up_MF_barplot.png
17-NRF_differential/enrichment/CT_ORA_GO_up_MF_cnetplot.png
17-NRF_differential/enrichment/CT_ORA_GO_up_MF_dotplot.png
17-NRF_differential/enrichment/CT_ORA_GO_up_MF_emap.png
17-NRF_differential/enrichment/CT_ORA_GO_up_MF_enrichment.csv
17-NRF_differential/enrichment/CT_ORA_GO_up_MF_heatplot.png
17-NRF_differential/enrichment/CT_ORA_GO_up_MF_ontology.png
17-NRF_differential/enrichment/CT_ORA_GO_up_MF_upset.png
17-NRF_differential/enrichment/CT_ORA_KEGG_down__barplot.png
17-NRF_differential/enrichment/CT_ORA_KEGG_down__cnetplot.png
17-NRF_differential/enrichment/CT_ORA_KEGG_down__dotplot.png
17-NRF_differential/enrichment/CT_ORA_KEGG_down__emap.png
17-NRF_differential/enrichment/CT_ORA_KEGG_down__enrichment.csv
17-NRF_differential/enrichment/CT_ORA_KEGG_down__heatplot.png
17-NRF_differential/enrichment/CT_ORA_KEGG_down__upset.png
17-NRF_differential/enrichment/CT_ORA_KEGG_genes__barplot.png
17-NRF_differential/enrichment/CT_ORA_KEGG_genes__cnetplot.png
17-NRF_differential/enrichment/CT_ORA_KEGG_genes__dotplot.png
17-NRF_differential/enrichment/CT_ORA_KEGG_genes__emap.png
17-NRF_differential/enrichment/CT_ORA_KEGG_genes__enrichment.csv
17-NRF_differential/enrichment/CT_ORA_KEGG_genes__heatplot.png
17-NRF_differential/enrichment/CT_ORA_KEGG_genes__upset.png
17-NRF_differential/enrichment/CT_ORA_KEGG_up__barplot.png
17-NRF_differential/enrichment/CT_ORA_KEGG_up__cnetplot.png
17-NRF_differential/enrichment/CT_ORA_KEGG_up__dotplot.png
17-NRF_differential/enrichment/CT_ORA_KEGG_up__emap.png
17-NRF_differential/enrichment/CT_ORA_KEGG_up__enrichment.csv
17-NRF_differential/enrichment/CT_ORA_KEGG_up__heatplot.png
17-NRF_differential/enrichment/CT_ORA_KEGG_up__upset.png
17-NRF_differential/enrichment/CT_ORA_Reactome_down__enrichment.csv
17-NRF_differential/enrichment/CT_ORA_Reactome_genes__barplot.png
17-NRF_differential/enrichment/CT_ORA_Reactome_genes__cnetplot.png
17-NRF_differential/enrichment/CT_ORA_Reactome_genes__dotplot.png
17-NRF_differential/enrichment/CT_ORA_Reactome_genes__emap.png
17-NRF_differential/enrichment/CT_ORA_Reactome_genes__enrichment.csv
17-NRF_differential/enrichment/CT_ORA_Reactome_genes__heatplot.png
17-NRF_differential/enrichment/CT_ORA_Reactome_genes__upset.png
17-NRF_differential/enrichment/CT_ORA_Reactome_up__barplot.png
17-NRF_differential/enrichment/CT_ORA_Reactome_up__cnetplot.png
17-NRF_differential/enrichment/CT_ORA_Reactome_up__dotplot.png
17-NRF_differential/enrichment/CT_ORA_Reactome_up__emap.png
17-NRF_differential/enrichment/CT_ORA_Reactome_up__enrichment.csv
17-NRF_differential/enrichment/CT_ORA_Reactome_up__heatplot.png
17-NRF_differential/enrichment/CT_ORA_Reactome_up__upset.png
17-NRF_differential/enrichment/CT_ORA_Wikipaths_down__barplot.png
17-NRF_differential/enrichment/CT_ORA_Wikipaths_down__cnetplot.png
17-NRF_differential/enrichment/CT_ORA_Wikipaths_down__dotplot.png
17-NRF_differential/enrichment/CT_ORA_Wikipaths_down__emap.png
17-NRF_differential/enrichment/CT_ORA_Wikipaths_down__enrichment.csv
17-NRF_differential/enrichment/CT_ORA_Wikipaths_down__heatplot.png
17-NRF_differential/enrichment/CT_ORA_Wikipaths_down__upset.png
17-NRF_differential/enrichment/CT_ORA_Wikipaths_genes__barplot.png
17-NRF_differential/enrichment/CT_ORA_Wikipaths_genes__cnetplot.png
17-NRF_differential/enrichment/CT_ORA_Wikipaths_genes__dotplot.png
17-NRF_differential/enrichment/CT_ORA_Wikipaths_genes__emap.png
17-NRF_differential/enrichment/CT_ORA_Wikipaths_genes__enrichment.csv
17-NRF_differential/enrichment/CT_ORA_Wikipaths_genes__heatplot.png
17-NRF_differential/enrichment/CT_ORA_Wikipaths_genes__upset.png
17-NRF_differential/enrichment/CT_ORA_Wikipaths_up__barplot.png
17-NRF_differential/enrichment/CT_ORA_Wikipaths_up__cnetplot.png
17-NRF_differential/enrichment/CT_ORA_Wikipaths_up__dotplot.png
17-NRF_differential/enrichment/CT_ORA_Wikipaths_up__emap.png
17-NRF_differential/enrichment/CT_ORA_Wikipaths_up__enrichment.csv
17-NRF_differential/enrichment/CT_ORA_Wikipaths_up__heatplot.png
17-NRF_differential/enrichment/CT_ORA_Wikipaths_up__upset.png
17-NRF_differential/enrichment/FT_GSEA_GO_BP_cnetplot.png
17-NRF_differential/enrichment/FT_GSEA_GO_BP_dotplot.png
17-NRF_differential/enrichment/FT_GSEA_GO_BP_emap.png
17-NRF_differential/enrichment/FT_GSEA_GO_BP_heatplot.png
17-NRF_differential/enrichment/FT_GSEA_GO_BP_ridge.png
17-NRF_differential/enrichment/FT_GSEA_GO_BP_upset.png
17-NRF_differential/enrichment/FT_GSEA_GO_MF_cnetplot.png
17-NRF_differential/enrichment/FT_GSEA_GO_MF_dotplot.png
17-NRF_differential/enrichment/FT_GSEA_GO_MF_emap.png
17-NRF_differential/enrichment/FT_GSEA_GO_MF_heatplot.png
17-NRF_differential/enrichment/FT_GSEA_GO_MF_ridge.png
17-NRF_differential/enrichment/FT_GSEA_GO_MF_upset.png
17-NRF_differential/enrichment/FT_GSEA_Wikipaths__cnetplot.png
17-NRF_differential/enrichment/FT_GSEA_Wikipaths__dotplot.png
17-NRF_differential/enrichment/FT_GSEA_Wikipaths__emap.png
17-NRF_differential/enrichment/FT_GSEA_Wikipaths__heatplot.png
17-NRF_differential/enrichment/FT_GSEA_Wikipaths__ridge.png
17-NRF_differential/enrichment/FT_GSEA_Wikipaths__upset.png
17-NRF_differential/enrichment/FT_ORA_GO_down_all_enrichment.csv
17-NRF_differential/enrichment/FT_ORA_GO_down_BP_barplot.png
17-NRF_differential/enrichment/FT_ORA_GO_down_BP_cnetplot.png
17-NRF_differential/enrichment/FT_ORA_GO_down_BP_dotplot.png
17-NRF_differential/enrichment/FT_ORA_GO_down_BP_emap.png
17-NRF_differential/enrichment/FT_ORA_GO_down_BP_enrichment.csv
17-NRF_differential/enrichment/FT_ORA_GO_down_BP_heatplot.png
17-NRF_differential/enrichment/FT_ORA_GO_down_BP_ontology.png
17-NRF_differential/enrichment/FT_ORA_GO_down_BP_upset.png
17-NRF_differential/enrichment/FT_ORA_GO_down_CC_barplot.png
17-NRF_differential/enrichment/FT_ORA_GO_down_CC_cnetplot.png
17-NRF_differential/enrichment/FT_ORA_GO_down_CC_dotplot.png
17-NRF_differential/enrichment/FT_ORA_GO_down_CC_emap.png
17-NRF_differential/enrichment/FT_ORA_GO_down_CC_enrichment.csv
17-NRF_differential/enrichment/FT_ORA_GO_down_CC_heatplot.png
17-NRF_differential/enrichment/FT_ORA_GO_down_CC_ontology.png
17-NRF_differential/enrichment/FT_ORA_GO_down_CC_upset.png
17-NRF_differential/enrichment/FT_ORA_GO_down_MF_barplot.png
17-NRF_differential/enrichment/FT_ORA_GO_down_MF_cnetplot.png
17-NRF_differential/enrichment/FT_ORA_GO_down_MF_dotplot.png
17-NRF_differential/enrichment/FT_ORA_GO_down_MF_emap.png
17-NRF_differential/enrichment/FT_ORA_GO_down_MF_enrichment.csv
17-NRF_differential/enrichment/FT_ORA_GO_down_MF_heatplot.png
17-NRF_differential/enrichment/FT_ORA_GO_down_MF_ontology.png
17-NRF_differential/enrichment/FT_ORA_GO_down_MF_upset.png
17-NRF_differential/enrichment/FT_ORA_GO_genes_all_enrichment.csv
17-NRF_differential/enrichment/FT_ORA_GO_genes_BP_barplot.png
17-NRF_differential/enrichment/FT_ORA_GO_genes_BP_cnetplot.png
17-NRF_differential/enrichment/FT_ORA_GO_genes_BP_dotplot.png
17-NRF_differential/enrichment/FT_ORA_GO_genes_BP_emap.png
17-NRF_differential/enrichment/FT_ORA_GO_genes_BP_enrichment.csv
17-NRF_differential/enrichment/FT_ORA_GO_genes_BP_heatplot.png
17-NRF_differential/enrichment/FT_ORA_GO_genes_BP_ontology.png
17-NRF_differential/enrichment/FT_ORA_GO_genes_BP_upset.png
17-NRF_differential/enrichment/FT_ORA_GO_genes_CC_barplot.png
17-NRF_differential/enrichment/FT_ORA_GO_genes_CC_cnetplot.png
17-NRF_differential/enrichment/FT_ORA_GO_genes_CC_dotplot.png
17-NRF_differential/enrichment/FT_ORA_GO_genes_CC_emap.png
17-NRF_differential/enrichment/FT_ORA_GO_genes_CC_enrichment.csv
17-NRF_differential/enrichment/FT_ORA_GO_genes_CC_heatplot.png
17-NRF_differential/enrichment/FT_ORA_GO_genes_CC_ontology.png
17-NRF_differential/enrichment/FT_ORA_GO_genes_CC_upset.png
17-NRF_differential/enrichment/FT_ORA_GO_genes_MF_barplot.png
17-NRF_differential/enrichment/FT_ORA_GO_genes_MF_cnetplot.png
17-NRF_differential/enrichment/FT_ORA_GO_genes_MF_dotplot.png
17-NRF_differential/enrichment/FT_ORA_GO_genes_MF_emap.png
17-NRF_differential/enrichment/FT_ORA_GO_genes_MF_enrichment.csv
17-NRF_differential/enrichment/FT_ORA_GO_genes_MF_heatplot.png
17-NRF_differential/enrichment/FT_ORA_GO_genes_MF_ontology.png
17-NRF_differential/enrichment/FT_ORA_GO_genes_MF_upset.png
17-NRF_differential/enrichment/FT_ORA_GO_up_all_enrichment.csv
17-NRF_differential/enrichment/FT_ORA_GO_up_BP_barplot.png
17-NRF_differential/enrichment/FT_ORA_GO_up_BP_cnetplot.png
17-NRF_differential/enrichment/FT_ORA_GO_up_BP_dotplot.png
17-NRF_differential/enrichment/FT_ORA_GO_up_BP_emap.png
17-NRF_differential/enrichment/FT_ORA_GO_up_BP_enrichment.csv
17-NRF_differential/enrichment/FT_ORA_GO_up_BP_heatplot.png
17-NRF_differential/enrichment/FT_ORA_GO_up_BP_ontology.png
17-NRF_differential/enrichment/FT_ORA_GO_up_BP_upset.png
17-NRF_differential/enrichment/FT_ORA_GO_up_CC_barplot.png
17-NRF_differential/enrichment/FT_ORA_GO_up_CC_cnetplot.png
17-NRF_differential/enrichment/FT_ORA_GO_up_CC_dotplot.png
17-NRF_differential/enrichment/FT_ORA_GO_up_CC_emap.png
17-NRF_differential/enrichment/FT_ORA_GO_up_CC_enrichment.csv
17-NRF_differential/enrichment/FT_ORA_GO_up_CC_heatplot.png
17-NRF_differential/enrichment/FT_ORA_GO_up_CC_ontology.png
17-NRF_differential/enrichment/FT_ORA_GO_up_CC_upset.png
17-NRF_differential/enrichment/FT_ORA_GO_up_MF_barplot.png
17-NRF_differential/enrichment/FT_ORA_GO_up_MF_cnetplot.png
17-NRF_differential/enrichment/FT_ORA_GO_up_MF_dotplot.png
17-NRF_differential/enrichment/FT_ORA_GO_up_MF_emap.png
17-NRF_differential/enrichment/FT_ORA_GO_up_MF_enrichment.csv
17-NRF_differential/enrichment/FT_ORA_GO_up_MF_heatplot.png
17-NRF_differential/enrichment/FT_ORA_GO_up_MF_ontology.png
17-NRF_differential/enrichment/FT_ORA_GO_up_MF_upset.png
17-NRF_differential/enrichment/FT_ORA_KEGG_down__barplot.png
17-NRF_differential/enrichment/FT_ORA_KEGG_down__cnetplot.png
17-NRF_differential/enrichment/FT_ORA_KEGG_down__dotplot.png
17-NRF_differential/enrichment/FT_ORA_KEGG_down__emap.png
17-NRF_differential/enrichment/FT_ORA_KEGG_down__enrichment.csv
17-NRF_differential/enrichment/FT_ORA_KEGG_down__heatplot.png
17-NRF_differential/enrichment/FT_ORA_KEGG_down__upset.png
17-NRF_differential/enrichment/FT_ORA_KEGG_genes__barplot.png
17-NRF_differential/enrichment/FT_ORA_KEGG_genes__cnetplot.png
17-NRF_differential/enrichment/FT_ORA_KEGG_genes__dotplot.png
17-NRF_differential/enrichment/FT_ORA_KEGG_genes__emap.png
17-NRF_differential/enrichment/FT_ORA_KEGG_genes__enrichment.csv
17-NRF_differential/enrichment/FT_ORA_KEGG_genes__heatplot.png
17-NRF_differential/enrichment/FT_ORA_KEGG_genes__upset.png
17-NRF_differential/enrichment/FT_ORA_KEGG_up__barplot.png
17-NRF_differential/enrichment/FT_ORA_KEGG_up__cnetplot.png
17-NRF_differential/enrichment/FT_ORA_KEGG_up__dotplot.png
17-NRF_differential/enrichment/FT_ORA_KEGG_up__emap.png
17-NRF_differential/enrichment/FT_ORA_KEGG_up__enrichment.csv
17-NRF_differential/enrichment/FT_ORA_KEGG_up__heatplot.png
17-NRF_differential/enrichment/FT_ORA_KEGG_up__upset.png
17-NRF_differential/enrichment/FT_ORA_Reactome_down__enrichment.csv
17-NRF_differential/enrichment/FT_ORA_Reactome_genes__barplot.png
17-NRF_differential/enrichment/FT_ORA_Reactome_genes__cnetplot.png
17-NRF_differential/enrichment/FT_ORA_Reactome_genes__dotplot.png
17-NRF_differential/enrichment/FT_ORA_Reactome_genes__emap.png
17-NRF_differential/enrichment/FT_ORA_Reactome_genes__enrichment.csv
17-NRF_differential/enrichment/FT_ORA_Reactome_genes__heatplot.png
17-NRF_differential/enrichment/FT_ORA_Reactome_genes__upset.png
17-NRF_differential/enrichment/FT_ORA_Reactome_up__barplot.png
17-NRF_differential/enrichment/FT_ORA_Reactome_up__cnetplot.png
17-NRF_differential/enrichment/FT_ORA_Reactome_up__dotplot.png
17-NRF_differential/enrichment/FT_ORA_Reactome_up__emap.png
17-NRF_differential/enrichment/FT_ORA_Reactome_up__enrichment.csv
17-NRF_differential/enrichment/FT_ORA_Reactome_up__heatplot.png
17-NRF_differential/enrichment/FT_ORA_Reactome_up__upset.png
17-NRF_differential/enrichment/FT_ORA_Wikipaths_down__enrichment.csv
17-NRF_differential/enrichment/FT_ORA_Wikipaths_genes__barplot.png
17-NRF_differential/enrichment/FT_ORA_Wikipaths_genes__cnetplot.png
17-NRF_differential/enrichment/FT_ORA_Wikipaths_genes__dotplot.png
17-NRF_differential/enrichment/FT_ORA_Wikipaths_genes__emap.png
17-NRF_differential/enrichment/FT_ORA_Wikipaths_genes__enrichment.csv
17-NRF_differential/enrichment/FT_ORA_Wikipaths_genes__heatplot.png
17-NRF_differential/enrichment/FT_ORA_Wikipaths_genes__upset.png
17-NRF_differential/enrichment/FT_ORA_Wikipaths_up__barplot.png
17-NRF_differential/enrichment/FT_ORA_Wikipaths_up__cnetplot.png
17-NRF_differential/enrichment/FT_ORA_Wikipaths_up__dotplot.png
17-NRF_differential/enrichment/FT_ORA_Wikipaths_up__emap.png
17-NRF_differential/enrichment/FT_ORA_Wikipaths_up__enrichment.csv
17-NRF_differential/enrichment/FT_ORA_Wikipaths_up__heatplot.png
17-NRF_differential/enrichment/FT_ORA_Wikipaths_up__upset.png
17-NRF_differential/enrichment/FV_GSEA_GO_BP_cnetplot.png
17-NRF_differential/enrichment/FV_GSEA_GO_BP_dotplot.png
17-NRF_differential/enrichment/FV_GSEA_GO_BP_emap.png
17-NRF_differential/enrichment/FV_GSEA_GO_BP_heatplot.png
17-NRF_differential/enrichment/FV_GSEA_GO_BP_ridge.png
17-NRF_differential/enrichment/FV_GSEA_GO_BP_upset.png
17-NRF_differential/enrichment/FV_GSEA_GO_MF_cnetplot.png
17-NRF_differential/enrichment/FV_GSEA_GO_MF_dotplot.png
17-NRF_differential/enrichment/FV_GSEA_GO_MF_emap.png
17-NRF_differential/enrichment/FV_GSEA_GO_MF_heatplot.png
17-NRF_differential/enrichment/FV_GSEA_GO_MF_ridge.png
17-NRF_differential/enrichment/FV_GSEA_GO_MF_upset.png
17-NRF_differential/enrichment/FV_GSEA_KEGG__cnetplot.png
17-NRF_differential/enrichment/FV_GSEA_KEGG__dotplot.png
17-NRF_differential/enrichment/FV_GSEA_KEGG__emap.png
17-NRF_differential/enrichment/FV_GSEA_KEGG__heatplot.png
17-NRF_differential/enrichment/FV_GSEA_KEGG__ridge.png
17-NRF_differential/enrichment/FV_GSEA_KEGG__upset.png
17-NRF_differential/enrichment/FV_GSEA_Reactome__cnetplot.png
17-NRF_differential/enrichment/FV_GSEA_Reactome__dotplot.png
17-NRF_differential/enrichment/FV_GSEA_Reactome__emap.png
17-NRF_differential/enrichment/FV_GSEA_Reactome__heatplot.png
17-NRF_differential/enrichment/FV_GSEA_Reactome__ridge.png
17-NRF_differential/enrichment/FV_GSEA_Reactome__upset.png
17-NRF_differential/enrichment/FV_GSEA_Wikipaths__cnetplot.png
17-NRF_differential/enrichment/FV_GSEA_Wikipaths__dotplot.png
17-NRF_differential/enrichment/FV_GSEA_Wikipaths__emap.png
17-NRF_differential/enrichment/FV_GSEA_Wikipaths__heatplot.png
17-NRF_differential/enrichment/FV_GSEA_Wikipaths__ridge.png
17-NRF_differential/enrichment/FV_GSEA_Wikipaths__upset.png
17-NRF_differential/enrichment/FV_ORA_GO_down_all_enrichment.csv
17-NRF_differential/enrichment/FV_ORA_GO_down_BP_barplot.png
17-NRF_differential/enrichment/FV_ORA_GO_down_BP_cnetplot.png
17-NRF_differential/enrichment/FV_ORA_GO_down_BP_dotplot.png
17-NRF_differential/enrichment/FV_ORA_GO_down_BP_emap.png
17-NRF_differential/enrichment/FV_ORA_GO_down_BP_enrichment.csv
17-NRF_differential/enrichment/FV_ORA_GO_down_BP_heatplot.png
17-NRF_differential/enrichment/FV_ORA_GO_down_BP_ontology.png
17-NRF_differential/enrichment/FV_ORA_GO_down_BP_upset.png
17-NRF_differential/enrichment/FV_ORA_GO_down_CC_barplot.png
17-NRF_differential/enrichment/FV_ORA_GO_down_CC_cnetplot.png
17-NRF_differential/enrichment/FV_ORA_GO_down_CC_dotplot.png
17-NRF_differential/enrichment/FV_ORA_GO_down_CC_emap.png
17-NRF_differential/enrichment/FV_ORA_GO_down_CC_enrichment.csv
17-NRF_differential/enrichment/FV_ORA_GO_down_CC_heatplot.png
17-NRF_differential/enrichment/FV_ORA_GO_down_CC_ontology.png
17-NRF_differential/enrichment/FV_ORA_GO_down_CC_upset.png
17-NRF_differential/enrichment/FV_ORA_GO_down_MF_barplot.png
17-NRF_differential/enrichment/FV_ORA_GO_down_MF_cnetplot.png
17-NRF_differential/enrichment/FV_ORA_GO_down_MF_dotplot.png
17-NRF_differential/enrichment/FV_ORA_GO_down_MF_emap.png
17-NRF_differential/enrichment/FV_ORA_GO_down_MF_enrichment.csv
17-NRF_differential/enrichment/FV_ORA_GO_down_MF_heatplot.png
17-NRF_differential/enrichment/FV_ORA_GO_down_MF_ontology.png
17-NRF_differential/enrichment/FV_ORA_GO_down_MF_upset.png
17-NRF_differential/enrichment/FV_ORA_GO_genes_all_enrichment.csv
17-NRF_differential/enrichment/FV_ORA_GO_genes_BP_barplot.png
17-NRF_differential/enrichment/FV_ORA_GO_genes_BP_cnetplot.png
17-NRF_differential/enrichment/FV_ORA_GO_genes_BP_dotplot.png
17-NRF_differential/enrichment/FV_ORA_GO_genes_BP_emap.png
17-NRF_differential/enrichment/FV_ORA_GO_genes_BP_enrichment.csv
17-NRF_differential/enrichment/FV_ORA_GO_genes_BP_heatplot.png
17-NRF_differential/enrichment/FV_ORA_GO_genes_BP_ontology.png
17-NRF_differential/enrichment/FV_ORA_GO_genes_BP_upset.png
17-NRF_differential/enrichment/FV_ORA_GO_genes_CC_barplot.png
17-NRF_differential/enrichment/FV_ORA_GO_genes_CC_cnetplot.png
17-NRF_differential/enrichment/FV_ORA_GO_genes_CC_dotplot.png
17-NRF_differential/enrichment/FV_ORA_GO_genes_CC_emap.png
17-NRF_differential/enrichment/FV_ORA_GO_genes_CC_enrichment.csv
17-NRF_differential/enrichment/FV_ORA_GO_genes_CC_heatplot.png
17-NRF_differential/enrichment/FV_ORA_GO_genes_CC_ontology.png
17-NRF_differential/enrichment/FV_ORA_GO_genes_CC_upset.png
17-NRF_differential/enrichment/FV_ORA_GO_genes_MF_barplot.png
17-NRF_differential/enrichment/FV_ORA_GO_genes_MF_cnetplot.png
17-NRF_differential/enrichment/FV_ORA_GO_genes_MF_dotplot.png
17-NRF_differential/enrichment/FV_ORA_GO_genes_MF_emap.png
17-NRF_differential/enrichment/FV_ORA_GO_genes_MF_enrichment.csv
17-NRF_differential/enrichment/FV_ORA_GO_genes_MF_heatplot.png
17-NRF_differential/enrichment/FV_ORA_GO_genes_MF_ontology.png
17-NRF_differential/enrichment/FV_ORA_GO_genes_MF_upset.png
17-NRF_differential/enrichment/FV_ORA_GO_up_all_enrichment.csv
17-NRF_differential/enrichment/FV_ORA_GO_up_BP_barplot.png
17-NRF_differential/enrichment/FV_ORA_GO_up_BP_cnetplot.png
17-NRF_differential/enrichment/FV_ORA_GO_up_BP_dotplot.png
17-NRF_differential/enrichment/FV_ORA_GO_up_BP_emap.png
17-NRF_differential/enrichment/FV_ORA_GO_up_BP_enrichment.csv
17-NRF_differential/enrichment/FV_ORA_GO_up_BP_heatplot.png
17-NRF_differential/enrichment/FV_ORA_GO_up_BP_ontology.png
17-NRF_differential/enrichment/FV_ORA_GO_up_BP_upset.png
17-NRF_differential/enrichment/FV_ORA_GO_up_CC_barplot.png
17-NRF_differential/enrichment/FV_ORA_GO_up_CC_cnetplot.png
17-NRF_differential/enrichment/FV_ORA_GO_up_CC_dotplot.png
17-NRF_differential/enrichment/FV_ORA_GO_up_CC_emap.png
17-NRF_differential/enrichment/FV_ORA_GO_up_CC_enrichment.csv
17-NRF_differential/enrichment/FV_ORA_GO_up_CC_heatplot.png
17-NRF_differential/enrichment/FV_ORA_GO_up_CC_ontology.png
17-NRF_differential/enrichment/FV_ORA_GO_up_CC_upset.png
17-NRF_differential/enrichment/FV_ORA_GO_up_MF_barplot.png
17-NRF_differential/enrichment/FV_ORA_GO_up_MF_cnetplot.png
17-NRF_differential/enrichment/FV_ORA_GO_up_MF_dotplot.png
17-NRF_differential/enrichment/FV_ORA_GO_up_MF_emap.png
17-NRF_differential/enrichment/FV_ORA_GO_up_MF_enrichment.csv
17-NRF_differential/enrichment/FV_ORA_GO_up_MF_heatplot.png
17-NRF_differential/enrichment/FV_ORA_GO_up_MF_ontology.png
17-NRF_differential/enrichment/FV_ORA_GO_up_MF_upset.png
17-NRF_differential/enrichment/FV_ORA_KEGG_down__barplot.png
17-NRF_differential/enrichment/FV_ORA_KEGG_down__cnetplot.png
17-NRF_differential/enrichment/FV_ORA_KEGG_down__dotplot.png
17-NRF_differential/enrichment/FV_ORA_KEGG_down__emap.png
17-NRF_differential/enrichment/FV_ORA_KEGG_down__enrichment.csv
17-NRF_differential/enrichment/FV_ORA_KEGG_down__heatplot.png
17-NRF_differential/enrichment/FV_ORA_KEGG_down__upset.png
17-NRF_differential/enrichment/FV_ORA_KEGG_genes__barplot.png
17-NRF_differential/enrichment/FV_ORA_KEGG_genes__cnetplot.png
17-NRF_differential/enrichment/FV_ORA_KEGG_genes__dotplot.png
17-NRF_differential/enrichment/FV_ORA_KEGG_genes__emap.png
17-NRF_differential/enrichment/FV_ORA_KEGG_genes__enrichment.csv
17-NRF_differential/enrichment/FV_ORA_KEGG_genes__heatplot.png
17-NRF_differential/enrichment/FV_ORA_KEGG_genes__upset.png
17-NRF_differential/enrichment/FV_ORA_KEGG_up__barplot.png
17-NRF_differential/enrichment/FV_ORA_KEGG_up__cnetplot.png
17-NRF_differential/enrichment/FV_ORA_KEGG_up__dotplot.png
17-NRF_differential/enrichment/FV_ORA_KEGG_up__emap.png
17-NRF_differential/enrichment/FV_ORA_KEGG_up__enrichment.csv
17-NRF_differential/enrichment/FV_ORA_KEGG_up__heatplot.png
17-NRF_differential/enrichment/FV_ORA_KEGG_up__upset.png
17-NRF_differential/enrichment/FV_ORA_Reactome_down__enrichment.csv
17-NRF_differential/enrichment/FV_ORA_Reactome_genes__barplot.png
17-NRF_differential/enrichment/FV_ORA_Reactome_genes__cnetplot.png
17-NRF_differential/enrichment/FV_ORA_Reactome_genes__dotplot.png
17-NRF_differential/enrichment/FV_ORA_Reactome_genes__emap.png
17-NRF_differential/enrichment/FV_ORA_Reactome_genes__enrichment.csv
17-NRF_differential/enrichment/FV_ORA_Reactome_genes__heatplot.png
17-NRF_differential/enrichment/FV_ORA_Reactome_genes__upset.png
17-NRF_differential/enrichment/FV_ORA_Reactome_up__barplot.png
17-NRF_differential/enrichment/FV_ORA_Reactome_up__cnetplot.png
17-NRF_differential/enrichment/FV_ORA_Reactome_up__dotplot.png
17-NRF_differential/enrichment/FV_ORA_Reactome_up__emap.png
17-NRF_differential/enrichment/FV_ORA_Reactome_up__enrichment.csv
17-NRF_differential/enrichment/FV_ORA_Reactome_up__heatplot.png
17-NRF_differential/enrichment/FV_ORA_Reactome_up__upset.png
17-NRF_differential/enrichment/FV_ORA_Wikipaths_down__enrichment.csv
17-NRF_differential/enrichment/FV_ORA_Wikipaths_genes__barplot.png
17-NRF_differential/enrichment/FV_ORA_Wikipaths_genes__cnetplot.png
17-NRF_differential/enrichment/FV_ORA_Wikipaths_genes__dotplot.png
17-NRF_differential/enrichment/FV_ORA_Wikipaths_genes__emap.png
17-NRF_differential/enrichment/FV_ORA_Wikipaths_genes__enrichment.csv
17-NRF_differential/enrichment/FV_ORA_Wikipaths_genes__heatplot.png
17-NRF_differential/enrichment/FV_ORA_Wikipaths_genes__upset.png
17-NRF_differential/enrichment/FV_ORA_Wikipaths_up__barplot.png
17-NRF_differential/enrichment/FV_ORA_Wikipaths_up__cnetplot.png
17-NRF_differential/enrichment/FV_ORA_Wikipaths_up__dotplot.png
17-NRF_differential/enrichment/FV_ORA_Wikipaths_up__emap.png
17-NRF_differential/enrichment/FV_ORA_Wikipaths_up__enrichment.csv
17-NRF_differential/enrichment/FV_ORA_Wikipaths_up__heatplot.png
17-NRF_differential/enrichment/FV_ORA_Wikipaths_up__upset.png
17-NRF_differential/enrichment/GO_GSEA_CT_enrichment.csv
17-NRF_differential/enrichment/GO_GSEA_FT_enrichment.csv
17-NRF_differential/enrichment/GO_GSEA_FV_enrichment.csv
17-NRF_differential/enrichment/KEGG_GSEA_CT_enrichment.csv
17-NRF_differential/enrichment/KEGG_GSEA_FT_enrichment.csv
17-NRF_differential/enrichment/KEGG_GSEA_FV_enrichment.csv
17-NRF_differential/enrichment/Reactome_GSEA_CT_enrichment.csv
17-NRF_differential/enrichment/Reactome_GSEA_FT_enrichment.csv
17-NRF_differential/enrichment/Reactome_GSEA_FV_enrichment.csv
17-NRF_differential/enrichment/Wikipaths_GSEA_CT_enrichment.csv
17-NRF_differential/enrichment/Wikipaths_GSEA_FT_enrichment.csv
17-NRF_differential/enrichment/Wikipaths_GSEA_FV_enrichment.csv
