
        ==========     _____ _    _ ____  _____  ______          _____  
        =====         / ____| |  | |  _ \|  __ \|  ____|   /\   |  __ \ 
          =====      | (___ | |  | | |_) | |__) | |__     /  \  | |  | |
            ====      \___ \| |  | |  _ <|  _  /|  __|   / /\ \ | |  | |
              ====    ____) | |__| | |_) | | \ \| |____ / ____ \| |__| |
        ==========   |_____/ \____/|____/|_|  \_\______/_/    \_\_____/
       Rsubread 2.24.0

//========================== featureCounts setting ===========================\\
||                                                                            ||
||             Input files : 678 BAM files                                    ||
||                                                                            ||
||                           001_BXD45_SD_full.co.bam                         ||
||                           001_BXD45_SD_sub1.co.bam                         ||
||                           001_BXD45_SD_sub2.co.bam                         ||
||                           002_BXD45_CTRL_full.co.bam                       ||
||                           002_BXD45_CTRL_sub1.co.bam                       ||
||                           002_BXD45_CTRL_sub2.co.bam                       ||
||                           003_BXD51_SD_full.co.bam                         ||
||                           003_BXD51_SD_sub1.co.bam                         ||
||                           003_BXD51_SD_sub2.co.bam                         ||
||                           004_BXD51_CTRL_full.co.bam                       ||
||                           004_BXD51_CTRL_sub1.co.bam                       ||
||                           004_BXD51_CTRL_sub2.co.bam                       ||
||                           005_BXD55_SD_full.co.bam                         ||
||                           005_BXD55_SD_sub1.co.bam                         ||
||                           005_BXD55_SD_sub2.co.bam                         ||
||                           006_BXD55_CTRL_full.co.bam                       ||
||                           006_BXD55_CTRL_sub1.co.bam                       ||
||                           006_BXD55_CTRL_sub2.co.bam                       ||
||                           007_BXD56_SD_full.co.bam                         ||
||                           007_BXD56_SD_sub1.co.bam                         ||
||                           007_BXD56_SD_sub2.co.bam                         ||
||                           008_BXD56_CTRL_full.co.bam                       ||
||                           008_BXD56_CTRL_sub1.co.bam                       ||
||                           008_BXD56_CTRL_sub2.co.bam                       ||
||                           009_BXD61_SD_full.co.bam                         ||
||                           009_BXD61_SD_sub1.co.bam                         ||
||                           009_BXD61_SD_sub2.co.bam                         ||
||                           010_BXD61_CTRL_full.co.bam                       ||
||                           010_BXD61_CTRL_sub1.co.bam                       ||
||                           010_BXD61_CTRL_sub2.co.bam                       ||
||                           011_BXD66_SD_full.co.bam                         ||
||                           011_BXD66_SD_sub1.co.bam                         ||
||                           011_BXD66_SD_sub2.co.bam                         ||
||                           012_BXD66_CTRL_full.co.bam                       ||
||                           012_BXD66_CTRL_sub1.co.bam                       ||
||                           012_BXD66_CTRL_sub2.co.bam                       ||
||                           013_BXD67_SD_full.co.bam                         ||
||                           013_BXD67_SD_sub1.co.bam                         ||
||                           013_BXD67_SD_sub2.co.bam                         ||
||                           014_BXD67_CTRL_full.co.bam                       ||
||                           014_BXD67_CTRL_sub1.co.bam                       ||
||                           014_BXD67_CTRL_sub2.co.bam                       ||
||                           015_BXD70_SD_full.co.bam                         ||
||                           015_BXD70_SD_sub1.co.bam                         ||
||                           015_BXD70_SD_sub2.co.bam                         ||
||                           016_BXD70_CTRL_full.co.bam                       ||
||                           016_BXD70_CTRL_sub1.co.bam                       ||
||                           016_BXD70_CTRL_sub2.co.bam                       ||
||                           017_BXD73_SD_full.co.bam                         ||
||                           017_BXD73_SD_sub1.co.bam                         ||
||                           017_BXD73_SD_sub2.co.bam                         ||
||                           018_BXD73_CTRL_full.co.bam                       ||
||                           018_BXD73_CTRL_sub1.co.bam                       ||
||                           018_BXD73_CTRL_sub2.co.bam                       ||
||                           019_BXD75_SD_full.co.bam                         ||
||                           019_BXD75_SD_sub1.co.bam                         ||
||                           019_BXD75_SD_sub2.co.bam                         ||
||                           020_BXD75_CTRL_full.co.bam                       ||
||                           020_BXD75_CTRL_sub1.co.bam                       ||
||                           020_BXD75_CTRL_sub2.co.bam                       ||
||                           021_BXD83_SD_full.co.bam                         ||
||                           021_BXD83_SD_sub1.co.bam                         ||
||                           021_BXD83_SD_sub2.co.bam                         ||
||                           022_BXD83_CTRL_full.co.bam                       ||
||                           022_BXD83_CTRL_sub1.co.bam                       ||
||                           022_BXD83_CTRL_sub2.co.bam                       ||
||                           023_BXD84_SD_full.co.bam                         ||
||                           023_BXD84_SD_sub1.co.bam                         ||
||                           023_BXD84_SD_sub2.co.bam                         ||
||                           024_BXD84_CTRL_full.co.bam                       ||
||                           024_BXD84_CTRL_sub1.co.bam                       ||
||                           024_BXD84_CTRL_sub2.co.bam                       ||
||                           025_BXD89_SD_full.co.bam                         ||
||                           025_BXD89_SD_sub1.co.bam                         ||
||                           025_BXD89_SD_sub2.co.bam                         ||
||                           026_BXD89_CTRL_full.co.bam                       ||
||                           026_BXD89_CTRL_sub1.co.bam                       ||
||                           026_BXD89_CTRL_sub2.co.bam                       ||
||                           027_65a_SD_full.co.bam                           ||
||                           027_65a_SD_sub1.co.bam                           ||
||                           027_65a_SD_sub2.co.bam                           ||
||                           028_65a_CTRL_full.co.bam                         ||
||                           028_65a_CTRL_sub1.co.bam                         ||
||                           028_65a_CTRL_sub2.co.bam                         ||
||                           029_BXD100_SD_full.co.bam                        ||
||                           029_BXD100_SD_sub1.co.bam                        ||
||                           029_BXD100_SD_sub2.co.bam                        ||
||                           030_BXD100_CTRL_full.co.bam                      ||
||                           030_BXD100_CTRL_sub1.co.bam                      ||
||                           030_BXD100_CTRL_sub2.co.bam                      ||
||                           031_BXD101_SD_full.co.bam                        ||
||                           031_BXD101_SD_sub1.co.bam                        ||
||                           031_BXD101_SD_sub2.co.bam                        ||
||                           032_BXD101_CTRL_full.co.bam                      ||
||                           032_BXD101_CTRL_sub1.co.bam                      ||
||                           032_BXD101_CTRL_sub2.co.bam                      ||
||                           033_C57Bl6_SD_full.co.bam                        ||
||                           033_C57Bl6_SD_sub1.co.bam                        ||
||                           033_C57Bl6_SD_sub2.co.bam                        ||
||                           034_C57Bl6_CTRL_full.co.bam                      ||
||                           034_C57Bl6_CTRL_sub1.co.bam                      ||
||                           034_C57Bl6_CTRL_sub2.co.bam                      ||
||                           035_DBA_SD_full.co.bam                           ||
||                           035_DBA_SD_sub1.co.bam                           ||
||                           035_DBA_SD_sub2.co.bam                           ||
||                           036_DBA_CTRL_full.co.bam                         ||
||                           036_DBA_CTRL_sub1.co.bam                         ||
||                           036_DBA_CTRL_sub2.co.bam                         ||
||                           037_BXD48_SD_full.co.bam                         ||
||                           037_BXD48_SD_sub1.co.bam                         ||
||                           037_BXD48_SD_sub2.co.bam                         ||
||                           038_BXD49_SD_full.co.bam                         ||
||                           038_BXD49_SD_sub1.co.bam                         ||
||                           038_BXD49_SD_sub2.co.bam                         ||
||                           039_BXD48_CTRL_full.co.bam                       ||
||                           039_BXD48_CTRL_sub1.co.bam                       ||
||                           039_BXD48_CTRL_sub2.co.bam                       ||
||                           040_BXD49_CTRL_full.co.bam                       ||
||                           040_BXD49_CTRL_sub1.co.bam                       ||
||                           040_BXD49_CTRL_sub2.co.bam                       ||
||                           041_BXD50_SD_full.co.bam                         ||
||                           041_BXD50_SD_sub1.co.bam                         ||
||                           041_BXD50_SD_sub2.co.bam                         ||
||                           042_BXD50_CTRL_full.co.bam                       ||
||                           042_BXD50_CTRL_sub1.co.bam                       ||
||                           042_BXD50_CTRL_sub2.co.bam                       ||
||                           043_BXD51_SD_full.co.bam                         ||
||                           043_BXD51_SD_sub1.co.bam                         ||
||                           043_BXD51_SD_sub2.co.bam                         ||
||                           044_BXD51_CTRL_full.co.bam                       ||
||                           044_BXD51_CTRL_sub1.co.bam                       ||
||                           044_BXD51_CTRL_sub2.co.bam                       ||
||                           045_BXD56_SD_full.co.bam                         ||
||                           045_BXD56_SD_sub1.co.bam                         ||
||                           045_BXD56_SD_sub2.co.bam                         ||
||                           046_BXD56_CTRL_full.co.bam                       ||
||                           046_BXD56_CTRL_sub1.co.bam                       ||
||                           046_BXD56_CTRL_sub2.co.bam                       ||
||                           047_BXD64_SD_full.co.bam                         ||
||                           047_BXD64_SD_sub1.co.bam                         ||
||                           047_BXD64_SD_sub2.co.bam                         ||
||                           048_BXD64_CTRL_full.co.bam                       ||
||                           048_BXD64_CTRL_sub1.co.bam                       ||
||                           048_BXD64_CTRL_sub2.co.bam                       ||
||                           049_BXD65_SD_full.co.bam                         ||
||                           049_BXD65_SD_sub1.co.bam                         ||
||                           049_BXD65_SD_sub2.co.bam                         ||
||                           050_BXD65_CTRL_full.co.bam                       ||
||                           050_BXD65_CTRL_sub1.co.bam                       ||
||                           050_BXD65_CTRL_sub2.co.bam                       ||
||                           051_BXD66_SD_full.co.bam                         ||
||                           051_BXD66_SD_sub1.co.bam                         ||
||                           051_BXD66_SD_sub2.co.bam                         ||
||                           052_BXD66_CTRL_full.co.bam                       ||
||                           052_BXD66_CTRL_sub1.co.bam                       ||
||                           052_BXD66_CTRL_sub2.co.bam                       ||
||                           053_BXD71_SD_full.co.bam                         ||
||                           053_BXD71_SD_sub1.co.bam                         ||
||                           053_BXD71_SD_sub2.co.bam                         ||
||                           054_BXD71_CTRL_full.co.bam                       ||
||                           054_BXD71_CTRL_sub1.co.bam                       ||
||                           054_BXD71_CTRL_sub2.co.bam                       ||
||                           055_BXD73_SD_full.co.bam                         ||
||                           055_BXD73_SD_sub1.co.bam                         ||
||                           055_BXD73_SD_sub2.co.bam                         ||
||                           056_BXD73_CTRL_full.co.bam                       ||
||                           056_BXD73_CTRL_sub1.co.bam                       ||
||                           056_BXD73_CTRL_sub2.co.bam                       ||
||                           057_BXD75_SD_full.co.bam                         ||
||                           057_BXD75_SD_sub1.co.bam                         ||
||                           057_BXD75_SD_sub2.co.bam                         ||
||                           058_BXD75_CTRL_full.co.bam                       ||
||                           058_BXD75_CTRL_sub1.co.bam                       ||
||                           058_BXD75_CTRL_sub2.co.bam                       ||
||                           059_BXD81_SD_full.co.bam                         ||
||                           059_BXD81_SD_sub1.co.bam                         ||
||                           059_BXD81_SD_sub2.co.bam                         ||
||                           060_BXD81_CTRL_full.co.bam                       ||
||                           060_BXD81_CTRL_sub1.co.bam                       ||
||                           060_BXD81_CTRL_sub2.co.bam                       ||
||                           061_BXD90_SD_full.co.bam                         ||
||                           061_BXD90_SD_sub1.co.bam                         ||
||                           061_BXD90_SD_sub2.co.bam                         ||
||                           062_BXD90_CTRL_full.co.bam                       ||
||                           062_BXD90_CTRL_sub1.co.bam                       ||
||                           062_BXD90_CTRL_sub2.co.bam                       ||
||                           063_BXD95_SD_full.co.bam                         ||
||                           063_BXD95_SD_sub1.co.bam                         ||
||                           063_BXD95_SD_sub2.co.bam                         ||
||                           064_BXD95_CTRL_full.co.bam                       ||
||                           064_BXD95_CTRL_sub1.co.bam                       ||
||                           064_BXD95_CTRL_sub2.co.bam                       ||
||                           065_48a_SD_full.co.bam                           ||
||                           065_48a_SD_sub1.co.bam                           ||
||                           065_48a_SD_sub2.co.bam                           ||
||                           066_48a_CTRL_full.co.bam                         ||
||                           066_48a_CTRL_sub1.co.bam                         ||
||                           066_48a_CTRL_sub2.co.bam                         ||
||                           067_73b_SD_full.co.bam                           ||
||                           067_73b_SD_sub1.co.bam                           ||
||                           067_73b_SD_sub2.co.bam                           ||
||                           068_73b_CTRL_full.co.bam                         ||
||                           068_73b_CTRL_sub1.co.bam                         ||
||                           068_73b_CTRL_sub2.co.bam                         ||
||                           069_C57Bl6_SD_full.co.bam                        ||
||                           069_C57Bl6_SD_sub1.co.bam                        ||
||                           069_C57Bl6_SD_sub2.co.bam                        ||
||                           070_C57Bl6_CTRL_full.co.bam                      ||
||                           070_C57Bl6_CTRL_sub1.co.bam                      ||
||                           070_C57Bl6_CTRL_sub2.co.bam                      ||
||                           071_DBA_SD_full.co.bam                           ||
||                           071_DBA_SD_sub1.co.bam                           ||
||                           071_DBA_SD_sub2.co.bam                           ||
||                           072_DBA_CTRL_full.co.bam                         ||
||                           072_DBA_CTRL_sub1.co.bam                         ||
||                           072_DBA_CTRL_sub2.co.bam                         ||
||                           073_BXD85_SD_full.co.bam                         ||
||                           073_BXD85_SD_sub1.co.bam                         ||
||                           073_BXD85_SD_sub2.co.bam                         ||
||                           074_BXD85_CTRL_full.co.bam                       ||
||                           074_BXD85_CTRL_sub1.co.bam                       ||
||                           074_BXD85_CTRL_sub2.co.bam                       ||
||                           075_BXD43_CTRL_full.co.bam                       ||
||                           075_BXD43_CTRL_sub1.co.bam                       ||
||                           075_BXD43_CTRL_sub2.co.bam                       ||
||                           076_BXD43_SD_full.co.bam                         ||
||                           076_BXD43_SD_sub1.co.bam                         ||
||                           076_BXD43_SD_sub2.co.bam                         ||
||                           077_BXD45_CTRL_full.co.bam                       ||
||                           077_BXD45_CTRL_sub1.co.bam                       ||
||                           077_BXD45_CTRL_sub2.co.bam                       ||
||                           078_BXD45_SD_full.co.bam                         ||
||                           078_BXD45_SD_sub1.co.bam                         ||
||                           078_BXD45_SD_sub2.co.bam                         ||
||                           079_BXD49_CTRL_full.co.bam                       ||
||                           079_BXD49_CTRL_sub1.co.bam                       ||
||                           079_BXD49_CTRL_sub2.co.bam                       ||
||                           080_BXD49_SD_full.co.bam                         ||
||                           080_BXD49_SD_sub1.co.bam                         ||
||                           080_BXD49_SD_sub2.co.bam                         ||
||                           081_BXD55_CTRL_full.co.bam                       ||
||                           081_BXD55_CTRL_sub1.co.bam                       ||
||                           081_BXD55_CTRL_sub2.co.bam                       ||
||                           082_BXD55_SD_full.co.bam                         ||
||                           082_BXD55_SD_sub1.co.bam                         ||
||                           082_BXD55_SD_sub2.co.bam                         ||
||                           083_BXD56_CTRL_full.co.bam                       ||
||                           083_BXD56_CTRL_sub1.co.bam                       ||
||                           083_BXD56_CTRL_sub2.co.bam                       ||
||                           084_BXD56_SD_full.co.bam                         ||
||                           084_BXD56_SD_sub1.co.bam                         ||
||                           084_BXD56_SD_sub2.co.bam                         ||
||                           085_BXD61_CTRL_full.co.bam                       ||
||                           085_BXD61_CTRL_sub1.co.bam                       ||
||                           085_BXD61_CTRL_sub2.co.bam                       ||
||                           086_BXD61_SD_full.co.bam                         ||
||                           086_BXD61_SD_sub1.co.bam                         ||
||                           086_BXD61_SD_sub2.co.bam                         ||
||                           087_BXD66_CTRL_full.co.bam                       ||
||                           087_BXD66_CTRL_sub1.co.bam                       ||
||                           087_BXD66_CTRL_sub2.co.bam                       ||
||                           088_BXD66_SD_full.co.bam                         ||
||                           088_BXD66_SD_sub1.co.bam                         ||
||                           088_BXD66_SD_sub2.co.bam                         ||
||                           089_BXD67_CTRL_full.co.bam                       ||
||                           089_BXD67_CTRL_sub1.co.bam                       ||
||                           089_BXD67_CTRL_sub2.co.bam                       ||
||                           090_BXD67_SD_full.co.bam                         ||
||                           090_BXD67_SD_sub1.co.bam                         ||
||                           090_BXD67_SD_sub2.co.bam                         ||
||                           091_BXD70_CTRL_full.co.bam                       ||
||                           091_BXD70_CTRL_sub1.co.bam                       ||
||                           091_BXD70_CTRL_sub2.co.bam                       ||
||                           092_BXD70_SD_full.co.bam                         ||
||                           092_BXD70_SD_sub1.co.bam                         ||
||                           092_BXD70_SD_sub2.co.bam                         ||
||                           093_BXD73_CTRL_full.co.bam                       ||
||                           093_BXD73_CTRL_sub1.co.bam                       ||
||                           093_BXD73_CTRL_sub2.co.bam                       ||
||                           094_BXD73_SD_full.co.bam                         ||
||                           094_BXD73_SD_sub1.co.bam                         ||
||                           094_BXD73_SD_sub2.co.bam                         ||
||                           095_BXD75_CTRL_full.co.bam                       ||
||                           095_BXD75_CTRL_sub1.co.bam                       ||
||                           095_BXD75_CTRL_sub2.co.bam                       ||
||                           096_BXD75_SD_full.co.bam                         ||
||                           096_BXD75_SD_sub1.co.bam                         ||
||                           096_BXD75_SD_sub2.co.bam                         ||
||                           097_BXD79_CTRL_full.co.bam                       ||
||                           097_BXD79_CTRL_sub1.co.bam                       ||
||                           097_BXD79_CTRL_sub2.co.bam                       ||
||                           098_BXD79_SD_full.co.bam                         ||
||                           098_BXD79_SD_sub1.co.bam                         ||
||                           098_BXD79_SD_sub2.co.bam                         ||
||                           099_BXD83_CTRL_full.co.bam                       ||
||                           099_BXD83_CTRL_sub1.co.bam                       ||
||                           099_BXD83_CTRL_sub2.co.bam                       ||
||                           100_BXD83_SD_full.co.bam                         ||
||                           100_BXD83_SD_sub1.co.bam                         ||
||                           100_BXD83_SD_sub2.co.bam                         ||
||                           101_BXD84_CTRL_full.co.bam                       ||
||                           101_BXD84_CTRL_sub1.co.bam                       ||
||                           101_BXD84_CTRL_sub2.co.bam                       ||
||                           102_BXD84_SD_full.co.bam                         ||
||                           102_BXD84_SD_sub1.co.bam                         ||
||                           102_BXD84_SD_sub2.co.bam                         ||
||                           103_BXD90_CTRL_full.co.bam                       ||
||                           103_BXD90_CTRL_sub1.co.bam                       ||
||                           103_BXD90_CTRL_sub2.co.bam                       ||
||                           104_BXD90_SD_full.co.bam                         ||
||                           104_BXD90_SD_sub1.co.bam                         ||
||                           104_BXD90_SD_sub2.co.bam                         ||
||                           105_48a_CTRL_full.co.bam                         ||
||                           105_48a_CTRL_sub1.co.bam                         ||
||                           105_48a_CTRL_sub2.co.bam                         ||
||                           106_48a_SD_full.co.bam                           ||
||                           106_48a_SD_sub1.co.bam                           ||
||                           106_48a_SD_sub2.co.bam                           ||
||                           107_BXD100_CTRL_full.co.bam                      ||
||                           107_BXD100_CTRL_sub1.co.bam                      ||
||                           107_BXD100_CTRL_sub2.co.bam                      ||
||                           108_BXD100_SD_full.co.bam                        ||
||                           108_BXD100_SD_sub1.co.bam                        ||
||                           108_BXD100_SD_sub2.co.bam                        ||
||                           109_C57Bl6_CTRL_full.co.bam                      ||
||                           109_C57Bl6_CTRL_sub1.co.bam                      ||
||                           109_C57Bl6_CTRL_sub2.co.bam                      ||
||                           110_C57Bl6_SD_full.co.bam                        ||
||                           110_C57Bl6_SD_sub1.co.bam                        ||
||                           110_C57Bl6_SD_sub2.co.bam                        ||
||                           111_DBA_CTRL_full.co.bam                         ||
||                           111_DBA_CTRL_sub1.co.bam                         ||
||                           111_DBA_CTRL_sub2.co.bam                         ||
||                           112_DBA_CTRL_full.co.bam                         ||
||                           112_DBA_CTRL_sub1.co.bam                         ||
||                           112_DBA_CTRL_sub2.co.bam                         ||
||                           113_DBA_SD_full.co.bam                           ||
||                           113_DBA_SD_sub1.co.bam                           ||
||                           113_DBA_SD_sub2.co.bam                           ||
||                           114_BXD48_CTRL_full.co.bam                       ||
||                           114_BXD48_CTRL_sub1.co.bam                       ||
||                           114_BXD48_CTRL_sub2.co.bam                       ||
||                           115_BXD48_SD_full.co.bam                         ||
||                           115_BXD48_SD_sub1.co.bam                         ||
||                           115_BXD48_SD_sub2.co.bam                         ||
||                           116_BXD49_CTRL_full.co.bam                       ||
||                           116_BXD49_CTRL_sub1.co.bam                       ||
||                           116_BXD49_CTRL_sub2.co.bam                       ||
||                           117_BXD49_SD_full.co.bam                         ||
||                           117_BXD49_SD_sub1.co.bam                         ||
||                           117_BXD49_SD_sub2.co.bam                         ||
||                           118_BXD51_CTRL_full.co.bam                       ||
||                           118_BXD51_CTRL_sub1.co.bam                       ||
||                           118_BXD51_CTRL_sub2.co.bam                       ||
||                           119_BXD51_SD_full.co.bam                         ||
||                           119_BXD51_SD_sub1.co.bam                         ||
||                           119_BXD51_SD_sub2.co.bam                         ||
||                           120_BXD55_CTRL_full.co.bam                       ||
||                           120_BXD55_CTRL_sub1.co.bam                       ||
||                           120_BXD55_CTRL_sub2.co.bam                       ||
||                           121_BXD55_SD_full.co.bam                         ||
||                           121_BXD55_SD_sub1.co.bam                         ||
||                           121_BXD55_SD_sub2.co.bam                         ||
||                           122_BXD64_CTRL_full.co.bam                       ||
||                           122_BXD64_CTRL_sub1.co.bam                       ||
||                           122_BXD64_CTRL_sub2.co.bam                       ||
||                           123_BXD64_SD_full.co.bam                         ||
||                           123_BXD64_SD_sub1.co.bam                         ||
||                           123_BXD64_SD_sub2.co.bam                         ||
||                           124_BXD81_CTRL_full.co.bam                       ||
||                           124_BXD81_CTRL_sub1.co.bam                       ||
||                           124_BXD81_CTRL_sub2.co.bam                       ||
||                           125_BXD81_SD_full.co.bam                         ||
||                           125_BXD81_SD_sub1.co.bam                         ||
||                           125_BXD81_SD_sub2.co.bam                         ||
||                           126_BXD83_CTRL_full.co.bam                       ||
||                           126_BXD83_CTRL_sub1.co.bam                       ||
||                           126_BXD83_CTRL_sub2.co.bam                       ||
||                           127_BXD83_SD_full.co.bam                         ||
||                           127_BXD83_SD_sub1.co.bam                         ||
||                           127_BXD83_SD_sub2.co.bam                         ||
||                           128_BXD84_CTRL_full.co.bam                       ||
||                           128_BXD84_CTRL_sub1.co.bam                       ||
||                           128_BXD84_CTRL_sub2.co.bam                       ||
||                           129_BXD84_SD_full.co.bam                         ||
||                           129_BXD84_SD_sub1.co.bam                         ||
||                           129_BXD84_SD_sub2.co.bam                         ||
||                           130_BXD85_CTRL_full.co.bam                       ||
||                           130_BXD85_CTRL_sub1.co.bam                       ||
||                           130_BXD85_CTRL_sub2.co.bam                       ||
||                           131_BXD85_SD_full.co.bam                         ||
||                           131_BXD85_SD_sub1.co.bam                         ||
||                           131_BXD85_SD_sub2.co.bam                         ||
||                           132_BXD89_CTRL_full.co.bam                       ||
||                           132_BXD89_CTRL_sub1.co.bam                       ||
||                           132_BXD89_CTRL_sub2.co.bam                       ||
||                           133_BXD89_SD_full.co.bam                         ||
||                           133_BXD89_SD_sub1.co.bam                         ||
||                           133_BXD89_SD_sub2.co.bam                         ||
||                           134_BXD95_CTRL_full.co.bam                       ||
||                           134_BXD95_CTRL_sub1.co.bam                       ||
||                           134_BXD95_CTRL_sub2.co.bam                       ||
||                           135_BXD95_SD_full.co.bam                         ||
||                           135_BXD95_SD_sub1.co.bam                         ||
||                           135_BXD95_SD_sub2.co.bam                         ||
||                           136_48a_CTRL_full.co.bam                         ||
||                           136_48a_CTRL_sub1.co.bam                         ||
||                           136_48a_CTRL_sub2.co.bam                         ||
||                           137_48a_SD_full.co.bam                           ||
||                           137_48a_SD_sub1.co.bam                           ||
||                           137_48a_SD_sub2.co.bam                           ||
||                           138_65a_CTRL_full.co.bam                         ||
||                           138_65a_CTRL_sub1.co.bam                         ||
||                           138_65a_CTRL_sub2.co.bam                         ||
||                           139_65a_SD_full.co.bam                           ||
||                           139_65a_SD_sub1.co.bam                           ||
||                           139_65a_SD_sub2.co.bam                           ||
||                           140_BXD98_CTRL_full.co.bam                       ||
||                           140_BXD98_CTRL_sub1.co.bam                       ||
||                           140_BXD98_CTRL_sub2.co.bam                       ||
||                           141_BXD98_SD_full.co.bam                         ||
||                           141_BXD98_SD_sub1.co.bam                         ||
||                           141_BXD98_SD_sub2.co.bam                         ||
||                           142_BXD101_CTRL_full.co.bam                      ||
||                           142_BXD101_CTRL_sub1.co.bam                      ||
||                           142_BXD101_CTRL_sub2.co.bam                      ||
||                           143_BXD101_SD_full.co.bam                        ||
||                           143_BXD101_SD_sub1.co.bam                        ||
||                           143_BXD101_SD_sub2.co.bam                        ||
||                           144_73b_CTRL_full.co.bam                         ||
||                           144_73b_CTRL_sub1.co.bam                         ||
||                           144_73b_CTRL_sub2.co.bam                         ||
||                           145_73b_SD_full.co.bam                           ||
||                           145_73b_SD_sub1.co.bam                           ||
||                           145_73b_SD_sub2.co.bam                           ||
||                           146_C57Bl6_CTRL_full.co.bam                      ||
||                           146_C57Bl6_CTRL_sub1.co.bam                      ||
||                           146_C57Bl6_CTRL_sub2.co.bam                      ||
||                           147_C57Bl6_SD_full.co.bam                        ||
||                           147_C57Bl6_SD_sub1.co.bam                        ||
||                           147_C57Bl6_SD_sub2.co.bam                        ||
||                           148_BXD43_CTRL_full.co.bam                       ||
||                           148_BXD43_CTRL_sub1.co.bam                       ||
||                           148_BXD43_CTRL_sub2.co.bam                       ||
||                           149_BXD43_SD_full.co.bam                         ||
||                           149_BXD43_SD_sub1.co.bam                         ||
||                           149_BXD43_SD_sub2.co.bam                         ||
||                           150_BXD45_CTRL_full.co.bam                       ||
||                           150_BXD45_CTRL_sub1.co.bam                       ||
||                           150_BXD45_CTRL_sub2.co.bam                       ||
||                           151_BXD45_SD_full.co.bam                         ||
||                           151_BXD45_SD_sub1.co.bam                         ||
||                           151_BXD45_SD_sub2.co.bam                         ||
||                           152_BXD48_CTRL_full.co.bam                       ||
||                           152_BXD48_CTRL_sub1.co.bam                       ||
||                           152_BXD48_CTRL_sub2.co.bam                       ||
||                           153_BXD48_SD_full.co.bam                         ||
||                           153_BXD48_SD_sub1.co.bam                         ||
||                           153_BXD48_SD_sub2.co.bam                         ||
||                           154_BXD50_CTRL_full.co.bam                       ||
||                           154_BXD50_CTRL_sub1.co.bam                       ||
||                           154_BXD50_CTRL_sub2.co.bam                       ||
||                           155_BXD50_SD_full.co.bam                         ||
||                           155_BXD50_SD_sub1.co.bam                         ||
||                           155_BXD50_SD_sub2.co.bam                         ||
||                           156_BXD61_CTRL_full.co.bam                       ||
||                           156_BXD61_CTRL_sub1.co.bam                       ||
||                           156_BXD61_CTRL_sub2.co.bam                       ||
||                           157_BXD61_SD_full.co.bam                         ||
||                           157_BXD61_SD_sub1.co.bam                         ||
||                           157_BXD61_SD_sub2.co.bam                         ||
||                           158_BXD64_CTRL_full.co.bam                       ||
||                           158_BXD64_CTRL_sub1.co.bam                       ||
||                           158_BXD64_CTRL_sub2.co.bam                       ||
||                           159_BXD64_SD_full.co.bam                         ||
||                           159_BXD64_SD_sub1.co.bam                         ||
||                           159_BXD64_SD_sub2.co.bam                         ||
||                           160_BXD65_CTRL_full.co.bam                       ||
||                           160_BXD65_CTRL_sub1.co.bam                       ||
||                           160_BXD65_CTRL_sub2.co.bam                       ||
||                           161_BXD65_SD_full.co.bam                         ||
||                           161_BXD65_SD_sub1.co.bam                         ||
||                           161_BXD65_SD_sub2.co.bam                         ||
||                           162_BXD67_CTRL_full.co.bam                       ||
||                           162_BXD67_CTRL_sub1.co.bam                       ||
||                           162_BXD67_CTRL_sub2.co.bam                       ||
||                           163_BXD67_SD_full.co.bam                         ||
||                           163_BXD67_SD_sub1.co.bam                         ||
||                           163_BXD67_SD_sub2.co.bam                         ||
||                           164_BXD70_CTRL_full.co.bam                       ||
||                           164_BXD70_CTRL_sub1.co.bam                       ||
||                           164_BXD70_CTRL_sub2.co.bam                       ||
||                           165_BXD70_SD_full.co.bam                         ||
||                           165_BXD70_SD_sub1.co.bam                         ||
||                           165_BXD70_SD_sub2.co.bam                         ||
||                           166_BXD79_CTRL_full.co.bam                       ||
||                           166_BXD79_CTRL_sub1.co.bam                       ||
||                           166_BXD79_CTRL_sub2.co.bam                       ||
||                           167_BXD79_SD_full.co.bam                         ||
||                           167_BXD79_SD_sub1.co.bam                         ||
||                           167_BXD79_SD_sub2.co.bam                         ||
||                           168_BXD81_CTRL_full.co.bam                       ||
||                           168_BXD81_CTRL_sub1.co.bam                       ||
||                           168_BXD81_CTRL_sub2.co.bam                       ||
||                           169_BXD81_SD_full.co.bam                         ||
||                           169_BXD81_SD_sub1.co.bam                         ||
||                           169_BXD81_SD_sub2.co.bam                         ||
||                           170_BXD85_CTRL_full.co.bam                       ||
||                           170_BXD85_CTRL_sub1.co.bam                       ||
||                           170_BXD85_CTRL_sub2.co.bam                       ||
||                           171_BXD85_SD_full.co.bam                         ||
||                           171_BXD85_SD_sub1.co.bam                         ||
||                           171_BXD85_SD_sub2.co.bam                         ||
||                           174_BXD89_CTRL_full.co.bam                       ||
||                           174_BXD89_CTRL_sub1.co.bam                       ||
||                           174_BXD89_CTRL_sub2.co.bam                       ||
||                           175_BXD89_SD_full.co.bam                         ||
||                           175_BXD89_SD_sub1.co.bam                         ||
||                           175_BXD89_SD_sub2.co.bam                         ||
||                           176_BXD90_CTRL_full.co.bam                       ||
||                           176_BXD90_CTRL_sub1.co.bam                       ||
||                           176_BXD90_CTRL_sub2.co.bam                       ||
||                           177_BXD90_SD_full.co.bam                         ||
||                           177_BXD90_SD_sub1.co.bam                         ||
||                           177_BXD90_SD_sub2.co.bam                         ||
||                           178_BXD95_CTRL_full.co.bam                       ||
||                           178_BXD95_CTRL_sub1.co.bam                       ||
||                           178_BXD95_CTRL_sub2.co.bam                       ||
||                           179_BXD95_SD_full.co.bam                         ||
||                           179_BXD95_SD_sub1.co.bam                         ||
||                           179_BXD95_SD_sub2.co.bam                         ||
||                           180_C57Bl6_CTRL_full.co.bam                      ||
||                           180_C57Bl6_CTRL_sub1.co.bam                      ||
||                           180_C57Bl6_CTRL_sub2.co.bam                      ||
||                           181_C57Bl6_SD_full.co.bam                        ||
||                           181_C57Bl6_SD_sub1.co.bam                        ||
||                           181_C57Bl6_SD_sub2.co.bam                        ||
||                           182_DBA_CTRL_full.co.bam                         ||
||                           182_DBA_CTRL_sub1.co.bam                         ||
||                           182_DBA_CTRL_sub2.co.bam                         ||
||                           183_DBA_SD_full.co.bam                           ||
||                           183_DBA_SD_sub1.co.bam                           ||
||                           183_DBA_SD_sub2.co.bam                           ||
||                           184_BXD43_CTRL_full.co.bam                       ||
||                           184_BXD43_CTRL_sub1.co.bam                       ||
||                           184_BXD43_CTRL_sub2.co.bam                       ||
||                           185_BXD43_SD_full.co.bam                         ||
||                           185_BXD43_SD_sub1.co.bam                         ||
||                           185_BXD43_SD_sub2.co.bam                         ||
||                           186_BXD50_CTRL_full.co.bam                       ||
||                           186_BXD50_CTRL_sub1.co.bam                       ||
||                           186_BXD50_CTRL_sub2.co.bam                       ||
||                           187_BXD50_SD_full.co.bam                         ||
||                           187_BXD50_SD_sub1.co.bam                         ||
||                           187_BXD50_SD_sub2.co.bam                         ||
||                           188_BXD65_CTRL_full.co.bam                       ||
||                           188_BXD65_CTRL_sub1.co.bam                       ||
||                           188_BXD65_CTRL_sub2.co.bam                       ||
||                           189_BXD65_SD_full.co.bam                         ||
||                           189_BXD65_SD_sub1.co.bam                         ||
||                           189_BXD65_SD_sub2.co.bam                         ||
||                           190_65a_CTRL_full.co.bam                         ||
||                           190_65a_CTRL_sub1.co.bam                         ||
||                           190_65a_CTRL_sub2.co.bam                         ||
||                           192_BXD98_CTRL_full.co.bam                       ||
||                           192_BXD98_CTRL_sub1.co.bam                       ||
||                           192_BXD98_CTRL_sub2.co.bam                       ||
||                           193_BXD98_SD_full.co.bam                         ||
||                           193_BXD98_SD_sub1.co.bam                         ||
||                           193_BXD98_SD_sub2.co.bam                         ||
||                           194_BXD98_CTRL_full.co.bam                       ||
||                           194_BXD98_CTRL_sub1.co.bam                       ||
||                           194_BXD98_CTRL_sub2.co.bam                       ||
||                           195_BXD98_SD_full.co.bam                         ||
||                           195_BXD98_SD_sub1.co.bam                         ||
||                           195_BXD98_SD_sub2.co.bam                         ||
||                           196_BXD100_CTRL_full.co.bam                      ||
||                           196_BXD100_CTRL_sub1.co.bam                      ||
||                           196_BXD100_CTRL_sub2.co.bam                      ||
||                           197_BXD100_SD_full.co.bam                        ||
||                           197_BXD100_SD_sub1.co.bam                        ||
||                           197_BXD100_SD_sub2.co.bam                        ||
||                           198_73b_CTRL_full.co.bam                         ||
||                           198_73b_CTRL_sub1.co.bam                         ||
||                           198_73b_CTRL_sub2.co.bam                         ||
||                           199_73b_SD_full.co.bam                           ||
||                           199_73b_SD_sub1.co.bam                           ||
||                           199_73b_SD_sub2.co.bam                           ||
||                           200_C57Bl6_CTRL_full.co.bam                      ||
||                           200_C57Bl6_CTRL_sub1.co.bam                      ||
||                           200_C57Bl6_CTRL_sub2.co.bam                      ||
||                           201_C57Bl6_SD_full.co.bam                        ||
||                           201_C57Bl6_SD_sub1.co.bam                        ||
||                           201_C57Bl6_SD_sub2.co.bam                        ||
||                           202_DBA_CTRL_full.co.bam                         ||
||                           202_DBA_CTRL_sub1.co.bam                         ||
||                           202_DBA_CTRL_sub2.co.bam                         ||
||                           203_DBA_SD_full.co.bam                           ||
||                           203_DBA_SD_sub1.co.bam                           ||
||                           203_DBA_SD_sub2.co.bam                           ||
||                           204_BXD44_CTRL_full.co.bam                       ||
||                           204_BXD44_CTRL_sub1.co.bam                       ||
||                           204_BXD44_CTRL_sub2.co.bam                       ||
||                           205_BXD44_SD_full.co.bam                         ||
||                           205_BXD44_SD_sub1.co.bam                         ||
||                           205_BXD44_SD_sub2.co.bam                         ||
||                           206_BXD44_CTRL_full.co.bam                       ||
||                           206_BXD44_CTRL_sub1.co.bam                       ||
||                           206_BXD44_CTRL_sub2.co.bam                       ||
||                           207_BXD44_SD_full.co.bam                         ||
||                           207_BXD44_SD_sub1.co.bam                         ||
||                           207_BXD44_SD_sub2.co.bam                         ||
||                           208_BXD44_CTRL_full.co.bam                       ||
||                           208_BXD44_CTRL_sub1.co.bam                       ||
||                           208_BXD44_CTRL_sub2.co.bam                       ||
||                           209_BXD44_SD_full.co.bam                         ||
||                           209_BXD44_SD_sub1.co.bam                         ||
||                           209_BXD44_SD_sub2.co.bam                         ||
||                           210_BXD79_CTRL_full.co.bam                       ||
||                           210_BXD79_CTRL_sub1.co.bam                       ||
||                           210_BXD79_CTRL_sub2.co.bam                       ||
||                           211_BXD79_SD_full.co.bam                         ||
||                           211_BXD79_SD_sub1.co.bam                         ||
||                           211_BXD79_SD_sub2.co.bam                         ||
||                           212_BXD79_CTRL_full.co.bam                       ||
||                           212_BXD79_CTRL_sub1.co.bam                       ||
||                           212_BXD79_CTRL_sub2.co.bam                       ||
||                           213_BXD79_SD_full.co.bam                         ||
||                           213_BXD79_SD_sub1.co.bam                         ||
||                           213_BXD79_SD_sub2.co.bam                         ||
||                           214_65a_CTRL_full.co.bam                         ||
||                           214_65a_CTRL_sub1.co.bam                         ||
||                           214_65a_CTRL_sub2.co.bam                         ||
||                           215_65a_SD_full.co.bam                           ||
||                           215_65a_SD_sub1.co.bam                           ||
||                           215_65a_SD_sub2.co.bam                           ||
||                           216_C57Bl6_CTRL_full.co.bam                      ||
||                           216_C57Bl6_CTRL_sub1.co.bam                      ||
||                           216_C57Bl6_CTRL_sub2.co.bam                      ||
||                           217_C57Bl6_SD_full.co.bam                        ||
||                           217_C57Bl6_SD_sub1.co.bam                        ||
||                           217_C57Bl6_SD_sub2.co.bam                        ||
||                           218_DBA_CTRL_full.co.bam                         ||
||                           218_DBA_CTRL_sub1.co.bam                         ||
||                           218_DBA_CTRL_sub2.co.bam                         ||
||                           219_DBA_SD_full.co.bam                           ||
||                           219_DBA_SD_sub1.co.bam                           ||
||                           219_DBA_SD_sub2.co.bam                           ||
||                           220_BXD71_CTRL_full.co.bam                       ||
||                           220_BXD71_CTRL_sub1.co.bam                       ||
||                           220_BXD71_CTRL_sub2.co.bam                       ||
||                           221_BXD71_SD_full.co.bam                         ||
||                           221_BXD71_SD_sub1.co.bam                         ||
||                           221_BXD71_SD_sub2.co.bam                         ||
||                           222_BXD101_CTRL_full.co.bam                      ||
||                           222_BXD101_CTRL_sub1.co.bam                      ||
||                           222_BXD101_CTRL_sub2.co.bam                      ||
||                           223_BXD101_SD_full.co.bam                        ||
||                           223_BXD101_SD_sub1.co.bam                        ||
||                           223_BXD101_SD_sub2.co.bam                        ||
||                           224_BXD71_CTRL_full.co.bam                       ||
||                           224_BXD71_CTRL_sub1.co.bam                       ||
||                           224_BXD71_CTRL_sub2.co.bam                       ||
||                           225_BXD71_SD_full.co.bam                         ||
||                           225_BXD71_SD_sub1.co.bam                         ||
||                           225_BXD71_SD_sub2.co.bam                         ||
||                           226_C57Bl6_CTRL_full.co.bam                      ||
||                           226_C57Bl6_CTRL_sub1.co.bam                      ||
||                           226_C57Bl6_CTRL_sub2.co.bam                      ||
||                           227_C57Bl6_SD_full.co.bam                        ||
||                           227_C57Bl6_SD_sub1.co.bam                        ||
||                           227_C57Bl6_SD_sub2.co.bam                        ||
||                           228_DBA_CTRL_full.co.bam                         ||
||                           228_DBA_CTRL_sub1.co.bam                         ||
||                           228_DBA_CTRL_sub2.co.bam                         ||
||                           229_DBA_SD_full.co.bam                           ||
||                           229_DBA_SD_sub1.co.bam                           ||
||                           229_DBA_SD_sub2.co.bam                           ||
||                                                                            ||
||              Paired-end : no                                               ||
||        Count read pairs : no                                               ||
||              Annotation : genomic_features2.gtf (GTF)                      ||
||      Dir for temp files : .                                                ||
||                 Threads : 30                                               ||
||                   Level : feature level                                    ||
||      Multimapping reads : counted                                          ||
|| Multi-overlapping reads : counted                                          ||
||   Min overlapping bases : 1                                                ||
||                                                                            ||
\\============================================================================//

//================================= Running ==================================\\
||                                                                            ||
|| Load annotation file genomic_features2.gtf ...                             ||
||    Features : 73673                                                        ||
||    Meta-features : 73673                                                   ||
||    Chromosomes/contigs : 28                                                ||
||                                                                            ||
|| Process BAM file 001_BXD45_SD_full.co.bam...                               ||
||    Single-end reads are included.                                          ||
||    Total alignments : 59399088                                             ||
||    Successfully assigned alignments : 2026496 (3.4%)                       ||
||    Running time : 0.05 minutes                                             ||
||                                                                            ||
|| Process BAM file 001_BXD45_SD_sub1.co.bam...                               ||
||    Single-end reads are included.                                          ||
||    Total alignments : 20000000                                             ||
||    Successfully assigned alignments : 682063 (3.4%)                        ||
||    Running time : 0.03 minutes                                             ||
||                                                                            ||
|| Process BAM file 001_BXD45_SD_sub2.co.bam...                               ||
||    Single-end reads are included.                                          ||
||    Total alignments : 15000000                                             ||
||    Successfully assigned alignments : 512592 (3.4%)                        ||
||    Running time : 0.02 minutes                                             ||
||                                                                            ||
|| Process BAM file 002_BXD45_CTRL_full.co.bam...                             ||
||    Single-end reads are included.                                          ||
||    Total alignments : 50554522                                             ||
||    Successfully assigned alignments : 2004581 (4.0%)                       ||
||    Running time : 0.05 minutes                                             ||
||                                                                            ||
|| Process BAM file 002_BXD45_CTRL_sub1.co.bam...                             ||
||    Single-end reads are included.                                          ||
||    Total alignments : 20000000                                             ||
||    Successfully assigned alignments : 794386 (4.0%)                        ||
||    Running time : 0.03 minutes                                             ||
||                                                                            ||
|| Process BAM file 002_BXD45_CTRL_sub2.co.bam...                             ||
||    Single-end reads are included.                                          ||
||    Total alignments : 15000000                                             ||
||    Successfully assigned alignments : 595335 (4.0%)                        ||
||    Running time : 0.02 minutes                                             ||
||                                                                            ||
|| Process BAM file 003_BXD51_SD_full.co.bam...                               ||
||    Single-end reads are included.                                          ||
||    Total alignments : 51977435                                             ||
||    Successfully assigned alignments : 1832309 (3.5%)                       ||
||    Running time : 0.05 minutes                                             ||
||                                                                            ||
|| Process BAM file 003_BXD51_SD_sub1.co.bam...                               ||
||    Single-end reads are included.                                          ||
||    Total alignments : 20000000                                             ||
||    Successfully assigned alignments : 704837 (3.5%)                        ||
||    Running time : 0.03 minutes                                             ||
||                                                                            ||
|| Process BAM file 003_BXD51_SD_sub2.co.bam...                               ||
||    Single-end reads are included.                                          ||
||    Total alignments : 15000000                                             ||
||    Successfully assigned alignments : 528025 (3.5%)                        ||
||    Running time : 0.02 minutes                                             ||
||                                                                            ||
|| Process BAM file 004_BXD51_CTRL_full.co.bam...                             ||
||    Single-end reads are included.                                          ||
||    Total alignments : 50612679                                             ||
||    Successfully assigned alignments : 1949419 (3.9%)                       ||
||    Running time : 0.05 minutes                                             ||
||                                                                            ||
|| Process BAM file 004_BXD51_CTRL_sub1.co.bam...                             ||
||    Single-end reads are included.                                          ||
||    Total alignments : 20000000                                             ||
||    Successfully assigned alignments : 768879 (3.8%)                        ||
||    Running time : 0.02 minutes                                             ||
||                                                                            ||
|| Process BAM file 004_BXD51_CTRL_sub2.co.bam...                             ||
||    Single-end reads are included.                                          ||
||    Total alignments : 15000000                                             ||
||    Successfully assigned alignments : 577949 (3.9%)                        ||
||    Running time : 0.02 minutes                                             ||
||                                                                            ||
|| Process BAM file 005_BXD55_SD_full.co.bam...                               ||
||    Single-end reads are included.                                          ||
||    Total alignments : 61749971                                             ||
||    Successfully assigned alignments : 2243668 (3.6%)                       ||
||    Running time : 0.06 minutes                                             ||
||                                                                            ||
|| Process BAM file 005_BXD55_SD_sub1.co.bam...                               ||
||    Single-end reads are included.                                          ||
||    Total alignments : 20000000                                             ||
||    Successfully assigned alignments : 726816 (3.6%)                        ||
||    Running time : 0.02 minutes                                             ||
||                                                                            ||
|| Process BAM file 005_BXD55_SD_sub2.co.bam...                               ||
||    Single-end reads are included.                                          ||
||    Total alignments : 15000000                                             ||
||    Successfully assigned alignments : 544427 (3.6%)                        ||
||    Running time : 0.02 minutes                                             ||
||                                                                            ||
|| Process BAM file 006_BXD55_CTRL_full.co.bam...                             ||
||    Single-end reads are included.                                          ||
||    Total alignments : 41949944                                             ||
||    Successfully assigned alignments : 1709982 (4.1%)                       ||
||    Running time : 0.04 minutes                                             ||
||                                                                            ||
|| Process BAM file 006_BXD55_CTRL_sub1.co.bam...                             ||
||    Single-end reads are included.                                          ||
||    Total alignments : 20000000                                             ||
||    Successfully assigned alignments : 815527 (4.1%)                        ||
||    Running time : 0.02 minutes                                             ||
||                                                                            ||
|| Process BAM file 006_BXD55_CTRL_sub2.co.bam...                             ||
||    Single-end reads are included.                                          ||
||    Total alignments : 15000000                                             ||
||    Successfully assigned alignments : 611677 (4.1%)                        ||
||    Running time : 0.02 minutes                                             ||
||                                                                            ||
|| Process BAM file 007_BXD56_SD_full.co.bam...                               ||
||    Single-end reads are included.                                          ||
||    Total alignments : 44347223                                             ||
||    Successfully assigned alignments : 2275598 (5.1%)                       ||
||    Running time : 0.04 minutes                                             ||
||                                                                            ||
|| Process BAM file 007_BXD56_SD_sub1.co.bam...                               ||
||    Single-end reads are included.                                          ||
||    Total alignments : 20000000                                             ||
||    Successfully assigned alignments : 1025847 (5.1%)                       ||
||    Running time : 0.02 minutes                                             ||
||                                                                            ||
|| Process BAM file 007_BXD56_SD_sub2.co.bam...                               ||
||    Single-end reads are included.                                          ||
||    Total alignments : 15000000                                             ||
||    Successfully assigned alignments : 771555 (5.1%)                        ||
||    Running time : 0.02 minutes                                             ||
||                                                                            ||
|| Process BAM file 008_BXD56_CTRL_full.co.bam...                             ||
||    Single-end reads are included.                                          ||
||    Total alignments : 69620130                                             ||
||    Successfully assigned alignments : 3206073 (4.6%)                       ||
||    Running time : 0.06 minutes                                             ||
||                                                                            ||
|| Process BAM file 008_BXD56_CTRL_sub1.co.bam...                             ||
||    Single-end reads are included.                                          ||
||    Total alignments : 20000000                                             ||
||    Successfully assigned alignments : 921599 (4.6%)                        ||
||    Running time : 0.02 minutes                                             ||
||                                                                            ||
|| Process BAM file 008_BXD56_CTRL_sub2.co.bam...                             ||
||    Single-end reads are included.                                          ||
||    Total alignments : 15000000                                             ||
||    Successfully assigned alignments : 691613 (4.6%)                        ||
||    Running time : 0.02 minutes                                             ||
||                                                                            ||
|| Process BAM file 009_BXD61_SD_full.co.bam...                               ||
||    Single-end reads are included.                                          ||
||    Total alignments : 47007601                                             ||
||    Successfully assigned alignments : 2612755 (5.6%)                       ||
||    Running time : 0.04 minutes                                             ||
||                                                                            ||
|| Process BAM file 009_BXD61_SD_sub1.co.bam...                               ||
||    Single-end reads are included.                                          ||
||    Total alignments : 20000000                                             ||
||    Successfully assigned alignments : 1111830 (5.6%)                       ||
||    Running time : 0.02 minutes                                             ||
||                                                                            ||
|| Process BAM file 009_BXD61_SD_sub2.co.bam...                               ||
||    Single-end reads are included.                                          ||
||    Total alignments : 15000000                                             ||
||    Successfully assigned alignments : 833664 (5.6%)                        ||
||    Running time : 0.02 minutes                                             ||
||                                                                            ||
|| Process BAM file 010_BXD61_CTRL_full.co.bam...                             ||
||    Single-end reads are included.                                          ||
||    Total alignments : 44408999                                             ||
||    Successfully assigned alignments : 2829610 (6.4%)                       ||
||    Running time : 0.04 minutes                                             ||
||                                                                            ||
|| Process BAM file 010_BXD61_CTRL_sub1.co.bam...                             ||
||    Single-end reads are included.                                          ||
||    Total alignments : 20000000                                             ||
||    Successfully assigned alignments : 1274068 (6.4%)                       ||
||    Running time : 0.02 minutes                                             ||
||                                                                            ||
|| Process BAM file 010_BXD61_CTRL_sub2.co.bam...                             ||
||    Single-end reads are included.                                          ||
||    Total alignments : 15000000                                             ||
||    Successfully assigned alignments : 957298 (6.4%)                        ||
||    Running time : 0.02 minutes                                             ||
||                                                                            ||
|| Process BAM file 011_BXD66_SD_full.co.bam...                               ||
||    Single-end reads are included.                                          ||
||    Total alignments : 52667645                                             ||
||    Successfully assigned alignments : 4280751 (8.1%)                       ||
||    Running time : 0.05 minutes                                             ||
||                                                                            ||
|| Process BAM file 011_BXD66_SD_sub1.co.bam...                               ||
||    Single-end reads are included.                                          ||
||    Total alignments : 20000000                                             ||
||    Successfully assigned alignments : 1625742 (8.1%)                       ||
||    Running time : 0.02 minutes                                             ||
||                                                                            ||
|| Process BAM file 011_BXD66_SD_sub2.co.bam...                               ||
||    Single-end reads are included.                                          ||
||    Total alignments : 15000000                                             ||
||    Successfully assigned alignments : 1218227 (8.1%)                       ||
||    Running time : 0.02 minutes                                             ||
||                                                                            ||
|| Process BAM file 012_BXD66_CTRL_full.co.bam...                             ||
||    Single-end reads are included.                                          ||
||    Total alignments : 53908597                                             ||
||    Successfully assigned alignments : 3403563 (6.3%)                       ||
||    Running time : 0.05 minutes                                             ||
||                                                                            ||
|| Process BAM file 012_BXD66_CTRL_sub1.co.bam...                             ||
||    Single-end reads are included.                                          ||
||    Total alignments : 20000000                                             ||
||    Successfully assigned alignments : 1262542 (6.3%)                       ||
||    Running time : 0.02 minutes                                             ||
||                                                                            ||
|| Process BAM file 012_BXD66_CTRL_sub2.co.bam...                             ||
||    Single-end reads are included.                                          ||
||    Total alignments : 15000000                                             ||
||    Successfully assigned alignments : 947987 (6.3%)                        ||
||    Running time : 0.02 minutes                                             ||
||                                                                            ||
|| Process BAM file 013_BXD67_SD_full.co.bam...                               ||
||    Single-end reads are included.                                          ||
||    Total alignments : 50092481                                             ||
||    Successfully assigned alignments : 2830020 (5.6%)                       ||
||    Running time : 0.05 minutes                                             ||
||                                                                            ||
|| Process BAM file 013_BXD67_SD_sub1.co.bam...                               ||
||    Single-end reads are included.                                          ||
||    Total alignments : 20000000                                             ||
||    Successfully assigned alignments : 1129558 (5.6%)                       ||
||    Running time : 0.02 minutes                                             ||
||                                                                            ||
|| Process BAM file 013_BXD67_SD_sub2.co.bam...                               ||
||    Single-end reads are included.                                          ||
||    Total alignments : 15000000                                             ||
||    Successfully assigned alignments : 847578 (5.7%)                        ||
||    Running time : 0.02 minutes                                             ||
||                                                                            ||
|| Process BAM file 014_BXD67_CTRL_full.co.bam...                             ||
||    Single-end reads are included.                                          ||
||    Total alignments : 50353101                                             ||
||    Successfully assigned alignments : 2031089 (4.0%)                       ||
||    Running time : 0.05 minutes                                             ||
||                                                                            ||
|| Process BAM file 014_BXD67_CTRL_sub1.co.bam...                             ||
||    Single-end reads are included.                                          ||
||    Total alignments : 20000000                                             ||
||    Successfully assigned alignments : 806592 (4.0%)                        ||
||    Running time : 0.02 minutes                                             ||
||                                                                            ||
|| Process BAM file 014_BXD67_CTRL_sub2.co.bam...                             ||
||    Single-end reads are included.                                          ||
||    Total alignments : 15000000                                             ||
||    Successfully assigned alignments : 604696 (4.0%)                        ||
||    Running time : 0.02 minutes                                             ||
||                                                                            ||
|| Process BAM file 015_BXD70_SD_full.co.bam...                               ||
||    Single-end reads are included.                                          ||
||    Total alignments : 50818111                                             ||
||    Successfully assigned alignments : 2234733 (4.4%)                       ||
||    Running time : 0.05 minutes                                             ||
||                                                                            ||
|| Process BAM file 015_BXD70_SD_sub1.co.bam...                               ||
||    Single-end reads are included.                                          ||
||    Total alignments : 20000000                                             ||
||    Successfully assigned alignments : 878942 (4.4%)                        ||
||    Running time : 0.02 minutes                                             ||
||                                                                            ||
|| Process BAM file 015_BXD70_SD_sub2.co.bam...                               ||
||    Single-end reads are included.                                          ||
||    Total alignments : 15000000                                             ||
||    Successfully assigned alignments : 659737 (4.4%)                        ||
||    Running time : 0.02 minutes                                             ||
||                                                                            ||
|| Process BAM file 016_BXD70_CTRL_full.co.bam...                             ||
||    Single-end reads are included.                                          ||
||    Total alignments : 50621026                                             ||
||    Successfully assigned alignments : 2091986 (4.1%)                       ||
||    Running time : 0.05 minutes                                             ||
||                                                                            ||
|| Process BAM file 016_BXD70_CTRL_sub1.co.bam...                             ||
||    Single-end reads are included.                                          ||
||    Total alignments : 20000000                                             ||
||    Successfully assigned alignments : 825233 (4.1%)                        ||
||    Running time : 0.02 minutes                                             ||
||                                                                            ||
|| Process BAM file 016_BXD70_CTRL_sub2.co.bam...                             ||
||    Single-end reads are included.                                          ||
||    Total alignments : 15000000                                             ||
||    Successfully assigned alignments : 619879 (4.1%)                        ||
||    Running time : 0.02 minutes                                             ||
||                                                                            ||
|| Process BAM file 017_BXD73_SD_full.co.bam...                               ||
||    Single-end reads are included.                                          ||
||    Total alignments : 47819909                                             ||
||    Successfully assigned alignments : 2458598 (5.1%)                       ||
||    Running time : 0.05 minutes                                             ||
||                                                                            ||
|| Process BAM file 017_BXD73_SD_sub1.co.bam...                               ||
||    Single-end reads are included.                                          ||
||    Total alignments : 20000000                                             ||
||    Successfully assigned alignments : 1028038 (5.1%)                       ||
||    Running time : 0.03 minutes                                             ||
||                                                                            ||
|| Process BAM file 017_BXD73_SD_sub2.co.bam...                               ||
||    Single-end reads are included.                                          ||
||    Total alignments : 15000000                                             ||
||    Successfully assigned alignments : 771355 (5.1%)                        ||
||    Running time : 0.02 minutes                                             ||
||                                                                            ||
|| Process BAM file 018_BXD73_CTRL_full.co.bam...                             ||
||    Single-end reads are included.                                          ||
||    Total alignments : 40568487                                             ||
||    Successfully assigned alignments : 2711065 (6.7%)                       ||
||    Running time : 0.04 minutes                                             ||
||                                                                            ||
|| Process BAM file 018_BXD73_CTRL_sub1.co.bam...                             ||
||    Single-end reads are included.                                          ||
||    Total alignments : 20000000                                             ||
||    Successfully assigned alignments : 1336847 (6.7%)                       ||
||    Running time : 0.02 minutes                                             ||
||                                                                            ||
|| Process BAM file 018_BXD73_CTRL_sub2.co.bam...                             ||
||    Single-end reads are included.                                          ||
||    Total alignments : 15000000                                             ||
||    Successfully assigned alignments : 1003708 (6.7%)                       ||
||    Running time : 0.02 minutes                                             ||
||                                                                            ||
|| Process BAM file 019_BXD75_SD_full.co.bam...                               ||
||    Single-end reads are included.                                          ||
||    Total alignments : 38578132                                             ||
||    Successfully assigned alignments : 2787698 (7.2%)                       ||
||    Running time : 0.04 minutes                                             ||
||                                                                            ||
|| Process BAM file 019_BXD75_SD_sub1.co.bam...                               ||
||    Single-end reads are included.                                          ||
||    Total alignments : 20000000                                             ||
||    Successfully assigned alignments : 1443606 (7.2%)                       ||
||    Running time : 0.02 minutes                                             ||
||                                                                            ||
|| Process BAM file 019_BXD75_SD_sub2.co.bam...                               ||
||    Single-end reads are included.                                          ||
||    Total alignments : 15000000                                             ||
||    Successfully assigned alignments : 1082454 (7.2%)                       ||
||    Running time : 0.02 minutes                                             ||
||                                                                            ||
|| Process BAM file 020_BXD75_CTRL_full.co.bam...                             ||
||    Single-end reads are included.                                          ||
||    Total alignments : 30410139                                             ||
||    Successfully assigned alignments : 1663578 (5.5%)                       ||
||    Running time : 0.03 minutes                                             ||
||                                                                            ||
|| Process BAM file 020_BXD75_CTRL_sub1.co.bam...                             ||
||    Single-end reads are included.                                          ||
||    Total alignments : 20000000                                             ||
||    Successfully assigned alignments : 1094397 (5.5%)                       ||
||    Running time : 0.02 minutes                                             ||
||                                                                            ||
|| Process BAM file 020_BXD75_CTRL_sub2.co.bam...                             ||
||    Single-end reads are included.                                          ||
||    Total alignments : 15000000                                             ||
||    Successfully assigned alignments : 820753 (5.5%)                        ||
||    Running time : 0.02 minutes                                             ||
||                                                                            ||
|| Process BAM file 021_BXD83_SD_full.co.bam...                               ||
||    Single-end reads are included.                                          ||
||    Total alignments : 41868731                                             ||
||    Successfully assigned alignments : 1514606 (3.6%)                       ||
||    Running time : 0.04 minutes                                             ||
||                                                                            ||
|| Process BAM file 021_BXD83_SD_sub1.co.bam...                               ||
||    Single-end reads are included.                                          ||
||    Total alignments : 20000000                                             ||
||    Successfully assigned alignments : 723456 (3.6%)                        ||
||    Running time : 0.03 minutes                                             ||
||                                                                            ||
|| Process BAM file 021_BXD83_SD_sub2.co.bam...                               ||
||    Single-end reads are included.                                          ||
||    Total alignments : 15000000                                             ||
||    Successfully assigned alignments : 542415 (3.6%)                        ||
||    Running time : 0.02 minutes                                             ||
||                                                                            ||
|| Process BAM file 022_BXD83_CTRL_full.co.bam...                             ||
||    Single-end reads are included.                                          ||
||    Total alignments : 42918864                                             ||
||    Successfully assigned alignments : 1429715 (3.3%)                       ||
||    Running time : 0.04 minutes                                             ||
||                                                                            ||
|| Process BAM file 022_BXD83_CTRL_sub1.co.bam...                             ||
||    Single-end reads are included.                                          ||
||    Total alignments : 20000000                                             ||
||    Successfully assigned alignments : 666662 (3.3%)                        ||
||    Running time : 0.02 minutes                                             ||
||                                                                            ||
|| Process BAM file 022_BXD83_CTRL_sub2.co.bam...                             ||
||    Single-end reads are included.                                          ||
||    Total alignments : 15000000                                             ||
||    Successfully assigned alignments : 499486 (3.3%)                        ||
||    Running time : 0.02 minutes                                             ||
||                                                                            ||
|| Process BAM file 023_BXD84_SD_full.co.bam...                               ||
||    Single-end reads are included.                                          ||
||    Total alignments : 36860800                                             ||
||    Successfully assigned alignments : 2177715 (5.9%)                       ||
||    Running time : 0.04 minutes                                             ||
||                                                                            ||
|| Process BAM file 023_BXD84_SD_sub1.co.bam...                               ||
||    Single-end reads are included.                                          ||
||    Total alignments : 20000000                                             ||
||    Successfully assigned alignments : 1181416 (5.9%)                       ||
||    Running time : 0.02 minutes                                             ||
||                                                                            ||
|| Process BAM file 023_BXD84_SD_sub2.co.bam...                               ||
||    Single-end reads are included.                                          ||
||    Total alignments : 15000000                                             ||
||    Successfully assigned alignments : 885907 (5.9%)                        ||
||    Running time : 0.02 minutes                                             ||
||                                                                            ||
|| Process BAM file 024_BXD84_CTRL_full.co.bam...                             ||
||    Single-end reads are included.                                          ||
||    Total alignments : 34204054                                             ||
||    Successfully assigned alignments : 2034279 (5.9%)                       ||
||    Running time : 0.03 minutes                                             ||
||                                                                            ||
|| Process BAM file 024_BXD84_CTRL_sub1.co.bam...                             ||
||    Single-end reads are included.                                          ||
||    Total alignments : 20000000                                             ||
||    Successfully assigned alignments : 1190624 (6.0%)                       ||
||    Running time : 0.02 minutes                                             ||
||                                                                            ||
|| Process BAM file 024_BXD84_CTRL_sub2.co.bam...                             ||
||    Single-end reads are included.                                          ||
||    Total alignments : 15000000                                             ||
||    Successfully assigned alignments : 891576 (5.9%)                        ||
||    Running time : 0.02 minutes                                             ||
||                                                                            ||
|| Process BAM file 025_BXD89_SD_full.co.bam...                               ||
||    Single-end reads are included.                                          ||
||    Total alignments : 60237706                                             ||
||    Successfully assigned alignments : 2838516 (4.7%)                       ||
||    Running time : 0.06 minutes                                             ||
||                                                                            ||
|| Process BAM file 025_BXD89_SD_sub1.co.bam...                               ||
||    Single-end reads are included.                                          ||
||    Total alignments : 20000000                                             ||
||    Successfully assigned alignments : 942357 (4.7%)                        ||
||    Running time : 0.03 minutes                                             ||
||                                                                            ||
|| Process BAM file 025_BXD89_SD_sub2.co.bam...                               ||
||    Single-end reads are included.                                          ||
||    Total alignments : 15000000                                             ||
||    Successfully assigned alignments : 706806 (4.7%)                        ||
||    Running time : 0.02 minutes                                             ||
||                                                                            ||
|| Process BAM file 026_BXD89_CTRL_full.co.bam...                             ||
||    Single-end reads are included.                                          ||
||    Total alignments : 37816209                                             ||
||    Successfully assigned alignments : 2981814 (7.9%)                       ||
||    Running time : 0.03 minutes                                             ||
||                                                                            ||
|| Process BAM file 026_BXD89_CTRL_sub1.co.bam...                             ||
||    Single-end reads are included.                                          ||
||    Total alignments : 20000000                                             ||
||    Successfully assigned alignments : 1577133 (7.9%)                       ||
||    Running time : 0.02 minutes                                             ||
||                                                                            ||
|| Process BAM file 026_BXD89_CTRL_sub2.co.bam...                             ||
||    Single-end reads are included.                                          ||
||    Total alignments : 15000000                                             ||
||    Successfully assigned alignments : 1183234 (7.9%)                       ||
||    Running time : 0.02 minutes                                             ||
||                                                                            ||
|| Process BAM file 027_65a_SD_full.co.bam...                                 ||
||    Single-end reads are included.                                          ||
||    Total alignments : 42111761                                             ||
||    Successfully assigned alignments : 1890311 (4.5%)                       ||
||    Running time : 0.04 minutes                                             ||
||                                                                            ||
|| Process BAM file 027_65a_SD_sub1.co.bam...                                 ||
||    Single-end reads are included.                                          ||
||    Total alignments : 20000000                                             ||
||    Successfully assigned alignments : 898647 (4.5%)                        ||
||    Running time : 0.02 minutes                                             ||
||                                                                            ||
|| Process BAM file 027_65a_SD_sub2.co.bam...                                 ||
||    Single-end reads are included.                                          ||
||    Total alignments : 15000000                                             ||
||    Successfully assigned alignments : 672619 (4.5%)                        ||
||    Running time : 0.02 minutes                                             ||
||                                                                            ||
|| Process BAM file 028_65a_CTRL_full.co.bam...                               ||
||    Single-end reads are included.                                          ||
||    Total alignments : 47860238                                             ||
||    Successfully assigned alignments : 3155809 (6.6%)                       ||
||    Running time : 0.04 minutes                                             ||
||                                                                            ||
|| Process BAM file 028_65a_CTRL_sub1.co.bam...                               ||
||    Single-end reads are included.                                          ||
||    Total alignments : 20000000                                             ||
||    Successfully assigned alignments : 1318237 (6.6%)                       ||
||    Running time : 0.02 minutes                                             ||
||                                                                            ||
|| Process BAM file 028_65a_CTRL_sub2.co.bam...                               ||
||    Single-end reads are included.                                          ||
||    Total alignments : 15000000                                             ||
||    Successfully assigned alignments : 989447 (6.6%)                        ||
||    Running time : 0.02 minutes                                             ||
||                                                                            ||
|| Process BAM file 029_BXD100_SD_full.co.bam...                              ||
||    Single-end reads are included.                                          ||
||    Total alignments : 39621388                                             ||
||    Successfully assigned alignments : 2224505 (5.6%)                       ||
||    Running time : 0.04 minutes                                             ||
||                                                                            ||
|| Process BAM file 029_BXD100_SD_sub1.co.bam...                              ||
||    Single-end reads are included.                                          ||
||    Total alignments : 20000000                                             ||
||    Successfully assigned alignments : 1122254 (5.6%)                       ||
||    Running time : 0.02 minutes                                             ||
||                                                                            ||
|| Process BAM file 029_BXD100_SD_sub2.co.bam...                              ||
||    Single-end reads are included.                                          ||
||    Total alignments : 15000000                                             ||
||    Successfully assigned alignments : 842481 (5.6%)                        ||
||    Running time : 0.02 minutes                                             ||
||                                                                            ||
|| Process BAM file 030_BXD100_CTRL_full.co.bam...                            ||
||    Single-end reads are included.                                          ||
||    Total alignments : 41255383                                             ||
||    Successfully assigned alignments : 1909616 (4.6%)                       ||
||    Running time : 0.04 minutes                                             ||
||                                                                            ||
|| Process BAM file 030_BXD100_CTRL_sub1.co.bam...                            ||
||    Single-end reads are included.                                          ||
||    Total alignments : 20000000                                             ||
||    Successfully assigned alignments : 924735 (4.6%)                        ||
||    Running time : 0.02 minutes                                             ||
||                                                                            ||
|| Process BAM file 030_BXD100_CTRL_sub2.co.bam...                            ||
||    Single-end reads are included.                                          ||
||    Total alignments : 15000000                                             ||
||    Successfully assigned alignments : 694702 (4.6%)                        ||
||    Running time : 0.02 minutes                                             ||
||                                                                            ||
|| Process BAM file 031_BXD101_SD_full.co.bam...                              ||
||    Single-end reads are included.                                          ||
||    Total alignments : 38870513                                             ||
||    Successfully assigned alignments : 2086028 (5.4%)                       ||
||    Running time : 0.04 minutes                                             ||
||                                                                            ||
|| Process BAM file 031_BXD101_SD_sub1.co.bam...                              ||
||    Single-end reads are included.                                          ||
||    Total alignments : 20000000                                             ||
||    Successfully assigned alignments : 1074123 (5.4%)                       ||
||    Running time : 0.02 minutes                                             ||
||                                                                            ||
|| Process BAM file 031_BXD101_SD_sub2.co.bam...                              ||
||    Single-end reads are included.                                          ||
||    Total alignments : 15000000                                             ||
||    Successfully assigned alignments : 805124 (5.4%)                        ||
||    Running time : 0.02 minutes                                             ||
||                                                                            ||
|| Process BAM file 032_BXD101_CTRL_full.co.bam...                            ||
||    Single-end reads are included.                                          ||
||    Total alignments : 36680683                                             ||
||    Successfully assigned alignments : 2257791 (6.2%)                       ||
||    Running time : 0.04 minutes                                             ||
||                                                                            ||
|| Process BAM file 032_BXD101_CTRL_sub1.co.bam...                            ||
||    Single-end reads are included.                                          ||
||    Total alignments : 20000000                                             ||
||    Successfully assigned alignments : 1230538 (6.2%)                       ||
||    Running time : 0.02 minutes                                             ||
||                                                                            ||
|| Process BAM file 032_BXD101_CTRL_sub2.co.bam...                            ||
||    Single-end reads are included.                                          ||
||    Total alignments : 15000000                                             ||
||    Successfully assigned alignments : 922135 (6.1%)                        ||
||    Running time : 0.02 minutes                                             ||
||                                                                            ||
|| Process BAM file 033_C57Bl6_SD_full.co.bam...                              ||
||    Single-end reads are included.                                          ||
||    Total alignments : 37761902                                             ||
||    Successfully assigned alignments : 1319792 (3.5%)                       ||
||    Running time : 0.04 minutes                                             ||
||                                                                            ||
|| Process BAM file 033_C57Bl6_SD_sub1.co.bam...                              ||
||    Single-end reads are included.                                          ||
||    Total alignments : 20000000                                             ||
||    Successfully assigned alignments : 697875 (3.5%)                        ||
||    Running time : 0.02 minutes                                             ||
||                                                                            ||
|| Process BAM file 033_C57Bl6_SD_sub2.co.bam...                              ||
||    Single-end reads are included.                                          ||
||    Total alignments : 15000000                                             ||
||    Successfully assigned alignments : 524980 (3.5%)                        ||
||    Running time : 0.02 minutes                                             ||
||                                                                            ||
|| Process BAM file 034_C57Bl6_CTRL_full.co.bam...                            ||
||    Single-end reads are included.                                          ||
||    Total alignments : 40417112                                             ||
||    Successfully assigned alignments : 1173136 (2.9%)                       ||
||    Running time : 0.04 minutes                                             ||
||                                                                            ||
|| Process BAM file 034_C57Bl6_CTRL_sub1.co.bam...                            ||
||    Single-end reads are included.                                          ||
||    Total alignments : 20000000                                             ||
||    Successfully assigned alignments : 580646 (2.9%)                        ||
||    Running time : 0.02 minutes                                             ||
||                                                                            ||
|| Process BAM file 034_C57Bl6_CTRL_sub2.co.bam...                            ||
||    Single-end reads are included.                                          ||
||    Total alignments : 15000000                                             ||
||    Successfully assigned alignments : 435769 (2.9%)                        ||
||    Running time : 0.02 minutes                                             ||
||                                                                            ||
|| Process BAM file 035_DBA_SD_full.co.bam...                                 ||
||    Single-end reads are included.                                          ||
||    Total alignments : 42182105                                             ||
||    Successfully assigned alignments : 1649738 (3.9%)                       ||
||    Running time : 0.04 minutes                                             ||
||                                                                            ||
|| Process BAM file 035_DBA_SD_sub1.co.bam...                                 ||
||    Single-end reads are included.                                          ||
||    Total alignments : 20000000                                             ||
||    Successfully assigned alignments : 782180 (3.9%)                        ||
||    Running time : 0.02 minutes                                             ||
||                                                                            ||
|| Process BAM file 035_DBA_SD_sub2.co.bam...                                 ||
||    Single-end reads are included.                                          ||
||    Total alignments : 15000000                                             ||
||    Successfully assigned alignments : 586282 (3.9%)                        ||
||    Running time : 0.02 minutes                                             ||
||                                                                            ||
|| Process BAM file 036_DBA_CTRL_full.co.bam...                               ||
||    Single-end reads are included.                                          ||
||    Total alignments : 39872011                                             ||
||    Successfully assigned alignments : 1150880 (2.9%)                       ||
||    Running time : 0.04 minutes                                             ||
||                                                                            ||
|| Process BAM file 036_DBA_CTRL_sub1.co.bam...                               ||
||    Single-end reads are included.                                          ||
||    Total alignments : 20000000                                             ||
||    Successfully assigned alignments : 577294 (2.9%)                        ||
||    Running time : 0.02 minutes                                             ||
||                                                                            ||
|| Process BAM file 036_DBA_CTRL_sub2.co.bam...                               ||
||    Single-end reads are included.                                          ||
||    Total alignments : 15000000                                             ||
||    Successfully assigned alignments : 432218 (2.9%)                        ||
||    Running time : 0.02 minutes                                             ||
||                                                                            ||
|| Process BAM file 037_BXD48_SD_full.co.bam...                               ||
||    Single-end reads are included.                                          ||
||    Total alignments : 34981733                                             ||
||    Successfully assigned alignments : 1264013 (3.6%)                       ||
||    Running time : 0.03 minutes                                             ||
||                                                                            ||
|| Process BAM file 037_BXD48_SD_sub1.co.bam...                               ||
||    Single-end reads are included.                                          ||
||    Total alignments : 20000000                                             ||
||    Successfully assigned alignments : 723634 (3.6%)                        ||
||    Running time : 0.02 minutes                                             ||
||                                                                            ||
|| Process BAM file 037_BXD48_SD_sub2.co.bam...                               ||
||    Single-end reads are included.                                          ||
||    Total alignments : 15000000                                             ||
||    Successfully assigned alignments : 542596 (3.6%)                        ||
||    Running time : 0.02 minutes                                             ||
||                                                                            ||
|| Process BAM file 038_BXD49_SD_full.co.bam...                               ||
||    Single-end reads are included.                                          ||
||    Total alignments : 35185133                                             ||
||    Successfully assigned alignments : 1425753 (4.1%)                       ||
||    Running time : 0.03 minutes                                             ||
||                                                                            ||
|| Process BAM file 038_BXD49_SD_sub1.co.bam...                               ||
||    Single-end reads are included.                                          ||
||    Total alignments : 20000000                                             ||
||    Successfully assigned alignments : 810792 (4.1%)                        ||
||    Running time : 0.02 minutes                                             ||
||                                                                            ||
|| Process BAM file 038_BXD49_SD_sub2.co.bam...                               ||
||    Single-end reads are included.                                          ||
||    Total alignments : 15000000                                             ||
||    Successfully assigned alignments : 608080 (4.1%)                        ||
||    Running time : 0.02 minutes                                             ||
||                                                                            ||
|| Process BAM file 039_BXD48_CTRL_full.co.bam...                             ||
||    Single-end reads are included.                                          ||
||    Total alignments : 33113278                                             ||
||    Successfully assigned alignments : 1584293 (4.8%)                       ||
||    Running time : 0.03 minutes                                             ||
||                                                                            ||
|| Process BAM file 039_BXD48_CTRL_sub1.co.bam...                             ||
||    Single-end reads are included.                                          ||
||    Total alignments : 20000000                                             ||
||    Successfully assigned alignments : 956239 (4.8%)                        ||
||    Running time : 0.02 minutes                                             ||
||                                                                            ||
|| Process BAM file 039_BXD48_CTRL_sub2.co.bam...                             ||
||    Single-end reads are included.                                          ||
||    Total alignments : 15000000                                             ||
||    Successfully assigned alignments : 717925 (4.8%)                        ||
||    Running time : 0.02 minutes                                             ||
||                                                                            ||
|| Process BAM file 040_BXD49_CTRL_full.co.bam...                             ||
||    Single-end reads are included.                                          ||
||    Total alignments : 35659975                                             ||
||    Successfully assigned alignments : 1191892 (3.3%)                       ||
||    Running time : 0.04 minutes                                             ||
||                                                                            ||
|| Process BAM file 040_BXD49_CTRL_sub1.co.bam...                             ||
||    Single-end reads are included.                                          ||
||    Total alignments : 20000000                                             ||
||    Successfully assigned alignments : 668647 (3.3%)                        ||
||    Running time : 0.02 minutes                                             ||
||                                                                            ||
|| Process BAM file 040_BXD49_CTRL_sub2.co.bam...                             ||
||    Single-end reads are included.                                          ||
||    Total alignments : 15000000                                             ||
||    Successfully assigned alignments : 501020 (3.3%)                        ||
||    Running time : 0.02 minutes                                             ||
||                                                                            ||
|| Process BAM file 041_BXD50_SD_full.co.bam...                               ||
||    Single-end reads are included.                                          ||
||    Total alignments : 42111041                                             ||
||    Successfully assigned alignments : 1683058 (4.0%)                       ||
||    Running time : 0.04 minutes                                             ||
||                                                                            ||
|| Process BAM file 041_BXD50_SD_sub1.co.bam...                               ||
||    Single-end reads are included.                                          ||
||    Total alignments : 20000000                                             ||
||    Successfully assigned alignments : 799469 (4.0%)                        ||
||    Running time : 0.02 minutes                                             ||
||                                                                            ||
|| Process BAM file 041_BXD50_SD_sub2.co.bam...                               ||
||    Single-end reads are included.                                          ||
||    Total alignments : 15000000                                             ||
||    Successfully assigned alignments : 599456 (4.0%)                        ||
||    Running time : 0.02 minutes                                             ||
||                                                                            ||
|| Process BAM file 042_BXD50_CTRL_full.co.bam...                             ||
||    Single-end reads are included.                                          ||
||    Total alignments : 41225005                                             ||
||    Successfully assigned alignments : 1340560 (3.3%)                       ||
||    Running time : 0.04 minutes                                             ||
||                                                                            ||
|| Process BAM file 042_BXD50_CTRL_sub1.co.bam...                             ||
||    Single-end reads are included.                                          ||
||    Total alignments : 20000000                                             ||
||    Successfully assigned alignments : 650520 (3.3%)                        ||
||    Running time : 0.03 minutes                                             ||
||                                                                            ||
|| Process BAM file 042_BXD50_CTRL_sub2.co.bam...                             ||
||    Single-end reads are included.                                          ||
||    Total alignments : 15000000                                             ||
||    Successfully assigned alignments : 487763 (3.3%)                        ||
||    Running time : 0.02 minutes                                             ||
||                                                                            ||
|| Process BAM file 043_BXD51_SD_full.co.bam...                               ||
||    Single-end reads are included.                                          ||
||    Total alignments : 52693184                                             ||
||    Successfully assigned alignments : 1741205 (3.3%)                       ||
||    Running time : 0.05 minutes                                             ||
||                                                                            ||
|| Process BAM file 043_BXD51_SD_sub1.co.bam...                               ||
||    Single-end reads are included.                                          ||
||    Total alignments : 20000000                                             ||
||    Successfully assigned alignments : 660242 (3.3%)                        ||
||    Running time : 0.03 minutes                                             ||
||                                                                            ||
|| Process BAM file 043_BXD51_SD_sub2.co.bam...                               ||
||    Single-end reads are included.                                          ||
||    Total alignments : 15000000                                             ||
||    Successfully assigned alignments : 495505 (3.3%)                        ||
||    Running time : 0.02 minutes                                             ||
||                                                                            ||
|| Process BAM file 044_BXD51_CTRL_full.co.bam...                             ||
||    Single-end reads are included.                                          ||
||    Total alignments : 36413529                                             ||
||    Successfully assigned alignments : 1286482 (3.5%)                       ||
||    Running time : 0.04 minutes                                             ||
||                                                                            ||
|| Process BAM file 044_BXD51_CTRL_sub1.co.bam...                             ||
||    Single-end reads are included.                                          ||
||    Total alignments : 20000000                                             ||
||    Successfully assigned alignments : 706094 (3.5%)                        ||
||    Running time : 0.02 minutes                                             ||
||                                                                            ||
|| Process BAM file 044_BXD51_CTRL_sub2.co.bam...                             ||
||    Single-end reads are included.                                          ||
||    Total alignments : 15000000                                             ||
||    Successfully assigned alignments : 530029 (3.5%)                        ||
||    Running time : 0.02 minutes                                             ||
||                                                                            ||
|| Process BAM file 045_BXD56_SD_full.co.bam...                               ||
||    Single-end reads are included.                                          ||
||    Total alignments : 17358514                                             ||
||    Successfully assigned alignments : 997844 (5.7%)                        ||
||    Running time : 0.02 minutes                                             ||
||                                                                            ||
|| Process BAM file 045_BXD56_SD_sub1.co.bam...                               ||
||    Single-end reads are included.                                          ||
||    Total alignments : 17358514                                             ||
||    Successfully assigned alignments : 997844 (5.7%)                        ||
||    Running time : 0.02 minutes                                             ||
||                                                                            ||
|| Process BAM file 045_BXD56_SD_sub2.co.bam...                               ||
||    Single-end reads are included.                                          ||
||    Total alignments : 15000000                                             ||
||    Successfully assigned alignments : 862168 (5.7%)                        ||
||    Running time : 0.02 minutes                                             ||
||                                                                            ||
|| Process BAM file 046_BXD56_CTRL_full.co.bam...                             ||
||    Single-end reads are included.                                          ||
||    Total alignments : 79120615                                             ||
||    Successfully assigned alignments : 3060694 (3.9%)                       ||
||    Running time : 0.07 minutes                                             ||
||                                                                            ||
|| Process BAM file 046_BXD56_CTRL_sub1.co.bam...                             ||
||    Single-end reads are included.                                          ||
||    Total alignments : 20000000                                             ||
||    Successfully assigned alignments : 773197 (3.9%)                        ||
||    Running time : 0.02 minutes                                             ||
||                                                                            ||
|| Process BAM file 046_BXD56_CTRL_sub2.co.bam...                             ||
||    Single-end reads are included.                                          ||
||    Total alignments : 15000000                                             ||
||    Successfully assigned alignments : 580288 (3.9%)                        ||
||    Running time : 0.02 minutes                                             ||
||                                                                            ||
|| Process BAM file 047_BXD64_SD_full.co.bam...                               ||
||    Single-end reads are included.                                          ||
||    Total alignments : 41538693                                             ||
||    Successfully assigned alignments : 1196840 (2.9%)                       ||
||    Running time : 0.04 minutes                                             ||
||                                                                            ||
|| Process BAM file 047_BXD64_SD_sub1.co.bam...                               ||
||    Single-end reads are included.                                          ||
||    Total alignments : 20000000                                             ||
||    Successfully assigned alignments : 576479 (2.9%)                        ||
||    Running time : 0.02 minutes                                             ||
||                                                                            ||
|| Process BAM file 047_BXD64_SD_sub2.co.bam...                               ||
||    Single-end reads are included.                                          ||
||    Total alignments : 15000000                                             ||
||    Successfully assigned alignments : 433313 (2.9%)                        ||
||    Running time : 0.02 minutes                                             ||
||                                                                            ||
|| Process BAM file 048_BXD64_CTRL_full.co.bam...                             ||
||    Single-end reads are included.                                          ||
||    Total alignments : 42591652                                             ||
||    Successfully assigned alignments : 1394837 (3.3%)                       ||
||    Running time : 0.04 minutes                                             ||
||                                                                            ||
|| Process BAM file 048_BXD64_CTRL_sub1.co.bam...                             ||
||    Single-end reads are included.                                          ||
||    Total alignments : 20000000                                             ||
||    Successfully assigned alignments : 655404 (3.3%)                        ||
||    Running time : 0.02 minutes                                             ||
||                                                                            ||
|| Process BAM file 048_BXD64_CTRL_sub2.co.bam...                             ||
||    Single-end reads are included.                                          ||
||    Total alignments : 15000000                                             ||
||    Successfully assigned alignments : 489544 (3.3%)                        ||
||    Running time : 0.02 minutes                                             ||
||                                                                            ||
|| Process BAM file 049_BXD65_SD_full.co.bam...                               ||
||    Single-end reads are included.                                          ||
||    Total alignments : 39631627                                             ||
||    Successfully assigned alignments : 2203403 (5.6%)                       ||
||    Running time : 0.04 minutes                                             ||
||                                                                            ||
|| Process BAM file 049_BXD65_SD_sub1.co.bam...                               ||
||    Single-end reads are included.                                          ||
||    Total alignments : 20000000                                             ||
||    Successfully assigned alignments : 1110675 (5.6%)                       ||
||    Running time : 0.02 minutes                                             ||
||                                                                            ||
|| Process BAM file 049_BXD65_SD_sub2.co.bam...                               ||
||    Single-end reads are included.                                          ||
||    Total alignments : 15000000                                             ||
||    Successfully assigned alignments : 835109 (5.6%)                        ||
||    Running time : 0.02 minutes                                             ||
||                                                                            ||
|| Process BAM file 050_BXD65_CTRL_full.co.bam...                             ||
||    Single-end reads are included.                                          ||
||    Total alignments : 37949239                                             ||
||    Successfully assigned alignments : 1853341 (4.9%)                       ||
||    Running time : 0.04 minutes                                             ||
||                                                                            ||
|| Process BAM file 050_BXD65_CTRL_sub1.co.bam...                             ||
||    Single-end reads are included.                                          ||
||    Total alignments : 20000000                                             ||
||    Successfully assigned alignments : 977353 (4.9%)                        ||
||    Running time : 0.02 minutes                                             ||
||                                                                            ||
|| Process BAM file 050_BXD65_CTRL_sub2.co.bam...                             ||
||    Single-end reads are included.                                          ||
||    Total alignments : 15000000                                             ||
||    Successfully assigned alignments : 733689 (4.9%)                        ||
||    Running time : 0.02 minutes                                             ||
||                                                                            ||
|| Process BAM file 051_BXD66_SD_full.co.bam...                               ||
||    Single-end reads are included.                                          ||
||    Total alignments : 44809108                                             ||
||    Successfully assigned alignments : 2528665 (5.6%)                       ||
||    Running time : 0.04 minutes                                             ||
||                                                                            ||
|| Process BAM file 051_BXD66_SD_sub1.co.bam...                               ||
||    Single-end reads are included.                                          ||
||    Total alignments : 20000000                                             ||
||    Successfully assigned alignments : 1127433 (5.6%)                       ||
||    Running time : 0.02 minutes                                             ||
||                                                                            ||
|| Process BAM file 051_BXD66_SD_sub2.co.bam...                               ||
||    Single-end reads are included.                                          ||
||    Total alignments : 15000000                                             ||
||    Successfully assigned alignments : 848333 (5.7%)                        ||
||    Running time : 0.02 minutes                                             ||
||                                                                            ||
|| Process BAM file 052_BXD66_CTRL_full.co.bam...                             ||
||    Single-end reads are included.                                          ||
||    Total alignments : 33932832                                             ||
||    Successfully assigned alignments : 2160319 (6.4%)                       ||
||    Running time : 0.04 minutes                                             ||
||                                                                            ||
|| Process BAM file 052_BXD66_CTRL_sub1.co.bam...                             ||
||    Single-end reads are included.                                          ||
||    Total alignments : 20000000                                             ||
||    Successfully assigned alignments : 1273838 (6.4%)                       ||
||    Running time : 0.02 minutes                                             ||
||                                                                            ||
|| Process BAM file 052_BXD66_CTRL_sub2.co.bam...                             ||
||    Single-end reads are included.                                          ||
||    Total alignments : 15000000                                             ||
||    Successfully assigned alignments : 953960 (6.4%)                        ||
||    Running time : 0.02 minutes                                             ||
||                                                                            ||
|| Process BAM file 053_BXD71_SD_full.co.bam...                               ||
||    Single-end reads are included.                                          ||
||    Total alignments : 70290052                                             ||
||    Successfully assigned alignments : 3708492 (5.3%)                       ||
||    Running time : 0.06 minutes                                             ||
||                                                                            ||
|| Process BAM file 053_BXD71_SD_sub1.co.bam...                               ||
||    Single-end reads are included.                                          ||
||    Total alignments : 20000000                                             ||
||    Successfully assigned alignments : 1055084 (5.3%)                       ||
||    Running time : 0.03 minutes                                             ||
||                                                                            ||
|| Process BAM file 053_BXD71_SD_sub2.co.bam...                               ||
||    Single-end reads are included.                                          ||
||    Total alignments : 15000000                                             ||
||    Successfully assigned alignments : 789903 (5.3%)                        ||
||    Running time : 0.02 minutes                                             ||
||                                                                            ||
|| Process BAM file 054_BXD71_CTRL_full.co.bam...                             ||
||    Single-end reads are included.                                          ||
||    Total alignments : 51810696                                             ||
||    Successfully assigned alignments : 3233213 (6.2%)                       ||
||    Running time : 0.05 minutes                                             ||
||                                                                            ||
|| Process BAM file 054_BXD71_CTRL_sub1.co.bam...                             ||
||    Single-end reads are included.                                          ||
||    Total alignments : 20000000                                             ||
||    Successfully assigned alignments : 1247921 (6.2%)                       ||
||    Running time : 0.02 minutes                                             ||
||                                                                            ||
|| Process BAM file 054_BXD71_CTRL_sub2.co.bam...                             ||
||    Single-end reads are included.                                          ||
||    Total alignments : 15000000                                             ||
||    Successfully assigned alignments : 935177 (6.2%)                        ||
||    Running time : 0.02 minutes                                             ||
||                                                                            ||
|| Process BAM file 055_BXD73_SD_full.co.bam...                               ||
||    Single-end reads are included.                                          ||
||    Total alignments : 47227972                                             ||
||    Successfully assigned alignments : 1396787 (3.0%)                       ||
||    Running time : 0.05 minutes                                             ||
||                                                                            ||
|| Process BAM file 055_BXD73_SD_sub1.co.bam...                               ||
||    Single-end reads are included.                                          ||
||    Total alignments : 20000000                                             ||
||    Successfully assigned alignments : 592355 (3.0%)                        ||
||    Running time : 0.03 minutes                                             ||
||                                                                            ||
|| Process BAM file 055_BXD73_SD_sub2.co.bam...                               ||
||    Single-end reads are included.                                          ||
||    Total alignments : 15000000                                             ||
||    Successfully assigned alignments : 443985 (3.0%)                        ||
||    Running time : 0.02 minutes                                             ||
||                                                                            ||
|| Process BAM file 056_BXD73_CTRL_full.co.bam...                             ||
||    Single-end reads are included.                                          ||
||    Total alignments : 48871489                                             ||
||    Successfully assigned alignments : 2024557 (4.1%)                       ||
||    Running time : 0.05 minutes                                             ||
||                                                                            ||
|| Process BAM file 056_BXD73_CTRL_sub1.co.bam...                             ||
||    Single-end reads are included.                                          ||
||    Total alignments : 20000000                                             ||
||    Successfully assigned alignments : 828414 (4.1%)                        ||
||    Running time : 0.02 minutes                                             ||
||                                                                            ||
|| Process BAM file 056_BXD73_CTRL_sub2.co.bam...                             ||
||    Single-end reads are included.                                          ||
||    Total alignments : 15000000                                             ||
||    Successfully assigned alignments : 621968 (4.1%)                        ||
||    Running time : 0.02 minutes                                             ||
||                                                                            ||
|| Process BAM file 057_BXD75_SD_full.co.bam...                               ||
||    Single-end reads are included.                                          ||
||    Total alignments : 50499605                                             ||
||    Successfully assigned alignments : 2923939 (5.8%)                       ||
||    Running time : 0.05 minutes                                             ||
||                                                                            ||
|| Process BAM file 057_BXD75_SD_sub1.co.bam...                               ||
||    Single-end reads are included.                                          ||
||    Total alignments : 20000000                                             ||
||    Successfully assigned alignments : 1158050 (5.8%)                       ||
||    Running time : 0.02 minutes                                             ||
||                                                                            ||
|| Process BAM file 057_BXD75_SD_sub2.co.bam...                               ||
||    Single-end reads are included.                                          ||
||    Total alignments : 15000000                                             ||
||    Successfully assigned alignments : 868309 (5.8%)                        ||
||    Running time : 0.02 minutes                                             ||
||                                                                            ||
|| Process BAM file 058_BXD75_CTRL_full.co.bam...                             ||
||    Single-end reads are included.                                          ||
||    Total alignments : 47896745                                             ||
||    Successfully assigned alignments : 2490351 (5.2%)                       ||
||    Running time : 0.05 minutes                                             ||
||                                                                            ||
|| Process BAM file 058_BXD75_CTRL_sub1.co.bam...                             ||
||    Single-end reads are included.                                          ||
||    Total alignments : 20000000                                             ||
||    Successfully assigned alignments : 1039972 (5.2%)                       ||
||    Running time : 0.02 minutes                                             ||
||                                                                            ||
|| Process BAM file 058_BXD75_CTRL_sub2.co.bam...                             ||
||    Single-end reads are included.                                          ||
||    Total alignments : 15000000                                             ||
||    Successfully assigned alignments : 780032 (5.2%)                        ||
||    Running time : 0.02 minutes                                             ||
||                                                                            ||
|| Process BAM file 059_BXD81_SD_full.co.bam...                               ||
||    Single-end reads are included.                                          ||
||    Total alignments : 44160318                                             ||
||    Successfully assigned alignments : 3111172 (7.0%)                       ||
||    Running time : 0.04 minutes                                             ||
||                                                                            ||
|| Process BAM file 059_BXD81_SD_sub1.co.bam...                               ||
||    Single-end reads are included.                                          ||
||    Total alignments : 20000000                                             ||
||    Successfully assigned alignments : 1408681 (7.0%)                       ||
||    Running time : 0.02 minutes                                             ||
||                                                                            ||
|| Process BAM file 059_BXD81_SD_sub2.co.bam...                               ||
||    Single-end reads are included.                                          ||
||    Total alignments : 15000000                                             ||
||    Successfully assigned alignments : 1057050 (7.0%)                       ||
||    Running time : 0.02 minutes                                             ||
||                                                                            ||
|| Process BAM file 060_BXD81_CTRL_full.co.bam...                             ||
||    Single-end reads are included.                                          ||
||    Total alignments : 39183633                                             ||
||    Successfully assigned alignments : 2525299 (6.4%)                       ||
||    Running time : 0.04 minutes                                             ||
||                                                                            ||
|| Process BAM file 060_BXD81_CTRL_sub1.co.bam...                             ||
||    Single-end reads are included.                                          ||
||    Total alignments : 20000000                                             ||
||    Successfully assigned alignments : 1289739 (6.4%)                       ||
||    Running time : 0.02 minutes                                             ||
||                                                                            ||
|| Process BAM file 060_BXD81_CTRL_sub2.co.bam...                             ||
||    Single-end reads are included.                                          ||
||    Total alignments : 15000000                                             ||
||    Successfully assigned alignments : 966354 (6.4%)                        ||
||    Running time : 0.02 minutes                                             ||
||                                                                            ||
|| Process BAM file 061_BXD90_SD_full.co.bam...                               ||
||    Single-end reads are included.                                          ||
||    Total alignments : 47534592                                             ||
||    Successfully assigned alignments : 2229449 (4.7%)                       ||
||    Running time : 0.05 minutes                                             ||
||                                                                            ||
|| Process BAM file 061_BXD90_SD_sub1.co.bam...                               ||
||    Single-end reads are included.                                          ||
||    Total alignments : 20000000                                             ||
||    Successfully assigned alignments : 939021 (4.7%)                        ||
||    Running time : 0.02 minutes                                             ||
||                                                                            ||
|| Process BAM file 061_BXD90_SD_sub2.co.bam...                               ||
||    Single-end reads are included.                                          ||
||    Total alignments : 15000000                                             ||
||    Successfully assigned alignments : 703390 (4.7%)                        ||
||    Running time : 0.02 minutes                                             ||
||                                                                            ||
|| Process BAM file 062_BXD90_CTRL_full.co.bam...                             ||
||    Single-end reads are included.                                          ||
||    Total alignments : 41240347                                             ||
||    Successfully assigned alignments : 2846608 (6.9%)                       ||
||    Running time : 0.04 minutes                                             ||
||                                                                            ||
|| Process BAM file 062_BXD90_CTRL_sub1.co.bam...                             ||
||    Single-end reads are included.                                          ||
||    Total alignments : 20000000                                             ||
||    Successfully assigned alignments : 1379549 (6.9%)                       ||
||    Running time : 0.02 minutes                                             ||
||                                                                            ||
|| Process BAM file 062_BXD90_CTRL_sub2.co.bam...                             ||
||    Single-end reads are included.                                          ||
||    Total alignments : 15000000                                             ||
||    Successfully assigned alignments : 1035147 (6.9%)                       ||
||    Running time : 0.02 minutes                                             ||
||                                                                            ||
|| Process BAM file 063_BXD95_SD_full.co.bam...                               ||
||    Single-end reads are included.                                          ||
||    Total alignments : 45674616                                             ||
||    Successfully assigned alignments : 2448215 (5.4%)                       ||
||    Running time : 0.05 minutes                                             ||
||                                                                            ||
|| Process BAM file 063_BXD95_SD_sub1.co.bam...                               ||
||    Single-end reads are included.                                          ||
||    Total alignments : 20000000                                             ||
||    Successfully assigned alignments : 1072525 (5.4%)                       ||
||    Running time : 0.03 minutes                                             ||
||                                                                            ||
|| Process BAM file 063_BXD95_SD_sub2.co.bam...                               ||
||    Single-end reads are included.                                          ||
||    Total alignments : 15000000                                             ||
||    Successfully assigned alignments : 804579 (5.4%)                        ||
||    Running time : 0.02 minutes                                             ||
||                                                                            ||
|| Process BAM file 064_BXD95_CTRL_full.co.bam...                             ||
||    Single-end reads are included.                                          ||
||    Total alignments : 42426064                                             ||
||    Successfully assigned alignments : 2720044 (6.4%)                       ||
||    Running time : 0.04 minutes                                             ||
||                                                                            ||
|| Process BAM file 064_BXD95_CTRL_sub1.co.bam...                             ||
||    Single-end reads are included.                                          ||
||    Total alignments : 20000000                                             ||
||    Successfully assigned alignments : 1280719 (6.4%)                       ||
||    Running time : 0.02 minutes                                             ||
||                                                                            ||
|| Process BAM file 064_BXD95_CTRL_sub2.co.bam...                             ||
||    Single-end reads are included.                                          ||
||    Total alignments : 15000000                                             ||
||    Successfully assigned alignments : 961317 (6.4%)                        ||
||    Running time : 0.02 minutes                                             ||
||                                                                            ||
|| Process BAM file 065_48a_SD_full.co.bam...                                 ||
||    Single-end reads are included.                                          ||
||    Total alignments : 69554540                                             ||
||    Successfully assigned alignments : 4299269 (6.2%)                       ||
||    Running time : 0.06 minutes                                             ||
||                                                                            ||
|| Process BAM file 065_48a_SD_sub1.co.bam...                                 ||
||    Single-end reads are included.                                          ||
||    Total alignments : 20000000                                             ||
||    Successfully assigned alignments : 1237099 (6.2%)                       ||
||    Running time : 0.03 minutes                                             ||
||                                                                            ||
|| Process BAM file 065_48a_SD_sub2.co.bam...                                 ||
||    Single-end reads are included.                                          ||
||    Total alignments : 15000000                                             ||
||    Successfully assigned alignments : 926167 (6.2%)                        ||
||    Running time : 0.02 minutes                                             ||
||                                                                            ||
|| Process BAM file 066_48a_CTRL_full.co.bam...                               ||
||    Single-end reads are included.                                          ||
||    Total alignments : 56124607                                             ||
||    Successfully assigned alignments : 2257835 (4.0%)                       ||
||    Running time : 0.05 minutes                                             ||
||                                                                            ||
|| Process BAM file 066_48a_CTRL_sub1.co.bam...                               ||
||    Single-end reads are included.                                          ||
||    Total alignments : 20000000                                             ||
||    Successfully assigned alignments : 803419 (4.0%)                        ||
||    Running time : 0.02 minutes                                             ||
||                                                                            ||
|| Process BAM file 066_48a_CTRL_sub2.co.bam...                               ||
||    Single-end reads are included.                                          ||
||    Total alignments : 15000000                                             ||
||    Successfully assigned alignments : 603480 (4.0%)                        ||
||    Running time : 0.02 minutes                                             ||
||                                                                            ||
|| Process BAM file 067_73b_SD_full.co.bam...                                 ||
||    Single-end reads are included.                                          ||
||    Total alignments : 41615440                                             ||
||    Successfully assigned alignments : 1863082 (4.5%)                       ||
||    Running time : 0.04 minutes                                             ||
||                                                                            ||
|| Process BAM file 067_73b_SD_sub1.co.bam...                                 ||
||    Single-end reads are included.                                          ||
||    Total alignments : 20000000                                             ||
||    Successfully assigned alignments : 897806 (4.5%)                        ||
||    Running time : 0.02 minutes                                             ||
||                                                                            ||
|| Process BAM file 067_73b_SD_sub2.co.bam...                                 ||
||    Single-end reads are included.                                          ||
||    Total alignments : 15000000                                             ||
||    Successfully assigned alignments : 671341 (4.5%)                        ||
||    Running time : 0.02 minutes                                             ||
||                                                                            ||
|| Process BAM file 068_73b_CTRL_full.co.bam...                               ||
||    Single-end reads are included.                                          ||
||    Total alignments : 44692826                                             ||
||    Successfully assigned alignments : 1557878 (3.5%)                       ||
||    Running time : 0.04 minutes                                             ||
||                                                                            ||
|| Process BAM file 068_73b_CTRL_sub1.co.bam...                               ||
||    Single-end reads are included.                                          ||
||    Total alignments : 20000000                                             ||
||    Successfully assigned alignments : 697340 (3.5%)                        ||
||    Running time : 0.02 minutes                                             ||
||                                                                            ||
|| Process BAM file 068_73b_CTRL_sub2.co.bam...                               ||
||    Single-end reads are included.                                          ||
||    Total alignments : 15000000                                             ||
||    Successfully assigned alignments : 523369 (3.5%)                        ||
||    Running time : 0.02 minutes                                             ||
||                                                                            ||
|| Process BAM file 069_C57Bl6_SD_full.co.bam...                              ||
||    Single-end reads are included.                                          ||
||    Total alignments : 44167387                                             ||
||    Successfully assigned alignments : 1888489 (4.3%)                       ||
||    Running time : 0.05 minutes                                             ||
||                                                                            ||
|| Process BAM file 069_C57Bl6_SD_sub1.co.bam...                              ||
||    Single-end reads are included.                                          ||
||    Total alignments : 20000000                                             ||
||    Successfully assigned alignments : 855235 (4.3%)                        ||
||    Running time : 0.03 minutes                                             ||
||                                                                            ||
|| Process BAM file 069_C57Bl6_SD_sub2.co.bam...                              ||
||    Single-end reads are included.                                          ||
||    Total alignments : 15000000                                             ||
||    Successfully assigned alignments : 641107 (4.3%)                        ||
||    Running time : 0.02 minutes                                             ||
||                                                                            ||
|| Process BAM file 070_C57Bl6_CTRL_full.co.bam...                            ||
||    Single-end reads are included.                                          ||
||    Total alignments : 34333504                                             ||
||    Successfully assigned alignments : 1367272 (4.0%)                       ||
||    Running time : 0.03 minutes                                             ||
||                                                                            ||
|| Process BAM file 070_C57Bl6_CTRL_sub1.co.bam...                            ||
||    Single-end reads are included.                                          ||
||    Total alignments : 20000000                                             ||
||    Successfully assigned alignments : 795669 (4.0%)                        ||
||    Running time : 0.02 minutes                                             ||
||                                                                            ||
|| Process BAM file 070_C57Bl6_CTRL_sub2.co.bam...                            ||
||    Single-end reads are included.                                          ||
||    Total alignments : 15000000                                             ||
||    Successfully assigned alignments : 598076 (4.0%)                        ||
||    Running time : 0.02 minutes                                             ||
||                                                                            ||
|| Process BAM file 071_DBA_SD_full.co.bam...                                 ||
||    Single-end reads are included.                                          ||
||    Total alignments : 44950232                                             ||
||    Successfully assigned alignments : 2054496 (4.6%)                       ||
||    Running time : 0.05 minutes                                             ||
||                                                                            ||
|| Process BAM file 071_DBA_SD_sub1.co.bam...                                 ||
||    Single-end reads are included.                                          ||
||    Total alignments : 20000000                                             ||
||    Successfully assigned alignments : 914787 (4.6%)                        ||
||    Running time : 0.03 minutes                                             ||
||                                                                            ||
|| Process BAM file 071_DBA_SD_sub2.co.bam...                                 ||
||    Single-end reads are included.                                          ||
||    Total alignments : 15000000                                             ||
||    Successfully assigned alignments : 685201 (4.6%)                        ||
||    Running time : 0.02 minutes                                             ||
||                                                                            ||
|| Process BAM file 072_DBA_CTRL_full.co.bam...                               ||
||    Single-end reads are included.                                          ||
||    Total alignments : 42747901                                             ||
||    Successfully assigned alignments : 1635373 (3.8%)                       ||
||    Running time : 0.04 minutes                                             ||
||                                                                            ||
|| Process BAM file 072_DBA_CTRL_sub1.co.bam...                               ||
||    Single-end reads are included.                                          ||
||    Total alignments : 20000000                                             ||
||    Successfully assigned alignments : 764681 (3.8%)                        ||
||    Running time : 0.03 minutes                                             ||
||                                                                            ||
|| Process BAM file 072_DBA_CTRL_sub2.co.bam...                               ||
||    Single-end reads are included.                                          ||
||    Total alignments : 15000000                                             ||
||    Successfully assigned alignments : 573738 (3.8%)                        ||
||    Running time : 0.02 minutes                                             ||
||                                                                            ||
|| Process BAM file 073_BXD85_SD_full.co.bam...                               ||
||    Single-end reads are included.                                          ||
||    Total alignments : 51723624                                             ||
||    Successfully assigned alignments : 2276214 (4.4%)                       ||
||    Running time : 0.05 minutes                                             ||
||                                                                            ||
|| Process BAM file 073_BXD85_SD_sub1.co.bam...                               ||
||    Single-end reads are included.                                          ||
||    Total alignments : 20000000                                             ||
||    Successfully assigned alignments : 878538 (4.4%)                        ||
||    Running time : 0.03 minutes                                             ||
||                                                                            ||
|| Process BAM file 073_BXD85_SD_sub2.co.bam...                               ||
||    Single-end reads are included.                                          ||
||    Total alignments : 15000000                                             ||
||    Successfully assigned alignments : 660697 (4.4%)                        ||
||    Running time : 0.02 minutes                                             ||
||                                                                            ||
|| Process BAM file 074_BXD85_CTRL_full.co.bam...                             ||
||    Single-end reads are included.                                          ||
||    Total alignments : 56933457                                             ||
||    Successfully assigned alignments : 2870397 (5.0%)                       ||
||    Running time : 0.06 minutes                                             ||
||                                                                            ||
|| Process BAM file 074_BXD85_CTRL_sub1.co.bam...                             ||
||    Single-end reads are included.                                          ||
||    Total alignments : 20000000                                             ||
||    Successfully assigned alignments : 1008356 (5.0%)                       ||
||    Running time : 0.03 minutes                                             ||
||                                                                            ||
|| Process BAM file 074_BXD85_CTRL_sub2.co.bam...                             ||
||    Single-end reads are included.                                          ||
||    Total alignments : 15000000                                             ||
||    Successfully assigned alignments : 756268 (5.0%)                        ||
||    Running time : 0.02 minutes                                             ||
||                                                                            ||
|| Process BAM file 075_BXD43_CTRL_full.co.bam...                             ||
||    Single-end reads are included.                                          ||
||    Total alignments : 44478060                                             ||
||    Successfully assigned alignments : 1612717 (3.6%)                       ||
||    Running time : 0.05 minutes                                             ||
||                                                                            ||
|| Process BAM file 075_BXD43_CTRL_sub1.co.bam...                             ||
||    Single-end reads are included.                                          ||
||    Total alignments : 20000000                                             ||
||    Successfully assigned alignments : 725713 (3.6%)                        ||
||    Running time : 0.03 minutes                                             ||
||                                                                            ||
|| Process BAM file 075_BXD43_CTRL_sub2.co.bam...                             ||
||    Single-end reads are included.                                          ||
||    Total alignments : 15000000                                             ||
||    Successfully assigned alignments : 544458 (3.6%)                        ||
||    Running time : 0.02 minutes                                             ||
||                                                                            ||
|| Process BAM file 076_BXD43_SD_full.co.bam...                               ||
||    Single-end reads are included.                                          ||
||    Total alignments : 44288262                                             ||
||    Successfully assigned alignments : 2142812 (4.8%)                       ||
||    Running time : 0.05 minutes                                             ||
||                                                                            ||
|| Process BAM file 076_BXD43_SD_sub1.co.bam...                               ||
||    Single-end reads are included.                                          ||
||    Total alignments : 20000000                                             ||
||    Successfully assigned alignments : 968296 (4.8%)                        ||
||    Running time : 0.03 minutes                                             ||
||                                                                            ||
|| Process BAM file 076_BXD43_SD_sub2.co.bam...                               ||
||    Single-end reads are included.                                          ||
||    Total alignments : 15000000                                             ||
||    Successfully assigned alignments : 725752 (4.8%)                        ||
||    Running time : 0.02 minutes                                             ||
||                                                                            ||
|| Process BAM file 077_BXD45_CTRL_full.co.bam...                             ||
||    Single-end reads are included.                                          ||
||    Total alignments : 84767468                                             ||
||    Successfully assigned alignments : 2763368 (3.3%)                       ||
||    Running time : 0.08 minutes                                             ||
||                                                                            ||
|| Process BAM file 077_BXD45_CTRL_sub1.co.bam...                             ||
||    Single-end reads are included.                                          ||
||    Total alignments : 20000000                                             ||
||    Successfully assigned alignments : 652577 (3.3%)                        ||
||    Running time : 0.03 minutes                                             ||
||                                                                            ||
|| Process BAM file 077_BXD45_CTRL_sub2.co.bam...                             ||
||    Single-end reads are included.                                          ||
||    Total alignments : 15000000                                             ||
||    Successfully assigned alignments : 489321 (3.3%)                        ||
||    Running time : 0.02 minutes                                             ||
||                                                                            ||
|| Process BAM file 078_BXD45_SD_full.co.bam...                               ||
||    Single-end reads are included.                                          ||
||    Total alignments : 46028855                                             ||
||    Successfully assigned alignments : 1743761 (3.8%)                       ||
||    Running time : 0.05 minutes                                             ||
||                                                                            ||
|| Process BAM file 078_BXD45_SD_sub1.co.bam...                               ||
||    Single-end reads are included.                                          ||
||    Total alignments : 20000000                                             ||
||    Successfully assigned alignments : 756636 (3.8%)                        ||
||    Running time : 0.03 minutes                                             ||
||                                                                            ||
|| Process BAM file 078_BXD45_SD_sub2.co.bam...                               ||
||    Single-end reads are included.                                          ||
||    Total alignments : 15000000                                             ||
||    Successfully assigned alignments : 568554 (3.8%)                        ||
||    Running time : 0.02 minutes                                             ||
||                                                                            ||
|| Process BAM file 079_BXD49_CTRL_full.co.bam...                             ||
||    Single-end reads are included.                                          ||
||    Total alignments : 49708185                                             ||
||    Successfully assigned alignments : 2413475 (4.9%)                       ||
||    Running time : 0.05 minutes                                             ||
||                                                                            ||
|| Process BAM file 079_BXD49_CTRL_sub1.co.bam...                             ||
||    Single-end reads are included.                                          ||
||    Total alignments : 20000000                                             ||
||    Successfully assigned alignments : 970253 (4.9%)                        ||
||    Running time : 0.03 minutes                                             ||
||                                                                            ||
|| Process BAM file 079_BXD49_CTRL_sub2.co.bam...                             ||
||    Single-end reads are included.                                          ||
||    Total alignments : 15000000                                             ||
||    Successfully assigned alignments : 729060 (4.9%)                        ||
||    Running time : 0.02 minutes                                             ||
||                                                                            ||
|| Process BAM file 080_BXD49_SD_full.co.bam...                               ||
||    Single-end reads are included.                                          ||
||    Total alignments : 52031749                                             ||
||    Successfully assigned alignments : 2144584 (4.1%)                       ||
||    Running time : 0.05 minutes                                             ||
||                                                                            ||
|| Process BAM file 080_BXD49_SD_sub1.co.bam...                               ||
||    Single-end reads are included.                                          ||
||    Total alignments : 20000000                                             ||
||    Successfully assigned alignments : 825001 (4.1%)                        ||
||    Running time : 0.03 minutes                                             ||
||                                                                            ||
|| Process BAM file 080_BXD49_SD_sub2.co.bam...                               ||
||    Single-end reads are included.                                          ||
||    Total alignments : 15000000                                             ||
||    Successfully assigned alignments : 618793 (4.1%)                        ||
||    Running time : 0.02 minutes                                             ||
||                                                                            ||
|| Process BAM file 081_BXD55_CTRL_full.co.bam...                             ||
||    Single-end reads are included.                                          ||
||    Total alignments : 44652069                                             ||
||    Successfully assigned alignments : 2615244 (5.9%)                       ||
||    Running time : 0.04 minutes                                             ||
||                                                                            ||
|| Process BAM file 081_BXD55_CTRL_sub1.co.bam...                             ||
||    Single-end reads are included.                                          ||
||    Total alignments : 20000000                                             ||
||    Successfully assigned alignments : 1171820 (5.9%)                       ||
||    Running time : 0.02 minutes                                             ||
||                                                                            ||
|| Process BAM file 081_BXD55_CTRL_sub2.co.bam...                             ||
||    Single-end reads are included.                                          ||
||    Total alignments : 15000000                                             ||
||    Successfully assigned alignments : 878926 (5.9%)                        ||
||    Running time : 0.02 minutes                                             ||
||                                                                            ||
|| Process BAM file 082_BXD55_SD_full.co.bam...                               ||
||    Single-end reads are included.                                          ||
||    Total alignments : 52147613                                             ||
||    Successfully assigned alignments : 2427596 (4.7%)                       ||
||    Running time : 0.05 minutes                                             ||
||                                                                            ||
|| Process BAM file 082_BXD55_SD_sub1.co.bam...                               ||
||    Single-end reads are included.                                          ||
||    Total alignments : 20000000                                             ||
||    Successfully assigned alignments : 931926 (4.7%)                        ||
||    Running time : 0.02 minutes                                             ||
||                                                                            ||
|| Process BAM file 082_BXD55_SD_sub2.co.bam...                               ||
||    Single-end reads are included.                                          ||
||    Total alignments : 15000000                                             ||
||    Successfully assigned alignments : 697894 (4.7%)                        ||
||    Running time : 0.02 minutes                                             ||
||                                                                            ||
|| Process BAM file 083_BXD56_CTRL_full.co.bam...                             ||
||    Single-end reads are included.                                          ||
||    Total alignments : 41544197                                             ||
||    Successfully assigned alignments : 1583731 (3.8%)                       ||
||    Running time : 0.04 minutes                                             ||
||                                                                            ||
|| Process BAM file 083_BXD56_CTRL_sub1.co.bam...                             ||
||    Single-end reads are included.                                          ||
||    Total alignments : 20000000                                             ||
||    Successfully assigned alignments : 762874 (3.8%)                        ||
||    Running time : 0.02 minutes                                             ||
||                                                                            ||
|| Process BAM file 083_BXD56_CTRL_sub2.co.bam...                             ||
||    Single-end reads are included.                                          ||
||    Total alignments : 15000000                                             ||
||    Successfully assigned alignments : 570865 (3.8%)                        ||
||    Running time : 0.02 minutes                                             ||
||                                                                            ||
|| Process BAM file 084_BXD56_SD_full.co.bam...                               ||
||    Single-end reads are included.                                          ||
||    Total alignments : 38694959                                             ||
||    Successfully assigned alignments : 1716750 (4.4%)                       ||
||    Running time : 0.04 minutes                                             ||
||                                                                            ||
|| Process BAM file 084_BXD56_SD_sub1.co.bam...                               ||
||    Single-end reads are included.                                          ||
||    Total alignments : 20000000                                             ||
||    Successfully assigned alignments : 887065 (4.4%)                        ||
||    Running time : 0.02 minutes                                             ||
||                                                                            ||
|| Process BAM file 084_BXD56_SD_sub2.co.bam...                               ||
||    Single-end reads are included.                                          ||
||    Total alignments : 15000000                                             ||
||    Successfully assigned alignments : 664678 (4.4%)                        ||
||    Running time : 0.02 minutes                                             ||
||                                                                            ||
|| Process BAM file 085_BXD61_CTRL_full.co.bam...                             ||
||    Single-end reads are included.                                          ||
||    Total alignments : 43320424                                             ||
||    Successfully assigned alignments : 1727124 (4.0%)                       ||
||    Running time : 0.04 minutes                                             ||
||                                                                            ||
|| Process BAM file 085_BXD61_CTRL_sub1.co.bam...                             ||
||    Single-end reads are included.                                          ||
||    Total alignments : 20000000                                             ||
||    Successfully assigned alignments : 796217 (4.0%)                        ||
||    Running time : 0.02 minutes                                             ||
||                                                                            ||
|| Process BAM file 085_BXD61_CTRL_sub2.co.bam...                             ||
||    Single-end reads are included.                                          ||
||    Total alignments : 15000000                                             ||
||    Successfully assigned alignments : 598268 (4.0%)                        ||
||    Running time : 0.02 minutes                                             ||
||                                                                            ||
|| Process BAM file 086_BXD61_SD_full.co.bam...                               ||
||    Single-end reads are included.                                          ||
||    Total alignments : 54276657                                             ||
||    Successfully assigned alignments : 2984119 (5.5%)                       ||
||    Running time : 0.05 minutes                                             ||
||                                                                            ||
|| Process BAM file 086_BXD61_SD_sub1.co.bam...                               ||
||    Single-end reads are included.                                          ||
||    Total alignments : 20000000                                             ||
||    Successfully assigned alignments : 1100768 (5.5%)                       ||
||    Running time : 0.03 minutes                                             ||
||                                                                            ||
|| Process BAM file 086_BXD61_SD_sub2.co.bam...                               ||
||    Single-end reads are included.                                          ||
||    Total alignments : 15000000                                             ||
||    Successfully assigned alignments : 824179 (5.5%)                        ||
||    Running time : 0.02 minutes                                             ||
||                                                                            ||
|| Process BAM file 087_BXD66_CTRL_full.co.bam...                             ||
||    Single-end reads are included.                                          ||
||    Total alignments : 38173695                                             ||
||    Successfully assigned alignments : 1431961 (3.8%)                       ||
||    Running time : 0.04 minutes                                             ||
||                                                                            ||
|| Process BAM file 087_BXD66_CTRL_sub1.co.bam...                             ||
||    Single-end reads are included.                                          ||
||    Total alignments : 20000000                                             ||
||    Successfully assigned alignments : 750270 (3.8%)                        ||
||    Running time : 0.02 minutes                                             ||
||                                                                            ||
|| Process BAM file 087_BXD66_CTRL_sub2.co.bam...                             ||
||    Single-end reads are included.                                          ||
||    Total alignments : 15000000                                             ||
||    Successfully assigned alignments : 562268 (3.7%)                        ||
||    Running time : 0.02 minutes                                             ||
||                                                                            ||
|| Process BAM file 088_BXD66_SD_full.co.bam...                               ||
||    Single-end reads are included.                                          ||
||    Total alignments : 33585420                                             ||
||    Successfully assigned alignments : 1206307 (3.6%)                       ||
||    Running time : 0.03 minutes                                             ||
||                                                                            ||
|| Process BAM file 088_BXD66_SD_sub1.co.bam...                               ||
||    Single-end reads are included.                                          ||
||    Total alignments : 20000000                                             ||
||    Successfully assigned alignments : 718197 (3.6%)                        ||
||    Running time : 0.02 minutes                                             ||
||                                                                            ||
|| Process BAM file 088_BXD66_SD_sub2.co.bam...                               ||
||    Single-end reads are included.                                          ||
||    Total alignments : 15000000                                             ||
||    Successfully assigned alignments : 538671 (3.6%)                        ||
||    Running time : 0.02 minutes                                             ||
||                                                                            ||
|| Process BAM file 089_BXD67_CTRL_full.co.bam...                             ||
||    Single-end reads are included.                                          ||
||    Total alignments : 46931918                                             ||
||    Successfully assigned alignments : 3341661 (7.1%)                       ||
||    Running time : 0.05 minutes                                             ||
||                                                                            ||
|| Process BAM file 089_BXD67_CTRL_sub1.co.bam...                             ||
||    Single-end reads are included.                                          ||
||    Total alignments : 20000000                                             ||
||    Successfully assigned alignments : 1422971 (7.1%)                       ||
||    Running time : 0.02 minutes                                             ||
||                                                                            ||
|| Process BAM file 089_BXD67_CTRL_sub2.co.bam...                             ||
||    Single-end reads are included.                                          ||
||    Total alignments : 15000000                                             ||
||    Successfully assigned alignments : 1068534 (7.1%)                       ||
||    Running time : 0.02 minutes                                             ||
||                                                                            ||
|| Process BAM file 090_BXD67_SD_full.co.bam...                               ||
||    Single-end reads are included.                                          ||
||    Total alignments : 49349377                                             ||
||    Successfully assigned alignments : 2912490 (5.9%)                       ||
||    Running time : 0.05 minutes                                             ||
||                                                                            ||
|| Process BAM file 090_BXD67_SD_sub1.co.bam...                               ||
||    Single-end reads are included.                                          ||
||    Total alignments : 20000000                                             ||
||    Successfully assigned alignments : 1179390 (5.9%)                       ||
||    Running time : 0.03 minutes                                             ||
||                                                                            ||
|| Process BAM file 090_BXD67_SD_sub2.co.bam...                               ||
||    Single-end reads are included.                                          ||
||    Total alignments : 15000000                                             ||
||    Successfully assigned alignments : 885254 (5.9%)                        ||
||    Running time : 0.02 minutes                                             ||
||                                                                            ||
|| Process BAM file 091_BXD70_CTRL_full.co.bam...                             ||
||    Single-end reads are included.                                          ||
||    Total alignments : 48917956                                             ||
||    Successfully assigned alignments : 2837794 (5.8%)                       ||
||    Running time : 0.05 minutes                                             ||
||                                                                            ||
|| Process BAM file 091_BXD70_CTRL_sub1.co.bam...                             ||
||    Single-end reads are included.                                          ||
||    Total alignments : 20000000                                             ||
||    Successfully assigned alignments : 1159745 (5.8%)                       ||
||    Running time : 0.03 minutes                                             ||
||                                                                            ||
|| Process BAM file 091_BXD70_CTRL_sub2.co.bam...                             ||
||    Single-end reads are included.                                          ||
||    Total alignments : 15000000                                             ||
||    Successfully assigned alignments : 870028 (5.8%)                        ||
||    Running time : 0.02 minutes                                             ||
||                                                                            ||
|| Process BAM file 092_BXD70_SD_full.co.bam...                               ||
||    Single-end reads are included.                                          ||
||    Total alignments : 44547344                                             ||
||    Successfully assigned alignments : 2038024 (4.6%)                       ||
||    Running time : 0.04 minutes                                             ||
||                                                                            ||
|| Process BAM file 092_BXD70_SD_sub1.co.bam...                               ||
||    Single-end reads are included.                                          ||
||    Total alignments : 20000000                                             ||
||    Successfully assigned alignments : 915551 (4.6%)                        ||
||    Running time : 0.03 minutes                                             ||
||                                                                            ||
|| Process BAM file 092_BXD70_SD_sub2.co.bam...                               ||
||    Single-end reads are included.                                          ||
||    Total alignments : 15000000                                             ||
||    Successfully assigned alignments : 686373 (4.6%)                        ||
||    Running time : 0.02 minutes                                             ||
||                                                                            ||
|| Process BAM file 093_BXD73_CTRL_full.co.bam...                             ||
||    Single-end reads are included.                                          ||
||    Total alignments : 49069277                                             ||
||    Successfully assigned alignments : 2200047 (4.5%)                       ||
||    Running time : 0.05 minutes                                             ||
||                                                                            ||
|| Process BAM file 093_BXD73_CTRL_sub1.co.bam...                             ||
||    Single-end reads are included.                                          ||
||    Total alignments : 20000000                                             ||
||    Successfully assigned alignments : 896724 (4.5%)                        ||
||    Running time : 0.03 minutes                                             ||
||                                                                            ||
|| Process BAM file 093_BXD73_CTRL_sub2.co.bam...                             ||
||    Single-end reads are included.                                          ||
||    Total alignments : 15000000                                             ||
||    Successfully assigned alignments : 672537 (4.5%)                        ||
||    Running time : 0.02 minutes                                             ||
||                                                                            ||
|| Process BAM file 094_BXD73_SD_full.co.bam...                               ||
||    Single-end reads are included.                                          ||
||    Total alignments : 48504716                                             ||
||    Successfully assigned alignments : 1748173 (3.6%)                       ||
||    Running time : 0.05 minutes                                             ||
||                                                                            ||
|| Process BAM file 094_BXD73_SD_sub1.co.bam...                               ||
||    Single-end reads are included.                                          ||
||    Total alignments : 20000000                                             ||
||    Successfully assigned alignments : 720756 (3.6%)                        ||
||    Running time : 0.03 minutes                                             ||
||                                                                            ||
|| Process BAM file 094_BXD73_SD_sub2.co.bam...                               ||
||    Single-end reads are included.                                          ||
||    Total alignments : 15000000                                             ||
||    Successfully assigned alignments : 540754 (3.6%)                        ||
||    Running time : 0.02 minutes                                             ||
||                                                                            ||
|| Process BAM file 095_BXD75_CTRL_full.co.bam...                             ||
||    Single-end reads are included.                                          ||
||    Total alignments : 51218805                                             ||
||    Successfully assigned alignments : 2412715 (4.7%)                       ||
||    Running time : 0.05 minutes                                             ||
||                                                                            ||
|| Process BAM file 095_BXD75_CTRL_sub1.co.bam...                             ||
||    Single-end reads are included.                                          ||
||    Total alignments : 20000000                                             ||
||    Successfully assigned alignments : 942785 (4.7%)                        ||
||    Running time : 0.03 minutes                                             ||
||                                                                            ||
|| Process BAM file 095_BXD75_CTRL_sub2.co.bam...                             ||
||    Single-end reads are included.                                          ||
||    Total alignments : 15000000                                             ||
||    Successfully assigned alignments : 704963 (4.7%)                        ||
||    Running time : 0.02 minutes                                             ||
||                                                                            ||
|| Process BAM file 096_BXD75_SD_full.co.bam...                               ||
||    Single-end reads are included.                                          ||
||    Total alignments : 48165573                                             ||
||    Successfully assigned alignments : 2212649 (4.6%)                       ||
||    Running time : 0.05 minutes                                             ||
||                                                                            ||
|| Process BAM file 096_BXD75_SD_sub1.co.bam...                               ||
||    Single-end reads are included.                                          ||
||    Total alignments : 20000000                                             ||
||    Successfully assigned alignments : 918387 (4.6%)                        ||
||    Running time : 0.03 minutes                                             ||
||                                                                            ||
|| Process BAM file 096_BXD75_SD_sub2.co.bam...                               ||
||    Single-end reads are included.                                          ||
||    Total alignments : 15000000                                             ||
||    Successfully assigned alignments : 689236 (4.6%)                        ||
||    Running time : 0.02 minutes                                             ||
||                                                                            ||
|| Process BAM file 097_BXD79_CTRL_full.co.bam...                             ||
||    Single-end reads are included.                                          ||
||    Total alignments : 48655389                                             ||
||    Successfully assigned alignments : 2335610 (4.8%)                       ||
||    Running time : 0.05 minutes                                             ||
||                                                                            ||
|| Process BAM file 097_BXD79_CTRL_sub1.co.bam...                             ||
||    Single-end reads are included.                                          ||
||    Total alignments : 20000000                                             ||
||    Successfully assigned alignments : 961100 (4.8%)                        ||
||    Running time : 0.03 minutes                                             ||
||                                                                            ||
|| Process BAM file 097_BXD79_CTRL_sub2.co.bam...                             ||
||    Single-end reads are included.                                          ||
||    Total alignments : 15000000                                             ||
||    Successfully assigned alignments : 719631 (4.8%)                        ||
||    Running time : 0.02 minutes                                             ||
||                                                                            ||
|| Process BAM file 098_BXD79_SD_full.co.bam...                               ||
||    Single-end reads are included.                                          ||
||    Total alignments : 50410278                                             ||
||    Successfully assigned alignments : 2392042 (4.7%)                       ||
||    Running time : 0.05 minutes                                             ||
||                                                                            ||
|| Process BAM file 098_BXD79_SD_sub1.co.bam...                               ||
||    Single-end reads are included.                                          ||
||    Total alignments : 20000000                                             ||
||    Successfully assigned alignments : 948612 (4.7%)                        ||
||    Running time : 0.03 minutes                                             ||
||                                                                            ||
|| Process BAM file 098_BXD79_SD_sub2.co.bam...                               ||
||    Single-end reads are included.                                          ||
||    Total alignments : 15000000                                             ||
||    Successfully assigned alignments : 712500 (4.8%)                        ||
||    Running time : 0.02 minutes                                             ||
||                                                                            ||
|| Process BAM file 099_BXD83_CTRL_full.co.bam...                             ||
||    Single-end reads are included.                                          ||
||    Total alignments : 46089557                                             ||
||    Successfully assigned alignments : 1663531 (3.6%)                       ||
||    Running time : 0.05 minutes                                             ||
||                                                                            ||
|| Process BAM file 099_BXD83_CTRL_sub1.co.bam...                             ||
||    Single-end reads are included.                                          ||
||    Total alignments : 20000000                                             ||
||    Successfully assigned alignments : 721113 (3.6%)                        ||
||    Running time : 0.03 minutes                                             ||
||                                                                            ||
|| Process BAM file 099_BXD83_CTRL_sub2.co.bam...                             ||
||    Single-end reads are included.                                          ||
||    Total alignments : 15000000                                             ||
||    Successfully assigned alignments : 541208 (3.6%)                        ||
||    Running time : 0.02 minutes                                             ||
||                                                                            ||
|| Process BAM file 100_BXD83_SD_full.co.bam...                               ||
||    Single-end reads are included.                                          ||
||    Total alignments : 42730832                                             ||
||    Successfully assigned alignments : 2355736 (5.5%)                       ||
||    Running time : 0.05 minutes                                             ||
||                                                                            ||
|| Process BAM file 100_BXD83_SD_sub1.co.bam...                               ||
||    Single-end reads are included.                                          ||
||    Total alignments : 20000000                                             ||
||    Successfully assigned alignments : 1101680 (5.5%)                       ||
||    Running time : 0.02 minutes                                             ||
||                                                                            ||
|| Process BAM file 100_BXD83_SD_sub2.co.bam...                               ||
||    Single-end reads are included.                                          ||
||    Total alignments : 15000000                                             ||
||    Successfully assigned alignments : 826906 (5.5%)                        ||
||    Running time : 0.02 minutes                                             ||
||                                                                            ||
|| Process BAM file 101_BXD84_CTRL_full.co.bam...                             ||
||    Single-end reads are included.                                          ||
||    Total alignments : 40430748                                             ||
||    Successfully assigned alignments : 1599239 (4.0%)                       ||
||    Running time : 0.04 minutes                                             ||
||                                                                            ||
|| Process BAM file 101_BXD84_CTRL_sub1.co.bam...                             ||
||    Single-end reads are included.                                          ||
||    Total alignments : 20000000                                             ||
||    Successfully assigned alignments : 790574 (4.0%)                        ||
||    Running time : 0.03 minutes                                             ||
||                                                                            ||
|| Process BAM file 101_BXD84_CTRL_sub2.co.bam...                             ||
||    Single-end reads are included.                                          ||
||    Total alignments : 15000000                                             ||
||    Successfully assigned alignments : 592834 (4.0%)                        ||
||    Running time : 0.02 minutes                                             ||
||                                                                            ||
|| Process BAM file 102_BXD84_SD_full.co.bam...                               ||
||    Single-end reads are included.                                          ||
||    Total alignments : 48296495                                             ||
||    Successfully assigned alignments : 2195260 (4.5%)                       ||
||    Running time : 0.05 minutes                                             ||
||                                                                            ||
|| Process BAM file 102_BXD84_SD_sub1.co.bam...                               ||
||    Single-end reads are included.                                          ||
||    Total alignments : 20000000                                             ||
||    Successfully assigned alignments : 909904 (4.5%)                        ||
||    Running time : 0.03 minutes                                             ||
||                                                                            ||
|| Process BAM file 102_BXD84_SD_sub2.co.bam...                               ||
||    Single-end reads are included.                                          ||
||    Total alignments : 15000000                                             ||
||    Successfully assigned alignments : 682785 (4.6%)                        ||
||    Running time : 0.02 minutes                                             ||
||                                                                            ||
|| Process BAM file 103_BXD90_CTRL_full.co.bam...                             ||
||    Single-end reads are included.                                          ||
||    Total alignments : 46377587                                             ||
||    Successfully assigned alignments : 2089573 (4.5%)                       ||
||    Running time : 0.05 minutes                                             ||
||                                                                            ||
|| Process BAM file 103_BXD90_CTRL_sub1.co.bam...                             ||
||    Single-end reads are included.                                          ||
||    Total alignments : 20000000                                             ||
||    Successfully assigned alignments : 900291 (4.5%)                        ||
||    Running time : 0.03 minutes                                             ||
||                                                                            ||
|| Process BAM file 103_BXD90_CTRL_sub2.co.bam...                             ||
||    Single-end reads are included.                                          ||
||    Total alignments : 15000000                                             ||
||    Successfully assigned alignments : 676042 (4.5%)                        ||
||    Running time : 0.02 minutes                                             ||
||                                                                            ||
|| Process BAM file 104_BXD90_SD_full.co.bam...                               ||
||    Single-end reads are included.                                          ||
||    Total alignments : 50746490                                             ||
||    Successfully assigned alignments : 2468298 (4.9%)                       ||
||    Running time : 0.05 minutes                                             ||
||                                                                            ||
|| Process BAM file 104_BXD90_SD_sub1.co.bam...                               ||
||    Single-end reads are included.                                          ||
||    Total alignments : 20000000                                             ||
||    Successfully assigned alignments : 973511 (4.9%)                        ||
||    Running time : 0.03 minutes                                             ||
||                                                                            ||
|| Process BAM file 104_BXD90_SD_sub2.co.bam...                               ||
||    Single-end reads are included.                                          ||
||    Total alignments : 15000000                                             ||
||    Successfully assigned alignments : 729639 (4.9%)                        ||
||    Running time : 0.02 minutes                                             ||
||                                                                            ||
|| Process BAM file 105_48a_CTRL_full.co.bam...                               ||
||    Single-end reads are included.                                          ||
||    Total alignments : 41295929                                             ||
||    Successfully assigned alignments : 1445597 (3.5%)                       ||
||    Running time : 0.04 minutes                                             ||
||                                                                            ||
|| Process BAM file 105_48a_CTRL_sub1.co.bam...                               ||
||    Single-end reads are included.                                          ||
||    Total alignments : 20000000                                             ||
||    Successfully assigned alignments : 700501 (3.5%)                        ||
||    Running time : 0.03 minutes                                             ||
||                                                                            ||
|| Process BAM file 105_48a_CTRL_sub2.co.bam...                               ||
||    Single-end reads are included.                                          ||
||    Total alignments : 15000000                                             ||
||    Successfully assigned alignments : 525308 (3.5%)                        ||
||    Running time : 0.02 minutes                                             ||
||                                                                            ||
|| Process BAM file 106_48a_SD_full.co.bam...                                 ||
||    Single-end reads are included.                                          ||
||    Total alignments : 43220072                                             ||
||    Successfully assigned alignments : 2609886 (6.0%)                       ||
||    Running time : 0.05 minutes                                             ||
||                                                                            ||
|| Process BAM file 106_48a_SD_sub1.co.bam...                                 ||
||    Single-end reads are included.                                          ||
||    Total alignments : 20000000                                             ||
||    Successfully assigned alignments : 1207522 (6.0%)                       ||
||    Running time : 0.03 minutes                                             ||
||                                                                            ||
|| Process BAM file 106_48a_SD_sub2.co.bam...                                 ||
||    Single-end reads are included.                                          ||
||    Total alignments : 15000000                                             ||
||    Successfully assigned alignments : 905872 (6.0%)                        ||
||    Running time : 0.02 minutes                                             ||
||                                                                            ||
|| Process BAM file 107_BXD100_CTRL_full.co.bam...                            ||
||    Single-end reads are included.                                          ||
||    Total alignments : 54398887                                             ||
||    Successfully assigned alignments : 3970750 (7.3%)                       ||
||    Running time : 0.06 minutes                                             ||
||                                                                            ||
|| Process BAM file 107_BXD100_CTRL_sub1.co.bam...                            ||
||    Single-end reads are included.                                          ||
||    Total alignments : 20000000                                             ||
||    Successfully assigned alignments : 1459669 (7.3%)                       ||
||    Running time : 0.03 minutes                                             ||
||                                                                            ||
|| Process BAM file 107_BXD100_CTRL_sub2.co.bam...                            ||
||    Single-end reads are included.                                          ||
||    Total alignments : 15000000                                             ||
||    Successfully assigned alignments : 1095228 (7.3%)                       ||
||    Running time : 0.02 minutes                                             ||
||                                                                            ||
|| Process BAM file 108_BXD100_SD_full.co.bam...                              ||
||    Single-end reads are included.                                          ||
||    Total alignments : 45654328                                             ||
||    Successfully assigned alignments : 1817632 (4.0%)                       ||
||    Running time : 0.05 minutes                                             ||
||                                                                            ||
|| Process BAM file 108_BXD100_SD_sub1.co.bam...                              ||
||    Single-end reads are included.                                          ||
||    Total alignments : 20000000                                             ||
||    Successfully assigned alignments : 796247 (4.0%)                        ||
||    Running time : 0.03 minutes                                             ||
||                                                                            ||
|| Process BAM file 108_BXD100_SD_sub2.co.bam...                              ||
||    Single-end reads are included.                                          ||
||    Total alignments : 15000000                                             ||
||    Successfully assigned alignments : 597426 (4.0%)                        ||
||    Running time : 0.02 minutes                                             ||
||                                                                            ||
|| Process BAM file 109_C57Bl6_CTRL_full.co.bam...                            ||
||    Single-end reads are included.                                          ||
||    Total alignments : 42795666                                             ||
||    Successfully assigned alignments : 1653536 (3.9%)                       ||
||    Running time : 0.05 minutes                                             ||
||                                                                            ||
|| Process BAM file 109_C57Bl6_CTRL_sub1.co.bam...                            ||
||    Single-end reads are included.                                          ||
||    Total alignments : 20000000                                             ||
||    Successfully assigned alignments : 774361 (3.9%)                        ||
||    Running time : 0.03 minutes                                             ||
||                                                                            ||
|| Process BAM file 109_C57Bl6_CTRL_sub2.co.bam...                            ||
||    Single-end reads are included.                                          ||
||    Total alignments : 15000000                                             ||
||    Successfully assigned alignments : 578810 (3.9%)                        ||
||    Running time : 0.02 minutes                                             ||
||                                                                            ||
|| Process BAM file 110_C57Bl6_SD_full.co.bam...                              ||
||    Single-end reads are included.                                          ||
||    Total alignments : 43356231                                             ||
||    Successfully assigned alignments : 2098528 (4.8%)                       ||
||    Running time : 0.05 minutes                                             ||
||                                                                            ||
|| Process BAM file 110_C57Bl6_SD_sub1.co.bam...                              ||
||    Single-end reads are included.                                          ||
||    Total alignments : 20000000                                             ||
||    Successfully assigned alignments : 967321 (4.8%)                        ||
||    Running time : 0.03 minutes                                             ||
||                                                                            ||
|| Process BAM file 110_C57Bl6_SD_sub2.co.bam...                              ||
||    Single-end reads are included.                                          ||
||    Total alignments : 15000000                                             ||
||    Successfully assigned alignments : 725656 (4.8%)                        ||
||    Running time : 0.02 minutes                                             ||
||                                                                            ||
|| Process BAM file 111_DBA_CTRL_full.co.bam...                               ||
||    Single-end reads are included.                                          ||
||    Total alignments : 48512902                                             ||
||    Successfully assigned alignments : 1471486 (3.0%)                       ||
||    Running time : 0.05 minutes                                             ||
||                                                                            ||
|| Process BAM file 111_DBA_CTRL_sub1.co.bam...                               ||
||    Single-end reads are included.                                          ||
||    Total alignments : 20000000                                             ||
||    Successfully assigned alignments : 606223 (3.0%)                        ||
||    Running time : 0.03 minutes                                             ||
||                                                                            ||
|| Process BAM file 111_DBA_CTRL_sub2.co.bam...                               ||
||    Single-end reads are included.                                          ||
||    Total alignments : 15000000                                             ||
||    Successfully assigned alignments : 455000 (3.0%)                        ||
||    Running time : 0.02 minutes                                             ||
||                                                                            ||
|| Process BAM file 112_DBA_CTRL_full.co.bam...                               ||
||    Single-end reads are included.                                          ||
||    Total alignments : 48883231                                             ||
||    Successfully assigned alignments : 2213349 (4.5%)                       ||
||    Running time : 0.05 minutes                                             ||
||                                                                            ||
|| Process BAM file 112_DBA_CTRL_sub1.co.bam...                               ||
||    Single-end reads are included.                                          ||
||    Total alignments : 20000000                                             ||
||    Successfully assigned alignments : 904915 (4.5%)                        ||
||    Running time : 0.02 minutes                                             ||
||                                                                            ||
|| Process BAM file 112_DBA_CTRL_sub2.co.bam...                               ||
||    Single-end reads are included.                                          ||
||    Total alignments : 15000000                                             ||
||    Successfully assigned alignments : 678902 (4.5%)                        ||
||    Running time : 0.02 minutes                                             ||
||                                                                            ||
|| Process BAM file 113_DBA_SD_full.co.bam...                                 ||
||    Single-end reads are included.                                          ||
||    Total alignments : 41844256                                             ||
||    Successfully assigned alignments : 3138052 (7.5%)                       ||
||    Running time : 0.04 minutes                                             ||
||                                                                            ||
|| Process BAM file 113_DBA_SD_sub1.co.bam...                                 ||
||    Single-end reads are included.                                          ||
||    Total alignments : 20000000                                             ||
||    Successfully assigned alignments : 1500268 (7.5%)                       ||
||    Running time : 0.03 minutes                                             ||
||                                                                            ||
|| Process BAM file 113_DBA_SD_sub2.co.bam...                                 ||
||    Single-end reads are included.                                          ||
||    Total alignments : 15000000                                             ||
||    Successfully assigned alignments : 1125264 (7.5%)                       ||
||    Running time : 0.02 minutes                                             ||
||                                                                            ||
|| Process BAM file 114_BXD48_CTRL_full.co.bam...                             ||
||    Single-end reads are included.                                          ||
||    Total alignments : 40583146                                             ||
||    Successfully assigned alignments : 2206956 (5.4%)                       ||
||    Running time : 0.04 minutes                                             ||
||                                                                            ||
|| Process BAM file 114_BXD48_CTRL_sub1.co.bam...                             ||
||    Single-end reads are included.                                          ||
||    Total alignments : 20000000                                             ||
||    Successfully assigned alignments : 1088257 (5.4%)                       ||
||    Running time : 0.03 minutes                                             ||
||                                                                            ||
|| Process BAM file 114_BXD48_CTRL_sub2.co.bam...                             ||
||    Single-end reads are included.                                          ||
||    Total alignments : 15000000                                             ||
||    Successfully assigned alignments : 814587 (5.4%)                        ||
||    Running time : 0.02 minutes                                             ||
||                                                                            ||
|| Process BAM file 115_BXD48_SD_full.co.bam...                               ||
||    Single-end reads are included.                                          ||
||    Total alignments : 38610683                                             ||
||    Successfully assigned alignments : 1477545 (3.8%)                       ||
||    Running time : 0.04 minutes                                             ||
||                                                                            ||
|| Process BAM file 115_BXD48_SD_sub1.co.bam...                               ||
||    Single-end reads are included.                                          ||
||    Total alignments : 20000000                                             ||
||    Successfully assigned alignments : 765127 (3.8%)                        ||
||    Running time : 0.03 minutes                                             ||
||                                                                            ||
|| Process BAM file 115_BXD48_SD_sub2.co.bam...                               ||
||    Single-end reads are included.                                          ||
||    Total alignments : 15000000                                             ||
||    Successfully assigned alignments : 574812 (3.8%)                        ||
||    Running time : 0.02 minutes                                             ||
||                                                                            ||
|| Process BAM file 116_BXD49_CTRL_full.co.bam...                             ||
||    Single-end reads are included.                                          ||
||    Total alignments : 43691877                                             ||
||    Successfully assigned alignments : 1977829 (4.5%)                       ||
||    Running time : 0.05 minutes                                             ||
||                                                                            ||
|| Process BAM file 116_BXD49_CTRL_sub1.co.bam...                             ||
||    Single-end reads are included.                                          ||
||    Total alignments : 20000000                                             ||
||    Successfully assigned alignments : 906598 (4.5%)                        ||
||    Running time : 0.03 minutes                                             ||
||                                                                            ||
|| Process BAM file 116_BXD49_CTRL_sub2.co.bam...                             ||
||    Single-end reads are included.                                          ||
||    Total alignments : 15000000                                             ||
||    Successfully assigned alignments : 679102 (4.5%)                        ||
||    Running time : 0.02 minutes                                             ||
||                                                                            ||
|| Process BAM file 117_BXD49_SD_full.co.bam...                               ||
||    Single-end reads are included.                                          ||
||    Total alignments : 43244637                                             ||
||    Successfully assigned alignments : 2414740 (5.6%)                       ||
||    Running time : 0.04 minutes                                             ||
||                                                                            ||
|| Process BAM file 117_BXD49_SD_sub1.co.bam...                               ||
||    Single-end reads are included.                                          ||
||    Total alignments : 20000000                                             ||
||    Successfully assigned alignments : 1116495 (5.6%)                       ||
||    Running time : 0.03 minutes                                             ||
||                                                                            ||
|| Process BAM file 117_BXD49_SD_sub2.co.bam...                               ||
||    Single-end reads are included.                                          ||
||    Total alignments : 15000000                                             ||
||    Successfully assigned alignments : 838655 (5.6%)                        ||
||    Running time : 0.02 minutes                                             ||
||                                                                            ||
|| Process BAM file 118_BXD51_CTRL_full.co.bam...                             ||
||    Single-end reads are included.                                          ||
||    Total alignments : 49936771                                             ||
||    Successfully assigned alignments : 3014790 (6.0%)                       ||
||    Running time : 0.05 minutes                                             ||
||                                                                            ||
|| Process BAM file 118_BXD51_CTRL_sub1.co.bam...                             ||
||    Single-end reads are included.                                          ||
||    Total alignments : 20000000                                             ||
||    Successfully assigned alignments : 1206728 (6.0%)                       ||
||    Running time : 0.03 minutes                                             ||
||                                                                            ||
|| Process BAM file 118_BXD51_CTRL_sub2.co.bam...                             ||
||    Single-end reads are included.                                          ||
||    Total alignments : 15000000                                             ||
||    Successfully assigned alignments : 904422 (6.0%)                        ||
||    Running time : 0.02 minutes                                             ||
||                                                                            ||
|| Process BAM file 119_BXD51_SD_full.co.bam...                               ||
||    Single-end reads are included.                                          ||
||    Total alignments : 34794731                                             ||
||    Successfully assigned alignments : 1165476 (3.3%)                       ||
||    Running time : 0.04 minutes                                             ||
||                                                                            ||
|| Process BAM file 119_BXD51_SD_sub1.co.bam...                               ||
||    Single-end reads are included.                                          ||
||    Total alignments : 20000000                                             ||
||    Successfully assigned alignments : 670391 (3.4%)                        ||
||    Running time : 0.03 minutes                                             ||
||                                                                            ||
|| Process BAM file 119_BXD51_SD_sub2.co.bam...                               ||
||    Single-end reads are included.                                          ||
||    Total alignments : 15000000                                             ||
||    Successfully assigned alignments : 502164 (3.3%)                        ||
||    Running time : 0.02 minutes                                             ||
||                                                                            ||
|| Process BAM file 120_BXD55_CTRL_full.co.bam...                             ||
||    Single-end reads are included.                                          ||
||    Total alignments : 49239098                                             ||
||    Successfully assigned alignments : 1777952 (3.6%)                       ||
||    Running time : 0.05 minutes                                             ||
||                                                                            ||
|| Process BAM file 120_BXD55_CTRL_sub1.co.bam...                             ||
||    Single-end reads are included.                                          ||
||    Total alignments : 20000000                                             ||
||    Successfully assigned alignments : 722627 (3.6%)                        ||
||    Running time : 0.03 minutes                                             ||
||                                                                            ||
|| Process BAM file 120_BXD55_CTRL_sub2.co.bam...                             ||
||    Single-end reads are included.                                          ||
||    Total alignments : 15000000                                             ||
||    Successfully assigned alignments : 541962 (3.6%)                        ||
||    Running time : 0.02 minutes                                             ||
||                                                                            ||
|| Process BAM file 121_BXD55_SD_full.co.bam...                               ||
||    Single-end reads are included.                                          ||
||    Total alignments : 49316300                                             ||
||    Successfully assigned alignments : 2410724 (4.9%)                       ||
||    Running time : 0.05 minutes                                             ||
||                                                                            ||
|| Process BAM file 121_BXD55_SD_sub1.co.bam...                               ||
||    Single-end reads are included.                                          ||
||    Total alignments : 20000000                                             ||
||    Successfully assigned alignments : 978002 (4.9%)                        ||
||    Running time : 0.03 minutes                                             ||
||                                                                            ||
|| Process BAM file 121_BXD55_SD_sub2.co.bam...                               ||
||    Single-end reads are included.                                          ||
||    Total alignments : 15000000                                             ||
||    Successfully assigned alignments : 731652 (4.9%)                        ||
||    Running time : 0.02 minutes                                             ||
||                                                                            ||
|| Process BAM file 122_BXD64_CTRL_full.co.bam...                             ||
||    Single-end reads are included.                                          ||
||    Total alignments : 55130299                                             ||
||    Successfully assigned alignments : 2267502 (4.1%)                       ||
||    Running time : 0.05 minutes                                             ||
||                                                                            ||
|| Process BAM file 122_BXD64_CTRL_sub1.co.bam...                             ||
||    Single-end reads are included.                                          ||
||    Total alignments : 20000000                                             ||
||    Successfully assigned alignments : 822493 (4.1%)                        ||
||    Running time : 0.03 minutes                                             ||
||                                                                            ||
|| Process BAM file 122_BXD64_CTRL_sub2.co.bam...                             ||
||    Single-end reads are included.                                          ||
||    Total alignments : 15000000                                             ||
||    Successfully assigned alignments : 617286 (4.1%)                        ||
||    Running time : 0.02 minutes                                             ||
||                                                                            ||
|| Process BAM file 123_BXD64_SD_full.co.bam...                               ||
||    Single-end reads are included.                                          ||
||    Total alignments : 47498703                                             ||
||    Successfully assigned alignments : 1609428 (3.4%)                       ||
||    Running time : 0.05 minutes                                             ||
||                                                                            ||
|| Process BAM file 123_BXD64_SD_sub1.co.bam...                               ||
||    Single-end reads are included.                                          ||
||    Total alignments : 20000000                                             ||
||    Successfully assigned alignments : 677991 (3.4%)                        ||
||    Running time : 0.03 minutes                                             ||
||                                                                            ||
|| Process BAM file 123_BXD64_SD_sub2.co.bam...                               ||
||    Single-end reads are included.                                          ||
||    Total alignments : 15000000                                             ||
||    Successfully assigned alignments : 508183 (3.4%)                        ||
||    Running time : 0.02 minutes                                             ||
||                                                                            ||
|| Process BAM file 124_BXD81_CTRL_full.co.bam...                             ||
||    Single-end reads are included.                                          ||
||    Total alignments : 43057757                                             ||
||    Successfully assigned alignments : 1848959 (4.3%)                       ||
||    Running time : 0.04 minutes                                             ||
||                                                                            ||
|| Process BAM file 124_BXD81_CTRL_sub1.co.bam...                             ||
||    Single-end reads are included.                                          ||
||    Total alignments : 20000000                                             ||
||    Successfully assigned alignments : 858443 (4.3%)                        ||
||    Running time : 0.03 minutes                                             ||
||                                                                            ||
|| Process BAM file 124_BXD81_CTRL_sub2.co.bam...                             ||
||    Single-end reads are included.                                          ||
||    Total alignments : 15000000                                             ||
||    Successfully assigned alignments : 644526 (4.3%)                        ||
||    Running time : 0.02 minutes                                             ||
||                                                                            ||
|| Process BAM file 125_BXD81_SD_full.co.bam...                               ||
||    Single-end reads are included.                                          ||
||    Total alignments : 45942918                                             ||
||    Successfully assigned alignments : 1556569 (3.4%)                       ||
||    Running time : 0.05 minutes                                             ||
||                                                                            ||
|| Process BAM file 125_BXD81_SD_sub1.co.bam...                               ||
||    Single-end reads are included.                                          ||
||    Total alignments : 20000000                                             ||
||    Successfully assigned alignments : 677355 (3.4%)                        ||
||    Running time : 0.03 minutes                                             ||
||                                                                            ||
|| Process BAM file 125_BXD81_SD_sub2.co.bam...                               ||
||    Single-end reads are included.                                          ||
||    Total alignments : 15000000                                             ||
||    Successfully assigned alignments : 509101 (3.4%)                        ||
||    Running time : 0.02 minutes                                             ||
||                                                                            ||
|| Process BAM file 126_BXD83_CTRL_full.co.bam...                             ||
||    Single-end reads are included.                                          ||
||    Total alignments : 48366070                                             ||
||    Successfully assigned alignments : 1396608 (2.9%)                       ||
||    Running time : 0.05 minutes                                             ||
||                                                                            ||
|| Process BAM file 126_BXD83_CTRL_sub1.co.bam...                             ||
||    Single-end reads are included.                                          ||
||    Total alignments : 20000000                                             ||
||    Successfully assigned alignments : 577709 (2.9%)                        ||
||    Running time : 0.03 minutes                                             ||
||                                                                            ||
|| Process BAM file 126_BXD83_CTRL_sub2.co.bam...                             ||
||    Single-end reads are included.                                          ||
||    Total alignments : 15000000                                             ||
||    Successfully assigned alignments : 433334 (2.9%)                        ||
||    Running time : 0.02 minutes                                             ||
||                                                                            ||
|| Process BAM file 127_BXD83_SD_full.co.bam...                               ||
||    Single-end reads are included.                                          ||
||    Total alignments : 51713470                                             ||
||    Successfully assigned alignments : 1634414 (3.2%)                       ||
||    Running time : 0.06 minutes                                             ||
||                                                                            ||
|| Process BAM file 127_BXD83_SD_sub1.co.bam...                               ||
||    Single-end reads are included.                                          ||
||    Total alignments : 20000000                                             ||
||    Successfully assigned alignments : 631537 (3.2%)                        ||
||    Running time : 0.03 minutes                                             ||
||                                                                            ||
|| Process BAM file 127_BXD83_SD_sub2.co.bam...                               ||
||    Single-end reads are included.                                          ||
||    Total alignments : 15000000                                             ||
||    Successfully assigned alignments : 473564 (3.2%)                        ||
||    Running time : 0.02 minutes                                             ||
||                                                                            ||
|| Process BAM file 128_BXD84_CTRL_full.co.bam...                             ||
||    Single-end reads are included.                                          ||
||    Total alignments : 44110731                                             ||
||    Successfully assigned alignments : 1395345 (3.2%)                       ||
||    Running time : 0.05 minutes                                             ||
||                                                                            ||
|| Process BAM file 128_BXD84_CTRL_sub1.co.bam...                             ||
||    Single-end reads are included.                                          ||
||    Total alignments : 20000000                                             ||
||    Successfully assigned alignments : 631906 (3.2%)                        ||
||    Running time : 0.03 minutes                                             ||
||                                                                            ||
|| Process BAM file 128_BXD84_CTRL_sub2.co.bam...                             ||
||    Single-end reads are included.                                          ||
||    Total alignments : 15000000                                             ||
||    Successfully assigned alignments : 474770 (3.2%)                        ||
||    Running time : 0.02 minutes                                             ||
||                                                                            ||
|| Process BAM file 129_BXD84_SD_full.co.bam...                               ||
||    Single-end reads are included.                                          ||
||    Total alignments : 42203428                                             ||
||    Successfully assigned alignments : 1744501 (4.1%)                       ||
||    Running time : 0.04 minutes                                             ||
||                                                                            ||
|| Process BAM file 129_BXD84_SD_sub1.co.bam...                               ||
||    Single-end reads are included.                                          ||
||    Total alignments : 20000000                                             ||
||    Successfully assigned alignments : 827534 (4.1%)                        ||
||    Running time : 0.03 minutes                                             ||
||                                                                            ||
|| Process BAM file 129_BXD84_SD_sub2.co.bam...                               ||
||    Single-end reads are included.                                          ||
||    Total alignments : 15000000                                             ||
||    Successfully assigned alignments : 618307 (4.1%)                        ||
||    Running time : 0.02 minutes                                             ||
||                                                                            ||
|| Process BAM file 130_BXD85_CTRL_full.co.bam...                             ||
||    Single-end reads are included.                                          ||
||    Total alignments : 33790245                                             ||
||    Successfully assigned alignments : 1122410 (3.3%)                       ||
||    Running time : 0.04 minutes                                             ||
||                                                                            ||
|| Process BAM file 130_BXD85_CTRL_sub1.co.bam...                             ||
||    Single-end reads are included.                                          ||
||    Total alignments : 20000000                                             ||
||    Successfully assigned alignments : 664440 (3.3%)                        ||
||    Running time : 0.02 minutes                                             ||
||                                                                            ||
|| Process BAM file 130_BXD85_CTRL_sub2.co.bam...                             ||
||    Single-end reads are included.                                          ||
||    Total alignments : 15000000                                             ||
||    Successfully assigned alignments : 498351 (3.3%)                        ||
||    Running time : 0.02 minutes                                             ||
||                                                                            ||
|| Process BAM file 131_BXD85_SD_full.co.bam...                               ||
||    Single-end reads are included.                                          ||
||    Total alignments : 44728059                                             ||
||    Successfully assigned alignments : 1275721 (2.9%)                       ||
||    Running time : 0.05 minutes                                             ||
||                                                                            ||
|| Process BAM file 131_BXD85_SD_sub1.co.bam...                               ||
||    Single-end reads are included.                                          ||
||    Total alignments : 20000000                                             ||
||    Successfully assigned alignments : 570683 (2.9%)                        ||
||    Running time : 0.03 minutes                                             ||
||                                                                            ||
|| Process BAM file 131_BXD85_SD_sub2.co.bam...                               ||
||    Single-end reads are included.                                          ||
||    Total alignments : 15000000                                             ||
||    Successfully assigned alignments : 428299 (2.9%)                        ||
||    Running time : 0.02 minutes                                             ||
||                                                                            ||
|| Process BAM file 132_BXD89_CTRL_full.co.bam...                             ||
||    Single-end reads are included.                                          ||
||    Total alignments : 44782674                                             ||
||    Successfully assigned alignments : 2074432 (4.6%)                       ||
||    Running time : 0.05 minutes                                             ||
||                                                                            ||
|| Process BAM file 132_BXD89_CTRL_sub1.co.bam...                             ||
||    Single-end reads are included.                                          ||
||    Total alignments : 20000000                                             ||
||    Successfully assigned alignments : 926769 (4.6%)                        ||
||    Running time : 0.03 minutes                                             ||
||                                                                            ||
|| Process BAM file 132_BXD89_CTRL_sub2.co.bam...                             ||
||    Single-end reads are included.                                          ||
||    Total alignments : 15000000                                             ||
||    Successfully assigned alignments : 693621 (4.6%)                        ||
||    Running time : 0.02 minutes                                             ||
||                                                                            ||
|| Process BAM file 133_BXD89_SD_full.co.bam...                               ||
||    Single-end reads are included.                                          ||
||    Total alignments : 56040022                                             ||
||    Successfully assigned alignments : 2663846 (4.8%)                       ||
||    Running time : 0.06 minutes                                             ||
||                                                                            ||
|| Process BAM file 133_BXD89_SD_sub1.co.bam...                               ||
||    Single-end reads are included.                                          ||
||    Total alignments : 20000000                                             ||
||    Successfully assigned alignments : 950237 (4.8%)                        ||
||    Running time : 0.03 minutes                                             ||
||                                                                            ||
|| Process BAM file 133_BXD89_SD_sub2.co.bam...                               ||
||    Single-end reads are included.                                          ||
||    Total alignments : 15000000                                             ||
||    Successfully assigned alignments : 713144 (4.8%)                        ||
||    Running time : 0.02 minutes                                             ||
||                                                                            ||
|| Process BAM file 134_BXD95_CTRL_full.co.bam...                             ||
||    Single-end reads are included.                                          ||
||    Total alignments : 47961847                                             ||
||    Successfully assigned alignments : 2043214 (4.3%)                       ||
||    Running time : 0.05 minutes                                             ||
||                                                                            ||
|| Process BAM file 134_BXD95_CTRL_sub1.co.bam...                             ||
||    Single-end reads are included.                                          ||
||    Total alignments : 20000000                                             ||
||    Successfully assigned alignments : 851040 (4.3%)                        ||
||    Running time : 0.03 minutes                                             ||
||                                                                            ||
|| Process BAM file 134_BXD95_CTRL_sub2.co.bam...                             ||
||    Single-end reads are included.                                          ||
||    Total alignments : 15000000                                             ||
||    Successfully assigned alignments : 638017 (4.3%)                        ||
||    Running time : 0.02 minutes                                             ||
||                                                                            ||
|| Process BAM file 135_BXD95_SD_full.co.bam...                               ||
||    Single-end reads are included.                                          ||
||    Total alignments : 49528567                                             ||
||    Successfully assigned alignments : 1933584 (3.9%)                       ||
||    Running time : 0.05 minutes                                             ||
||                                                                            ||
|| Process BAM file 135_BXD95_SD_sub1.co.bam...                               ||
||    Single-end reads are included.                                          ||
||    Total alignments : 20000000                                             ||
||    Successfully assigned alignments : 780616 (3.9%)                        ||
||    Running time : 0.03 minutes                                             ||
||                                                                            ||
|| Process BAM file 135_BXD95_SD_sub2.co.bam...                               ||
||    Single-end reads are included.                                          ||
||    Total alignments : 15000000                                             ||
||    Successfully assigned alignments : 586002 (3.9%)                        ||
||    Running time : 0.02 minutes                                             ||
||                                                                            ||
|| Process BAM file 136_48a_CTRL_full.co.bam...                               ||
||    Single-end reads are included.                                          ||
||    Total alignments : 48144966                                             ||
||    Successfully assigned alignments : 1329894 (2.8%)                       ||
||    Running time : 0.05 minutes                                             ||
||                                                                            ||
|| Process BAM file 136_48a_CTRL_sub1.co.bam...                               ||
||    Single-end reads are included.                                          ||
||    Total alignments : 20000000                                             ||
||    Successfully assigned alignments : 552274 (2.8%)                        ||
||    Running time : 0.03 minutes                                             ||
||                                                                            ||
|| Process BAM file 136_48a_CTRL_sub2.co.bam...                               ||
||    Single-end reads are included.                                          ||
||    Total alignments : 15000000                                             ||
||    Successfully assigned alignments : 414418 (2.8%)                        ||
||    Running time : 0.02 minutes                                             ||
||                                                                            ||
|| Process BAM file 137_48a_SD_full.co.bam...                                 ||
||    Single-end reads are included.                                          ||
||    Total alignments : 34705485                                             ||
||    Successfully assigned alignments : 1419671 (4.1%)                       ||
||    Running time : 0.04 minutes                                             ||
||                                                                            ||
|| Process BAM file 137_48a_SD_sub1.co.bam...                                 ||
||    Single-end reads are included.                                          ||
||    Total alignments : 20000000                                             ||
||    Successfully assigned alignments : 817939 (4.1%)                        ||
||    Running time : 0.03 minutes                                             ||
||                                                                            ||
|| Process BAM file 137_48a_SD_sub2.co.bam...                                 ||
||    Single-end reads are included.                                          ||
||    Total alignments : 15000000                                             ||
||    Successfully assigned alignments : 613532 (4.1%)                        ||
||    Running time : 0.02 minutes                                             ||
||                                                                            ||
|| Process BAM file 138_65a_CTRL_full.co.bam...                               ||
||    Single-end reads are included.                                          ||
||    Total alignments : 33446210                                             ||
||    Successfully assigned alignments : 1542608 (4.6%)                       ||
||    Running time : 0.03 minutes                                             ||
||                                                                            ||
|| Process BAM file 138_65a_CTRL_sub1.co.bam...                               ||
||    Single-end reads are included.                                          ||
||    Total alignments : 20000000                                             ||
||    Successfully assigned alignments : 922588 (4.6%)                        ||
||    Running time : 0.03 minutes                                             ||
||                                                                            ||
|| Process BAM file 138_65a_CTRL_sub2.co.bam...                               ||
||    Single-end reads are included.                                          ||
||    Total alignments : 15000000                                             ||
||    Successfully assigned alignments : 692255 (4.6%)                        ||
||    Running time : 0.02 minutes                                             ||
||                                                                            ||
|| Process BAM file 139_65a_SD_full.co.bam...                                 ||
||    Single-end reads are included.                                          ||
||    Total alignments : 30468267                                             ||
||    Successfully assigned alignments : 1270065 (4.2%)                       ||
||    Running time : 0.03 minutes                                             ||
||                                                                            ||
|| Process BAM file 139_65a_SD_sub1.co.bam...                                 ||
||    Single-end reads are included.                                          ||
||    Total alignments : 20000000                                             ||
||    Successfully assigned alignments : 833024 (4.2%)                        ||
||    Running time : 0.03 minutes                                             ||
||                                                                            ||
|| Process BAM file 139_65a_SD_sub2.co.bam...                                 ||
||    Single-end reads are included.                                          ||
||    Total alignments : 15000000                                             ||
||    Successfully assigned alignments : 624923 (4.2%)                        ||
||    Running time : 0.02 minutes                                             ||
||                                                                            ||
|| Process BAM file 140_BXD98_CTRL_full.co.bam...                             ||
||    Single-end reads are included.                                          ||
||    Total alignments : 32550629                                             ||
||    Successfully assigned alignments : 980325 (3.0%)                        ||
||    Running time : 0.04 minutes                                             ||
||                                                                            ||
|| Process BAM file 140_BXD98_CTRL_sub1.co.bam...                             ||
||    Single-end reads are included.                                          ||
||    Total alignments : 20000000                                             ||
||    Successfully assigned alignments : 602294 (3.0%)                        ||
||    Running time : 0.02 minutes                                             ||
||                                                                            ||
|| Process BAM file 140_BXD98_CTRL_sub2.co.bam...                             ||
||    Single-end reads are included.                                          ||
||    Total alignments : 15000000                                             ||
||    Successfully assigned alignments : 451833 (3.0%)                        ||
||    Running time : 0.02 minutes                                             ||
||                                                                            ||
|| Process BAM file 141_BXD98_SD_full.co.bam...                               ||
||    Single-end reads are included.                                          ||
||    Total alignments : 33192646                                             ||
||    Successfully assigned alignments : 1253533 (3.8%)                       ||
||    Running time : 0.04 minutes                                             ||
||                                                                            ||
|| Process BAM file 141_BXD98_SD_sub1.co.bam...                               ||
||    Single-end reads are included.                                          ||
||    Total alignments : 20000000                                             ||
||    Successfully assigned alignments : 755603 (3.8%)                        ||
||    Running time : 0.02 minutes                                             ||
||                                                                            ||
|| Process BAM file 141_BXD98_SD_sub2.co.bam...                               ||
||    Single-end reads are included.                                          ||
||    Total alignments : 15000000                                             ||
||    Successfully assigned alignments : 567308 (3.8%)                        ||
||    Running time : 0.02 minutes                                             ||
||                                                                            ||
|| Process BAM file 142_BXD101_CTRL_full.co.bam...                            ||
||    Single-end reads are included.                                          ||
||    Total alignments : 39377765                                             ||
||    Successfully assigned alignments : 1619426 (4.1%)                       ||
||    Running time : 0.04 minutes                                             ||
||                                                                            ||
|| Process BAM file 142_BXD101_CTRL_sub1.co.bam...                            ||
||    Single-end reads are included.                                          ||
||    Total alignments : 20000000                                             ||
||    Successfully assigned alignments : 821009 (4.1%)                        ||
||    Running time : 0.03 minutes                                             ||
||                                                                            ||
|| Process BAM file 142_BXD101_CTRL_sub2.co.bam...                            ||
||    Single-end reads are included.                                          ||
||    Total alignments : 15000000                                             ||
||    Successfully assigned alignments : 616660 (4.1%)                        ||
||    Running time : 0.02 minutes                                             ||
||                                                                            ||
|| Process BAM file 143_BXD101_SD_full.co.bam...                              ||
||    Single-end reads are included.                                          ||
||    Total alignments : 40149785                                             ||
||    Successfully assigned alignments : 1530827 (3.8%)                       ||
||    Running time : 0.05 minutes                                             ||
||                                                                            ||
|| Process BAM file 143_BXD101_SD_sub1.co.bam...                              ||
||    Single-end reads are included.                                          ||
||    Total alignments : 20000000                                             ||
||    Successfully assigned alignments : 762175 (3.8%)                        ||
||    Running time : 0.03 minutes                                             ||
||                                                                            ||
|| Process BAM file 143_BXD101_SD_sub2.co.bam...                              ||
||    Single-end reads are included.                                          ||
||    Total alignments : 15000000                                             ||
||    Successfully assigned alignments : 571247 (3.8%)                        ||
||    Running time : 0.02 minutes                                             ||
||                                                                            ||
|| Process BAM file 144_73b_CTRL_full.co.bam...                               ||
||    Single-end reads are included.                                          ||
||    Total alignments : 54453327                                             ||
||    Successfully assigned alignments : 4358573 (8.0%)                       ||
||    Running time : 0.06 minutes                                             ||
||                                                                            ||
|| Process BAM file 144_73b_CTRL_sub1.co.bam...                               ||
||    Single-end reads are included.                                          ||
||    Total alignments : 20000000                                             ||
||    Successfully assigned alignments : 1600559 (8.0%)                       ||
||    Running time : 0.03 minutes                                             ||
||                                                                            ||
|| Process BAM file 144_73b_CTRL_sub2.co.bam...                               ||
||    Single-end reads are included.                                          ||
||    Total alignments : 15000000                                             ||
||    Successfully assigned alignments : 1202410 (8.0%)                       ||
||    Running time : 0.02 minutes                                             ||
||                                                                            ||
|| Process BAM file 145_73b_SD_full.co.bam...                                 ||
||    Single-end reads are included.                                          ||
||    Total alignments : 52103668                                             ||
||    Successfully assigned alignments : 1799126 (3.5%)                       ||
||    Running time : 0.05 minutes                                             ||
||                                                                            ||
|| Process BAM file 145_73b_SD_sub1.co.bam...                                 ||
||    Single-end reads are included.                                          ||
||    Total alignments : 20000000                                             ||
||    Successfully assigned alignments : 689850 (3.4%)                        ||
||    Running time : 0.03 minutes                                             ||
||                                                                            ||
|| Process BAM file 145_73b_SD_sub2.co.bam...                                 ||
||    Single-end reads are included.                                          ||
||    Total alignments : 15000000                                             ||
||    Successfully assigned alignments : 518681 (3.5%)                        ||
||    Running time : 0.02 minutes                                             ||
||                                                                            ||
|| Process BAM file 146_C57Bl6_CTRL_full.co.bam...                            ||
||    Single-end reads are included.                                          ||
||    Total alignments : 47156114                                             ||
||    Successfully assigned alignments : 2406912 (5.1%)                       ||
||    Running time : 0.05 minutes                                             ||
||                                                                            ||
|| Process BAM file 146_C57Bl6_CTRL_sub1.co.bam...                            ||
||    Single-end reads are included.                                          ||
||    Total alignments : 20000000                                             ||
||    Successfully assigned alignments : 1019757 (5.1%)                       ||
||    Running time : 0.03 minutes                                             ||
||                                                                            ||
|| Process BAM file 146_C57Bl6_CTRL_sub2.co.bam...                            ||
||    Single-end reads are included.                                          ||
||    Total alignments : 15000000                                             ||
||    Successfully assigned alignments : 765691 (5.1%)                        ||
||    Running time : 0.02 minutes                                             ||
||                                                                            ||
|| Process BAM file 147_C57Bl6_SD_full.co.bam...                              ||
||    Single-end reads are included.                                          ||
||    Total alignments : 38670497                                             ||
||    Successfully assigned alignments : 1705636 (4.4%)                       ||
||    Running time : 0.04 minutes                                             ||
||                                                                            ||
|| Process BAM file 147_C57Bl6_SD_sub1.co.bam...                              ||
||    Single-end reads are included.                                          ||
||    Total alignments : 20000000                                             ||
||    Successfully assigned alignments : 881314 (4.4%)                        ||
||    Running time : 0.03 minutes                                             ||
||                                                                            ||
|| Process BAM file 147_C57Bl6_SD_sub2.co.bam...                              ||
||    Single-end reads are included.                                          ||
||    Total alignments : 15000000                                             ||
||    Successfully assigned alignments : 660986 (4.4%)                        ||
||    Running time : 0.02 minutes                                             ||
||                                                                            ||
|| Process BAM file 148_BXD43_CTRL_full.co.bam...                             ||
||    Single-end reads are included.                                          ||
||    Total alignments : 42631771                                             ||
||    Successfully assigned alignments : 1934194 (4.5%)                       ||
||    Running time : 0.04 minutes                                             ||
||                                                                            ||
|| Process BAM file 148_BXD43_CTRL_sub1.co.bam...                             ||
||    Single-end reads are included.                                          ||
||    Total alignments : 20000000                                             ||
||    Successfully assigned alignments : 907712 (4.5%)                        ||
||    Running time : 0.03 minutes                                             ||
||                                                                            ||
|| Process BAM file 148_BXD43_CTRL_sub2.co.bam...                             ||
||    Single-end reads are included.                                          ||
||    Total alignments : 15000000                                             ||
||    Successfully assigned alignments : 681443 (4.5%)                        ||
||    Running time : 0.02 minutes                                             ||
||                                                                            ||
|| Process BAM file 149_BXD43_SD_full.co.bam...                               ||
||    Single-end reads are included.                                          ||
||    Total alignments : 49678594                                             ||
||    Successfully assigned alignments : 1678449 (3.4%)                       ||
||    Running time : 0.05 minutes                                             ||
||                                                                            ||
|| Process BAM file 149_BXD43_SD_sub1.co.bam...                               ||
||    Single-end reads are included.                                          ||
||    Total alignments : 20000000                                             ||
||    Successfully assigned alignments : 676221 (3.4%)                        ||
||    Running time : 0.03 minutes                                             ||
||                                                                            ||
|| Process BAM file 149_BXD43_SD_sub2.co.bam...                               ||
||    Single-end reads are included.                                          ||
||    Total alignments : 15000000                                             ||
||    Successfully assigned alignments : 506101 (3.4%)                        ||
||    Running time : 0.02 minutes                                             ||
||                                                                            ||
|| Process BAM file 150_BXD45_CTRL_full.co.bam...                             ||
||    Single-end reads are included.                                          ||
||    Total alignments : 53722609                                             ||
||    Successfully assigned alignments : 1536279 (2.9%)                       ||
||    Running time : 0.06 minutes                                             ||
||                                                                            ||
|| Process BAM file 150_BXD45_CTRL_sub1.co.bam...                             ||
||    Single-end reads are included.                                          ||
||    Total alignments : 20000000                                             ||
||    Successfully assigned alignments : 572316 (2.9%)                        ||
||    Running time : 0.03 minutes                                             ||
||                                                                            ||
|| Process BAM file 150_BXD45_CTRL_sub2.co.bam...                             ||
||    Single-end reads are included.                                          ||
||    Total alignments : 15000000                                             ||
||    Successfully assigned alignments : 428933 (2.9%)                        ||
||    Running time : 0.02 minutes                                             ||
||                                                                            ||
|| Process BAM file 151_BXD45_SD_full.co.bam...                               ||
||    Single-end reads are included.                                          ||
||    Total alignments : 49787661                                             ||
||    Successfully assigned alignments : 1408155 (2.8%)                       ||
||    Running time : 0.06 minutes                                             ||
||                                                                            ||
|| Process BAM file 151_BXD45_SD_sub1.co.bam...                               ||
||    Single-end reads are included.                                          ||
||    Total alignments : 20000000                                             ||
||    Successfully assigned alignments : 565642 (2.8%)                        ||
||    Running time : 0.03 minutes                                             ||
||                                                                            ||
|| Process BAM file 151_BXD45_SD_sub2.co.bam...                               ||
||    Single-end reads are included.                                          ||
||    Total alignments : 15000000                                             ||
||    Successfully assigned alignments : 424803 (2.8%)                        ||
||    Running time : 0.02 minutes                                             ||
||                                                                            ||
|| Process BAM file 152_BXD48_CTRL_full.co.bam...                             ||
||    Single-end reads are included.                                          ||
||    Total alignments : 84581192                                             ||
||    Successfully assigned alignments : 3299923 (3.9%)                       ||
||    Running time : 0.08 minutes                                             ||
||                                                                            ||
|| Process BAM file 152_BXD48_CTRL_sub1.co.bam...                             ||
||    Single-end reads are included.                                          ||
||    Total alignments : 20000000                                             ||
||    Successfully assigned alignments : 780150 (3.9%)                        ||
||    Running time : 0.03 minutes                                             ||
||                                                                            ||
|| Process BAM file 152_BXD48_CTRL_sub2.co.bam...                             ||
||    Single-end reads are included.                                          ||
||    Total alignments : 15000000                                             ||
||    Successfully assigned alignments : 585007 (3.9%)                        ||
||    Running time : 0.02 minutes                                             ||
||                                                                            ||
|| Process BAM file 153_BXD48_SD_full.co.bam...                               ||
||    Single-end reads are included.                                          ||
||    Total alignments : 47618712                                             ||
||    Successfully assigned alignments : 2080081 (4.4%)                       ||
||    Running time : 0.05 minutes                                             ||
||                                                                            ||
|| Process BAM file 153_BXD48_SD_sub1.co.bam...                               ||
||    Single-end reads are included.                                          ||
||    Total alignments : 20000000                                             ||
||    Successfully assigned alignments : 873202 (4.4%)                        ||
||    Running time : 0.03 minutes                                             ||
||                                                                            ||
|| Process BAM file 153_BXD48_SD_sub2.co.bam...                               ||
||    Single-end reads are included.                                          ||
||    Total alignments : 15000000                                             ||
||    Successfully assigned alignments : 654038 (4.4%)                        ||
||    Running time : 0.02 minutes                                             ||
||                                                                            ||
|| Process BAM file 154_BXD50_CTRL_full.co.bam...                             ||
||    Single-end reads are included.                                          ||
||    Total alignments : 52918654                                             ||
||    Successfully assigned alignments : 2059318 (3.9%)                       ||
||    Running time : 0.05 minutes                                             ||
||                                                                            ||
|| Process BAM file 154_BXD50_CTRL_sub1.co.bam...                             ||
||    Single-end reads are included.                                          ||
||    Total alignments : 20000000                                             ||
||    Successfully assigned alignments : 778638 (3.9%)                        ||
||    Running time : 0.03 minutes                                             ||
||                                                                            ||
|| Process BAM file 154_BXD50_CTRL_sub2.co.bam...                             ||
||    Single-end reads are included.                                          ||
||    Total alignments : 15000000                                             ||
||    Successfully assigned alignments : 583086 (3.9%)                        ||
||    Running time : 0.02 minutes                                             ||
||                                                                            ||
|| Process BAM file 155_BXD50_SD_full.co.bam...                               ||
||    Single-end reads are included.                                          ||
||    Total alignments : 57944661                                             ||
||    Successfully assigned alignments : 2065315 (3.6%)                       ||
||    Running time : 0.06 minutes                                             ||
||                                                                            ||
|| Process BAM file 155_BXD50_SD_sub1.co.bam...                               ||
||    Single-end reads are included.                                          ||
||    Total alignments : 20000000                                             ||
||    Successfully assigned alignments : 712549 (3.6%)                        ||
||    Running time : 0.03 minutes                                             ||
||                                                                            ||
|| Process BAM file 155_BXD50_SD_sub2.co.bam...                               ||
||    Single-end reads are included.                                          ||
||    Total alignments : 15000000                                             ||
||    Successfully assigned alignments : 534663 (3.6%)                        ||
||    Running time : 0.02 minutes                                             ||
||                                                                            ||
|| Process BAM file 156_BXD61_CTRL_full.co.bam...                             ||
||    Single-end reads are included.                                          ||
||    Total alignments : 46129873                                             ||
||    Successfully assigned alignments : 1971574 (4.3%)                       ||
||    Running time : 0.05 minutes                                             ||
||                                                                            ||
|| Process BAM file 156_BXD61_CTRL_sub1.co.bam...                             ||
||    Single-end reads are included.                                          ||
||    Total alignments : 20000000                                             ||
||    Successfully assigned alignments : 855117 (4.3%)                        ||
||    Running time : 0.03 minutes                                             ||
||                                                                            ||
|| Process BAM file 156_BXD61_CTRL_sub2.co.bam...                             ||
||    Single-end reads are included.                                          ||
||    Total alignments : 15000000                                             ||
||    Successfully assigned alignments : 640959 (4.3%)                        ||
||    Running time : 0.02 minutes                                             ||
||                                                                            ||
|| Process BAM file 157_BXD61_SD_full.co.bam...                               ||
||    Single-end reads are included.                                          ||
||    Total alignments : 63354237                                             ||
||    Successfully assigned alignments : 2390524 (3.8%)                       ||
||    Running time : 0.06 minutes                                             ||
||                                                                            ||
|| Process BAM file 157_BXD61_SD_sub1.co.bam...                               ||
||    Single-end reads are included.                                          ||
||    Total alignments : 20000000                                             ||
||    Successfully assigned alignments : 754890 (3.8%)                        ||
||    Running time : 0.03 minutes                                             ||
||                                                                            ||
|| Process BAM file 157_BXD61_SD_sub2.co.bam...                               ||
||    Single-end reads are included.                                          ||
||    Total alignments : 15000000                                             ||
||    Successfully assigned alignments : 566642 (3.8%)                        ||
||    Running time : 0.02 minutes                                             ||
||                                                                            ||
|| Process BAM file 158_BXD64_CTRL_full.co.bam...                             ||
||    Single-end reads are included.                                          ||
||    Total alignments : 46218444                                             ||
||    Successfully assigned alignments : 1614009 (3.5%)                       ||
||    Running time : 0.05 minutes                                             ||
||                                                                            ||
|| Process BAM file 158_BXD64_CTRL_sub1.co.bam...                             ||
||    Single-end reads are included.                                          ||
||    Total alignments : 20000000                                             ||
||    Successfully assigned alignments : 698843 (3.5%)                        ||
||    Running time : 0.03 minutes                                             ||
||                                                                            ||
|| Process BAM file 158_BXD64_CTRL_sub2.co.bam...                             ||
||    Single-end reads are included.                                          ||
||    Total alignments : 15000000                                             ||
||    Successfully assigned alignments : 524607 (3.5%)                        ||
||    Running time : 0.02 minutes                                             ||
||                                                                            ||
|| Process BAM file 159_BXD64_SD_full.co.bam...                               ||
||    Single-end reads are included.                                          ||
||    Total alignments : 42724542                                             ||
||    Successfully assigned alignments : 1794909 (4.2%)                       ||
||    Running time : 0.04 minutes                                             ||
||                                                                            ||
|| Process BAM file 159_BXD64_SD_sub1.co.bam...                               ||
||    Single-end reads are included.                                          ||
||    Total alignments : 20000000                                             ||
||    Successfully assigned alignments : 840553 (4.2%)                        ||
||    Running time : 0.03 minutes                                             ||
||                                                                            ||
|| Process BAM file 159_BXD64_SD_sub2.co.bam...                               ||
||    Single-end reads are included.                                          ||
||    Total alignments : 15000000                                             ||
||    Successfully assigned alignments : 630257 (4.2%)                        ||
||    Running time : 0.02 minutes                                             ||
||                                                                            ||
|| Process BAM file 160_BXD65_CTRL_full.co.bam...                             ||
||    Single-end reads are included.                                          ||
||    Total alignments : 68620513                                             ||
||    Successfully assigned alignments : 2540993 (3.7%)                       ||
||    Running time : 0.07 minutes                                             ||
||                                                                            ||
|| Process BAM file 160_BXD65_CTRL_sub1.co.bam...                             ||
||    Single-end reads are included.                                          ||
||    Total alignments : 20000000                                             ||
||    Successfully assigned alignments : 741541 (3.7%)                        ||
||    Running time : 0.03 minutes                                             ||
||                                                                            ||
|| Process BAM file 160_BXD65_CTRL_sub2.co.bam...                             ||
||    Single-end reads are included.                                          ||
||    Total alignments : 15000000                                             ||
||    Successfully assigned alignments : 555193 (3.7%)                        ||
||    Running time : 0.02 minutes                                             ||
||                                                                            ||
|| Process BAM file 161_BXD65_SD_full.co.bam...                               ||
||    Single-end reads are included.                                          ||
||    Total alignments : 48612474                                             ||
||    Successfully assigned alignments : 1833897 (3.8%)                       ||
||    Running time : 0.05 minutes                                             ||
||                                                                            ||
|| Process BAM file 161_BXD65_SD_sub1.co.bam...                               ||
||    Single-end reads are included.                                          ||
||    Total alignments : 20000000                                             ||
||    Successfully assigned alignments : 755073 (3.8%)                        ||
||    Running time : 0.03 minutes                                             ||
||                                                                            ||
|| Process BAM file 161_BXD65_SD_sub2.co.bam...                               ||
||    Single-end reads are included.                                          ||
||    Total alignments : 15000000                                             ||
||    Successfully assigned alignments : 566894 (3.8%)                        ||
||    Running time : 0.03 minutes                                             ||
||                                                                            ||
|| Process BAM file 162_BXD67_CTRL_full.co.bam...                             ||
||    Single-end reads are included.                                          ||
||    Total alignments : 44194451                                             ||
||    Successfully assigned alignments : 1969490 (4.5%)                       ||
||    Running time : 0.04 minutes                                             ||
||                                                                            ||
|| Process BAM file 162_BXD67_CTRL_sub1.co.bam...                             ||
||    Single-end reads are included.                                          ||
||    Total alignments : 20000000                                             ||
||    Successfully assigned alignments : 890534 (4.5%)                        ||
||    Running time : 0.03 minutes                                             ||
||                                                                            ||
|| Process BAM file 162_BXD67_CTRL_sub2.co.bam...                             ||
||    Single-end reads are included.                                          ||
||    Total alignments : 15000000                                             ||
||    Successfully assigned alignments : 667810 (4.5%)                        ||
||    Running time : 0.02 minutes                                             ||
||                                                                            ||
|| Process BAM file 163_BXD67_SD_full.co.bam...                               ||
||    Single-end reads are included.                                          ||
||    Total alignments : 40693428                                             ||
||    Successfully assigned alignments : 1628951 (4.0%)                       ||
||    Running time : 0.05 minutes                                             ||
||                                                                            ||
|| Process BAM file 163_BXD67_SD_sub1.co.bam...                               ||
||    Single-end reads are included.                                          ||
||    Total alignments : 20000000                                             ||
||    Successfully assigned alignments : 800911 (4.0%)                        ||
||    Running time : 0.03 minutes                                             ||
||                                                                            ||
|| Process BAM file 163_BXD67_SD_sub2.co.bam...                               ||
||    Single-end reads are included.                                          ||
||    Total alignments : 15000000                                             ||
||    Successfully assigned alignments : 600324 (4.0%)                        ||
||    Running time : 0.02 minutes                                             ||
||                                                                            ||
|| Process BAM file 164_BXD70_CTRL_full.co.bam...                             ||
||    Single-end reads are included.                                          ||
||    Total alignments : 46233107                                             ||
||    Successfully assigned alignments : 2501872 (5.4%)                       ||
||    Running time : 0.05 minutes                                             ||
||                                                                            ||
|| Process BAM file 164_BXD70_CTRL_sub1.co.bam...                             ||
||    Single-end reads are included.                                          ||
||    Total alignments : 20000000                                             ||
||    Successfully assigned alignments : 1082557 (5.4%)                       ||
||    Running time : 0.03 minutes                                             ||
||                                                                            ||
|| Process BAM file 164_BXD70_CTRL_sub2.co.bam...                             ||
||    Single-end reads are included.                                          ||
||    Total alignments : 15000000                                             ||
||    Successfully assigned alignments : 811148 (5.4%)                        ||
||    Running time : 0.02 minutes                                             ||
||                                                                            ||
|| Process BAM file 165_BXD70_SD_full.co.bam...                               ||
||    Single-end reads are included.                                          ||
||    Total alignments : 46863185                                             ||
||    Successfully assigned alignments : 2031039 (4.3%)                       ||
||    Running time : 0.05 minutes                                             ||
||                                                                            ||
|| Process BAM file 165_BXD70_SD_sub1.co.bam...                               ||
||    Single-end reads are included.                                          ||
||    Total alignments : 20000000                                             ||
||    Successfully assigned alignments : 866796 (4.3%)                        ||
||    Running time : 0.03 minutes                                             ||
||                                                                            ||
|| Process BAM file 165_BXD70_SD_sub2.co.bam...                               ||
||    Single-end reads are included.                                          ||
||    Total alignments : 15000000                                             ||
||    Successfully assigned alignments : 650370 (4.3%)                        ||
||    Running time : 0.02 minutes                                             ||
||                                                                            ||
|| Process BAM file 166_BXD79_CTRL_full.co.bam...                             ||
||    Single-end reads are included.                                          ||
||    Total alignments : 46483117                                             ||
||    Successfully assigned alignments : 1815037 (3.9%)                       ||
||    Running time : 0.05 minutes                                             ||
||                                                                            ||
|| Process BAM file 166_BXD79_CTRL_sub1.co.bam...                             ||
||    Single-end reads are included.                                          ||
||    Total alignments : 20000000                                             ||
||    Successfully assigned alignments : 781966 (3.9%)                        ||
||    Running time : 0.03 minutes                                             ||
||                                                                            ||
|| Process BAM file 166_BXD79_CTRL_sub2.co.bam...                             ||
||    Single-end reads are included.                                          ||
||    Total alignments : 15000000                                             ||
||    Successfully assigned alignments : 585211 (3.9%)                        ||
||    Running time : 0.02 minutes                                             ||
||                                                                            ||
|| Process BAM file 167_BXD79_SD_full.co.bam...                               ||
||    Single-end reads are included.                                          ||
||    Total alignments : 46879622                                             ||
||    Successfully assigned alignments : 1772050 (3.8%)                       ||
||    Running time : 0.05 minutes                                             ||
||                                                                            ||
|| Process BAM file 167_BXD79_SD_sub1.co.bam...                               ||
||    Single-end reads are included.                                          ||
||    Total alignments : 20000000                                             ||
||    Successfully assigned alignments : 757274 (3.8%)                        ||
||    Running time : 0.03 minutes                                             ||
||                                                                            ||
|| Process BAM file 167_BXD79_SD_sub2.co.bam...                               ||
||    Single-end reads are included.                                          ||
||    Total alignments : 15000000                                             ||
||    Successfully assigned alignments : 566930 (3.8%)                        ||
||    Running time : 0.02 minutes                                             ||
||                                                                            ||
|| Process BAM file 168_BXD81_CTRL_full.co.bam...                             ||
||    Single-end reads are included.                                          ||
||    Total alignments : 38816911                                             ||
||    Successfully assigned alignments : 1819309 (4.7%)                       ||
||    Running time : 0.04 minutes                                             ||
||                                                                            ||
|| Process BAM file 168_BXD81_CTRL_sub1.co.bam...                             ||
||    Single-end reads are included.                                          ||
||    Total alignments : 20000000                                             ||
||    Successfully assigned alignments : 937880 (4.7%)                        ||
||    Running time : 0.03 minutes                                             ||
||                                                                            ||
|| Process BAM file 168_BXD81_CTRL_sub2.co.bam...                             ||
||    Single-end reads are included.                                          ||
||    Total alignments : 15000000                                             ||
||    Successfully assigned alignments : 703687 (4.7%)                        ||
||    Running time : 0.02 minutes                                             ||
||                                                                            ||
|| Process BAM file 169_BXD81_SD_full.co.bam...                               ||
||    Single-end reads are included.                                          ||
||    Total alignments : 43335437                                             ||
||    Successfully assigned alignments : 1532282 (3.5%)                       ||
||    Running time : 0.05 minutes                                             ||
||                                                                            ||
|| Process BAM file 169_BXD81_SD_sub1.co.bam...                               ||
||    Single-end reads are included.                                          ||
||    Total alignments : 20000000                                             ||
||    Successfully assigned alignments : 707358 (3.5%)                        ||
||    Running time : 0.03 minutes                                             ||
||                                                                            ||
|| Process BAM file 169_BXD81_SD_sub2.co.bam...                               ||
||    Single-end reads are included.                                          ||
||    Total alignments : 15000000                                             ||
||    Successfully assigned alignments : 531264 (3.5%)                        ||
||    Running time : 0.02 minutes                                             ||
||                                                                            ||
|| Process BAM file 170_BXD85_CTRL_full.co.bam...                             ||
||    Single-end reads are included.                                          ||
||    Total alignments : 47294224                                             ||
||    Successfully assigned alignments : 1571112 (3.3%)                       ||
||    Running time : 0.05 minutes                                             ||
||                                                                            ||
|| Process BAM file 170_BXD85_CTRL_sub1.co.bam...                             ||
||    Single-end reads are included.                                          ||
||    Total alignments : 20000000                                             ||
||    Successfully assigned alignments : 664783 (3.3%)                        ||
||    Running time : 0.03 minutes                                             ||
||                                                                            ||
|| Process BAM file 170_BXD85_CTRL_sub2.co.bam...                             ||
||    Single-end reads are included.                                          ||
||    Total alignments : 15000000                                             ||
||    Successfully assigned alignments : 497046 (3.3%)                        ||
||    Running time : 0.02 minutes                                             ||
||                                                                            ||
|| Process BAM file 171_BXD85_SD_full.co.bam...                               ||
||    Single-end reads are included.                                          ||
||    Total alignments : 42083634                                             ||
||    Successfully assigned alignments : 1794237 (4.3%)                       ||
||    Running time : 0.05 minutes                                             ||
||                                                                            ||
|| Process BAM file 171_BXD85_SD_sub1.co.bam...                               ||
||    Single-end reads are included.                                          ||
||    Total alignments : 20000000                                             ||
||    Successfully assigned alignments : 852446 (4.3%)                        ||
||    Running time : 0.03 minutes                                             ||
||                                                                            ||
|| Process BAM file 171_BXD85_SD_sub2.co.bam...                               ||
||    Single-end reads are included.                                          ||
||    Total alignments : 15000000                                             ||
||    Successfully assigned alignments : 638585 (4.3%)                        ||
||    Running time : 0.02 minutes                                             ||
||                                                                            ||
|| Process BAM file 174_BXD89_CTRL_full.co.bam...                             ||
||    Single-end reads are included.                                          ||
||    Total alignments : 46397110                                             ||
||    Successfully assigned alignments : 1851148 (4.0%)                       ||
||    Running time : 0.05 minutes                                             ||
||                                                                            ||
|| Process BAM file 174_BXD89_CTRL_sub1.co.bam...                             ||
||    Single-end reads are included.                                          ||
||    Total alignments : 20000000                                             ||
||    Successfully assigned alignments : 797596 (4.0%)                        ||
||    Running time : 0.03 minutes                                             ||
||                                                                            ||
|| Process BAM file 174_BXD89_CTRL_sub2.co.bam...                             ||
||    Single-end reads are included.                                          ||
||    Total alignments : 15000000                                             ||
||    Successfully assigned alignments : 598160 (4.0%)                        ||
||    Running time : 0.02 minutes                                             ||
||                                                                            ||
|| Process BAM file 175_BXD89_SD_full.co.bam...                               ||
||    Single-end reads are included.                                          ||
||    Total alignments : 48754219                                             ||
||    Successfully assigned alignments : 2130338 (4.4%)                       ||
||    Running time : 0.05 minutes                                             ||
||                                                                            ||
|| Process BAM file 175_BXD89_SD_sub1.co.bam...                               ||
||    Single-end reads are included.                                          ||
||    Total alignments : 20000000                                             ||
||    Successfully assigned alignments : 873740 (4.4%)                        ||
||    Running time : 0.03 minutes                                             ||
||                                                                            ||
|| Process BAM file 175_BXD89_SD_sub2.co.bam...                               ||
||    Single-end reads are included.                                          ||
||    Total alignments : 15000000                                             ||
||    Successfully assigned alignments : 654848 (4.4%)                        ||
||    Running time : 0.02 minutes                                             ||
||                                                                            ||
|| Process BAM file 176_BXD90_CTRL_full.co.bam...                             ||
||    Single-end reads are included.                                          ||
||    Total alignments : 50411799                                             ||
||    Successfully assigned alignments : 1800291 (3.6%)                       ||
||    Running time : 0.05 minutes                                             ||
||                                                                            ||
|| Process BAM file 176_BXD90_CTRL_sub1.co.bam...                             ||
||    Single-end reads are included.                                          ||
||    Total alignments : 20000000                                             ||
||    Successfully assigned alignments : 713887 (3.6%)                        ||
||    Running time : 0.03 minutes                                             ||
||                                                                            ||
|| Process BAM file 176_BXD90_CTRL_sub2.co.bam...                             ||
||    Single-end reads are included.                                          ||
||    Total alignments : 15000000                                             ||
||    Successfully assigned alignments : 536049 (3.6%)                        ||
||    Running time : 0.02 minutes                                             ||
||                                                                            ||
|| Process BAM file 177_BXD90_SD_full.co.bam...                               ||
||    Single-end reads are included.                                          ||
||    Total alignments : 61933907                                             ||
||    Successfully assigned alignments : 1791726 (2.9%)                       ||
||    Running time : 0.06 minutes                                             ||
||                                                                            ||
|| Process BAM file 177_BXD90_SD_sub1.co.bam...                               ||
||    Single-end reads are included.                                          ||
||    Total alignments : 20000000                                             ||
||    Successfully assigned alignments : 578669 (2.9%)                        ||
||    Running time : 0.03 minutes                                             ||
||                                                                            ||
|| Process BAM file 177_BXD90_SD_sub2.co.bam...                               ||
||    Single-end reads are included.                                          ||
||    Total alignments : 15000000                                             ||
||    Successfully assigned alignments : 434626 (2.9%)                        ||
||    Running time : 0.02 minutes                                             ||
||                                                                            ||
|| Process BAM file 178_BXD95_CTRL_full.co.bam...                             ||
||    Single-end reads are included.                                          ||
||    Total alignments : 69438199                                             ||
||    Successfully assigned alignments : 2454742 (3.5%)                       ||
||    Running time : 0.07 minutes                                             ||
||                                                                            ||
|| Process BAM file 178_BXD95_CTRL_sub1.co.bam...                             ||
||    Single-end reads are included.                                          ||
||    Total alignments : 20000000                                             ||
||    Successfully assigned alignments : 705830 (3.5%)                        ||
||    Running time : 0.03 minutes                                             ||
||                                                                            ||
|| Process BAM file 178_BXD95_CTRL_sub2.co.bam...                             ||
||    Single-end reads are included.                                          ||
||    Total alignments : 15000000                                             ||
||    Successfully assigned alignments : 530816 (3.5%)                        ||
||    Running time : 0.02 minutes                                             ||
||                                                                            ||
|| Process BAM file 179_BXD95_SD_full.co.bam...                               ||
||    Single-end reads are included.                                          ||
||    Total alignments : 70028017                                             ||
||    Successfully assigned alignments : 3224631 (4.6%)                       ||
||    Running time : 0.07 minutes                                             ||
||                                                                            ||
|| Process BAM file 179_BXD95_SD_sub1.co.bam...                               ||
||    Single-end reads are included.                                          ||
||    Total alignments : 20000000                                             ||
||    Successfully assigned alignments : 918696 (4.6%)                        ||
||    Running time : 0.03 minutes                                             ||
||                                                                            ||
|| Process BAM file 179_BXD95_SD_sub2.co.bam...                               ||
||    Single-end reads are included.                                          ||
||    Total alignments : 15000000                                             ||
||    Successfully assigned alignments : 691417 (4.6%)                        ||
||    Running time : 0.02 minutes                                             ||
||                                                                            ||
|| Process BAM file 180_C57Bl6_CTRL_full.co.bam...                            ||
||    Single-end reads are included.                                          ||
||    Total alignments : 49135596                                             ||
||    Successfully assigned alignments : 2251903 (4.6%)                       ||
||    Running time : 0.05 minutes                                             ||
||                                                                            ||
|| Process BAM file 180_C57Bl6_CTRL_sub1.co.bam...                            ||
||    Single-end reads are included.                                          ||
||    Total alignments : 20000000                                             ||
||    Successfully assigned alignments : 915752 (4.6%)                        ||
||    Running time : 0.03 minutes                                             ||
||                                                                            ||
|| Process BAM file 180_C57Bl6_CTRL_sub2.co.bam...                            ||
||    Single-end reads are included.                                          ||
||    Total alignments : 15000000                                             ||
||    Successfully assigned alignments : 687553 (4.6%)                        ||
||    Running time : 0.02 minutes                                             ||
||                                                                            ||
|| Process BAM file 181_C57Bl6_SD_full.co.bam...                              ||
||    Single-end reads are included.                                          ||
||    Total alignments : 43499437                                             ||
||    Successfully assigned alignments : 1650355 (3.8%)                       ||
||    Running time : 0.04 minutes                                             ||
||                                                                            ||
|| Process BAM file 181_C57Bl6_SD_sub1.co.bam...                              ||
||    Single-end reads are included.                                          ||
||    Total alignments : 20000000                                             ||
||    Successfully assigned alignments : 759113 (3.8%)                        ||
||    Running time : 0.03 minutes                                             ||
||                                                                            ||
|| Process BAM file 181_C57Bl6_SD_sub2.co.bam...                              ||
||    Single-end reads are included.                                          ||
||    Total alignments : 15000000                                             ||
||    Successfully assigned alignments : 569341 (3.8%)                        ||
||    Running time : 0.02 minutes                                             ||
||                                                                            ||
|| Process BAM file 182_DBA_CTRL_full.co.bam...                               ||
||    Single-end reads are included.                                          ||
||    Total alignments : 43651939                                             ||
||    Successfully assigned alignments : 2395270 (5.5%)                       ||
||    Running time : 0.05 minutes                                             ||
||                                                                            ||
|| Process BAM file 182_DBA_CTRL_sub1.co.bam...                               ||
||    Single-end reads are included.                                          ||
||    Total alignments : 20000000                                             ||
||    Successfully assigned alignments : 1097401 (5.5%)                       ||
||    Running time : 0.03 minutes                                             ||
||                                                                            ||
|| Process BAM file 182_DBA_CTRL_sub2.co.bam...                               ||
||    Single-end reads are included.                                          ||
||    Total alignments : 15000000                                             ||
||    Successfully assigned alignments : 822643 (5.5%)                        ||
||    Running time : 0.02 minutes                                             ||
||                                                                            ||
|| Process BAM file 183_DBA_SD_full.co.bam...                                 ||
||    Single-end reads are included.                                          ||
||    Total alignments : 56761801                                             ||
||    Successfully assigned alignments : 2861613 (5.0%)                       ||
||    Running time : 0.05 minutes                                             ||
||                                                                            ||
|| Process BAM file 183_DBA_SD_sub1.co.bam...                                 ||
||    Single-end reads are included.                                          ||
||    Total alignments : 20000000                                             ||
||    Successfully assigned alignments : 1006762 (5.0%)                       ||
||    Running time : 0.03 minutes                                             ||
||                                                                            ||
|| Process BAM file 183_DBA_SD_sub2.co.bam...                                 ||
||    Single-end reads are included.                                          ||
||    Total alignments : 15000000                                             ||
||    Successfully assigned alignments : 756112 (5.0%)                        ||
||    Running time : 0.02 minutes                                             ||
||                                                                            ||
|| Process BAM file 184_BXD43_CTRL_full.co.bam...                             ||
||    Single-end reads are included.                                          ||
||    Total alignments : 40379615                                             ||
||    Successfully assigned alignments : 1229887 (3.0%)                       ||
||    Running time : 0.04 minutes                                             ||
||                                                                            ||
|| Process BAM file 184_BXD43_CTRL_sub1.co.bam...                             ||
||    Single-end reads are included.                                          ||
||    Total alignments : 20000000                                             ||
||    Successfully assigned alignments : 609382 (3.0%)                        ||
||    Running time : 0.02 minutes                                             ||
||                                                                            ||
|| Process BAM file 184_BXD43_CTRL_sub2.co.bam...                             ||
||    Single-end reads are included.                                          ||
||    Total alignments : 15000000                                             ||
||    Successfully assigned alignments : 456353 (3.0%)                        ||
||    Running time : 0.02 minutes                                             ||
||                                                                            ||
|| Process BAM file 185_BXD43_SD_full.co.bam...                               ||
||    Single-end reads are included.                                          ||
||    Total alignments : 101887950                                            ||
||    Successfully assigned alignments : 3577440 (3.5%)                       ||
||    Running time : 0.10 minutes                                             ||
||                                                                            ||
|| Process BAM file 185_BXD43_SD_sub1.co.bam...                               ||
||    Single-end reads are included.                                          ||
||    Total alignments : 20000000                                             ||
||    Successfully assigned alignments : 702332 (3.5%)                        ||
||    Running time : 0.03 minutes                                             ||
||                                                                            ||
|| Process BAM file 185_BXD43_SD_sub2.co.bam...                               ||
||    Single-end reads are included.                                          ||
||    Total alignments : 15000000                                             ||
||    Successfully assigned alignments : 527468 (3.5%)                        ||
||    Running time : 0.02 minutes                                             ||
||                                                                            ||
|| Process BAM file 186_BXD50_CTRL_full.co.bam...                             ||
||    Single-end reads are included.                                          ||
||    Total alignments : 40263749                                             ||
||    Successfully assigned alignments : 1280640 (3.2%)                       ||
||    Running time : 0.04 minutes                                             ||
||                                                                            ||
|| Process BAM file 186_BXD50_CTRL_sub1.co.bam...                             ||
||    Single-end reads are included.                                          ||
||    Total alignments : 20000000                                             ||
||    Successfully assigned alignments : 636521 (3.2%)                        ||
||    Running time : 0.03 minutes                                             ||
||                                                                            ||
|| Process BAM file 186_BXD50_CTRL_sub2.co.bam...                             ||
||    Single-end reads are included.                                          ||
||    Total alignments : 15000000                                             ||
||    Successfully assigned alignments : 476095 (3.2%)                        ||
||    Running time : 0.02 minutes                                             ||
||                                                                            ||
|| Process BAM file 187_BXD50_SD_full.co.bam...                               ||
||    Single-end reads are included.                                          ||
||    Total alignments : 55794297                                             ||
||    Successfully assigned alignments : 2605059 (4.7%)                       ||
||    Running time : 0.06 minutes                                             ||
||                                                                            ||
|| Process BAM file 187_BXD50_SD_sub1.co.bam...                               ||
||    Single-end reads are included.                                          ||
||    Total alignments : 20000000                                             ||
||    Successfully assigned alignments : 933387 (4.7%)                        ||
||    Running time : 0.03 minutes                                             ||
||                                                                            ||
|| Process BAM file 187_BXD50_SD_sub2.co.bam...                               ||
||    Single-end reads are included.                                          ||
||    Total alignments : 15000000                                             ||
||    Successfully assigned alignments : 699549 (4.7%)                        ||
||    Running time : 0.02 minutes                                             ||
||                                                                            ||
|| Process BAM file 188_BXD65_CTRL_full.co.bam...                             ||
||    Single-end reads are included.                                          ||
||    Total alignments : 44960971                                             ||
||    Successfully assigned alignments : 2047408 (4.6%)                       ||
||    Running time : 0.05 minutes                                             ||
||                                                                            ||
|| Process BAM file 188_BXD65_CTRL_sub1.co.bam...                             ||
||    Single-end reads are included.                                          ||
||    Total alignments : 20000000                                             ||
||    Successfully assigned alignments : 909947 (4.5%)                        ||
||    Running time : 0.03 minutes                                             ||
||                                                                            ||
|| Process BAM file 188_BXD65_CTRL_sub2.co.bam...                             ||
||    Single-end reads are included.                                          ||
||    Total alignments : 15000000                                             ||
||    Successfully assigned alignments : 681993 (4.5%)                        ||
||    Running time : 0.02 minutes                                             ||
||                                                                            ||
|| Process BAM file 189_BXD65_SD_full.co.bam...                               ||
||    Single-end reads are included.                                          ||
||    Total alignments : 48176095                                             ||
||    Successfully assigned alignments : 1851958 (3.8%)                       ||
||    Running time : 0.05 minutes                                             ||
||                                                                            ||
|| Process BAM file 189_BXD65_SD_sub1.co.bam...                               ||
||    Single-end reads are included.                                          ||
||    Total alignments : 20000000                                             ||
||    Successfully assigned alignments : 769084 (3.8%)                        ||
||    Running time : 0.03 minutes                                             ||
||                                                                            ||
|| Process BAM file 189_BXD65_SD_sub2.co.bam...                               ||
||    Single-end reads are included.                                          ||
||    Total alignments : 15000000                                             ||
||    Successfully assigned alignments : 575595 (3.8%)                        ||
||    Running time : 0.02 minutes                                             ||
||                                                                            ||
|| Process BAM file 190_65a_CTRL_full.co.bam...                               ||
||    Single-end reads are included.                                          ||
||    Total alignments : 49412201                                             ||
||    Successfully assigned alignments : 1150174 (2.3%)                       ||
||    Running time : 0.05 minutes                                             ||
||                                                                            ||
|| Process BAM file 190_65a_CTRL_sub1.co.bam...                               ||
||    Single-end reads are included.                                          ||
||    Total alignments : 20000000                                             ||
||    Successfully assigned alignments : 465853 (2.3%)                        ||
||    Running time : 0.03 minutes                                             ||
||                                                                            ||
|| Process BAM file 190_65a_CTRL_sub2.co.bam...                               ||
||    Single-end reads are included.                                          ||
||    Total alignments : 15000000                                             ||
||    Successfully assigned alignments : 350084 (2.3%)                        ||
||    Running time : 0.02 minutes                                             ||
||                                                                            ||
|| Process BAM file 192_BXD98_CTRL_full.co.bam...                             ||
||    Single-end reads are included.                                          ||
||    Total alignments : 61145733                                             ||
||    Successfully assigned alignments : 1784185 (2.9%)                       ||
||    Running time : 0.06 minutes                                             ||
||                                                                            ||
|| Process BAM file 192_BXD98_CTRL_sub1.co.bam...                             ||
||    Single-end reads are included.                                          ||
||    Total alignments : 20000000                                             ||
||    Successfully assigned alignments : 584434 (2.9%)                        ||
||    Running time : 0.03 minutes                                             ||
||                                                                            ||
|| Process BAM file 192_BXD98_CTRL_sub2.co.bam...                             ||
||    Single-end reads are included.                                          ||
||    Total alignments : 15000000                                             ||
||    Successfully assigned alignments : 437843 (2.9%)                        ||
||    Running time : 0.02 minutes                                             ||
||                                                                            ||
|| Process BAM file 193_BXD98_SD_full.co.bam...                               ||
||    Single-end reads are included.                                          ||
||    Total alignments : 94157238                                             ||
||    Successfully assigned alignments : 4023281 (4.3%)                       ||
||    Running time : 0.09 minutes                                             ||
||                                                                            ||
|| Process BAM file 193_BXD98_SD_sub1.co.bam...                               ||
||    Single-end reads are included.                                          ||
||    Total alignments : 20000000                                             ||
||    Successfully assigned alignments : 853835 (4.3%)                        ||
||    Running time : 0.03 minutes                                             ||
||                                                                            ||
|| Process BAM file 193_BXD98_SD_sub2.co.bam...                               ||
||    Single-end reads are included.                                          ||
||    Total alignments : 15000000                                             ||
||    Successfully assigned alignments : 640614 (4.3%)                        ||
||    Running time : 0.02 minutes                                             ||
||                                                                            ||
|| Process BAM file 194_BXD98_CTRL_full.co.bam...                             ||
||    Single-end reads are included.                                          ||
||    Total alignments : 80800800                                             ||
||    Successfully assigned alignments : 2833624 (3.5%)                       ||
||    Running time : 0.08 minutes                                             ||
||                                                                            ||
|| Process BAM file 194_BXD98_CTRL_sub1.co.bam...                             ||
||    Single-end reads are included.                                          ||
||    Total alignments : 20000000                                             ||
||    Successfully assigned alignments : 700982 (3.5%)                        ||
||    Running time : 0.03 minutes                                             ||
||                                                                            ||
|| Process BAM file 194_BXD98_CTRL_sub2.co.bam...                             ||
||    Single-end reads are included.                                          ||
||    Total alignments : 15000000                                             ||
||    Successfully assigned alignments : 526133 (3.5%)                        ||
||    Running time : 0.02 minutes                                             ||
||                                                                            ||
|| Process BAM file 195_BXD98_SD_full.co.bam...                               ||
||    Single-end reads are included.                                          ||
||    Total alignments : 45359989                                             ||
||    Successfully assigned alignments : 1617478 (3.6%)                       ||
||    Running time : 0.05 minutes                                             ||
||                                                                            ||
|| Process BAM file 195_BXD98_SD_sub1.co.bam...                               ||
||    Single-end reads are included.                                          ||
||    Total alignments : 20000000                                             ||
||    Successfully assigned alignments : 713081 (3.6%)                        ||
||    Running time : 0.03 minutes                                             ||
||                                                                            ||
|| Process BAM file 195_BXD98_SD_sub2.co.bam...                               ||
||    Single-end reads are included.                                          ||
||    Total alignments : 15000000                                             ||
||    Successfully assigned alignments : 535351 (3.6%)                        ||
||    Running time : 0.02 minutes                                             ||
||                                                                            ||
|| Process BAM file 196_BXD100_CTRL_full.co.bam...                            ||
||    Single-end reads are included.                                          ||
||    Total alignments : 52205737                                             ||
||    Successfully assigned alignments : 1359288 (2.6%)                       ||
||    Running time : 0.06 minutes                                             ||
||                                                                            ||
|| Process BAM file 196_BXD100_CTRL_sub1.co.bam...                            ||
||    Single-end reads are included.                                          ||
||    Total alignments : 20000000                                             ||
||    Successfully assigned alignments : 520822 (2.6%)                        ||
||    Running time : 0.03 minutes                                             ||
||                                                                            ||
|| Process BAM file 196_BXD100_CTRL_sub2.co.bam...                            ||
||    Single-end reads are included.                                          ||
||    Total alignments : 15000000                                             ||
||    Successfully assigned alignments : 390610 (2.6%)                        ||
||    Running time : 0.02 minutes                                             ||
||                                                                            ||
|| Process BAM file 197_BXD100_SD_full.co.bam...                              ||
||    Single-end reads are included.                                          ||
||    Total alignments : 108709144                                            ||
||    Successfully assigned alignments : 3539822 (3.3%)                       ||
||    Running time : 0.10 minutes                                             ||
||                                                                            ||
|| Process BAM file 197_BXD100_SD_sub1.co.bam...                              ||
||    Single-end reads are included.                                          ||
||    Total alignments : 20000000                                             ||
||    Successfully assigned alignments : 652197 (3.3%)                        ||
||    Running time : 0.03 minutes                                             ||
||                                                                            ||
|| Process BAM file 197_BXD100_SD_sub2.co.bam...                              ||
||    Single-end reads are included.                                          ||
||    Total alignments : 15000000                                             ||
||    Successfully assigned alignments : 488115 (3.3%)                        ||
||    Running time : 0.02 minutes                                             ||
||                                                                            ||
|| Process BAM file 198_73b_CTRL_full.co.bam...                               ||
||    Single-end reads are included.                                          ||
||    Total alignments : 50962578                                             ||
||    Successfully assigned alignments : 1600841 (3.1%)                       ||
||    Running time : 0.05 minutes                                             ||
||                                                                            ||
|| Process BAM file 198_73b_CTRL_sub1.co.bam...                               ||
||    Single-end reads are included.                                          ||
||    Total alignments : 20000000                                             ||
||    Successfully assigned alignments : 627704 (3.1%)                        ||
||    Running time : 0.03 minutes                                             ||
||                                                                            ||
|| Process BAM file 198_73b_CTRL_sub2.co.bam...                               ||
||    Single-end reads are included.                                          ||
||    Total alignments : 15000000                                             ||
||    Successfully assigned alignments : 470598 (3.1%)                        ||
||    Running time : 0.02 minutes                                             ||
||                                                                            ||
|| Process BAM file 199_73b_SD_full.co.bam...                                 ||
||    Single-end reads are included.                                          ||
||    Total alignments : 45806394                                             ||
||    Successfully assigned alignments : 1229367 (2.7%)                       ||
||    Running time : 0.05 minutes                                             ||
||                                                                            ||
|| Process BAM file 199_73b_SD_sub1.co.bam...                                 ||
||    Single-end reads are included.                                          ||
||    Total alignments : 20000000                                             ||
||    Successfully assigned alignments : 536730 (2.7%)                        ||
||    Running time : 0.03 minutes                                             ||
||                                                                            ||
|| Process BAM file 199_73b_SD_sub2.co.bam...                                 ||
||    Single-end reads are included.                                          ||
||    Total alignments : 15000000                                             ||
||    Successfully assigned alignments : 402628 (2.7%)                        ||
||    Running time : 0.02 minutes                                             ||
||                                                                            ||
|| Process BAM file 200_C57Bl6_CTRL_full.co.bam...                            ||
||    Single-end reads are included.                                          ||
||    Total alignments : 49847225                                             ||
||    Successfully assigned alignments : 1459946 (2.9%)                       ||
||    Running time : 0.05 minutes                                             ||
||                                                                            ||
|| Process BAM file 200_C57Bl6_CTRL_sub1.co.bam...                            ||
||    Single-end reads are included.                                          ||
||    Total alignments : 20000000                                             ||
||    Successfully assigned alignments : 585620 (2.9%)                        ||
||    Running time : 0.03 minutes                                             ||
||                                                                            ||
|| Process BAM file 200_C57Bl6_CTRL_sub2.co.bam...                            ||
||    Single-end reads are included.                                          ||
||    Total alignments : 15000000                                             ||
||    Successfully assigned alignments : 440125 (2.9%)                        ||
||    Running time : 0.02 minutes                                             ||
||                                                                            ||
|| Process BAM file 201_C57Bl6_SD_full.co.bam...                              ||
||    Single-end reads are included.                                          ||
||    Total alignments : 36951368                                             ||
||    Successfully assigned alignments : 1856268 (5.0%)                       ||
||    Running time : 0.04 minutes                                             ||
||                                                                            ||
|| Process BAM file 201_C57Bl6_SD_sub1.co.bam...                              ||
||    Single-end reads are included.                                          ||
||    Total alignments : 20000000                                             ||
||    Successfully assigned alignments : 1004731 (5.0%)                       ||
||    Running time : 0.02 minutes                                             ||
||                                                                            ||
|| Process BAM file 201_C57Bl6_SD_sub2.co.bam...                              ||
||    Single-end reads are included.                                          ||
||    Total alignments : 15000000                                             ||
||    Successfully assigned alignments : 753206 (5.0%)                        ||
||    Running time : 0.02 minutes                                             ||
||                                                                            ||
|| Process BAM file 202_DBA_CTRL_full.co.bam...                               ||
||    Single-end reads are included.                                          ||
||    Total alignments : 39692374                                             ||
||    Successfully assigned alignments : 1476309 (3.7%)                       ||
||    Running time : 0.04 minutes                                             ||
||                                                                            ||
|| Process BAM file 202_DBA_CTRL_sub1.co.bam...                               ||
||    Single-end reads are included.                                          ||
||    Total alignments : 20000000                                             ||
||    Successfully assigned alignments : 744027 (3.7%)                        ||
||    Running time : 0.02 minutes                                             ||
||                                                                            ||
|| Process BAM file 202_DBA_CTRL_sub2.co.bam...                               ||
||    Single-end reads are included.                                          ||
||    Total alignments : 15000000                                             ||
||    Successfully assigned alignments : 558255 (3.7%)                        ||
||    Running time : 0.02 minutes                                             ||
||                                                                            ||
|| Process BAM file 203_DBA_SD_full.co.bam...                                 ||
||    Single-end reads are included.                                          ||
||    Total alignments : 57827621                                             ||
||    Successfully assigned alignments : 2085983 (3.6%)                       ||
||    Running time : 0.06 minutes                                             ||
||                                                                            ||
|| Process BAM file 203_DBA_SD_sub1.co.bam...                                 ||
||    Single-end reads are included.                                          ||
||    Total alignments : 20000000                                             ||
||    Successfully assigned alignments : 720753 (3.6%)                        ||
||    Running time : 0.03 minutes                                             ||
||                                                                            ||
|| Process BAM file 203_DBA_SD_sub2.co.bam...                                 ||
||    Single-end reads are included.                                          ||
||    Total alignments : 15000000                                             ||
||    Successfully assigned alignments : 540738 (3.6%)                        ||
||    Running time : 0.02 minutes                                             ||
||                                                                            ||
|| Process BAM file 204_BXD44_CTRL_full.co.bam...                             ||
||    Single-end reads are included.                                          ||
||    Total alignments : 43907503                                             ||
||    Successfully assigned alignments : 1368437 (3.1%)                       ||
||    Running time : 0.04 minutes                                             ||
||                                                                            ||
|| Process BAM file 204_BXD44_CTRL_sub1.co.bam...                             ||
||    Single-end reads are included.                                          ||
||    Total alignments : 20000000                                             ||
||    Successfully assigned alignments : 623415 (3.1%)                        ||
||    Running time : 0.03 minutes                                             ||
||                                                                            ||
|| Process BAM file 204_BXD44_CTRL_sub2.co.bam...                             ||
||    Single-end reads are included.                                          ||
||    Total alignments : 15000000                                             ||
||    Successfully assigned alignments : 467775 (3.1%)                        ||
||    Running time : 0.02 minutes                                             ||
||                                                                            ||
|| Process BAM file 205_BXD44_SD_full.co.bam...                               ||
||    Single-end reads are included.                                          ||
||    Total alignments : 49865198                                             ||
||    Successfully assigned alignments : 1568359 (3.1%)                       ||
||    Running time : 0.05 minutes                                             ||
||                                                                            ||
|| Process BAM file 205_BXD44_SD_sub1.co.bam...                               ||
||    Single-end reads are included.                                          ||
||    Total alignments : 20000000                                             ||
||    Successfully assigned alignments : 628991 (3.1%)                        ||
||    Running time : 0.03 minutes                                             ||
||                                                                            ||
|| Process BAM file 205_BXD44_SD_sub2.co.bam...                               ||
||    Single-end reads are included.                                          ||
||    Total alignments : 15000000                                             ||
||    Successfully assigned alignments : 473229 (3.2%)                        ||
||    Running time : 0.02 minutes                                             ||
||                                                                            ||
|| Process BAM file 206_BXD44_CTRL_full.co.bam...                             ||
||    Single-end reads are included.                                          ||
||    Total alignments : 62919762                                             ||
||    Successfully assigned alignments : 2244495 (3.6%)                       ||
||    Running time : 0.06 minutes                                             ||
||                                                                            ||
|| Process BAM file 206_BXD44_CTRL_sub1.co.bam...                             ||
||    Single-end reads are included.                                          ||
||    Total alignments : 20000000                                             ||
||    Successfully assigned alignments : 713813 (3.6%)                        ||
||    Running time : 0.03 minutes                                             ||
||                                                                            ||
|| Process BAM file 206_BXD44_CTRL_sub2.co.bam...                             ||
||    Single-end reads are included.                                          ||
||    Total alignments : 15000000                                             ||
||    Successfully assigned alignments : 535524 (3.6%)                        ||
||    Running time : 0.02 minutes                                             ||
||                                                                            ||
|| Process BAM file 207_BXD44_SD_full.co.bam...                               ||
||    Single-end reads are included.                                          ||
||    Total alignments : 61371660                                             ||
||    Successfully assigned alignments : 2241388 (3.7%)                       ||
||    Running time : 0.06 minutes                                             ||
||                                                                            ||
|| Process BAM file 207_BXD44_SD_sub1.co.bam...                               ||
||    Single-end reads are included.                                          ||
||    Total alignments : 20000000                                             ||
||    Successfully assigned alignments : 730992 (3.7%)                        ||
||    Running time : 0.03 minutes                                             ||
||                                                                            ||
|| Process BAM file 207_BXD44_SD_sub2.co.bam...                               ||
||    Single-end reads are included.                                          ||
||    Total alignments : 15000000                                             ||
||    Successfully assigned alignments : 548409 (3.7%)                        ||
||    Running time : 0.02 minutes                                             ||
||                                                                            ||
|| Process BAM file 208_BXD44_CTRL_full.co.bam...                             ||
||    Single-end reads are included.                                          ||
||    Total alignments : 57247924                                             ||
||    Successfully assigned alignments : 2204332 (3.9%)                       ||
||    Running time : 0.06 minutes                                             ||
||                                                                            ||
|| Process BAM file 208_BXD44_CTRL_sub1.co.bam...                             ||
||    Single-end reads are included.                                          ||
||    Total alignments : 20000000                                             ||
||    Successfully assigned alignments : 769366 (3.8%)                        ||
||    Running time : 0.03 minutes                                             ||
||                                                                            ||
|| Process BAM file 208_BXD44_CTRL_sub2.co.bam...                             ||
||    Single-end reads are included.                                          ||
||    Total alignments : 15000000                                             ||
||    Successfully assigned alignments : 578376 (3.9%)                        ||
||    Running time : 0.02 minutes                                             ||
||                                                                            ||
|| Process BAM file 209_BXD44_SD_full.co.bam...                               ||
||    Single-end reads are included.                                          ||
||    Total alignments : 49777641                                             ||
||    Successfully assigned alignments : 1621235 (3.3%)                       ||
||    Running time : 0.05 minutes                                             ||
||                                                                            ||
|| Process BAM file 209_BXD44_SD_sub1.co.bam...                               ||
||    Single-end reads are included.                                          ||
||    Total alignments : 20000000                                             ||
||    Successfully assigned alignments : 651668 (3.3%)                        ||
||    Running time : 0.03 minutes                                             ||
||                                                                            ||
|| Process BAM file 209_BXD44_SD_sub2.co.bam...                               ||
||    Single-end reads are included.                                          ||
||    Total alignments : 15000000                                             ||
||    Successfully assigned alignments : 489183 (3.3%)                        ||
||    Running time : 0.02 minutes                                             ||
||                                                                            ||
|| Process BAM file 210_BXD79_CTRL_full.co.bam...                             ||
||    Single-end reads are included.                                          ||
||    Total alignments : 50355147                                             ||
||    Successfully assigned alignments : 1857302 (3.7%)                       ||
||    Running time : 0.05 minutes                                             ||
||                                                                            ||
|| Process BAM file 210_BXD79_CTRL_sub1.co.bam...                             ||
||    Single-end reads are included.                                          ||
||    Total alignments : 20000000                                             ||
||    Successfully assigned alignments : 738165 (3.7%)                        ||
||    Running time : 0.03 minutes                                             ||
||                                                                            ||
|| Process BAM file 210_BXD79_CTRL_sub2.co.bam...                             ||
||    Single-end reads are included.                                          ||
||    Total alignments : 15000000                                             ||
||    Successfully assigned alignments : 553339 (3.7%)                        ||
||    Running time : 0.02 minutes                                             ||
||                                                                            ||
|| Process BAM file 211_BXD79_SD_full.co.bam...                               ||
||    Single-end reads are included.                                          ||
||    Total alignments : 55902580                                             ||
||    Successfully assigned alignments : 1768369 (3.2%)                       ||
||    Running time : 0.06 minutes                                             ||
||                                                                            ||
|| Process BAM file 211_BXD79_SD_sub1.co.bam...                               ||
||    Single-end reads are included.                                          ||
||    Total alignments : 20000000                                             ||
||    Successfully assigned alignments : 633597 (3.2%)                        ||
||    Running time : 0.03 minutes                                             ||
||                                                                            ||
|| Process BAM file 211_BXD79_SD_sub2.co.bam...                               ||
||    Single-end reads are included.                                          ||
||    Total alignments : 15000000                                             ||
||    Successfully assigned alignments : 474951 (3.2%)                        ||
||    Running time : 0.02 minutes                                             ||
||                                                                            ||
|| Process BAM file 212_BXD79_CTRL_full.co.bam...                             ||
||    Single-end reads are included.                                          ||
||    Total alignments : 45844430                                             ||
||    Successfully assigned alignments : 1434315 (3.1%)                       ||
||    Running time : 0.05 minutes                                             ||
||                                                                            ||
|| Process BAM file 212_BXD79_CTRL_sub1.co.bam...                             ||
||    Single-end reads are included.                                          ||
||    Total alignments : 20000000                                             ||
||    Successfully assigned alignments : 626754 (3.1%)                        ||
||    Running time : 0.03 minutes                                             ||
||                                                                            ||
|| Process BAM file 212_BXD79_CTRL_sub2.co.bam...                             ||
||    Single-end reads are included.                                          ||
||    Total alignments : 15000000                                             ||
||    Successfully assigned alignments : 468946 (3.1%)                        ||
||    Running time : 0.02 minutes                                             ||
||                                                                            ||
|| Process BAM file 213_BXD79_SD_full.co.bam...                               ||
||    Single-end reads are included.                                          ||
||    Total alignments : 36603716                                             ||
||    Successfully assigned alignments : 1214713 (3.3%)                       ||
||    Running time : 0.04 minutes                                             ||
||                                                                            ||
|| Process BAM file 213_BXD79_SD_sub1.co.bam...                               ||
||    Single-end reads are included.                                          ||
||    Total alignments : 20000000                                             ||
||    Successfully assigned alignments : 663714 (3.3%)                        ||
||    Running time : 0.03 minutes                                             ||
||                                                                            ||
|| Process BAM file 213_BXD79_SD_sub2.co.bam...                               ||
||    Single-end reads are included.                                          ||
||    Total alignments : 15000000                                             ||
||    Successfully assigned alignments : 497834 (3.3%)                        ||
||    Running time : 0.02 minutes                                             ||
||                                                                            ||
|| Process BAM file 214_65a_CTRL_full.co.bam...                               ||
||    Single-end reads are included.                                          ||
||    Total alignments : 50504154                                             ||
||    Successfully assigned alignments : 1588543 (3.1%)                       ||
||    Running time : 0.05 minutes                                             ||
||                                                                            ||
|| Process BAM file 214_65a_CTRL_sub1.co.bam...                               ||
||    Single-end reads are included.                                          ||
||    Total alignments : 20000000                                             ||
||    Successfully assigned alignments : 629372 (3.1%)                        ||
||    Running time : 0.03 minutes                                             ||
||                                                                            ||
|| Process BAM file 214_65a_CTRL_sub2.co.bam...                               ||
||    Single-end reads are included.                                          ||
||    Total alignments : 15000000                                             ||
||    Successfully assigned alignments : 471263 (3.1%)                        ||
||    Running time : 0.02 minutes                                             ||
||                                                                            ||
|| Process BAM file 215_65a_SD_full.co.bam...                                 ||
||    Single-end reads are included.                                          ||
||    Total alignments : 77393387                                             ||
||    Successfully assigned alignments : 2320068 (3.0%)                       ||
||    Running time : 0.08 minutes                                             ||
||                                                                            ||
|| Process BAM file 215_65a_SD_sub1.co.bam...                                 ||
||    Single-end reads are included.                                          ||
||    Total alignments : 20000000                                             ||
||    Successfully assigned alignments : 598992 (3.0%)                        ||
||    Running time : 0.03 minutes                                             ||
||                                                                            ||
|| Process BAM file 215_65a_SD_sub2.co.bam...                                 ||
||    Single-end reads are included.                                          ||
||    Total alignments : 15000000                                             ||
||    Successfully assigned alignments : 449834 (3.0%)                        ||
||    Running time : 0.02 minutes                                             ||
||                                                                            ||
|| Process BAM file 216_C57Bl6_CTRL_full.co.bam...                            ||
||    Single-end reads are included.                                          ||
||    Total alignments : 47562979                                             ||
||    Successfully assigned alignments : 1431801 (3.0%)                       ||
||    Running time : 0.05 minutes                                             ||
||                                                                            ||
|| Process BAM file 216_C57Bl6_CTRL_sub1.co.bam...                            ||
||    Single-end reads are included.                                          ||
||    Total alignments : 20000000                                             ||
||    Successfully assigned alignments : 601507 (3.0%)                        ||
||    Running time : 0.03 minutes                                             ||
||                                                                            ||
|| Process BAM file 216_C57Bl6_CTRL_sub2.co.bam...                            ||
||    Single-end reads are included.                                          ||
||    Total alignments : 15000000                                             ||
||    Successfully assigned alignments : 451605 (3.0%)                        ||
||    Running time : 0.02 minutes                                             ||
||                                                                            ||
|| Process BAM file 217_C57Bl6_SD_full.co.bam...                              ||
||    Single-end reads are included.                                          ||
||    Total alignments : 49319826                                             ||
||    Successfully assigned alignments : 1680029 (3.4%)                       ||
||    Running time : 0.05 minutes                                             ||
||                                                                            ||
|| Process BAM file 217_C57Bl6_SD_sub1.co.bam...                              ||
||    Single-end reads are included.                                          ||
||    Total alignments : 20000000                                             ||
||    Successfully assigned alignments : 679983 (3.4%)                        ||
||    Running time : 0.03 minutes                                             ||
||                                                                            ||
|| Process BAM file 217_C57Bl6_SD_sub2.co.bam...                              ||
||    Single-end reads are included.                                          ||
||    Total alignments : 15000000                                             ||
||    Successfully assigned alignments : 510922 (3.4%)                        ||
||    Running time : 0.02 minutes                                             ||
||                                                                            ||
|| Process BAM file 218_DBA_CTRL_full.co.bam...                               ||
||    Single-end reads are included.                                          ||
||    Total alignments : 43639981                                             ||
||    Successfully assigned alignments : 1592006 (3.6%)                       ||
||    Running time : 0.05 minutes                                             ||
||                                                                            ||
|| Process BAM file 218_DBA_CTRL_sub1.co.bam...                               ||
||    Single-end reads are included.                                          ||
||    Total alignments : 20000000                                             ||
||    Successfully assigned alignments : 730056 (3.7%)                        ||
||    Running time : 0.03 minutes                                             ||
||                                                                            ||
|| Process BAM file 218_DBA_CTRL_sub2.co.bam...                               ||
||    Single-end reads are included.                                          ||
||    Total alignments : 15000000                                             ||
||    Successfully assigned alignments : 547780 (3.7%)                        ||
||    Running time : 0.02 minutes                                             ||
||                                                                            ||
|| Process BAM file 219_DBA_SD_full.co.bam...                                 ||
||    Single-end reads are included.                                          ||
||    Total alignments : 41795118                                             ||
||    Successfully assigned alignments : 1286282 (3.1%)                       ||
||    Running time : 0.05 minutes                                             ||
||                                                                            ||
|| Process BAM file 219_DBA_SD_sub1.co.bam...                                 ||
||    Single-end reads are included.                                          ||
||    Total alignments : 20000000                                             ||
||    Successfully assigned alignments : 614948 (3.1%)                        ||
||    Running time : 0.03 minutes                                             ||
||                                                                            ||
|| Process BAM file 219_DBA_SD_sub2.co.bam...                                 ||
||    Single-end reads are included.                                          ||
||    Total alignments : 15000000                                             ||
||    Successfully assigned alignments : 461991 (3.1%)                        ||
||    Running time : 0.02 minutes                                             ||
||                                                                            ||
|| Process BAM file 220_BXD71_CTRL_full.co.bam...                             ||
||    Single-end reads are included.                                          ||
||    Total alignments : 43362132                                             ||
||    Successfully assigned alignments : 1530006 (3.5%)                       ||
||    Running time : 0.05 minutes                                             ||
||                                                                            ||
|| Process BAM file 220_BXD71_CTRL_sub1.co.bam...                             ||
||    Single-end reads are included.                                          ||
||    Total alignments : 20000000                                             ||
||    Successfully assigned alignments : 706122 (3.5%)                        ||
||    Running time : 0.03 minutes                                             ||
||                                                                            ||
|| Process BAM file 220_BXD71_CTRL_sub2.co.bam...                             ||
||    Single-end reads are included.                                          ||
||    Total alignments : 15000000                                             ||
||    Successfully assigned alignments : 529100 (3.5%)                        ||
||    Running time : 0.02 minutes                                             ||
||                                                                            ||
|| Process BAM file 221_BXD71_SD_full.co.bam...                               ||
||    Single-end reads are included.                                          ||
||    Total alignments : 47112597                                             ||
||    Successfully assigned alignments : 1415933 (3.0%)                       ||
||    Running time : 0.05 minutes                                             ||
||                                                                            ||
|| Process BAM file 221_BXD71_SD_sub1.co.bam...                               ||
||    Single-end reads are included.                                          ||
||    Total alignments : 20000000                                             ||
||    Successfully assigned alignments : 601390 (3.0%)                        ||
||    Running time : 0.03 minutes                                             ||
||                                                                            ||
|| Process BAM file 221_BXD71_SD_sub2.co.bam...                               ||
||    Single-end reads are included.                                          ||
||    Total alignments : 15000000                                             ||
||    Successfully assigned alignments : 451250 (3.0%)                        ||
||    Running time : 0.02 minutes                                             ||
||                                                                            ||
|| Process BAM file 222_BXD101_CTRL_full.co.bam...                            ||
||    Single-end reads are included.                                          ||
||    Total alignments : 43657930                                             ||
||    Successfully assigned alignments : 1409227 (3.2%)                       ||
||    Running time : 0.05 minutes                                             ||
||                                                                            ||
|| Process BAM file 222_BXD101_CTRL_sub1.co.bam...                            ||
||    Single-end reads are included.                                          ||
||    Total alignments : 20000000                                             ||
||    Successfully assigned alignments : 646136 (3.2%)                        ||
||    Running time : 0.03 minutes                                             ||
||                                                                            ||
|| Process BAM file 222_BXD101_CTRL_sub2.co.bam...                            ||
||    Single-end reads are included.                                          ||
||    Total alignments : 15000000                                             ||
||    Successfully assigned alignments : 485324 (3.2%)                        ||
||    Running time : 0.02 minutes                                             ||
||                                                                            ||
|| Process BAM file 223_BXD101_SD_full.co.bam...                              ||
||    Single-end reads are included.                                          ||
||    Total alignments : 66654028                                             ||
||    Successfully assigned alignments : 2170409 (3.3%)                       ||
||    Running time : 0.07 minutes                                             ||
||                                                                            ||
|| Process BAM file 223_BXD101_SD_sub1.co.bam...                              ||
||    Single-end reads are included.                                          ||
||    Total alignments : 20000000                                             ||
||    Successfully assigned alignments : 651191 (3.3%)                        ||
||    Running time : 0.03 minutes                                             ||
||                                                                            ||
|| Process BAM file 223_BXD101_SD_sub2.co.bam...                              ||
||    Single-end reads are included.                                          ||
||    Total alignments : 15000000                                             ||
||    Successfully assigned alignments : 489321 (3.3%)                        ||
||    Running time : 0.02 minutes                                             ||
||                                                                            ||
|| Process BAM file 224_BXD71_CTRL_full.co.bam...                             ||
||    Single-end reads are included.                                          ||
||    Total alignments : 43585484                                             ||
||    Successfully assigned alignments : 1462033 (3.4%)                       ||
||    Running time : 0.04 minutes                                             ||
||                                                                            ||
|| Process BAM file 224_BXD71_CTRL_sub1.co.bam...                             ||
||    Single-end reads are included.                                          ||
||    Total alignments : 20000000                                             ||
||    Successfully assigned alignments : 671800 (3.4%)                        ||
||    Running time : 0.03 minutes                                             ||
||                                                                            ||
|| Process BAM file 224_BXD71_CTRL_sub2.co.bam...                             ||
||    Single-end reads are included.                                          ||
||    Total alignments : 15000000                                             ||
||    Successfully assigned alignments : 503134 (3.4%)                        ||
||    Running time : 0.02 minutes                                             ||
||                                                                            ||
|| Process BAM file 225_BXD71_SD_full.co.bam...                               ||
||    Single-end reads are included.                                          ||
||    Total alignments : 45694943                                             ||
||    Successfully assigned alignments : 1654857 (3.6%)                       ||
||    Running time : 0.05 minutes                                             ||
||                                                                            ||
|| Process BAM file 225_BXD71_SD_sub1.co.bam...                               ||
||    Single-end reads are included.                                          ||
||    Total alignments : 20000000                                             ||
||    Successfully assigned alignments : 724035 (3.6%)                        ||
||    Running time : 0.03 minutes                                             ||
||                                                                            ||
|| Process BAM file 225_BXD71_SD_sub2.co.bam...                               ||
||    Single-end reads are included.                                          ||
||    Total alignments : 15000000                                             ||
||    Successfully assigned alignments : 543330 (3.6%)                        ||
||    Running time : 0.02 minutes                                             ||
||                                                                            ||
|| Process BAM file 226_C57Bl6_CTRL_full.co.bam...                            ||
||    Single-end reads are included.                                          ||
||    Total alignments : 77813205                                             ||
||    Successfully assigned alignments : 2620391 (3.4%)                       ||
||    Running time : 0.07 minutes                                             ||
||                                                                            ||
|| Process BAM file 226_C57Bl6_CTRL_sub1.co.bam...                            ||
||    Single-end reads are included.                                          ||
||    Total alignments : 20000000                                             ||
||    Successfully assigned alignments : 675128 (3.4%)                        ||
||    Running time : 0.03 minutes                                             ||
||                                                                            ||
|| Process BAM file 226_C57Bl6_CTRL_sub2.co.bam...                            ||
||    Single-end reads are included.                                          ||
||    Total alignments : 15000000                                             ||
||    Successfully assigned alignments : 504639 (3.4%)                        ||
||    Running time : 0.02 minutes                                             ||
||                                                                            ||
|| Process BAM file 227_C57Bl6_SD_full.co.bam...                              ||
||    Single-end reads are included.                                          ||
||    Total alignments : 50437313                                             ||
||    Successfully assigned alignments : 1710504 (3.4%)                       ||
||    Running time : 0.05 minutes                                             ||
||                                                                            ||
|| Process BAM file 227_C57Bl6_SD_sub1.co.bam...                              ||
||    Single-end reads are included.                                          ||
||    Total alignments : 20000000                                             ||
||    Successfully assigned alignments : 679776 (3.4%)                        ||
||    Running time : 0.03 minutes                                             ||
||                                                                            ||
|| Process BAM file 227_C57Bl6_SD_sub2.co.bam...                              ||
||    Single-end reads are included.                                          ||
||    Total alignments : 15000000                                             ||
||    Successfully assigned alignments : 508122 (3.4%)                        ||
||    Running time : 0.02 minutes                                             ||
||                                                                            ||
|| Process BAM file 228_DBA_CTRL_full.co.bam...                               ||
||    Single-end reads are included.                                          ||
||    Total alignments : 66510615                                             ||
||    Successfully assigned alignments : 2432146 (3.7%)                       ||
||    Running time : 0.07 minutes                                             ||
||                                                                            ||
|| Process BAM file 228_DBA_CTRL_sub1.co.bam...                               ||
||    Single-end reads are included.                                          ||
||    Total alignments : 20000000                                             ||
||    Successfully assigned alignments : 731531 (3.7%)                        ||
||    Running time : 0.03 minutes                                             ||
||                                                                            ||
|| Process BAM file 228_DBA_CTRL_sub2.co.bam...                               ||
||    Single-end reads are included.                                          ||
||    Total alignments : 15000000                                             ||
||    Successfully assigned alignments : 548280 (3.7%)                        ||
||    Running time : 0.02 minutes                                             ||
||                                                                            ||
|| Process BAM file 229_DBA_SD_full.co.bam...                                 ||
||    Single-end reads are included.                                          ||
||    Total alignments : 74476797                                             ||
||    Successfully assigned alignments : 2378857 (3.2%)                       ||
||    Running time : 0.08 minutes                                             ||
||                                                                            ||
|| Process BAM file 229_DBA_SD_sub1.co.bam...                                 ||
||    Single-end reads are included.                                          ||
||    Total alignments : 20000000                                             ||
||    Successfully assigned alignments : 638441 (3.2%)                        ||
||    Running time : 0.03 minutes                                             ||
||                                                                            ||
|| Process BAM file 229_DBA_SD_sub2.co.bam...                                 ||
||    Single-end reads are included.                                          ||
||    Total alignments : 15000000                                             ||
||    Successfully assigned alignments : 477904 (3.2%)                        ||
||    Running time : 0.02 minutes                                             ||
||                                                                            ||
|| Write the final count table.                                               ||
|| Write the read assignment summary.                                         ||
||                                                                            ||
\\============================================================================//

R version 4.5.2 (2025-10-31)
Platform: x86_64-pc-linux-gnu
Running under: Ubuntu 22.04.5 LTS

Matrix products: default
BLAS/LAPACK: /usr/lib/x86_64-linux-gnu/openblas-pthread/libopenblasp-r0.3.20.so;  LAPACK version 3.10.0

locale:
 [1] LC_CTYPE=C.UTF-8       LC_NUMERIC=C           LC_TIME=C.UTF-8       
 [4] LC_COLLATE=C.UTF-8     LC_MONETARY=C.UTF-8    LC_MESSAGES=C.UTF-8   
 [7] LC_PAPER=C.UTF-8       LC_NAME=C              LC_ADDRESS=C          
[10] LC_TELEPHONE=C         LC_MEASUREMENT=C.UTF-8 LC_IDENTIFICATION=C   

time zone: Etc/UTC
tzcode source: system (glibc)

attached base packages:
[1] stats     graphics  grDevices utils     datasets  methods   base     

other attached packages:
[1] optparse_1.8.2  Rsubread_2.24.0

loaded via a namespace (and not attached):
[1] compiler_4.5.2 Matrix_1.7-4   grid_4.5.2     lattice_0.22-7
