
        ==========     _____ _    _ ____  _____  ______          _____  
        =====         / ____| |  | |  _ \|  __ \|  ____|   /\   |  __ \ 
          =====      | (___ | |  | | |_) | |__) | |__     /  \  | |  | |
            ====      \___ \| |  | |  _ <|  _  /|  __|   / /\ \ | |  | |
              ====    ____) | |__| | |_) | | \ \| |____ / ____ \| |__| |
        ==========   |_____/ \____/|____/|_|  \_\______/_/    \_\_____/
       Rsubread 2.24.0

//========================== featureCounts setting ===========================\\
||                                                                            ||
||             Input files : 678 BAM files                                    ||
||                                                                            ||
||                           001_BXD45_SD_full.co.bam                         ||
||                           001_BXD45_SD_sub1.co.bam                         ||
||                           001_BXD45_SD_sub2.co.bam                         ||
||                           002_BXD45_CTRL_full.co.bam                       ||
||                           002_BXD45_CTRL_sub1.co.bam                       ||
||                           002_BXD45_CTRL_sub2.co.bam                       ||
||                           003_BXD51_SD_full.co.bam                         ||
||                           003_BXD51_SD_sub1.co.bam                         ||
||                           003_BXD51_SD_sub2.co.bam                         ||
||                           004_BXD51_CTRL_full.co.bam                       ||
||                           004_BXD51_CTRL_sub1.co.bam                       ||
||                           004_BXD51_CTRL_sub2.co.bam                       ||
||                           005_BXD55_SD_full.co.bam                         ||
||                           005_BXD55_SD_sub1.co.bam                         ||
||                           005_BXD55_SD_sub2.co.bam                         ||
||                           006_BXD55_CTRL_full.co.bam                       ||
||                           006_BXD55_CTRL_sub1.co.bam                       ||
||                           006_BXD55_CTRL_sub2.co.bam                       ||
||                           007_BXD56_SD_full.co.bam                         ||
||                           007_BXD56_SD_sub1.co.bam                         ||
||                           007_BXD56_SD_sub2.co.bam                         ||
||                           008_BXD56_CTRL_full.co.bam                       ||
||                           008_BXD56_CTRL_sub1.co.bam                       ||
||                           008_BXD56_CTRL_sub2.co.bam                       ||
||                           009_BXD61_SD_full.co.bam                         ||
||                           009_BXD61_SD_sub1.co.bam                         ||
||                           009_BXD61_SD_sub2.co.bam                         ||
||                           010_BXD61_CTRL_full.co.bam                       ||
||                           010_BXD61_CTRL_sub1.co.bam                       ||
||                           010_BXD61_CTRL_sub2.co.bam                       ||
||                           011_BXD66_SD_full.co.bam                         ||
||                           011_BXD66_SD_sub1.co.bam                         ||
||                           011_BXD66_SD_sub2.co.bam                         ||
||                           012_BXD66_CTRL_full.co.bam                       ||
||                           012_BXD66_CTRL_sub1.co.bam                       ||
||                           012_BXD66_CTRL_sub2.co.bam                       ||
||                           013_BXD67_SD_full.co.bam                         ||
||                           013_BXD67_SD_sub1.co.bam                         ||
||                           013_BXD67_SD_sub2.co.bam                         ||
||                           014_BXD67_CTRL_full.co.bam                       ||
||                           014_BXD67_CTRL_sub1.co.bam                       ||
||                           014_BXD67_CTRL_sub2.co.bam                       ||
||                           015_BXD70_SD_full.co.bam                         ||
||                           015_BXD70_SD_sub1.co.bam                         ||
||                           015_BXD70_SD_sub2.co.bam                         ||
||                           016_BXD70_CTRL_full.co.bam                       ||
||                           016_BXD70_CTRL_sub1.co.bam                       ||
||                           016_BXD70_CTRL_sub2.co.bam                       ||
||                           017_BXD73_SD_full.co.bam                         ||
||                           017_BXD73_SD_sub1.co.bam                         ||
||                           017_BXD73_SD_sub2.co.bam                         ||
||                           018_BXD73_CTRL_full.co.bam                       ||
||                           018_BXD73_CTRL_sub1.co.bam                       ||
||                           018_BXD73_CTRL_sub2.co.bam                       ||
||                           019_BXD75_SD_full.co.bam                         ||
||                           019_BXD75_SD_sub1.co.bam                         ||
||                           019_BXD75_SD_sub2.co.bam                         ||
||                           020_BXD75_CTRL_full.co.bam                       ||
||                           020_BXD75_CTRL_sub1.co.bam                       ||
||                           020_BXD75_CTRL_sub2.co.bam                       ||
||                           021_BXD83_SD_full.co.bam                         ||
||                           021_BXD83_SD_sub1.co.bam                         ||
||                           021_BXD83_SD_sub2.co.bam                         ||
||                           022_BXD83_CTRL_full.co.bam                       ||
||                           022_BXD83_CTRL_sub1.co.bam                       ||
||                           022_BXD83_CTRL_sub2.co.bam                       ||
||                           023_BXD84_SD_full.co.bam                         ||
||                           023_BXD84_SD_sub1.co.bam                         ||
||                           023_BXD84_SD_sub2.co.bam                         ||
||                           024_BXD84_CTRL_full.co.bam                       ||
||                           024_BXD84_CTRL_sub1.co.bam                       ||
||                           024_BXD84_CTRL_sub2.co.bam                       ||
||                           025_BXD89_SD_full.co.bam                         ||
||                           025_BXD89_SD_sub1.co.bam                         ||
||                           025_BXD89_SD_sub2.co.bam                         ||
||                           026_BXD89_CTRL_full.co.bam                       ||
||                           026_BXD89_CTRL_sub1.co.bam                       ||
||                           026_BXD89_CTRL_sub2.co.bam                       ||
||                           027_65a_SD_full.co.bam                           ||
||                           027_65a_SD_sub1.co.bam                           ||
||                           027_65a_SD_sub2.co.bam                           ||
||                           028_65a_CTRL_full.co.bam                         ||
||                           028_65a_CTRL_sub1.co.bam                         ||
||                           028_65a_CTRL_sub2.co.bam                         ||
||                           029_BXD100_SD_full.co.bam                        ||
||                           029_BXD100_SD_sub1.co.bam                        ||
||                           029_BXD100_SD_sub2.co.bam                        ||
||                           030_BXD100_CTRL_full.co.bam                      ||
||                           030_BXD100_CTRL_sub1.co.bam                      ||
||                           030_BXD100_CTRL_sub2.co.bam                      ||
||                           031_BXD101_SD_full.co.bam                        ||
||                           031_BXD101_SD_sub1.co.bam                        ||
||                           031_BXD101_SD_sub2.co.bam                        ||
||                           032_BXD101_CTRL_full.co.bam                      ||
||                           032_BXD101_CTRL_sub1.co.bam                      ||
||                           032_BXD101_CTRL_sub2.co.bam                      ||
||                           033_C57Bl6_SD_full.co.bam                        ||
||                           033_C57Bl6_SD_sub1.co.bam                        ||
||                           033_C57Bl6_SD_sub2.co.bam                        ||
||                           034_C57Bl6_CTRL_full.co.bam                      ||
||                           034_C57Bl6_CTRL_sub1.co.bam                      ||
||                           034_C57Bl6_CTRL_sub2.co.bam                      ||
||                           035_DBA_SD_full.co.bam                           ||
||                           035_DBA_SD_sub1.co.bam                           ||
||                           035_DBA_SD_sub2.co.bam                           ||
||                           036_DBA_CTRL_full.co.bam                         ||
||                           036_DBA_CTRL_sub1.co.bam                         ||
||                           036_DBA_CTRL_sub2.co.bam                         ||
||                           037_BXD48_SD_full.co.bam                         ||
||                           037_BXD48_SD_sub1.co.bam                         ||
||                           037_BXD48_SD_sub2.co.bam                         ||
||                           038_BXD49_SD_full.co.bam                         ||
||                           038_BXD49_SD_sub1.co.bam                         ||
||                           038_BXD49_SD_sub2.co.bam                         ||
||                           039_BXD48_CTRL_full.co.bam                       ||
||                           039_BXD48_CTRL_sub1.co.bam                       ||
||                           039_BXD48_CTRL_sub2.co.bam                       ||
||                           040_BXD49_CTRL_full.co.bam                       ||
||                           040_BXD49_CTRL_sub1.co.bam                       ||
||                           040_BXD49_CTRL_sub2.co.bam                       ||
||                           041_BXD50_SD_full.co.bam                         ||
||                           041_BXD50_SD_sub1.co.bam                         ||
||                           041_BXD50_SD_sub2.co.bam                         ||
||                           042_BXD50_CTRL_full.co.bam                       ||
||                           042_BXD50_CTRL_sub1.co.bam                       ||
||                           042_BXD50_CTRL_sub2.co.bam                       ||
||                           043_BXD51_SD_full.co.bam                         ||
||                           043_BXD51_SD_sub1.co.bam                         ||
||                           043_BXD51_SD_sub2.co.bam                         ||
||                           044_BXD51_CTRL_full.co.bam                       ||
||                           044_BXD51_CTRL_sub1.co.bam                       ||
||                           044_BXD51_CTRL_sub2.co.bam                       ||
||                           045_BXD56_SD_full.co.bam                         ||
||                           045_BXD56_SD_sub1.co.bam                         ||
||                           045_BXD56_SD_sub2.co.bam                         ||
||                           046_BXD56_CTRL_full.co.bam                       ||
||                           046_BXD56_CTRL_sub1.co.bam                       ||
||                           046_BXD56_CTRL_sub2.co.bam                       ||
||                           047_BXD64_SD_full.co.bam                         ||
||                           047_BXD64_SD_sub1.co.bam                         ||
||                           047_BXD64_SD_sub2.co.bam                         ||
||                           048_BXD64_CTRL_full.co.bam                       ||
||                           048_BXD64_CTRL_sub1.co.bam                       ||
||                           048_BXD64_CTRL_sub2.co.bam                       ||
||                           049_BXD65_SD_full.co.bam                         ||
||                           049_BXD65_SD_sub1.co.bam                         ||
||                           049_BXD65_SD_sub2.co.bam                         ||
||                           050_BXD65_CTRL_full.co.bam                       ||
||                           050_BXD65_CTRL_sub1.co.bam                       ||
||                           050_BXD65_CTRL_sub2.co.bam                       ||
||                           051_BXD66_SD_full.co.bam                         ||
||                           051_BXD66_SD_sub1.co.bam                         ||
||                           051_BXD66_SD_sub2.co.bam                         ||
||                           052_BXD66_CTRL_full.co.bam                       ||
||                           052_BXD66_CTRL_sub1.co.bam                       ||
||                           052_BXD66_CTRL_sub2.co.bam                       ||
||                           053_BXD71_SD_full.co.bam                         ||
||                           053_BXD71_SD_sub1.co.bam                         ||
||                           053_BXD71_SD_sub2.co.bam                         ||
||                           054_BXD71_CTRL_full.co.bam                       ||
||                           054_BXD71_CTRL_sub1.co.bam                       ||
||                           054_BXD71_CTRL_sub2.co.bam                       ||
||                           055_BXD73_SD_full.co.bam                         ||
||                           055_BXD73_SD_sub1.co.bam                         ||
||                           055_BXD73_SD_sub2.co.bam                         ||
||                           056_BXD73_CTRL_full.co.bam                       ||
||                           056_BXD73_CTRL_sub1.co.bam                       ||
||                           056_BXD73_CTRL_sub2.co.bam                       ||
||                           057_BXD75_SD_full.co.bam                         ||
||                           057_BXD75_SD_sub1.co.bam                         ||
||                           057_BXD75_SD_sub2.co.bam                         ||
||                           058_BXD75_CTRL_full.co.bam                       ||
||                           058_BXD75_CTRL_sub1.co.bam                       ||
||                           058_BXD75_CTRL_sub2.co.bam                       ||
||                           059_BXD81_SD_full.co.bam                         ||
||                           059_BXD81_SD_sub1.co.bam                         ||
||                           059_BXD81_SD_sub2.co.bam                         ||
||                           060_BXD81_CTRL_full.co.bam                       ||
||                           060_BXD81_CTRL_sub1.co.bam                       ||
||                           060_BXD81_CTRL_sub2.co.bam                       ||
||                           061_BXD90_SD_full.co.bam                         ||
||                           061_BXD90_SD_sub1.co.bam                         ||
||                           061_BXD90_SD_sub2.co.bam                         ||
||                           062_BXD90_CTRL_full.co.bam                       ||
||                           062_BXD90_CTRL_sub1.co.bam                       ||
||                           062_BXD90_CTRL_sub2.co.bam                       ||
||                           063_BXD95_SD_full.co.bam                         ||
||                           063_BXD95_SD_sub1.co.bam                         ||
||                           063_BXD95_SD_sub2.co.bam                         ||
||                           064_BXD95_CTRL_full.co.bam                       ||
||                           064_BXD95_CTRL_sub1.co.bam                       ||
||                           064_BXD95_CTRL_sub2.co.bam                       ||
||                           065_48a_SD_full.co.bam                           ||
||                           065_48a_SD_sub1.co.bam                           ||
||                           065_48a_SD_sub2.co.bam                           ||
||                           066_48a_CTRL_full.co.bam                         ||
||                           066_48a_CTRL_sub1.co.bam                         ||
||                           066_48a_CTRL_sub2.co.bam                         ||
||                           067_73b_SD_full.co.bam                           ||
||                           067_73b_SD_sub1.co.bam                           ||
||                           067_73b_SD_sub2.co.bam                           ||
||                           068_73b_CTRL_full.co.bam                         ||
||                           068_73b_CTRL_sub1.co.bam                         ||
||                           068_73b_CTRL_sub2.co.bam                         ||
||                           069_C57Bl6_SD_full.co.bam                        ||
||                           069_C57Bl6_SD_sub1.co.bam                        ||
||                           069_C57Bl6_SD_sub2.co.bam                        ||
||                           070_C57Bl6_CTRL_full.co.bam                      ||
||                           070_C57Bl6_CTRL_sub1.co.bam                      ||
||                           070_C57Bl6_CTRL_sub2.co.bam                      ||
||                           071_DBA_SD_full.co.bam                           ||
||                           071_DBA_SD_sub1.co.bam                           ||
||                           071_DBA_SD_sub2.co.bam                           ||
||                           072_DBA_CTRL_full.co.bam                         ||
||                           072_DBA_CTRL_sub1.co.bam                         ||
||                           072_DBA_CTRL_sub2.co.bam                         ||
||                           073_BXD85_SD_full.co.bam                         ||
||                           073_BXD85_SD_sub1.co.bam                         ||
||                           073_BXD85_SD_sub2.co.bam                         ||
||                           074_BXD85_CTRL_full.co.bam                       ||
||                           074_BXD85_CTRL_sub1.co.bam                       ||
||                           074_BXD85_CTRL_sub2.co.bam                       ||
||                           075_BXD43_CTRL_full.co.bam                       ||
||                           075_BXD43_CTRL_sub1.co.bam                       ||
||                           075_BXD43_CTRL_sub2.co.bam                       ||
||                           076_BXD43_SD_full.co.bam                         ||
||                           076_BXD43_SD_sub1.co.bam                         ||
||                           076_BXD43_SD_sub2.co.bam                         ||
||                           077_BXD45_CTRL_full.co.bam                       ||
||                           077_BXD45_CTRL_sub1.co.bam                       ||
||                           077_BXD45_CTRL_sub2.co.bam                       ||
||                           078_BXD45_SD_full.co.bam                         ||
||                           078_BXD45_SD_sub1.co.bam                         ||
||                           078_BXD45_SD_sub2.co.bam                         ||
||                           079_BXD49_CTRL_full.co.bam                       ||
||                           079_BXD49_CTRL_sub1.co.bam                       ||
||                           079_BXD49_CTRL_sub2.co.bam                       ||
||                           080_BXD49_SD_full.co.bam                         ||
||                           080_BXD49_SD_sub1.co.bam                         ||
||                           080_BXD49_SD_sub2.co.bam                         ||
||                           081_BXD55_CTRL_full.co.bam                       ||
||                           081_BXD55_CTRL_sub1.co.bam                       ||
||                           081_BXD55_CTRL_sub2.co.bam                       ||
||                           082_BXD55_SD_full.co.bam                         ||
||                           082_BXD55_SD_sub1.co.bam                         ||
||                           082_BXD55_SD_sub2.co.bam                         ||
||                           083_BXD56_CTRL_full.co.bam                       ||
||                           083_BXD56_CTRL_sub1.co.bam                       ||
||                           083_BXD56_CTRL_sub2.co.bam                       ||
||                           084_BXD56_SD_full.co.bam                         ||
||                           084_BXD56_SD_sub1.co.bam                         ||
||                           084_BXD56_SD_sub2.co.bam                         ||
||                           085_BXD61_CTRL_full.co.bam                       ||
||                           085_BXD61_CTRL_sub1.co.bam                       ||
||                           085_BXD61_CTRL_sub2.co.bam                       ||
||                           086_BXD61_SD_full.co.bam                         ||
||                           086_BXD61_SD_sub1.co.bam                         ||
||                           086_BXD61_SD_sub2.co.bam                         ||
||                           087_BXD66_CTRL_full.co.bam                       ||
||                           087_BXD66_CTRL_sub1.co.bam                       ||
||                           087_BXD66_CTRL_sub2.co.bam                       ||
||                           088_BXD66_SD_full.co.bam                         ||
||                           088_BXD66_SD_sub1.co.bam                         ||
||                           088_BXD66_SD_sub2.co.bam                         ||
||                           089_BXD67_CTRL_full.co.bam                       ||
||                           089_BXD67_CTRL_sub1.co.bam                       ||
||                           089_BXD67_CTRL_sub2.co.bam                       ||
||                           090_BXD67_SD_full.co.bam                         ||
||                           090_BXD67_SD_sub1.co.bam                         ||
||                           090_BXD67_SD_sub2.co.bam                         ||
||                           091_BXD70_CTRL_full.co.bam                       ||
||                           091_BXD70_CTRL_sub1.co.bam                       ||
||                           091_BXD70_CTRL_sub2.co.bam                       ||
||                           092_BXD70_SD_full.co.bam                         ||
||                           092_BXD70_SD_sub1.co.bam                         ||
||                           092_BXD70_SD_sub2.co.bam                         ||
||                           093_BXD73_CTRL_full.co.bam                       ||
||                           093_BXD73_CTRL_sub1.co.bam                       ||
||                           093_BXD73_CTRL_sub2.co.bam                       ||
||                           094_BXD73_SD_full.co.bam                         ||
||                           094_BXD73_SD_sub1.co.bam                         ||
||                           094_BXD73_SD_sub2.co.bam                         ||
||                           095_BXD75_CTRL_full.co.bam                       ||
||                           095_BXD75_CTRL_sub1.co.bam                       ||
||                           095_BXD75_CTRL_sub2.co.bam                       ||
||                           096_BXD75_SD_full.co.bam                         ||
||                           096_BXD75_SD_sub1.co.bam                         ||
||                           096_BXD75_SD_sub2.co.bam                         ||
||                           097_BXD79_CTRL_full.co.bam                       ||
||                           097_BXD79_CTRL_sub1.co.bam                       ||
||                           097_BXD79_CTRL_sub2.co.bam                       ||
||                           098_BXD79_SD_full.co.bam                         ||
||                           098_BXD79_SD_sub1.co.bam                         ||
||                           098_BXD79_SD_sub2.co.bam                         ||
||                           099_BXD83_CTRL_full.co.bam                       ||
||                           099_BXD83_CTRL_sub1.co.bam                       ||
||                           099_BXD83_CTRL_sub2.co.bam                       ||
||                           100_BXD83_SD_full.co.bam                         ||
||                           100_BXD83_SD_sub1.co.bam                         ||
||                           100_BXD83_SD_sub2.co.bam                         ||
||                           101_BXD84_CTRL_full.co.bam                       ||
||                           101_BXD84_CTRL_sub1.co.bam                       ||
||                           101_BXD84_CTRL_sub2.co.bam                       ||
||                           102_BXD84_SD_full.co.bam                         ||
||                           102_BXD84_SD_sub1.co.bam                         ||
||                           102_BXD84_SD_sub2.co.bam                         ||
||                           103_BXD90_CTRL_full.co.bam                       ||
||                           103_BXD90_CTRL_sub1.co.bam                       ||
||                           103_BXD90_CTRL_sub2.co.bam                       ||
||                           104_BXD90_SD_full.co.bam                         ||
||                           104_BXD90_SD_sub1.co.bam                         ||
||                           104_BXD90_SD_sub2.co.bam                         ||
||                           105_48a_CTRL_full.co.bam                         ||
||                           105_48a_CTRL_sub1.co.bam                         ||
||                           105_48a_CTRL_sub2.co.bam                         ||
||                           106_48a_SD_full.co.bam                           ||
||                           106_48a_SD_sub1.co.bam                           ||
||                           106_48a_SD_sub2.co.bam                           ||
||                           107_BXD100_CTRL_full.co.bam                      ||
||                           107_BXD100_CTRL_sub1.co.bam                      ||
||                           107_BXD100_CTRL_sub2.co.bam                      ||
||                           108_BXD100_SD_full.co.bam                        ||
||                           108_BXD100_SD_sub1.co.bam                        ||
||                           108_BXD100_SD_sub2.co.bam                        ||
||                           109_C57Bl6_CTRL_full.co.bam                      ||
||                           109_C57Bl6_CTRL_sub1.co.bam                      ||
||                           109_C57Bl6_CTRL_sub2.co.bam                      ||
||                           110_C57Bl6_SD_full.co.bam                        ||
||                           110_C57Bl6_SD_sub1.co.bam                        ||
||                           110_C57Bl6_SD_sub2.co.bam                        ||
||                           111_DBA_CTRL_full.co.bam                         ||
||                           111_DBA_CTRL_sub1.co.bam                         ||
||                           111_DBA_CTRL_sub2.co.bam                         ||
||                           112_DBA_CTRL_full.co.bam                         ||
||                           112_DBA_CTRL_sub1.co.bam                         ||
||                           112_DBA_CTRL_sub2.co.bam                         ||
||                           113_DBA_SD_full.co.bam                           ||
||                           113_DBA_SD_sub1.co.bam                           ||
||                           113_DBA_SD_sub2.co.bam                           ||
||                           114_BXD48_CTRL_full.co.bam                       ||
||                           114_BXD48_CTRL_sub1.co.bam                       ||
||                           114_BXD48_CTRL_sub2.co.bam                       ||
||                           115_BXD48_SD_full.co.bam                         ||
||                           115_BXD48_SD_sub1.co.bam                         ||
||                           115_BXD48_SD_sub2.co.bam                         ||
||                           116_BXD49_CTRL_full.co.bam                       ||
||                           116_BXD49_CTRL_sub1.co.bam                       ||
||                           116_BXD49_CTRL_sub2.co.bam                       ||
||                           117_BXD49_SD_full.co.bam                         ||
||                           117_BXD49_SD_sub1.co.bam                         ||
||                           117_BXD49_SD_sub2.co.bam                         ||
||                           118_BXD51_CTRL_full.co.bam                       ||
||                           118_BXD51_CTRL_sub1.co.bam                       ||
||                           118_BXD51_CTRL_sub2.co.bam                       ||
||                           119_BXD51_SD_full.co.bam                         ||
||                           119_BXD51_SD_sub1.co.bam                         ||
||                           119_BXD51_SD_sub2.co.bam                         ||
||                           120_BXD55_CTRL_full.co.bam                       ||
||                           120_BXD55_CTRL_sub1.co.bam                       ||
||                           120_BXD55_CTRL_sub2.co.bam                       ||
||                           121_BXD55_SD_full.co.bam                         ||
||                           121_BXD55_SD_sub1.co.bam                         ||
||                           121_BXD55_SD_sub2.co.bam                         ||
||                           122_BXD64_CTRL_full.co.bam                       ||
||                           122_BXD64_CTRL_sub1.co.bam                       ||
||                           122_BXD64_CTRL_sub2.co.bam                       ||
||                           123_BXD64_SD_full.co.bam                         ||
||                           123_BXD64_SD_sub1.co.bam                         ||
||                           123_BXD64_SD_sub2.co.bam                         ||
||                           124_BXD81_CTRL_full.co.bam                       ||
||                           124_BXD81_CTRL_sub1.co.bam                       ||
||                           124_BXD81_CTRL_sub2.co.bam                       ||
||                           125_BXD81_SD_full.co.bam                         ||
||                           125_BXD81_SD_sub1.co.bam                         ||
||                           125_BXD81_SD_sub2.co.bam                         ||
||                           126_BXD83_CTRL_full.co.bam                       ||
||                           126_BXD83_CTRL_sub1.co.bam                       ||
||                           126_BXD83_CTRL_sub2.co.bam                       ||
||                           127_BXD83_SD_full.co.bam                         ||
||                           127_BXD83_SD_sub1.co.bam                         ||
||                           127_BXD83_SD_sub2.co.bam                         ||
||                           128_BXD84_CTRL_full.co.bam                       ||
||                           128_BXD84_CTRL_sub1.co.bam                       ||
||                           128_BXD84_CTRL_sub2.co.bam                       ||
||                           129_BXD84_SD_full.co.bam                         ||
||                           129_BXD84_SD_sub1.co.bam                         ||
||                           129_BXD84_SD_sub2.co.bam                         ||
||                           130_BXD85_CTRL_full.co.bam                       ||
||                           130_BXD85_CTRL_sub1.co.bam                       ||
||                           130_BXD85_CTRL_sub2.co.bam                       ||
||                           131_BXD85_SD_full.co.bam                         ||
||                           131_BXD85_SD_sub1.co.bam                         ||
||                           131_BXD85_SD_sub2.co.bam                         ||
||                           132_BXD89_CTRL_full.co.bam                       ||
||                           132_BXD89_CTRL_sub1.co.bam                       ||
||                           132_BXD89_CTRL_sub2.co.bam                       ||
||                           133_BXD89_SD_full.co.bam                         ||
||                           133_BXD89_SD_sub1.co.bam                         ||
||                           133_BXD89_SD_sub2.co.bam                         ||
||                           134_BXD95_CTRL_full.co.bam                       ||
||                           134_BXD95_CTRL_sub1.co.bam                       ||
||                           134_BXD95_CTRL_sub2.co.bam                       ||
||                           135_BXD95_SD_full.co.bam                         ||
||                           135_BXD95_SD_sub1.co.bam                         ||
||                           135_BXD95_SD_sub2.co.bam                         ||
||                           136_48a_CTRL_full.co.bam                         ||
||                           136_48a_CTRL_sub1.co.bam                         ||
||                           136_48a_CTRL_sub2.co.bam                         ||
||                           137_48a_SD_full.co.bam                           ||
||                           137_48a_SD_sub1.co.bam                           ||
||                           137_48a_SD_sub2.co.bam                           ||
||                           138_65a_CTRL_full.co.bam                         ||
||                           138_65a_CTRL_sub1.co.bam                         ||
||                           138_65a_CTRL_sub2.co.bam                         ||
||                           139_65a_SD_full.co.bam                           ||
||                           139_65a_SD_sub1.co.bam                           ||
||                           139_65a_SD_sub2.co.bam                           ||
||                           140_BXD98_CTRL_full.co.bam                       ||
||                           140_BXD98_CTRL_sub1.co.bam                       ||
||                           140_BXD98_CTRL_sub2.co.bam                       ||
||                           141_BXD98_SD_full.co.bam                         ||
||                           141_BXD98_SD_sub1.co.bam                         ||
||                           141_BXD98_SD_sub2.co.bam                         ||
||                           142_BXD101_CTRL_full.co.bam                      ||
||                           142_BXD101_CTRL_sub1.co.bam                      ||
||                           142_BXD101_CTRL_sub2.co.bam                      ||
||                           143_BXD101_SD_full.co.bam                        ||
||                           143_BXD101_SD_sub1.co.bam                        ||
||                           143_BXD101_SD_sub2.co.bam                        ||
||                           144_73b_CTRL_full.co.bam                         ||
||                           144_73b_CTRL_sub1.co.bam                         ||
||                           144_73b_CTRL_sub2.co.bam                         ||
||                           145_73b_SD_full.co.bam                           ||
||                           145_73b_SD_sub1.co.bam                           ||
||                           145_73b_SD_sub2.co.bam                           ||
||                           146_C57Bl6_CTRL_full.co.bam                      ||
||                           146_C57Bl6_CTRL_sub1.co.bam                      ||
||                           146_C57Bl6_CTRL_sub2.co.bam                      ||
||                           147_C57Bl6_SD_full.co.bam                        ||
||                           147_C57Bl6_SD_sub1.co.bam                        ||
||                           147_C57Bl6_SD_sub2.co.bam                        ||
||                           148_BXD43_CTRL_full.co.bam                       ||
||                           148_BXD43_CTRL_sub1.co.bam                       ||
||                           148_BXD43_CTRL_sub2.co.bam                       ||
||                           149_BXD43_SD_full.co.bam                         ||
||                           149_BXD43_SD_sub1.co.bam                         ||
||                           149_BXD43_SD_sub2.co.bam                         ||
||                           150_BXD45_CTRL_full.co.bam                       ||
||                           150_BXD45_CTRL_sub1.co.bam                       ||
||                           150_BXD45_CTRL_sub2.co.bam                       ||
||                           151_BXD45_SD_full.co.bam                         ||
||                           151_BXD45_SD_sub1.co.bam                         ||
||                           151_BXD45_SD_sub2.co.bam                         ||
||                           152_BXD48_CTRL_full.co.bam                       ||
||                           152_BXD48_CTRL_sub1.co.bam                       ||
||                           152_BXD48_CTRL_sub2.co.bam                       ||
||                           153_BXD48_SD_full.co.bam                         ||
||                           153_BXD48_SD_sub1.co.bam                         ||
||                           153_BXD48_SD_sub2.co.bam                         ||
||                           154_BXD50_CTRL_full.co.bam                       ||
||                           154_BXD50_CTRL_sub1.co.bam                       ||
||                           154_BXD50_CTRL_sub2.co.bam                       ||
||                           155_BXD50_SD_full.co.bam                         ||
||                           155_BXD50_SD_sub1.co.bam                         ||
||                           155_BXD50_SD_sub2.co.bam                         ||
||                           156_BXD61_CTRL_full.co.bam                       ||
||                           156_BXD61_CTRL_sub1.co.bam                       ||
||                           156_BXD61_CTRL_sub2.co.bam                       ||
||                           157_BXD61_SD_full.co.bam                         ||
||                           157_BXD61_SD_sub1.co.bam                         ||
||                           157_BXD61_SD_sub2.co.bam                         ||
||                           158_BXD64_CTRL_full.co.bam                       ||
||                           158_BXD64_CTRL_sub1.co.bam                       ||
||                           158_BXD64_CTRL_sub2.co.bam                       ||
||                           159_BXD64_SD_full.co.bam                         ||
||                           159_BXD64_SD_sub1.co.bam                         ||
||                           159_BXD64_SD_sub2.co.bam                         ||
||                           160_BXD65_CTRL_full.co.bam                       ||
||                           160_BXD65_CTRL_sub1.co.bam                       ||
||                           160_BXD65_CTRL_sub2.co.bam                       ||
||                           161_BXD65_SD_full.co.bam                         ||
||                           161_BXD65_SD_sub1.co.bam                         ||
||                           161_BXD65_SD_sub2.co.bam                         ||
||                           162_BXD67_CTRL_full.co.bam                       ||
||                           162_BXD67_CTRL_sub1.co.bam                       ||
||                           162_BXD67_CTRL_sub2.co.bam                       ||
||                           163_BXD67_SD_full.co.bam                         ||
||                           163_BXD67_SD_sub1.co.bam                         ||
||                           163_BXD67_SD_sub2.co.bam                         ||
||                           164_BXD70_CTRL_full.co.bam                       ||
||                           164_BXD70_CTRL_sub1.co.bam                       ||
||                           164_BXD70_CTRL_sub2.co.bam                       ||
||                           165_BXD70_SD_full.co.bam                         ||
||                           165_BXD70_SD_sub1.co.bam                         ||
||                           165_BXD70_SD_sub2.co.bam                         ||
||                           166_BXD79_CTRL_full.co.bam                       ||
||                           166_BXD79_CTRL_sub1.co.bam                       ||
||                           166_BXD79_CTRL_sub2.co.bam                       ||
||                           167_BXD79_SD_full.co.bam                         ||
||                           167_BXD79_SD_sub1.co.bam                         ||
||                           167_BXD79_SD_sub2.co.bam                         ||
||                           168_BXD81_CTRL_full.co.bam                       ||
||                           168_BXD81_CTRL_sub1.co.bam                       ||
||                           168_BXD81_CTRL_sub2.co.bam                       ||
||                           169_BXD81_SD_full.co.bam                         ||
||                           169_BXD81_SD_sub1.co.bam                         ||
||                           169_BXD81_SD_sub2.co.bam                         ||
||                           170_BXD85_CTRL_full.co.bam                       ||
||                           170_BXD85_CTRL_sub1.co.bam                       ||
||                           170_BXD85_CTRL_sub2.co.bam                       ||
||                           171_BXD85_SD_full.co.bam                         ||
||                           171_BXD85_SD_sub1.co.bam                         ||
||                           171_BXD85_SD_sub2.co.bam                         ||
||                           174_BXD89_CTRL_full.co.bam                       ||
||                           174_BXD89_CTRL_sub1.co.bam                       ||
||                           174_BXD89_CTRL_sub2.co.bam                       ||
||                           175_BXD89_SD_full.co.bam                         ||
||                           175_BXD89_SD_sub1.co.bam                         ||
||                           175_BXD89_SD_sub2.co.bam                         ||
||                           176_BXD90_CTRL_full.co.bam                       ||
||                           176_BXD90_CTRL_sub1.co.bam                       ||
||                           176_BXD90_CTRL_sub2.co.bam                       ||
||                           177_BXD90_SD_full.co.bam                         ||
||                           177_BXD90_SD_sub1.co.bam                         ||
||                           177_BXD90_SD_sub2.co.bam                         ||
||                           178_BXD95_CTRL_full.co.bam                       ||
||                           178_BXD95_CTRL_sub1.co.bam                       ||
||                           178_BXD95_CTRL_sub2.co.bam                       ||
||                           179_BXD95_SD_full.co.bam                         ||
||                           179_BXD95_SD_sub1.co.bam                         ||
||                           179_BXD95_SD_sub2.co.bam                         ||
||                           180_C57Bl6_CTRL_full.co.bam                      ||
||                           180_C57Bl6_CTRL_sub1.co.bam                      ||
||                           180_C57Bl6_CTRL_sub2.co.bam                      ||
||                           181_C57Bl6_SD_full.co.bam                        ||
||                           181_C57Bl6_SD_sub1.co.bam                        ||
||                           181_C57Bl6_SD_sub2.co.bam                        ||
||                           182_DBA_CTRL_full.co.bam                         ||
||                           182_DBA_CTRL_sub1.co.bam                         ||
||                           182_DBA_CTRL_sub2.co.bam                         ||
||                           183_DBA_SD_full.co.bam                           ||
||                           183_DBA_SD_sub1.co.bam                           ||
||                           183_DBA_SD_sub2.co.bam                           ||
||                           184_BXD43_CTRL_full.co.bam                       ||
||                           184_BXD43_CTRL_sub1.co.bam                       ||
||                           184_BXD43_CTRL_sub2.co.bam                       ||
||                           185_BXD43_SD_full.co.bam                         ||
||                           185_BXD43_SD_sub1.co.bam                         ||
||                           185_BXD43_SD_sub2.co.bam                         ||
||                           186_BXD50_CTRL_full.co.bam                       ||
||                           186_BXD50_CTRL_sub1.co.bam                       ||
||                           186_BXD50_CTRL_sub2.co.bam                       ||
||                           187_BXD50_SD_full.co.bam                         ||
||                           187_BXD50_SD_sub1.co.bam                         ||
||                           187_BXD50_SD_sub2.co.bam                         ||
||                           188_BXD65_CTRL_full.co.bam                       ||
||                           188_BXD65_CTRL_sub1.co.bam                       ||
||                           188_BXD65_CTRL_sub2.co.bam                       ||
||                           189_BXD65_SD_full.co.bam                         ||
||                           189_BXD65_SD_sub1.co.bam                         ||
||                           189_BXD65_SD_sub2.co.bam                         ||
||                           190_65a_CTRL_full.co.bam                         ||
||                           190_65a_CTRL_sub1.co.bam                         ||
||                           190_65a_CTRL_sub2.co.bam                         ||
||                           192_BXD98_CTRL_full.co.bam                       ||
||                           192_BXD98_CTRL_sub1.co.bam                       ||
||                           192_BXD98_CTRL_sub2.co.bam                       ||
||                           193_BXD98_SD_full.co.bam                         ||
||                           193_BXD98_SD_sub1.co.bam                         ||
||                           193_BXD98_SD_sub2.co.bam                         ||
||                           194_BXD98_CTRL_full.co.bam                       ||
||                           194_BXD98_CTRL_sub1.co.bam                       ||
||                           194_BXD98_CTRL_sub2.co.bam                       ||
||                           195_BXD98_SD_full.co.bam                         ||
||                           195_BXD98_SD_sub1.co.bam                         ||
||                           195_BXD98_SD_sub2.co.bam                         ||
||                           196_BXD100_CTRL_full.co.bam                      ||
||                           196_BXD100_CTRL_sub1.co.bam                      ||
||                           196_BXD100_CTRL_sub2.co.bam                      ||
||                           197_BXD100_SD_full.co.bam                        ||
||                           197_BXD100_SD_sub1.co.bam                        ||
||                           197_BXD100_SD_sub2.co.bam                        ||
||                           198_73b_CTRL_full.co.bam                         ||
||                           198_73b_CTRL_sub1.co.bam                         ||
||                           198_73b_CTRL_sub2.co.bam                         ||
||                           199_73b_SD_full.co.bam                           ||
||                           199_73b_SD_sub1.co.bam                           ||
||                           199_73b_SD_sub2.co.bam                           ||
||                           200_C57Bl6_CTRL_full.co.bam                      ||
||                           200_C57Bl6_CTRL_sub1.co.bam                      ||
||                           200_C57Bl6_CTRL_sub2.co.bam                      ||
||                           201_C57Bl6_SD_full.co.bam                        ||
||                           201_C57Bl6_SD_sub1.co.bam                        ||
||                           201_C57Bl6_SD_sub2.co.bam                        ||
||                           202_DBA_CTRL_full.co.bam                         ||
||                           202_DBA_CTRL_sub1.co.bam                         ||
||                           202_DBA_CTRL_sub2.co.bam                         ||
||                           203_DBA_SD_full.co.bam                           ||
||                           203_DBA_SD_sub1.co.bam                           ||
||                           203_DBA_SD_sub2.co.bam                           ||
||                           204_BXD44_CTRL_full.co.bam                       ||
||                           204_BXD44_CTRL_sub1.co.bam                       ||
||                           204_BXD44_CTRL_sub2.co.bam                       ||
||                           205_BXD44_SD_full.co.bam                         ||
||                           205_BXD44_SD_sub1.co.bam                         ||
||                           205_BXD44_SD_sub2.co.bam                         ||
||                           206_BXD44_CTRL_full.co.bam                       ||
||                           206_BXD44_CTRL_sub1.co.bam                       ||
||                           206_BXD44_CTRL_sub2.co.bam                       ||
||                           207_BXD44_SD_full.co.bam                         ||
||                           207_BXD44_SD_sub1.co.bam                         ||
||                           207_BXD44_SD_sub2.co.bam                         ||
||                           208_BXD44_CTRL_full.co.bam                       ||
||                           208_BXD44_CTRL_sub1.co.bam                       ||
||                           208_BXD44_CTRL_sub2.co.bam                       ||
||                           209_BXD44_SD_full.co.bam                         ||
||                           209_BXD44_SD_sub1.co.bam                         ||
||                           209_BXD44_SD_sub2.co.bam                         ||
||                           210_BXD79_CTRL_full.co.bam                       ||
||                           210_BXD79_CTRL_sub1.co.bam                       ||
||                           210_BXD79_CTRL_sub2.co.bam                       ||
||                           211_BXD79_SD_full.co.bam                         ||
||                           211_BXD79_SD_sub1.co.bam                         ||
||                           211_BXD79_SD_sub2.co.bam                         ||
||                           212_BXD79_CTRL_full.co.bam                       ||
||                           212_BXD79_CTRL_sub1.co.bam                       ||
||                           212_BXD79_CTRL_sub2.co.bam                       ||
||                           213_BXD79_SD_full.co.bam                         ||
||                           213_BXD79_SD_sub1.co.bam                         ||
||                           213_BXD79_SD_sub2.co.bam                         ||
||                           214_65a_CTRL_full.co.bam                         ||
||                           214_65a_CTRL_sub1.co.bam                         ||
||                           214_65a_CTRL_sub2.co.bam                         ||
||                           215_65a_SD_full.co.bam                           ||
||                           215_65a_SD_sub1.co.bam                           ||
||                           215_65a_SD_sub2.co.bam                           ||
||                           216_C57Bl6_CTRL_full.co.bam                      ||
||                           216_C57Bl6_CTRL_sub1.co.bam                      ||
||                           216_C57Bl6_CTRL_sub2.co.bam                      ||
||                           217_C57Bl6_SD_full.co.bam                        ||
||                           217_C57Bl6_SD_sub1.co.bam                        ||
||                           217_C57Bl6_SD_sub2.co.bam                        ||
||                           218_DBA_CTRL_full.co.bam                         ||
||                           218_DBA_CTRL_sub1.co.bam                         ||
||                           218_DBA_CTRL_sub2.co.bam                         ||
||                           219_DBA_SD_full.co.bam                           ||
||                           219_DBA_SD_sub1.co.bam                           ||
||                           219_DBA_SD_sub2.co.bam                           ||
||                           220_BXD71_CTRL_full.co.bam                       ||
||                           220_BXD71_CTRL_sub1.co.bam                       ||
||                           220_BXD71_CTRL_sub2.co.bam                       ||
||                           221_BXD71_SD_full.co.bam                         ||
||                           221_BXD71_SD_sub1.co.bam                         ||
||                           221_BXD71_SD_sub2.co.bam                         ||
||                           222_BXD101_CTRL_full.co.bam                      ||
||                           222_BXD101_CTRL_sub1.co.bam                      ||
||                           222_BXD101_CTRL_sub2.co.bam                      ||
||                           223_BXD101_SD_full.co.bam                        ||
||                           223_BXD101_SD_sub1.co.bam                        ||
||                           223_BXD101_SD_sub2.co.bam                        ||
||                           224_BXD71_CTRL_full.co.bam                       ||
||                           224_BXD71_CTRL_sub1.co.bam                       ||
||                           224_BXD71_CTRL_sub2.co.bam                       ||
||                           225_BXD71_SD_full.co.bam                         ||
||                           225_BXD71_SD_sub1.co.bam                         ||
||                           225_BXD71_SD_sub2.co.bam                         ||
||                           226_C57Bl6_CTRL_full.co.bam                      ||
||                           226_C57Bl6_CTRL_sub1.co.bam                      ||
||                           226_C57Bl6_CTRL_sub2.co.bam                      ||
||                           227_C57Bl6_SD_full.co.bam                        ||
||                           227_C57Bl6_SD_sub1.co.bam                        ||
||                           227_C57Bl6_SD_sub2.co.bam                        ||
||                           228_DBA_CTRL_full.co.bam                         ||
||                           228_DBA_CTRL_sub1.co.bam                         ||
||                           228_DBA_CTRL_sub2.co.bam                         ||
||                           229_DBA_SD_full.co.bam                           ||
||                           229_DBA_SD_sub1.co.bam                           ||
||                           229_DBA_SD_sub2.co.bam                           ||
||                                                                            ||
||              Paired-end : no                                               ||
||        Count read pairs : no                                               ||
||              Annotation : genomic_features1.gtf (GTF)                      ||
||      Dir for temp files : .                                                ||
||                 Threads : 30                                               ||
||                   Level : feature level                                    ||
||      Multimapping reads : counted                                          ||
|| Multi-overlapping reads : counted                                          ||
||   Min overlapping bases : 1                                                ||
||                                                                            ||
\\============================================================================//

//================================= Running ==================================\\
||                                                                            ||
|| Load annotation file genomic_features1.gtf ...                             ||
||    Features : 101292                                                       ||
||    Meta-features : 101292                                                  ||
||    Chromosomes/contigs : 28                                                ||
||                                                                            ||
|| Process BAM file 001_BXD45_SD_full.co.bam...                               ||
||    Single-end reads are included.                                          ||
||    Total alignments : 59399088                                             ||
||    Successfully assigned alignments : 2428625 (4.1%)                       ||
||    Running time : 0.05 minutes                                             ||
||                                                                            ||
|| Process BAM file 001_BXD45_SD_sub1.co.bam...                               ||
||    Single-end reads are included.                                          ||
||    Total alignments : 20000000                                             ||
||    Successfully assigned alignments : 817493 (4.1%)                        ||
||    Running time : 0.02 minutes                                             ||
||                                                                            ||
|| Process BAM file 001_BXD45_SD_sub2.co.bam...                               ||
||    Single-end reads are included.                                          ||
||    Total alignments : 15000000                                             ||
||    Successfully assigned alignments : 614578 (4.1%)                        ||
||    Running time : 0.02 minutes                                             ||
||                                                                            ||
|| Process BAM file 002_BXD45_CTRL_full.co.bam...                             ||
||    Single-end reads are included.                                          ||
||    Total alignments : 50554522                                             ||
||    Successfully assigned alignments : 2365068 (4.7%)                       ||
||    Running time : 0.05 minutes                                             ||
||                                                                            ||
|| Process BAM file 002_BXD45_CTRL_sub1.co.bam...                             ||
||    Single-end reads are included.                                          ||
||    Total alignments : 20000000                                             ||
||    Successfully assigned alignments : 936549 (4.7%)                        ||
||    Running time : 0.03 minutes                                             ||
||                                                                            ||
|| Process BAM file 002_BXD45_CTRL_sub2.co.bam...                             ||
||    Single-end reads are included.                                          ||
||    Total alignments : 15000000                                             ||
||    Successfully assigned alignments : 702210 (4.7%)                        ||
||    Running time : 0.02 minutes                                             ||
||                                                                            ||
|| Process BAM file 003_BXD51_SD_full.co.bam...                               ||
||    Single-end reads are included.                                          ||
||    Total alignments : 51977435                                             ||
||    Successfully assigned alignments : 2198120 (4.2%)                       ||
||    Running time : 0.05 minutes                                             ||
||                                                                            ||
|| Process BAM file 003_BXD51_SD_sub1.co.bam...                               ||
||    Single-end reads are included.                                          ||
||    Total alignments : 20000000                                             ||
||    Successfully assigned alignments : 845674 (4.2%)                        ||
||    Running time : 0.02 minutes                                             ||
||                                                                            ||
|| Process BAM file 003_BXD51_SD_sub2.co.bam...                               ||
||    Single-end reads are included.                                          ||
||    Total alignments : 15000000                                             ||
||    Successfully assigned alignments : 633939 (4.2%)                        ||
||    Running time : 0.02 minutes                                             ||
||                                                                            ||
|| Process BAM file 004_BXD51_CTRL_full.co.bam...                             ||
||    Single-end reads are included.                                          ||
||    Total alignments : 50612679                                             ||
||    Successfully assigned alignments : 2292045 (4.5%)                       ||
||    Running time : 0.05 minutes                                             ||
||                                                                            ||
|| Process BAM file 004_BXD51_CTRL_sub1.co.bam...                             ||
||    Single-end reads are included.                                          ||
||    Total alignments : 20000000                                             ||
||    Successfully assigned alignments : 904174 (4.5%)                        ||
||    Running time : 0.02 minutes                                             ||
||                                                                            ||
|| Process BAM file 004_BXD51_CTRL_sub2.co.bam...                             ||
||    Single-end reads are included.                                          ||
||    Total alignments : 15000000                                             ||
||    Successfully assigned alignments : 679651 (4.5%)                        ||
||    Running time : 0.02 minutes                                             ||
||                                                                            ||
|| Process BAM file 005_BXD55_SD_full.co.bam...                               ||
||    Single-end reads are included.                                          ||
||    Total alignments : 61749971                                             ||
||    Successfully assigned alignments : 2684967 (4.3%)                       ||
||    Running time : 0.06 minutes                                             ||
||                                                                            ||
|| Process BAM file 005_BXD55_SD_sub1.co.bam...                               ||
||    Single-end reads are included.                                          ||
||    Total alignments : 20000000                                             ||
||    Successfully assigned alignments : 869411 (4.3%)                        ||
||    Running time : 0.02 minutes                                             ||
||                                                                            ||
|| Process BAM file 005_BXD55_SD_sub2.co.bam...                               ||
||    Single-end reads are included.                                          ||
||    Total alignments : 15000000                                             ||
||    Successfully assigned alignments : 652248 (4.3%)                        ||
||    Running time : 0.02 minutes                                             ||
||                                                                            ||
|| Process BAM file 006_BXD55_CTRL_full.co.bam...                             ||
||    Single-end reads are included.                                          ||
||    Total alignments : 41949944                                             ||
||    Successfully assigned alignments : 1980385 (4.7%)                       ||
||    Running time : 0.04 minutes                                             ||
||                                                                            ||
|| Process BAM file 006_BXD55_CTRL_sub1.co.bam...                             ||
||    Single-end reads are included.                                          ||
||    Total alignments : 20000000                                             ||
||    Successfully assigned alignments : 943943 (4.7%)                        ||
||    Running time : 0.02 minutes                                             ||
||                                                                            ||
|| Process BAM file 006_BXD55_CTRL_sub2.co.bam...                             ||
||    Single-end reads are included.                                          ||
||    Total alignments : 15000000                                             ||
||    Successfully assigned alignments : 708752 (4.7%)                        ||
||    Running time : 0.02 minutes                                             ||
||                                                                            ||
|| Process BAM file 007_BXD56_SD_full.co.bam...                               ||
||    Single-end reads are included.                                          ||
||    Total alignments : 44347223                                             ||
||    Successfully assigned alignments : 2656931 (6.0%)                       ||
||    Running time : 0.04 minutes                                             ||
||                                                                            ||
|| Process BAM file 007_BXD56_SD_sub1.co.bam...                               ||
||    Single-end reads are included.                                          ||
||    Total alignments : 20000000                                             ||
||    Successfully assigned alignments : 1197638 (6.0%)                       ||
||    Running time : 0.02 minutes                                             ||
||                                                                            ||
|| Process BAM file 007_BXD56_SD_sub2.co.bam...                               ||
||    Single-end reads are included.                                          ||
||    Total alignments : 15000000                                             ||
||    Successfully assigned alignments : 900780 (6.0%)                        ||
||    Running time : 0.02 minutes                                             ||
||                                                                            ||
|| Process BAM file 008_BXD56_CTRL_full.co.bam...                             ||
||    Single-end reads are included.                                          ||
||    Total alignments : 69620130                                             ||
||    Successfully assigned alignments : 3720519 (5.3%)                       ||
||    Running time : 0.06 minutes                                             ||
||                                                                            ||
|| Process BAM file 008_BXD56_CTRL_sub1.co.bam...                             ||
||    Single-end reads are included.                                          ||
||    Total alignments : 20000000                                             ||
||    Successfully assigned alignments : 1069801 (5.3%)                       ||
||    Running time : 0.02 minutes                                             ||
||                                                                            ||
|| Process BAM file 008_BXD56_CTRL_sub2.co.bam...                             ||
||    Single-end reads are included.                                          ||
||    Total alignments : 15000000                                             ||
||    Successfully assigned alignments : 802442 (5.3%)                        ||
||    Running time : 0.02 minutes                                             ||
||                                                                            ||
|| Process BAM file 009_BXD61_SD_full.co.bam...                               ||
||    Single-end reads are included.                                          ||
||    Total alignments : 47007601                                             ||
||    Successfully assigned alignments : 3058685 (6.5%)                       ||
||    Running time : 0.04 minutes                                             ||
||                                                                            ||
|| Process BAM file 009_BXD61_SD_sub1.co.bam...                               ||
||    Single-end reads are included.                                          ||
||    Total alignments : 20000000                                             ||
||    Successfully assigned alignments : 1301118 (6.5%)                       ||
||    Running time : 0.02 minutes                                             ||
||                                                                            ||
|| Process BAM file 009_BXD61_SD_sub2.co.bam...                               ||
||    Single-end reads are included.                                          ||
||    Total alignments : 15000000                                             ||
||    Successfully assigned alignments : 976454 (6.5%)                        ||
||    Running time : 0.02 minutes                                             ||
||                                                                            ||
|| Process BAM file 010_BXD61_CTRL_full.co.bam...                             ||
||    Single-end reads are included.                                          ||
||    Total alignments : 44408999                                             ||
||    Successfully assigned alignments : 3252139 (7.3%)                       ||
||    Running time : 0.04 minutes                                             ||
||                                                                            ||
|| Process BAM file 010_BXD61_CTRL_sub1.co.bam...                             ||
||    Single-end reads are included.                                          ||
||    Total alignments : 20000000                                             ||
||    Successfully assigned alignments : 1465034 (7.3%)                       ||
||    Running time : 0.02 minutes                                             ||
||                                                                            ||
|| Process BAM file 010_BXD61_CTRL_sub2.co.bam...                             ||
||    Single-end reads are included.                                          ||
||    Total alignments : 15000000                                             ||
||    Successfully assigned alignments : 1100623 (7.3%)                       ||
||    Running time : 0.02 minutes                                             ||
||                                                                            ||
|| Process BAM file 011_BXD66_SD_full.co.bam...                               ||
||    Single-end reads are included.                                          ||
||    Total alignments : 52667645                                             ||
||    Successfully assigned alignments : 4988661 (9.5%)                       ||
||    Running time : 0.05 minutes                                             ||
||                                                                            ||
|| Process BAM file 011_BXD66_SD_sub1.co.bam...                               ||
||    Single-end reads are included.                                          ||
||    Total alignments : 20000000                                             ||
||    Successfully assigned alignments : 1895254 (9.5%)                       ||
||    Running time : 0.02 minutes                                             ||
||                                                                            ||
|| Process BAM file 011_BXD66_SD_sub2.co.bam...                               ||
||    Single-end reads are included.                                          ||
||    Total alignments : 15000000                                             ||
||    Successfully assigned alignments : 1419790 (9.5%)                       ||
||    Running time : 0.02 minutes                                             ||
||                                                                            ||
|| Process BAM file 012_BXD66_CTRL_full.co.bam...                             ||
||    Single-end reads are included.                                          ||
||    Total alignments : 53908597                                             ||
||    Successfully assigned alignments : 3883957 (7.2%)                       ||
||    Running time : 0.05 minutes                                             ||
||                                                                            ||
|| Process BAM file 012_BXD66_CTRL_sub1.co.bam...                             ||
||    Single-end reads are included.                                          ||
||    Total alignments : 20000000                                             ||
||    Successfully assigned alignments : 1441295 (7.2%)                       ||
||    Running time : 0.02 minutes                                             ||
||                                                                            ||
|| Process BAM file 012_BXD66_CTRL_sub2.co.bam...                             ||
||    Single-end reads are included.                                          ||
||    Total alignments : 15000000                                             ||
||    Successfully assigned alignments : 1081336 (7.2%)                       ||
||    Running time : 0.02 minutes                                             ||
||                                                                            ||
|| Process BAM file 013_BXD67_SD_full.co.bam...                               ||
||    Single-end reads are included.                                          ||
||    Total alignments : 50092481                                             ||
||    Successfully assigned alignments : 3373250 (6.7%)                       ||
||    Running time : 0.05 minutes                                             ||
||                                                                            ||
|| Process BAM file 013_BXD67_SD_sub1.co.bam...                               ||
||    Single-end reads are included.                                          ||
||    Total alignments : 20000000                                             ||
||    Successfully assigned alignments : 1346939 (6.7%)                       ||
||    Running time : 0.02 minutes                                             ||
||                                                                            ||
|| Process BAM file 013_BXD67_SD_sub2.co.bam...                               ||
||    Single-end reads are included.                                          ||
||    Total alignments : 15000000                                             ||
||    Successfully assigned alignments : 1009921 (6.7%)                       ||
||    Running time : 0.02 minutes                                             ||
||                                                                            ||
|| Process BAM file 014_BXD67_CTRL_full.co.bam...                             ||
||    Single-end reads are included.                                          ||
||    Total alignments : 50353101                                             ||
||    Successfully assigned alignments : 2398263 (4.8%)                       ||
||    Running time : 0.05 minutes                                             ||
||                                                                            ||
|| Process BAM file 014_BXD67_CTRL_sub1.co.bam...                             ||
||    Single-end reads are included.                                          ||
||    Total alignments : 20000000                                             ||
||    Successfully assigned alignments : 952623 (4.8%)                        ||
||    Running time : 0.02 minutes                                             ||
||                                                                            ||
|| Process BAM file 014_BXD67_CTRL_sub2.co.bam...                             ||
||    Single-end reads are included.                                          ||
||    Total alignments : 15000000                                             ||
||    Successfully assigned alignments : 713873 (4.8%)                        ||
||    Running time : 0.02 minutes                                             ||
||                                                                            ||
|| Process BAM file 015_BXD70_SD_full.co.bam...                               ||
||    Single-end reads are included.                                          ||
||    Total alignments : 50818111                                             ||
||    Successfully assigned alignments : 2622967 (5.2%)                       ||
||    Running time : 0.05 minutes                                             ||
||                                                                            ||
|| Process BAM file 015_BXD70_SD_sub1.co.bam...                               ||
||    Single-end reads are included.                                          ||
||    Total alignments : 20000000                                             ||
||    Successfully assigned alignments : 1031533 (5.2%)                       ||
||    Running time : 0.02 minutes                                             ||
||                                                                            ||
|| Process BAM file 015_BXD70_SD_sub2.co.bam...                               ||
||    Single-end reads are included.                                          ||
||    Total alignments : 15000000                                             ||
||    Successfully assigned alignments : 774074 (5.2%)                        ||
||    Running time : 0.02 minutes                                             ||
||                                                                            ||
|| Process BAM file 016_BXD70_CTRL_full.co.bam...                             ||
||    Single-end reads are included.                                          ||
||    Total alignments : 50621026                                             ||
||    Successfully assigned alignments : 2448821 (4.8%)                       ||
||    Running time : 0.05 minutes                                             ||
||                                                                            ||
|| Process BAM file 016_BXD70_CTRL_sub1.co.bam...                             ||
||    Single-end reads are included.                                          ||
||    Total alignments : 20000000                                             ||
||    Successfully assigned alignments : 966587 (4.8%)                        ||
||    Running time : 0.02 minutes                                             ||
||                                                                            ||
|| Process BAM file 016_BXD70_CTRL_sub2.co.bam...                             ||
||    Single-end reads are included.                                          ||
||    Total alignments : 15000000                                             ||
||    Successfully assigned alignments : 725239 (4.8%)                        ||
||    Running time : 0.02 minutes                                             ||
||                                                                            ||
|| Process BAM file 017_BXD73_SD_full.co.bam...                               ||
||    Single-end reads are included.                                          ||
||    Total alignments : 47819909                                             ||
||    Successfully assigned alignments : 2885263 (6.0%)                       ||
||    Running time : 0.05 minutes                                             ||
||                                                                            ||
|| Process BAM file 017_BXD73_SD_sub1.co.bam...                               ||
||    Single-end reads are included.                                          ||
||    Total alignments : 20000000                                             ||
||    Successfully assigned alignments : 1207002 (6.0%)                       ||
||    Running time : 0.02 minutes                                             ||
||                                                                            ||
|| Process BAM file 017_BXD73_SD_sub2.co.bam...                               ||
||    Single-end reads are included.                                          ||
||    Total alignments : 15000000                                             ||
||    Successfully assigned alignments : 904972 (6.0%)                        ||
||    Running time : 0.02 minutes                                             ||
||                                                                            ||
|| Process BAM file 018_BXD73_CTRL_full.co.bam...                             ||
||    Single-end reads are included.                                          ||
||    Total alignments : 40568487                                             ||
||    Successfully assigned alignments : 3088145 (7.6%)                       ||
||    Running time : 0.04 minutes                                             ||
||                                                                            ||
|| Process BAM file 018_BXD73_CTRL_sub1.co.bam...                             ||
||    Single-end reads are included.                                          ||
||    Total alignments : 20000000                                             ||
||    Successfully assigned alignments : 1522460 (7.6%)                       ||
||    Running time : 0.02 minutes                                             ||
||                                                                            ||
|| Process BAM file 018_BXD73_CTRL_sub2.co.bam...                             ||
||    Single-end reads are included.                                          ||
||    Total alignments : 15000000                                             ||
||    Successfully assigned alignments : 1143243 (7.6%)                       ||
||    Running time : 0.02 minutes                                             ||
||                                                                            ||
|| Process BAM file 019_BXD75_SD_full.co.bam...                               ||
||    Single-end reads are included.                                          ||
||    Total alignments : 38578132                                             ||
||    Successfully assigned alignments : 3232801 (8.4%)                       ||
||    Running time : 0.04 minutes                                             ||
||                                                                            ||
|| Process BAM file 019_BXD75_SD_sub1.co.bam...                               ||
||    Single-end reads are included.                                          ||
||    Total alignments : 20000000                                             ||
||    Successfully assigned alignments : 1674749 (8.4%)                       ||
||    Running time : 0.02 minutes                                             ||
||                                                                            ||
|| Process BAM file 019_BXD75_SD_sub2.co.bam...                               ||
||    Single-end reads are included.                                          ||
||    Total alignments : 15000000                                             ||
||    Successfully assigned alignments : 1256487 (8.4%)                       ||
||    Running time : 0.02 minutes                                             ||
||                                                                            ||
|| Process BAM file 020_BXD75_CTRL_full.co.bam...                             ||
||    Single-end reads are included.                                          ||
||    Total alignments : 30410139                                             ||
||    Successfully assigned alignments : 1906126 (6.3%)                       ||
||    Running time : 0.03 minutes                                             ||
||                                                                            ||
|| Process BAM file 020_BXD75_CTRL_sub1.co.bam...                             ||
||    Single-end reads are included.                                          ||
||    Total alignments : 20000000                                             ||
||    Successfully assigned alignments : 1253793 (6.3%)                       ||
||    Running time : 0.02 minutes                                             ||
||                                                                            ||
|| Process BAM file 020_BXD75_CTRL_sub2.co.bam...                             ||
||    Single-end reads are included.                                          ||
||    Total alignments : 15000000                                             ||
||    Successfully assigned alignments : 940138 (6.3%)                        ||
||    Running time : 0.02 minutes                                             ||
||                                                                            ||
|| Process BAM file 021_BXD83_SD_full.co.bam...                               ||
||    Single-end reads are included.                                          ||
||    Total alignments : 41868731                                             ||
||    Successfully assigned alignments : 1789038 (4.3%)                       ||
||    Running time : 0.04 minutes                                             ||
||                                                                            ||
|| Process BAM file 021_BXD83_SD_sub1.co.bam...                               ||
||    Single-end reads are included.                                          ||
||    Total alignments : 20000000                                             ||
||    Successfully assigned alignments : 854656 (4.3%)                        ||
||    Running time : 0.02 minutes                                             ||
||                                                                            ||
|| Process BAM file 021_BXD83_SD_sub2.co.bam...                               ||
||    Single-end reads are included.                                          ||
||    Total alignments : 15000000                                             ||
||    Successfully assigned alignments : 640584 (4.3%)                        ||
||    Running time : 0.02 minutes                                             ||
||                                                                            ||
|| Process BAM file 022_BXD83_CTRL_full.co.bam...                             ||
||    Single-end reads are included.                                          ||
||    Total alignments : 42918864                                             ||
||    Successfully assigned alignments : 1673880 (3.9%)                       ||
||    Running time : 0.04 minutes                                             ||
||                                                                            ||
|| Process BAM file 022_BXD83_CTRL_sub1.co.bam...                             ||
||    Single-end reads are included.                                          ||
||    Total alignments : 20000000                                             ||
||    Successfully assigned alignments : 780265 (3.9%)                        ||
||    Running time : 0.02 minutes                                             ||
||                                                                            ||
|| Process BAM file 022_BXD83_CTRL_sub2.co.bam...                             ||
||    Single-end reads are included.                                          ||
||    Total alignments : 15000000                                             ||
||    Successfully assigned alignments : 584549 (3.9%)                        ||
||    Running time : 0.02 minutes                                             ||
||                                                                            ||
|| Process BAM file 023_BXD84_SD_full.co.bam...                               ||
||    Single-end reads are included.                                          ||
||    Total alignments : 36860800                                             ||
||    Successfully assigned alignments : 2529336 (6.9%)                       ||
||    Running time : 0.03 minutes                                             ||
||                                                                            ||
|| Process BAM file 023_BXD84_SD_sub1.co.bam...                               ||
||    Single-end reads are included.                                          ||
||    Total alignments : 20000000                                             ||
||    Successfully assigned alignments : 1372087 (6.9%)                       ||
||    Running time : 0.02 minutes                                             ||
||                                                                            ||
|| Process BAM file 023_BXD84_SD_sub2.co.bam...                               ||
||    Single-end reads are included.                                          ||
||    Total alignments : 15000000                                             ||
||    Successfully assigned alignments : 1029170 (6.9%)                       ||
||    Running time : 0.02 minutes                                             ||
||                                                                            ||
|| Process BAM file 024_BXD84_CTRL_full.co.bam...                             ||
||    Single-end reads are included.                                          ||
||    Total alignments : 34204054                                             ||
||    Successfully assigned alignments : 2315132 (6.8%)                       ||
||    Running time : 0.03 minutes                                             ||
||                                                                            ||
|| Process BAM file 024_BXD84_CTRL_sub1.co.bam...                             ||
||    Single-end reads are included.                                          ||
||    Total alignments : 20000000                                             ||
||    Successfully assigned alignments : 1354291 (6.8%)                       ||
||    Running time : 0.02 minutes                                             ||
||                                                                            ||
|| Process BAM file 024_BXD84_CTRL_sub2.co.bam...                             ||
||    Single-end reads are included.                                          ||
||    Total alignments : 15000000                                             ||
||    Successfully assigned alignments : 1014736 (6.8%)                       ||
||    Running time : 0.02 minutes                                             ||
||                                                                            ||
|| Process BAM file 025_BXD89_SD_full.co.bam...                               ||
||    Single-end reads are included.                                          ||
||    Total alignments : 60237706                                             ||
||    Successfully assigned alignments : 3312714 (5.5%)                       ||
||    Running time : 0.06 minutes                                             ||
||                                                                            ||
|| Process BAM file 025_BXD89_SD_sub1.co.bam...                               ||
||    Single-end reads are included.                                          ||
||    Total alignments : 20000000                                             ||
||    Successfully assigned alignments : 1099573 (5.5%)                       ||
||    Running time : 0.02 minutes                                             ||
||                                                                            ||
|| Process BAM file 025_BXD89_SD_sub2.co.bam...                               ||
||    Single-end reads are included.                                          ||
||    Total alignments : 15000000                                             ||
||    Successfully assigned alignments : 824658 (5.5%)                        ||
||    Running time : 0.02 minutes                                             ||
||                                                                            ||
|| Process BAM file 026_BXD89_CTRL_full.co.bam...                             ||
||    Single-end reads are included.                                          ||
||    Total alignments : 37816209                                             ||
||    Successfully assigned alignments : 3373016 (8.9%)                       ||
||    Running time : 0.03 minutes                                             ||
||                                                                            ||
|| Process BAM file 026_BXD89_CTRL_sub1.co.bam...                             ||
||    Single-end reads are included.                                          ||
||    Total alignments : 20000000                                             ||
||    Successfully assigned alignments : 1783887 (8.9%)                       ||
||    Running time : 0.02 minutes                                             ||
||                                                                            ||
|| Process BAM file 026_BXD89_CTRL_sub2.co.bam...                             ||
||    Single-end reads are included.                                          ||
||    Total alignments : 15000000                                             ||
||    Successfully assigned alignments : 1338034 (8.9%)                       ||
||    Running time : 0.02 minutes                                             ||
||                                                                            ||
|| Process BAM file 027_65a_SD_full.co.bam...                                 ||
||    Single-end reads are included.                                          ||
||    Total alignments : 42111761                                             ||
||    Successfully assigned alignments : 2189386 (5.2%)                       ||
||    Running time : 0.04 minutes                                             ||
||                                                                            ||
|| Process BAM file 027_65a_SD_sub1.co.bam...                                 ||
||    Single-end reads are included.                                          ||
||    Total alignments : 20000000                                             ||
||    Successfully assigned alignments : 1040385 (5.2%)                       ||
||    Running time : 0.02 minutes                                             ||
||                                                                            ||
|| Process BAM file 027_65a_SD_sub2.co.bam...                                 ||
||    Single-end reads are included.                                          ||
||    Total alignments : 15000000                                             ||
||    Successfully assigned alignments : 779279 (5.2%)                        ||
||    Running time : 0.02 minutes                                             ||
||                                                                            ||
|| Process BAM file 028_65a_CTRL_full.co.bam...                               ||
||    Single-end reads are included.                                          ||
||    Total alignments : 47860238                                             ||
||    Successfully assigned alignments : 3634358 (7.6%)                       ||
||    Running time : 0.04 minutes                                             ||
||                                                                            ||
|| Process BAM file 028_65a_CTRL_sub1.co.bam...                               ||
||    Single-end reads are included.                                          ||
||    Total alignments : 20000000                                             ||
||    Successfully assigned alignments : 1518510 (7.6%)                       ||
||    Running time : 0.02 minutes                                             ||
||                                                                            ||
|| Process BAM file 028_65a_CTRL_sub2.co.bam...                               ||
||    Single-end reads are included.                                          ||
||    Total alignments : 15000000                                             ||
||    Successfully assigned alignments : 1139283 (7.6%)                       ||
||    Running time : 0.02 minutes                                             ||
||                                                                            ||
|| Process BAM file 029_BXD100_SD_full.co.bam...                              ||
||    Single-end reads are included.                                          ||
||    Total alignments : 39621388                                             ||
||    Successfully assigned alignments : 2622563 (6.6%)                       ||
||    Running time : 0.04 minutes                                             ||
||                                                                            ||
|| Process BAM file 029_BXD100_SD_sub1.co.bam...                              ||
||    Single-end reads are included.                                          ||
||    Total alignments : 20000000                                             ||
||    Successfully assigned alignments : 1323197 (6.6%)                       ||
||    Running time : 0.02 minutes                                             ||
||                                                                            ||
|| Process BAM file 029_BXD100_SD_sub2.co.bam...                              ||
||    Single-end reads are included.                                          ||
||    Total alignments : 15000000                                             ||
||    Successfully assigned alignments : 992155 (6.6%)                        ||
||    Running time : 0.02 minutes                                             ||
||                                                                            ||
|| Process BAM file 030_BXD100_CTRL_full.co.bam...                            ||
||    Single-end reads are included.                                          ||
||    Total alignments : 41255383                                             ||
||    Successfully assigned alignments : 2215691 (5.4%)                       ||
||    Running time : 0.04 minutes                                             ||
||                                                                            ||
|| Process BAM file 030_BXD100_CTRL_sub1.co.bam...                            ||
||    Single-end reads are included.                                          ||
||    Total alignments : 20000000                                             ||
||    Successfully assigned alignments : 1072804 (5.4%)                       ||
||    Running time : 0.02 minutes                                             ||
||                                                                            ||
|| Process BAM file 030_BXD100_CTRL_sub2.co.bam...                            ||
||    Single-end reads are included.                                          ||
||    Total alignments : 15000000                                             ||
||    Successfully assigned alignments : 805553 (5.4%)                        ||
||    Running time : 0.02 minutes                                             ||
||                                                                            ||
|| Process BAM file 031_BXD101_SD_full.co.bam...                              ||
||    Single-end reads are included.                                          ||
||    Total alignments : 38870513                                             ||
||    Successfully assigned alignments : 2405039 (6.2%)                       ||
||    Running time : 0.04 minutes                                             ||
||                                                                            ||
|| Process BAM file 031_BXD101_SD_sub1.co.bam...                              ||
||    Single-end reads are included.                                          ||
||    Total alignments : 20000000                                             ||
||    Successfully assigned alignments : 1238192 (6.2%)                       ||
||    Running time : 0.02 minutes                                             ||
||                                                                            ||
|| Process BAM file 031_BXD101_SD_sub2.co.bam...                              ||
||    Single-end reads are included.                                          ||
||    Total alignments : 15000000                                             ||
||    Successfully assigned alignments : 928507 (6.2%)                        ||
||    Running time : 0.02 minutes                                             ||
||                                                                            ||
|| Process BAM file 032_BXD101_CTRL_full.co.bam...                            ||
||    Single-end reads are included.                                          ||
||    Total alignments : 36680683                                             ||
||    Successfully assigned alignments : 2569235 (7.0%)                       ||
||    Running time : 0.04 minutes                                             ||
||                                                                            ||
|| Process BAM file 032_BXD101_CTRL_sub1.co.bam...                            ||
||    Single-end reads are included.                                          ||
||    Total alignments : 20000000                                             ||
||    Successfully assigned alignments : 1399780 (7.0%)                       ||
||    Running time : 0.02 minutes                                             ||
||                                                                            ||
|| Process BAM file 032_BXD101_CTRL_sub2.co.bam...                            ||
||    Single-end reads are included.                                          ||
||    Total alignments : 15000000                                             ||
||    Successfully assigned alignments : 1049187 (7.0%)                       ||
||    Running time : 0.02 minutes                                             ||
||                                                                            ||
|| Process BAM file 033_C57Bl6_SD_full.co.bam...                              ||
||    Single-end reads are included.                                          ||
||    Total alignments : 37761902                                             ||
||    Successfully assigned alignments : 1578904 (4.2%)                       ||
||    Running time : 0.04 minutes                                             ||
||                                                                            ||
|| Process BAM file 033_C57Bl6_SD_sub1.co.bam...                              ||
||    Single-end reads are included.                                          ||
||    Total alignments : 20000000                                             ||
||    Successfully assigned alignments : 835295 (4.2%)                        ||
||    Running time : 0.02 minutes                                             ||
||                                                                            ||
|| Process BAM file 033_C57Bl6_SD_sub2.co.bam...                              ||
||    Single-end reads are included.                                          ||
||    Total alignments : 15000000                                             ||
||    Successfully assigned alignments : 627976 (4.2%)                        ||
||    Running time : 0.02 minutes                                             ||
||                                                                            ||
|| Process BAM file 034_C57Bl6_CTRL_full.co.bam...                            ||
||    Single-end reads are included.                                          ||
||    Total alignments : 40417112                                             ||
||    Successfully assigned alignments : 1387248 (3.4%)                       ||
||    Running time : 0.04 minutes                                             ||
||                                                                            ||
|| Process BAM file 034_C57Bl6_CTRL_sub1.co.bam...                            ||
||    Single-end reads are included.                                          ||
||    Total alignments : 20000000                                             ||
||    Successfully assigned alignments : 686849 (3.4%)                        ||
||    Running time : 0.02 minutes                                             ||
||                                                                            ||
|| Process BAM file 034_C57Bl6_CTRL_sub2.co.bam...                            ||
||    Single-end reads are included.                                          ||
||    Total alignments : 15000000                                             ||
||    Successfully assigned alignments : 515288 (3.4%)                        ||
||    Running time : 0.02 minutes                                             ||
||                                                                            ||
|| Process BAM file 035_DBA_SD_full.co.bam...                                 ||
||    Single-end reads are included.                                          ||
||    Total alignments : 42182105                                             ||
||    Successfully assigned alignments : 2049638 (4.9%)                       ||
||    Running time : 0.04 minutes                                             ||
||                                                                            ||
|| Process BAM file 035_DBA_SD_sub1.co.bam...                                 ||
||    Single-end reads are included.                                          ||
||    Total alignments : 20000000                                             ||
||    Successfully assigned alignments : 971847 (4.9%)                        ||
||    Running time : 0.02 minutes                                             ||
||                                                                            ||
|| Process BAM file 035_DBA_SD_sub2.co.bam...                                 ||
||    Single-end reads are included.                                          ||
||    Total alignments : 15000000                                             ||
||    Successfully assigned alignments : 728318 (4.9%)                        ||
||    Running time : 0.02 minutes                                             ||
||                                                                            ||
|| Process BAM file 036_DBA_CTRL_full.co.bam...                               ||
||    Single-end reads are included.                                          ||
||    Total alignments : 39872011                                             ||
||    Successfully assigned alignments : 1370210 (3.4%)                       ||
||    Running time : 0.04 minutes                                             ||
||                                                                            ||
|| Process BAM file 036_DBA_CTRL_sub1.co.bam...                               ||
||    Single-end reads are included.                                          ||
||    Total alignments : 20000000                                             ||
||    Successfully assigned alignments : 686883 (3.4%)                        ||
||    Running time : 0.02 minutes                                             ||
||                                                                            ||
|| Process BAM file 036_DBA_CTRL_sub2.co.bam...                               ||
||    Single-end reads are included.                                          ||
||    Total alignments : 15000000                                             ||
||    Successfully assigned alignments : 515341 (3.4%)                        ||
||    Running time : 0.02 minutes                                             ||
||                                                                            ||
|| Process BAM file 037_BXD48_SD_full.co.bam...                               ||
||    Single-end reads are included.                                          ||
||    Total alignments : 34981733                                             ||
||    Successfully assigned alignments : 1521058 (4.3%)                       ||
||    Running time : 0.03 minutes                                             ||
||                                                                            ||
|| Process BAM file 037_BXD48_SD_sub1.co.bam...                               ||
||    Single-end reads are included.                                          ||
||    Total alignments : 20000000                                             ||
||    Successfully assigned alignments : 870226 (4.4%)                        ||
||    Running time : 0.02 minutes                                             ||
||                                                                            ||
|| Process BAM file 037_BXD48_SD_sub2.co.bam...                               ||
||    Single-end reads are included.                                          ||
||    Total alignments : 15000000                                             ||
||    Successfully assigned alignments : 653079 (4.4%)                        ||
||    Running time : 0.02 minutes                                             ||
||                                                                            ||
|| Process BAM file 038_BXD49_SD_full.co.bam...                               ||
||    Single-end reads are included.                                          ||
||    Total alignments : 35185133                                             ||
||    Successfully assigned alignments : 1699352 (4.8%)                       ||
||    Running time : 0.03 minutes                                             ||
||                                                                            ||
|| Process BAM file 038_BXD49_SD_sub1.co.bam...                               ||
||    Single-end reads are included.                                          ||
||    Total alignments : 20000000                                             ||
||    Successfully assigned alignments : 966381 (4.8%)                        ||
||    Running time : 0.02 minutes                                             ||
||                                                                            ||
|| Process BAM file 038_BXD49_SD_sub2.co.bam...                               ||
||    Single-end reads are included.                                          ||
||    Total alignments : 15000000                                             ||
||    Successfully assigned alignments : 724828 (4.8%)                        ||
||    Running time : 0.02 minutes                                             ||
||                                                                            ||
|| Process BAM file 039_BXD48_CTRL_full.co.bam...                             ||
||    Single-end reads are included.                                          ||
||    Total alignments : 33113278                                             ||
||    Successfully assigned alignments : 1931925 (5.8%)                       ||
||    Running time : 0.03 minutes                                             ||
||                                                                            ||
|| Process BAM file 039_BXD48_CTRL_sub1.co.bam...                             ||
||    Single-end reads are included.                                          ||
||    Total alignments : 20000000                                             ||
||    Successfully assigned alignments : 1166126 (5.8%)                       ||
||    Running time : 0.02 minutes                                             ||
||                                                                            ||
|| Process BAM file 039_BXD48_CTRL_sub2.co.bam...                             ||
||    Single-end reads are included.                                          ||
||    Total alignments : 15000000                                             ||
||    Successfully assigned alignments : 875279 (5.8%)                        ||
||    Running time : 0.02 minutes                                             ||
||                                                                            ||
|| Process BAM file 040_BXD49_CTRL_full.co.bam...                             ||
||    Single-end reads are included.                                          ||
||    Total alignments : 35659975                                             ||
||    Successfully assigned alignments : 1434588 (4.0%)                       ||
||    Running time : 0.03 minutes                                             ||
||                                                                            ||
|| Process BAM file 040_BXD49_CTRL_sub1.co.bam...                             ||
||    Single-end reads are included.                                          ||
||    Total alignments : 20000000                                             ||
||    Successfully assigned alignments : 804663 (4.0%)                        ||
||    Running time : 0.02 minutes                                             ||
||                                                                            ||
|| Process BAM file 040_BXD49_CTRL_sub2.co.bam...                             ||
||    Single-end reads are included.                                          ||
||    Total alignments : 15000000                                             ||
||    Successfully assigned alignments : 603234 (4.0%)                        ||
||    Running time : 0.02 minutes                                             ||
||                                                                            ||
|| Process BAM file 041_BXD50_SD_full.co.bam...                               ||
||    Single-end reads are included.                                          ||
||    Total alignments : 42111041                                             ||
||    Successfully assigned alignments : 2038905 (4.8%)                       ||
||    Running time : 0.04 minutes                                             ||
||                                                                            ||
|| Process BAM file 041_BXD50_SD_sub1.co.bam...                               ||
||    Single-end reads are included.                                          ||
||    Total alignments : 20000000                                             ||
||    Successfully assigned alignments : 968834 (4.8%)                        ||
||    Running time : 0.02 minutes                                             ||
||                                                                            ||
|| Process BAM file 041_BXD50_SD_sub2.co.bam...                               ||
||    Single-end reads are included.                                          ||
||    Total alignments : 15000000                                             ||
||    Successfully assigned alignments : 725818 (4.8%)                        ||
||    Running time : 0.02 minutes                                             ||
||                                                                            ||
|| Process BAM file 042_BXD50_CTRL_full.co.bam...                             ||
||    Single-end reads are included.                                          ||
||    Total alignments : 41225005                                             ||
||    Successfully assigned alignments : 1598843 (3.9%)                       ||
||    Running time : 0.04 minutes                                             ||
||                                                                            ||
|| Process BAM file 042_BXD50_CTRL_sub1.co.bam...                             ||
||    Single-end reads are included.                                          ||
||    Total alignments : 20000000                                             ||
||    Successfully assigned alignments : 775902 (3.9%)                        ||
||    Running time : 0.02 minutes                                             ||
||                                                                            ||
|| Process BAM file 042_BXD50_CTRL_sub2.co.bam...                             ||
||    Single-end reads are included.                                          ||
||    Total alignments : 15000000                                             ||
||    Successfully assigned alignments : 581604 (3.9%)                        ||
||    Running time : 0.02 minutes                                             ||
||                                                                            ||
|| Process BAM file 043_BXD51_SD_full.co.bam...                               ||
||    Single-end reads are included.                                          ||
||    Total alignments : 52693184                                             ||
||    Successfully assigned alignments : 2121868 (4.0%)                       ||
||    Running time : 0.05 minutes                                             ||
||                                                                            ||
|| Process BAM file 043_BXD51_SD_sub1.co.bam...                               ||
||    Single-end reads are included.                                          ||
||    Total alignments : 20000000                                             ||
||    Successfully assigned alignments : 805236 (4.0%)                        ||
||    Running time : 0.02 minutes                                             ||
||                                                                            ||
|| Process BAM file 043_BXD51_SD_sub2.co.bam...                               ||
||    Single-end reads are included.                                          ||
||    Total alignments : 15000000                                             ||
||    Successfully assigned alignments : 603926 (4.0%)                        ||
||    Running time : 0.02 minutes                                             ||
||                                                                            ||
|| Process BAM file 044_BXD51_CTRL_full.co.bam...                             ||
||    Single-end reads are included.                                          ||
||    Total alignments : 36413529                                             ||
||    Successfully assigned alignments : 1526888 (4.2%)                       ||
||    Running time : 0.04 minutes                                             ||
||                                                                            ||
|| Process BAM file 044_BXD51_CTRL_sub1.co.bam...                             ||
||    Single-end reads are included.                                          ||
||    Total alignments : 20000000                                             ||
||    Successfully assigned alignments : 838275 (4.2%)                        ||
||    Running time : 0.02 minutes                                             ||
||                                                                            ||
|| Process BAM file 044_BXD51_CTRL_sub2.co.bam...                             ||
||    Single-end reads are included.                                          ||
||    Total alignments : 15000000                                             ||
||    Successfully assigned alignments : 628686 (4.2%)                        ||
||    Running time : 0.02 minutes                                             ||
||                                                                            ||
|| Process BAM file 045_BXD56_SD_full.co.bam...                               ||
||    Single-end reads are included.                                          ||
||    Total alignments : 17358514                                             ||
||    Successfully assigned alignments : 1199723 (6.9%)                       ||
||    Running time : 0.02 minutes                                             ||
||                                                                            ||
|| Process BAM file 045_BXD56_SD_sub1.co.bam...                               ||
||    Single-end reads are included.                                          ||
||    Total alignments : 17358514                                             ||
||    Successfully assigned alignments : 1199723 (6.9%)                       ||
||    Running time : 0.02 minutes                                             ||
||                                                                            ||
|| Process BAM file 045_BXD56_SD_sub2.co.bam...                               ||
||    Single-end reads are included.                                          ||
||    Total alignments : 15000000                                             ||
||    Successfully assigned alignments : 1036564 (6.9%)                       ||
||    Running time : 0.02 minutes                                             ||
||                                                                            ||
|| Process BAM file 046_BXD56_CTRL_full.co.bam...                             ||
||    Single-end reads are included.                                          ||
||    Total alignments : 79120615                                             ||
||    Successfully assigned alignments : 3628450 (4.6%)                       ||
||    Running time : 0.07 minutes                                             ||
||                                                                            ||
|| Process BAM file 046_BXD56_CTRL_sub1.co.bam...                             ||
||    Single-end reads are included.                                          ||
||    Total alignments : 20000000                                             ||
||    Successfully assigned alignments : 916100 (4.6%)                        ||
||    Running time : 0.02 minutes                                             ||
||                                                                            ||
|| Process BAM file 046_BXD56_CTRL_sub2.co.bam...                             ||
||    Single-end reads are included.                                          ||
||    Total alignments : 15000000                                             ||
||    Successfully assigned alignments : 687858 (4.6%)                        ||
||    Running time : 0.02 minutes                                             ||
||                                                                            ||
|| Process BAM file 047_BXD64_SD_full.co.bam...                               ||
||    Single-end reads are included.                                          ||
||    Total alignments : 41538693                                             ||
||    Successfully assigned alignments : 1414110 (3.4%)                       ||
||    Running time : 0.04 minutes                                             ||
||                                                                            ||
|| Process BAM file 047_BXD64_SD_sub1.co.bam...                               ||
||    Single-end reads are included.                                          ||
||    Total alignments : 20000000                                             ||
||    Successfully assigned alignments : 681619 (3.4%)                        ||
||    Running time : 0.02 minutes                                             ||
||                                                                            ||
|| Process BAM file 047_BXD64_SD_sub2.co.bam...                               ||
||    Single-end reads are included.                                          ||
||    Total alignments : 15000000                                             ||
||    Successfully assigned alignments : 511682 (3.4%)                        ||
||    Running time : 0.02 minutes                                             ||
||                                                                            ||
|| Process BAM file 048_BXD64_CTRL_full.co.bam...                             ||
||    Single-end reads are included.                                          ||
||    Total alignments : 42591652                                             ||
||    Successfully assigned alignments : 1630236 (3.8%)                       ||
||    Running time : 0.04 minutes                                             ||
||                                                                            ||
|| Process BAM file 048_BXD64_CTRL_sub1.co.bam...                             ||
||    Single-end reads are included.                                          ||
||    Total alignments : 20000000                                             ||
||    Successfully assigned alignments : 765720 (3.8%)                        ||
||    Running time : 0.02 minutes                                             ||
||                                                                            ||
|| Process BAM file 048_BXD64_CTRL_sub2.co.bam...                             ||
||    Single-end reads are included.                                          ||
||    Total alignments : 15000000                                             ||
||    Successfully assigned alignments : 572472 (3.8%)                        ||
||    Running time : 0.02 minutes                                             ||
||                                                                            ||
|| Process BAM file 049_BXD65_SD_full.co.bam...                               ||
||    Single-end reads are included.                                          ||
||    Total alignments : 39631627                                             ||
||    Successfully assigned alignments : 2552628 (6.4%)                       ||
||    Running time : 0.04 minutes                                             ||
||                                                                            ||
|| Process BAM file 049_BXD65_SD_sub1.co.bam...                               ||
||    Single-end reads are included.                                          ||
||    Total alignments : 20000000                                             ||
||    Successfully assigned alignments : 1286729 (6.4%)                       ||
||    Running time : 0.02 minutes                                             ||
||                                                                            ||
|| Process BAM file 049_BXD65_SD_sub2.co.bam...                               ||
||    Single-end reads are included.                                          ||
||    Total alignments : 15000000                                             ||
||    Successfully assigned alignments : 967378 (6.4%)                        ||
||    Running time : 0.02 minutes                                             ||
||                                                                            ||
|| Process BAM file 050_BXD65_CTRL_full.co.bam...                             ||
||    Single-end reads are included.                                          ||
||    Total alignments : 37949239                                             ||
||    Successfully assigned alignments : 2113166 (5.6%)                       ||
||    Running time : 0.04 minutes                                             ||
||                                                                            ||
|| Process BAM file 050_BXD65_CTRL_sub1.co.bam...                             ||
||    Single-end reads are included.                                          ||
||    Total alignments : 20000000                                             ||
||    Successfully assigned alignments : 1113962 (5.6%)                       ||
||    Running time : 0.02 minutes                                             ||
||                                                                            ||
|| Process BAM file 050_BXD65_CTRL_sub2.co.bam...                             ||
||    Single-end reads are included.                                          ||
||    Total alignments : 15000000                                             ||
||    Successfully assigned alignments : 836264 (5.6%)                        ||
||    Running time : 0.02 minutes                                             ||
||                                                                            ||
|| Process BAM file 051_BXD66_SD_full.co.bam...                               ||
||    Single-end reads are included.                                          ||
||    Total alignments : 44809108                                             ||
||    Successfully assigned alignments : 2962579 (6.6%)                       ||
||    Running time : 0.04 minutes                                             ||
||                                                                            ||
|| Process BAM file 051_BXD66_SD_sub1.co.bam...                               ||
||    Single-end reads are included.                                          ||
||    Total alignments : 20000000                                             ||
||    Successfully assigned alignments : 1321342 (6.6%)                       ||
||    Running time : 0.02 minutes                                             ||
||                                                                            ||
|| Process BAM file 051_BXD66_SD_sub2.co.bam...                               ||
||    Single-end reads are included.                                          ||
||    Total alignments : 15000000                                             ||
||    Successfully assigned alignments : 992562 (6.6%)                        ||
||    Running time : 0.02 minutes                                             ||
||                                                                            ||
|| Process BAM file 052_BXD66_CTRL_full.co.bam...                             ||
||    Single-end reads are included.                                          ||
||    Total alignments : 33932832                                             ||
||    Successfully assigned alignments : 2494918 (7.4%)                       ||
||    Running time : 0.03 minutes                                             ||
||                                                                            ||
|| Process BAM file 052_BXD66_CTRL_sub1.co.bam...                             ||
||    Single-end reads are included.                                          ||
||    Total alignments : 20000000                                             ||
||    Successfully assigned alignments : 1471101 (7.4%)                       ||
||    Running time : 0.02 minutes                                             ||
||                                                                            ||
|| Process BAM file 052_BXD66_CTRL_sub2.co.bam...                             ||
||    Single-end reads are included.                                          ||
||    Total alignments : 15000000                                             ||
||    Successfully assigned alignments : 1102288 (7.3%)                       ||
||    Running time : 0.02 minutes                                             ||
||                                                                            ||
|| Process BAM file 053_BXD71_SD_full.co.bam...                               ||
||    Single-end reads are included.                                          ||
||    Total alignments : 70290052                                             ||
||    Successfully assigned alignments : 4338745 (6.2%)                       ||
||    Running time : 0.06 minutes                                             ||
||                                                                            ||
|| Process BAM file 053_BXD71_SD_sub1.co.bam...                               ||
||    Single-end reads are included.                                          ||
||    Total alignments : 20000000                                             ||
||    Successfully assigned alignments : 1234479 (6.2%)                       ||
||    Running time : 0.03 minutes                                             ||
||                                                                            ||
|| Process BAM file 053_BXD71_SD_sub2.co.bam...                               ||
||    Single-end reads are included.                                          ||
||    Total alignments : 15000000                                             ||
||    Successfully assigned alignments : 923881 (6.2%)                        ||
||    Running time : 0.02 minutes                                             ||
||                                                                            ||
|| Process BAM file 054_BXD71_CTRL_full.co.bam...                             ||
||    Single-end reads are included.                                          ||
||    Total alignments : 51810696                                             ||
||    Successfully assigned alignments : 3728898 (7.2%)                       ||
||    Running time : 0.05 minutes                                             ||
||                                                                            ||
|| Process BAM file 054_BXD71_CTRL_sub1.co.bam...                             ||
||    Single-end reads are included.                                          ||
||    Total alignments : 20000000                                             ||
||    Successfully assigned alignments : 1439902 (7.2%)                       ||
||    Running time : 0.02 minutes                                             ||
||                                                                            ||
|| Process BAM file 054_BXD71_CTRL_sub2.co.bam...                             ||
||    Single-end reads are included.                                          ||
||    Total alignments : 15000000                                             ||
||    Successfully assigned alignments : 1078818 (7.2%)                       ||
||    Running time : 0.02 minutes                                             ||
||                                                                            ||
|| Process BAM file 055_BXD73_SD_full.co.bam...                               ||
||    Single-end reads are included.                                          ||
||    Total alignments : 47227972                                             ||
||    Successfully assigned alignments : 1673753 (3.5%)                       ||
||    Running time : 0.05 minutes                                             ||
||                                                                            ||
|| Process BAM file 055_BXD73_SD_sub1.co.bam...                               ||
||    Single-end reads are included.                                          ||
||    Total alignments : 20000000                                             ||
||    Successfully assigned alignments : 709399 (3.5%)                        ||
||    Running time : 0.03 minutes                                             ||
||                                                                            ||
|| Process BAM file 055_BXD73_SD_sub2.co.bam...                               ||
||    Single-end reads are included.                                          ||
||    Total alignments : 15000000                                             ||
||    Successfully assigned alignments : 532308 (3.5%)                        ||
||    Running time : 0.02 minutes                                             ||
||                                                                            ||
|| Process BAM file 056_BXD73_CTRL_full.co.bam...                             ||
||    Single-end reads are included.                                          ||
||    Total alignments : 48871489                                             ||
||    Successfully assigned alignments : 2366358 (4.8%)                       ||
||    Running time : 0.05 minutes                                             ||
||                                                                            ||
|| Process BAM file 056_BXD73_CTRL_sub1.co.bam...                             ||
||    Single-end reads are included.                                          ||
||    Total alignments : 20000000                                             ||
||    Successfully assigned alignments : 968449 (4.8%)                        ||
||    Running time : 0.02 minutes                                             ||
||                                                                            ||
|| Process BAM file 056_BXD73_CTRL_sub2.co.bam...                             ||
||    Single-end reads are included.                                          ||
||    Total alignments : 15000000                                             ||
||    Successfully assigned alignments : 728042 (4.9%)                        ||
||    Running time : 0.02 minutes                                             ||
||                                                                            ||
|| Process BAM file 057_BXD75_SD_full.co.bam...                               ||
||    Single-end reads are included.                                          ||
||    Total alignments : 50499605                                             ||
||    Successfully assigned alignments : 3413733 (6.8%)                       ||
||    Running time : 0.05 minutes                                             ||
||                                                                            ||
|| Process BAM file 057_BXD75_SD_sub1.co.bam...                               ||
||    Single-end reads are included.                                          ||
||    Total alignments : 20000000                                             ||
||    Successfully assigned alignments : 1351931 (6.8%)                       ||
||    Running time : 0.02 minutes                                             ||
||                                                                            ||
|| Process BAM file 057_BXD75_SD_sub2.co.bam...                               ||
||    Single-end reads are included.                                          ||
||    Total alignments : 15000000                                             ||
||    Successfully assigned alignments : 1013421 (6.8%)                       ||
||    Running time : 0.02 minutes                                             ||
||                                                                            ||
|| Process BAM file 058_BXD75_CTRL_full.co.bam...                             ||
||    Single-end reads are included.                                          ||
||    Total alignments : 47896745                                             ||
||    Successfully assigned alignments : 2867630 (6.0%)                       ||
||    Running time : 0.05 minutes                                             ||
||                                                                            ||
|| Process BAM file 058_BXD75_CTRL_sub1.co.bam...                             ||
||    Single-end reads are included.                                          ||
||    Total alignments : 20000000                                             ||
||    Successfully assigned alignments : 1197564 (6.0%)                       ||
||    Running time : 0.02 minutes                                             ||
||                                                                            ||
|| Process BAM file 058_BXD75_CTRL_sub2.co.bam...                             ||
||    Single-end reads are included.                                          ||
||    Total alignments : 15000000                                             ||
||    Successfully assigned alignments : 897835 (6.0%)                        ||
||    Running time : 0.02 minutes                                             ||
||                                                                            ||
|| Process BAM file 059_BXD81_SD_full.co.bam...                               ||
||    Single-end reads are included.                                          ||
||    Total alignments : 44160318                                             ||
||    Successfully assigned alignments : 3613523 (8.2%)                       ||
||    Running time : 0.04 minutes                                             ||
||                                                                            ||
|| Process BAM file 059_BXD81_SD_sub1.co.bam...                               ||
||    Single-end reads are included.                                          ||
||    Total alignments : 20000000                                             ||
||    Successfully assigned alignments : 1635887 (8.2%)                       ||
||    Running time : 0.02 minutes                                             ||
||                                                                            ||
|| Process BAM file 059_BXD81_SD_sub2.co.bam...                               ||
||    Single-end reads are included.                                          ||
||    Total alignments : 15000000                                             ||
||    Successfully assigned alignments : 1227617 (8.2%)                       ||
||    Running time : 0.02 minutes                                             ||
||                                                                            ||
|| Process BAM file 060_BXD81_CTRL_full.co.bam...                             ||
||    Single-end reads are included.                                          ||
||    Total alignments : 39183633                                             ||
||    Successfully assigned alignments : 2898838 (7.4%)                       ||
||    Running time : 0.04 minutes                                             ||
||                                                                            ||
|| Process BAM file 060_BXD81_CTRL_sub1.co.bam...                             ||
||    Single-end reads are included.                                          ||
||    Total alignments : 20000000                                             ||
||    Successfully assigned alignments : 1479497 (7.4%)                       ||
||    Running time : 0.02 minutes                                             ||
||                                                                            ||
|| Process BAM file 060_BXD81_CTRL_sub2.co.bam...                             ||
||    Single-end reads are included.                                          ||
||    Total alignments : 15000000                                             ||
||    Successfully assigned alignments : 1109648 (7.4%)                       ||
||    Running time : 0.02 minutes                                             ||
||                                                                            ||
|| Process BAM file 061_BXD90_SD_full.co.bam...                               ||
||    Single-end reads are included.                                          ||
||    Total alignments : 47534592                                             ||
||    Successfully assigned alignments : 2644192 (5.6%)                       ||
||    Running time : 0.05 minutes                                             ||
||                                                                            ||
|| Process BAM file 061_BXD90_SD_sub1.co.bam...                               ||
||    Single-end reads are included.                                          ||
||    Total alignments : 20000000                                             ||
||    Successfully assigned alignments : 1113422 (5.6%)                       ||
||    Running time : 0.02 minutes                                             ||
||                                                                            ||
|| Process BAM file 061_BXD90_SD_sub2.co.bam...                               ||
||    Single-end reads are included.                                          ||
||    Total alignments : 15000000                                             ||
||    Successfully assigned alignments : 834123 (5.6%)                        ||
||    Running time : 0.02 minutes                                             ||
||                                                                            ||
|| Process BAM file 062_BXD90_CTRL_full.co.bam...                             ||
||    Single-end reads are included.                                          ||
||    Total alignments : 41240347                                             ||
||    Successfully assigned alignments : 3264868 (7.9%)                       ||
||    Running time : 0.04 minutes                                             ||
||                                                                            ||
|| Process BAM file 062_BXD90_CTRL_sub1.co.bam...                             ||
||    Single-end reads are included.                                          ||
||    Total alignments : 20000000                                             ||
||    Successfully assigned alignments : 1581988 (7.9%)                       ||
||    Running time : 0.02 minutes                                             ||
||                                                                            ||
|| Process BAM file 062_BXD90_CTRL_sub2.co.bam...                             ||
||    Single-end reads are included.                                          ||
||    Total alignments : 15000000                                             ||
||    Successfully assigned alignments : 1187312 (7.9%)                       ||
||    Running time : 0.02 minutes                                             ||
||                                                                            ||
|| Process BAM file 063_BXD95_SD_full.co.bam...                               ||
||    Single-end reads are included.                                          ||
||    Total alignments : 45674616                                             ||
||    Successfully assigned alignments : 2890386 (6.3%)                       ||
||    Running time : 0.04 minutes                                             ||
||                                                                            ||
|| Process BAM file 063_BXD95_SD_sub1.co.bam...                               ||
||    Single-end reads are included.                                          ||
||    Total alignments : 20000000                                             ||
||    Successfully assigned alignments : 1265868 (6.3%)                       ||
||    Running time : 0.02 minutes                                             ||
||                                                                            ||
|| Process BAM file 063_BXD95_SD_sub2.co.bam...                               ||
||    Single-end reads are included.                                          ||
||    Total alignments : 15000000                                             ||
||    Successfully assigned alignments : 950310 (6.3%)                        ||
||    Running time : 0.02 minutes                                             ||
||                                                                            ||
|| Process BAM file 064_BXD95_CTRL_full.co.bam...                             ||
||    Single-end reads are included.                                          ||
||    Total alignments : 42426064                                             ||
||    Successfully assigned alignments : 3148027 (7.4%)                       ||
||    Running time : 0.04 minutes                                             ||
||                                                                            ||
|| Process BAM file 064_BXD95_CTRL_sub1.co.bam...                             ||
||    Single-end reads are included.                                          ||
||    Total alignments : 20000000                                             ||
||    Successfully assigned alignments : 1482441 (7.4%)                       ||
||    Running time : 0.02 minutes                                             ||
||                                                                            ||
|| Process BAM file 064_BXD95_CTRL_sub2.co.bam...                             ||
||    Single-end reads are included.                                          ||
||    Total alignments : 15000000                                             ||
||    Successfully assigned alignments : 1112625 (7.4%)                       ||
||    Running time : 0.02 minutes                                             ||
||                                                                            ||
|| Process BAM file 065_48a_SD_full.co.bam...                                 ||
||    Single-end reads are included.                                          ||
||    Total alignments : 69554540                                             ||
||    Successfully assigned alignments : 5014687 (7.2%)                       ||
||    Running time : 0.06 minutes                                             ||
||                                                                            ||
|| Process BAM file 065_48a_SD_sub1.co.bam...                                 ||
||    Single-end reads are included.                                          ||
||    Total alignments : 20000000                                             ||
||    Successfully assigned alignments : 1443276 (7.2%)                       ||
||    Running time : 0.02 minutes                                             ||
||                                                                            ||
|| Process BAM file 065_48a_SD_sub2.co.bam...                                 ||
||    Single-end reads are included.                                          ||
||    Total alignments : 15000000                                             ||
||    Successfully assigned alignments : 1080842 (7.2%)                       ||
||    Running time : 0.02 minutes                                             ||
||                                                                            ||
|| Process BAM file 066_48a_CTRL_full.co.bam...                               ||
||    Single-end reads are included.                                          ||
||    Total alignments : 56124607                                             ||
||    Successfully assigned alignments : 2629065 (4.7%)                       ||
||    Running time : 0.05 minutes                                             ||
||                                                                            ||
|| Process BAM file 066_48a_CTRL_sub1.co.bam...                               ||
||    Single-end reads are included.                                          ||
||    Total alignments : 20000000                                             ||
||    Successfully assigned alignments : 935869 (4.7%)                        ||
||    Running time : 0.02 minutes                                             ||
||                                                                            ||
|| Process BAM file 066_48a_CTRL_sub2.co.bam...                               ||
||    Single-end reads are included.                                          ||
||    Total alignments : 15000000                                             ||
||    Successfully assigned alignments : 702302 (4.7%)                        ||
||    Running time : 0.02 minutes                                             ||
||                                                                            ||
|| Process BAM file 067_73b_SD_full.co.bam...                                 ||
||    Single-end reads are included.                                          ||
||    Total alignments : 41615440                                             ||
||    Successfully assigned alignments : 2197225 (5.3%)                       ||
||    Running time : 0.04 minutes                                             ||
||                                                                            ||
|| Process BAM file 067_73b_SD_sub1.co.bam...                                 ||
||    Single-end reads are included.                                          ||
||    Total alignments : 20000000                                             ||
||    Successfully assigned alignments : 1058338 (5.3%)                       ||
||    Running time : 0.02 minutes                                             ||
||                                                                            ||
|| Process BAM file 067_73b_SD_sub2.co.bam...                                 ||
||    Single-end reads are included.                                          ||
||    Total alignments : 15000000                                             ||
||    Successfully assigned alignments : 792147 (5.3%)                        ||
||    Running time : 0.02 minutes                                             ||
||                                                                            ||
|| Process BAM file 068_73b_CTRL_full.co.bam...                               ||
||    Single-end reads are included.                                          ||
||    Total alignments : 44692826                                             ||
||    Successfully assigned alignments : 1831908 (4.1%)                       ||
||    Running time : 0.04 minutes                                             ||
||                                                                            ||
|| Process BAM file 068_73b_CTRL_sub1.co.bam...                               ||
||    Single-end reads are included.                                          ||
||    Total alignments : 20000000                                             ||
||    Successfully assigned alignments : 820272 (4.1%)                        ||
||    Running time : 0.02 minutes                                             ||
||                                                                            ||
|| Process BAM file 068_73b_CTRL_sub2.co.bam...                               ||
||    Single-end reads are included.                                          ||
||    Total alignments : 15000000                                             ||
||    Successfully assigned alignments : 615480 (4.1%)                        ||
||    Running time : 0.02 minutes                                             ||
||                                                                            ||
|| Process BAM file 069_C57Bl6_SD_full.co.bam...                              ||
||    Single-end reads are included.                                          ||
||    Total alignments : 44167387                                             ||
||    Successfully assigned alignments : 2201067 (5.0%)                       ||
||    Running time : 0.04 minutes                                             ||
||                                                                            ||
|| Process BAM file 069_C57Bl6_SD_sub1.co.bam...                              ||
||    Single-end reads are included.                                          ||
||    Total alignments : 20000000                                             ||
||    Successfully assigned alignments : 996089 (5.0%)                        ||
||    Running time : 0.03 minutes                                             ||
||                                                                            ||
|| Process BAM file 069_C57Bl6_SD_sub2.co.bam...                              ||
||    Single-end reads are included.                                          ||
||    Total alignments : 15000000                                             ||
||    Successfully assigned alignments : 747608 (5.0%)                        ||
||    Running time : 0.02 minutes                                             ||
||                                                                            ||
|| Process BAM file 070_C57Bl6_CTRL_full.co.bam...                            ||
||    Single-end reads are included.                                          ||
||    Total alignments : 34333504                                             ||
||    Successfully assigned alignments : 1533892 (4.5%)                       ||
||    Running time : 0.03 minutes                                             ||
||                                                                            ||
|| Process BAM file 070_C57Bl6_CTRL_sub1.co.bam...                            ||
||    Single-end reads are included.                                          ||
||    Total alignments : 20000000                                             ||
||    Successfully assigned alignments : 892721 (4.5%)                        ||
||    Running time : 0.02 minutes                                             ||
||                                                                            ||
|| Process BAM file 070_C57Bl6_CTRL_sub2.co.bam...                            ||
||    Single-end reads are included.                                          ||
||    Total alignments : 15000000                                             ||
||    Successfully assigned alignments : 670814 (4.5%)                        ||
||    Running time : 0.02 minutes                                             ||
||                                                                            ||
|| Process BAM file 071_DBA_SD_full.co.bam...                                 ||
||    Single-end reads are included.                                          ||
||    Total alignments : 44950232                                             ||
||    Successfully assigned alignments : 2458643 (5.5%)                       ||
||    Running time : 0.04 minutes                                             ||
||                                                                            ||
|| Process BAM file 071_DBA_SD_sub1.co.bam...                                 ||
||    Single-end reads are included.                                          ||
||    Total alignments : 20000000                                             ||
||    Successfully assigned alignments : 1094687 (5.5%)                       ||
||    Running time : 0.03 minutes                                             ||
||                                                                            ||
|| Process BAM file 071_DBA_SD_sub2.co.bam...                                 ||
||    Single-end reads are included.                                          ||
||    Total alignments : 15000000                                             ||
||    Successfully assigned alignments : 820144 (5.5%)                        ||
||    Running time : 0.02 minutes                                             ||
||                                                                            ||
|| Process BAM file 072_DBA_CTRL_full.co.bam...                               ||
||    Single-end reads are included.                                          ||
||    Total alignments : 42747901                                             ||
||    Successfully assigned alignments : 1915108 (4.5%)                       ||
||    Running time : 0.04 minutes                                             ||
||                                                                            ||
|| Process BAM file 072_DBA_CTRL_sub1.co.bam...                               ||
||    Single-end reads are included.                                          ||
||    Total alignments : 20000000                                             ||
||    Successfully assigned alignments : 895055 (4.5%)                        ||
||    Running time : 0.02 minutes                                             ||
||                                                                            ||
|| Process BAM file 072_DBA_CTRL_sub2.co.bam...                               ||
||    Single-end reads are included.                                          ||
||    Total alignments : 15000000                                             ||
||    Successfully assigned alignments : 672264 (4.5%)                        ||
||    Running time : 0.02 minutes                                             ||
||                                                                            ||
|| Process BAM file 073_BXD85_SD_full.co.bam...                               ||
||    Single-end reads are included.                                          ||
||    Total alignments : 51723624                                             ||
||    Successfully assigned alignments : 2659178 (5.1%)                       ||
||    Running time : 0.05 minutes                                             ||
||                                                                            ||
|| Process BAM file 073_BXD85_SD_sub1.co.bam...                               ||
||    Single-end reads are included.                                          ||
||    Total alignments : 20000000                                             ||
||    Successfully assigned alignments : 1027394 (5.1%)                       ||
||    Running time : 0.02 minutes                                             ||
||                                                                            ||
|| Process BAM file 073_BXD85_SD_sub2.co.bam...                               ||
||    Single-end reads are included.                                          ||
||    Total alignments : 15000000                                             ||
||    Successfully assigned alignments : 772026 (5.1%)                        ||
||    Running time : 0.02 minutes                                             ||
||                                                                            ||
|| Process BAM file 074_BXD85_CTRL_full.co.bam...                             ||
||    Single-end reads are included.                                          ||
||    Total alignments : 56933457                                             ||
||    Successfully assigned alignments : 3298337 (5.8%)                       ||
||    Running time : 0.05 minutes                                             ||
||                                                                            ||
|| Process BAM file 074_BXD85_CTRL_sub1.co.bam...                             ||
||    Single-end reads are included.                                          ||
||    Total alignments : 20000000                                             ||
||    Successfully assigned alignments : 1159009 (5.8%)                       ||
||    Running time : 0.02 minutes                                             ||
||                                                                            ||
|| Process BAM file 074_BXD85_CTRL_sub2.co.bam...                             ||
||    Single-end reads are included.                                          ||
||    Total alignments : 15000000                                             ||
||    Successfully assigned alignments : 868672 (5.8%)                        ||
||    Running time : 0.02 minutes                                             ||
||                                                                            ||
|| Process BAM file 075_BXD43_CTRL_full.co.bam...                             ||
||    Single-end reads are included.                                          ||
||    Total alignments : 44478060                                             ||
||    Successfully assigned alignments : 1896781 (4.3%)                       ||
||    Running time : 0.04 minutes                                             ||
||                                                                            ||
|| Process BAM file 075_BXD43_CTRL_sub1.co.bam...                             ||
||    Single-end reads are included.                                          ||
||    Total alignments : 20000000                                             ||
||    Successfully assigned alignments : 853566 (4.3%)                        ||
||    Running time : 0.02 minutes                                             ||
||                                                                            ||
|| Process BAM file 075_BXD43_CTRL_sub2.co.bam...                             ||
||    Single-end reads are included.                                          ||
||    Total alignments : 15000000                                             ||
||    Successfully assigned alignments : 640237 (4.3%)                        ||
||    Running time : 0.02 minutes                                             ||
||                                                                            ||
|| Process BAM file 076_BXD43_SD_full.co.bam...                               ||
||    Single-end reads are included.                                          ||
||    Total alignments : 44288262                                             ||
||    Successfully assigned alignments : 2532160 (5.7%)                       ||
||    Running time : 0.04 minutes                                             ||
||                                                                            ||
|| Process BAM file 076_BXD43_SD_sub1.co.bam...                               ||
||    Single-end reads are included.                                          ||
||    Total alignments : 20000000                                             ||
||    Successfully assigned alignments : 1143664 (5.7%)                       ||
||    Running time : 0.03 minutes                                             ||
||                                                                            ||
|| Process BAM file 076_BXD43_SD_sub2.co.bam...                               ||
||    Single-end reads are included.                                          ||
||    Total alignments : 15000000                                             ||
||    Successfully assigned alignments : 857732 (5.7%)                        ||
||    Running time : 0.02 minutes                                             ||
||                                                                            ||
|| Process BAM file 077_BXD45_CTRL_full.co.bam...                             ||
||    Single-end reads are included.                                          ||
||    Total alignments : 84767468                                             ||
||    Successfully assigned alignments : 3254683 (3.8%)                       ||
||    Running time : 0.07 minutes                                             ||
||                                                                            ||
|| Process BAM file 077_BXD45_CTRL_sub1.co.bam...                             ||
||    Single-end reads are included.                                          ||
||    Total alignments : 20000000                                             ||
||    Successfully assigned alignments : 768441 (3.8%)                        ||
||    Running time : 0.03 minutes                                             ||
||                                                                            ||
|| Process BAM file 077_BXD45_CTRL_sub2.co.bam...                             ||
||    Single-end reads are included.                                          ||
||    Total alignments : 15000000                                             ||
||    Successfully assigned alignments : 575714 (3.8%)                        ||
||    Running time : 0.02 minutes                                             ||
||                                                                            ||
|| Process BAM file 078_BXD45_SD_full.co.bam...                               ||
||    Single-end reads are included.                                          ||
||    Total alignments : 46028855                                             ||
||    Successfully assigned alignments : 2048294 (4.5%)                       ||
||    Running time : 0.04 minutes                                             ||
||                                                                            ||
|| Process BAM file 078_BXD45_SD_sub1.co.bam...                               ||
||    Single-end reads are included.                                          ||
||    Total alignments : 20000000                                             ||
||    Successfully assigned alignments : 888617 (4.4%)                        ||
||    Running time : 0.02 minutes                                             ||
||                                                                            ||
|| Process BAM file 078_BXD45_SD_sub2.co.bam...                               ||
||    Single-end reads are included.                                          ||
||    Total alignments : 15000000                                             ||
||    Successfully assigned alignments : 668119 (4.5%)                        ||
||    Running time : 0.02 minutes                                             ||
||                                                                            ||
|| Process BAM file 079_BXD49_CTRL_full.co.bam...                             ||
||    Single-end reads are included.                                          ||
||    Total alignments : 49708185                                             ||
||    Successfully assigned alignments : 2784913 (5.6%)                       ||
||    Running time : 0.05 minutes                                             ||
||                                                                            ||
|| Process BAM file 079_BXD49_CTRL_sub1.co.bam...                             ||
||    Single-end reads are included.                                          ||
||    Total alignments : 20000000                                             ||
||    Successfully assigned alignments : 1119815 (5.6%)                       ||
||    Running time : 0.02 minutes                                             ||
||                                                                            ||
|| Process BAM file 079_BXD49_CTRL_sub2.co.bam...                             ||
||    Single-end reads are included.                                          ||
||    Total alignments : 15000000                                             ||
||    Successfully assigned alignments : 841150 (5.6%)                        ||
||    Running time : 0.02 minutes                                             ||
||                                                                            ||
|| Process BAM file 080_BXD49_SD_full.co.bam...                               ||
||    Single-end reads are included.                                          ||
||    Total alignments : 52031749                                             ||
||    Successfully assigned alignments : 2517028 (4.8%)                       ||
||    Running time : 0.05 minutes                                             ||
||                                                                            ||
|| Process BAM file 080_BXD49_SD_sub1.co.bam...                               ||
||    Single-end reads are included.                                          ||
||    Total alignments : 20000000                                             ||
||    Successfully assigned alignments : 968009 (4.8%)                        ||
||    Running time : 0.02 minutes                                             ||
||                                                                            ||
|| Process BAM file 080_BXD49_SD_sub2.co.bam...                               ||
||    Single-end reads are included.                                          ||
||    Total alignments : 15000000                                             ||
||    Successfully assigned alignments : 726270 (4.8%)                        ||
||    Running time : 0.02 minutes                                             ||
||                                                                            ||
|| Process BAM file 081_BXD55_CTRL_full.co.bam...                             ||
||    Single-end reads are included.                                          ||
||    Total alignments : 44652069                                             ||
||    Successfully assigned alignments : 2991526 (6.7%)                       ||
||    Running time : 0.04 minutes                                             ||
||                                                                            ||
|| Process BAM file 081_BXD55_CTRL_sub1.co.bam...                             ||
||    Single-end reads are included.                                          ||
||    Total alignments : 20000000                                             ||
||    Successfully assigned alignments : 1339265 (6.7%)                       ||
||    Running time : 0.02 minutes                                             ||
||                                                                            ||
|| Process BAM file 081_BXD55_CTRL_sub2.co.bam...                             ||
||    Single-end reads are included.                                          ||
||    Total alignments : 15000000                                             ||
||    Successfully assigned alignments : 1005360 (6.7%)                       ||
||    Running time : 0.02 minutes                                             ||
||                                                                            ||
|| Process BAM file 082_BXD55_SD_full.co.bam...                               ||
||    Single-end reads are included.                                          ||
||    Total alignments : 52147613                                             ||
||    Successfully assigned alignments : 2847705 (5.5%)                       ||
||    Running time : 0.05 minutes                                             ||
||                                                                            ||
|| Process BAM file 082_BXD55_SD_sub1.co.bam...                               ||
||    Single-end reads are included.                                          ||
||    Total alignments : 20000000                                             ||
||    Successfully assigned alignments : 1093382 (5.5%)                       ||
||    Running time : 0.02 minutes                                             ||
||                                                                            ||
|| Process BAM file 082_BXD55_SD_sub2.co.bam...                               ||
||    Single-end reads are included.                                          ||
||    Total alignments : 15000000                                             ||
||    Successfully assigned alignments : 818482 (5.5%)                        ||
||    Running time : 0.02 minutes                                             ||
||                                                                            ||
|| Process BAM file 083_BXD56_CTRL_full.co.bam...                             ||
||    Single-end reads are included.                                          ||
||    Total alignments : 41544197                                             ||
||    Successfully assigned alignments : 1855069 (4.5%)                       ||
||    Running time : 0.04 minutes                                             ||
||                                                                            ||
|| Process BAM file 083_BXD56_CTRL_sub1.co.bam...                             ||
||    Single-end reads are included.                                          ||
||    Total alignments : 20000000                                             ||
||    Successfully assigned alignments : 893839 (4.5%)                        ||
||    Running time : 0.02 minutes                                             ||
||                                                                            ||
|| Process BAM file 083_BXD56_CTRL_sub2.co.bam...                             ||
||    Single-end reads are included.                                          ||
||    Total alignments : 15000000                                             ||
||    Successfully assigned alignments : 668917 (4.5%)                        ||
||    Running time : 0.02 minutes                                             ||
||                                                                            ||
|| Process BAM file 084_BXD56_SD_full.co.bam...                               ||
||    Single-end reads are included.                                          ||
||    Total alignments : 38694959                                             ||
||    Successfully assigned alignments : 2017233 (5.2%)                       ||
||    Running time : 0.04 minutes                                             ||
||                                                                            ||
|| Process BAM file 084_BXD56_SD_sub1.co.bam...                               ||
||    Single-end reads are included.                                          ||
||    Total alignments : 20000000                                             ||
||    Successfully assigned alignments : 1042800 (5.2%)                       ||
||    Running time : 0.02 minutes                                             ||
||                                                                            ||
|| Process BAM file 084_BXD56_SD_sub2.co.bam...                               ||
||    Single-end reads are included.                                          ||
||    Total alignments : 15000000                                             ||
||    Successfully assigned alignments : 781264 (5.2%)                        ||
||    Running time : 0.02 minutes                                             ||
||                                                                            ||
|| Process BAM file 085_BXD61_CTRL_full.co.bam...                             ||
||    Single-end reads are included.                                          ||
||    Total alignments : 43320424                                             ||
||    Successfully assigned alignments : 1983800 (4.6%)                       ||
||    Running time : 0.04 minutes                                             ||
||                                                                            ||
|| Process BAM file 085_BXD61_CTRL_sub1.co.bam...                             ||
||    Single-end reads are included.                                          ||
||    Total alignments : 20000000                                             ||
||    Successfully assigned alignments : 914802 (4.6%)                        ||
||    Running time : 0.02 minutes                                             ||
||                                                                            ||
|| Process BAM file 085_BXD61_CTRL_sub2.co.bam...                             ||
||    Single-end reads are included.                                          ||
||    Total alignments : 15000000                                             ||
||    Successfully assigned alignments : 687543 (4.6%)                        ||
||    Running time : 0.02 minutes                                             ||
||                                                                            ||
|| Process BAM file 086_BXD61_SD_full.co.bam...                               ||
||    Single-end reads are included.                                          ||
||    Total alignments : 54276657                                             ||
||    Successfully assigned alignments : 3474596 (6.4%)                       ||
||    Running time : 0.05 minutes                                             ||
||                                                                            ||
|| Process BAM file 086_BXD61_SD_sub1.co.bam...                               ||
||    Single-end reads are included.                                          ||
||    Total alignments : 20000000                                             ||
||    Successfully assigned alignments : 1281943 (6.4%)                       ||
||    Running time : 0.02 minutes                                             ||
||                                                                            ||
|| Process BAM file 086_BXD61_SD_sub2.co.bam...                               ||
||    Single-end reads are included.                                          ||
||    Total alignments : 15000000                                             ||
||    Successfully assigned alignments : 959710 (6.4%)                        ||
||    Running time : 0.02 minutes                                             ||
||                                                                            ||
|| Process BAM file 087_BXD66_CTRL_full.co.bam...                             ||
||    Single-end reads are included.                                          ||
||    Total alignments : 38173695                                             ||
||    Successfully assigned alignments : 1659776 (4.3%)                       ||
||    Running time : 0.04 minutes                                             ||
||                                                                            ||
|| Process BAM file 087_BXD66_CTRL_sub1.co.bam...                             ||
||    Single-end reads are included.                                          ||
||    Total alignments : 20000000                                             ||
||    Successfully assigned alignments : 870185 (4.4%)                        ||
||    Running time : 0.02 minutes                                             ||
||                                                                            ||
|| Process BAM file 087_BXD66_CTRL_sub2.co.bam...                             ||
||    Single-end reads are included.                                          ||
||    Total alignments : 15000000                                             ||
||    Successfully assigned alignments : 652007 (4.3%)                        ||
||    Running time : 0.02 minutes                                             ||
||                                                                            ||
|| Process BAM file 088_BXD66_SD_full.co.bam...                               ||
||    Single-end reads are included.                                          ||
||    Total alignments : 33585420                                             ||
||    Successfully assigned alignments : 1408884 (4.2%)                       ||
||    Running time : 0.03 minutes                                             ||
||                                                                            ||
|| Process BAM file 088_BXD66_SD_sub1.co.bam...                               ||
||    Single-end reads are included.                                          ||
||    Total alignments : 20000000                                             ||
||    Successfully assigned alignments : 838309 (4.2%)                        ||
||    Running time : 0.02 minutes                                             ||
||                                                                            ||
|| Process BAM file 088_BXD66_SD_sub2.co.bam...                               ||
||    Single-end reads are included.                                          ||
||    Total alignments : 15000000                                             ||
||    Successfully assigned alignments : 629463 (4.2%)                        ||
||    Running time : 0.02 minutes                                             ||
||                                                                            ||
|| Process BAM file 089_BXD67_CTRL_full.co.bam...                             ||
||    Single-end reads are included.                                          ||
||    Total alignments : 46931918                                             ||
||    Successfully assigned alignments : 3772852 (8.0%)                       ||
||    Running time : 0.05 minutes                                             ||
||                                                                            ||
|| Process BAM file 089_BXD67_CTRL_sub1.co.bam...                             ||
||    Single-end reads are included.                                          ||
||    Total alignments : 20000000                                             ||
||    Successfully assigned alignments : 1606285 (8.0%)                       ||
||    Running time : 0.02 minutes                                             ||
||                                                                            ||
|| Process BAM file 089_BXD67_CTRL_sub2.co.bam...                             ||
||    Single-end reads are included.                                          ||
||    Total alignments : 15000000                                             ||
||    Successfully assigned alignments : 1206396 (8.0%)                       ||
||    Running time : 0.02 minutes                                             ||
||                                                                            ||
|| Process BAM file 090_BXD67_SD_full.co.bam...                               ||
||    Single-end reads are included.                                          ||
||    Total alignments : 49349377                                             ||
||    Successfully assigned alignments : 3353959 (6.8%)                       ||
||    Running time : 0.05 minutes                                             ||
||                                                                            ||
|| Process BAM file 090_BXD67_SD_sub1.co.bam...                               ||
||    Single-end reads are included.                                          ||
||    Total alignments : 20000000                                             ||
||    Successfully assigned alignments : 1358174 (6.8%)                       ||
||    Running time : 0.02 minutes                                             ||
||                                                                            ||
|| Process BAM file 090_BXD67_SD_sub2.co.bam...                               ||
||    Single-end reads are included.                                          ||
||    Total alignments : 15000000                                             ||
||    Successfully assigned alignments : 1019811 (6.8%)                       ||
||    Running time : 0.02 minutes                                             ||
||                                                                            ||
|| Process BAM file 091_BXD70_CTRL_full.co.bam...                             ||
||    Single-end reads are included.                                          ||
||    Total alignments : 48917956                                             ||
||    Successfully assigned alignments : 3277255 (6.7%)                       ||
||    Running time : 0.05 minutes                                             ||
||                                                                            ||
|| Process BAM file 091_BXD70_CTRL_sub1.co.bam...                             ||
||    Single-end reads are included.                                          ||
||    Total alignments : 20000000                                             ||
||    Successfully assigned alignments : 1339588 (6.7%)                       ||
||    Running time : 0.02 minutes                                             ||
||                                                                            ||
|| Process BAM file 091_BXD70_CTRL_sub2.co.bam...                             ||
||    Single-end reads are included.                                          ||
||    Total alignments : 15000000                                             ||
||    Successfully assigned alignments : 1005445 (6.7%)                       ||
||    Running time : 0.02 minutes                                             ||
||                                                                            ||
|| Process BAM file 092_BXD70_SD_full.co.bam...                               ||
||    Single-end reads are included.                                          ||
||    Total alignments : 44547344                                             ||
||    Successfully assigned alignments : 2383492 (5.4%)                       ||
||    Running time : 0.04 minutes                                             ||
||                                                                            ||
|| Process BAM file 092_BXD70_SD_sub1.co.bam...                               ||
||    Single-end reads are included.                                          ||
||    Total alignments : 20000000                                             ||
||    Successfully assigned alignments : 1070341 (5.4%)                       ||
||    Running time : 0.02 minutes                                             ||
||                                                                            ||
|| Process BAM file 092_BXD70_SD_sub2.co.bam...                               ||
||    Single-end reads are included.                                          ||
||    Total alignments : 15000000                                             ||
||    Successfully assigned alignments : 802651 (5.4%)                        ||
||    Running time : 0.02 minutes                                             ||
||                                                                            ||
|| Process BAM file 093_BXD73_CTRL_full.co.bam...                             ||
||    Single-end reads are included.                                          ||
||    Total alignments : 49069277                                             ||
||    Successfully assigned alignments : 2534469 (5.2%)                       ||
||    Running time : 0.05 minutes                                             ||
||                                                                            ||
|| Process BAM file 093_BXD73_CTRL_sub1.co.bam...                             ||
||    Single-end reads are included.                                          ||
||    Total alignments : 20000000                                             ||
||    Successfully assigned alignments : 1032709 (5.2%)                       ||
||    Running time : 0.02 minutes                                             ||
||                                                                            ||
|| Process BAM file 093_BXD73_CTRL_sub2.co.bam...                             ||
||    Single-end reads are included.                                          ||
||    Total alignments : 15000000                                             ||
||    Successfully assigned alignments : 774953 (5.2%)                        ||
||    Running time : 0.02 minutes                                             ||
||                                                                            ||
|| Process BAM file 094_BXD73_SD_full.co.bam...                               ||
||    Single-end reads are included.                                          ||
||    Total alignments : 48504716                                             ||
||    Successfully assigned alignments : 2046421 (4.2%)                       ||
||    Running time : 0.05 minutes                                             ||
||                                                                            ||
|| Process BAM file 094_BXD73_SD_sub1.co.bam...                               ||
||    Single-end reads are included.                                          ||
||    Total alignments : 20000000                                             ||
||    Successfully assigned alignments : 843634 (4.2%)                        ||
||    Running time : 0.03 minutes                                             ||
||                                                                            ||
|| Process BAM file 094_BXD73_SD_sub2.co.bam...                               ||
||    Single-end reads are included.                                          ||
||    Total alignments : 15000000                                             ||
||    Successfully assigned alignments : 632927 (4.2%)                        ||
||    Running time : 0.02 minutes                                             ||
||                                                                            ||
|| Process BAM file 095_BXD75_CTRL_full.co.bam...                             ||
||    Single-end reads are included.                                          ||
||    Total alignments : 51218805                                             ||
||    Successfully assigned alignments : 2762903 (5.4%)                       ||
||    Running time : 0.05 minutes                                             ||
||                                                                            ||
|| Process BAM file 095_BXD75_CTRL_sub1.co.bam...                             ||
||    Single-end reads are included.                                          ||
||    Total alignments : 20000000                                             ||
||    Successfully assigned alignments : 1079451 (5.4%)                       ||
||    Running time : 0.02 minutes                                             ||
||                                                                            ||
|| Process BAM file 095_BXD75_CTRL_sub2.co.bam...                             ||
||    Single-end reads are included.                                          ||
||    Total alignments : 15000000                                             ||
||    Successfully assigned alignments : 808099 (5.4%)                        ||
||    Running time : 0.02 minutes                                             ||
||                                                                            ||
|| Process BAM file 096_BXD75_SD_full.co.bam...                               ||
||    Single-end reads are included.                                          ||
||    Total alignments : 48165573                                             ||
||    Successfully assigned alignments : 2558326 (5.3%)                       ||
||    Running time : 0.05 minutes                                             ||
||                                                                            ||
|| Process BAM file 096_BXD75_SD_sub1.co.bam...                               ||
||    Single-end reads are included.                                          ||
||    Total alignments : 20000000                                             ||
||    Successfully assigned alignments : 1061574 (5.3%)                       ||
||    Running time : 0.02 minutes                                             ||
||                                                                            ||
|| Process BAM file 096_BXD75_SD_sub2.co.bam...                               ||
||    Single-end reads are included.                                          ||
||    Total alignments : 15000000                                             ||
||    Successfully assigned alignments : 796756 (5.3%)                        ||
||    Running time : 0.02 minutes                                             ||
||                                                                            ||
|| Process BAM file 097_BXD79_CTRL_full.co.bam...                             ||
||    Single-end reads are included.                                          ||
||    Total alignments : 48655389                                             ||
||    Successfully assigned alignments : 2701116 (5.6%)                       ||
||    Running time : 0.05 minutes                                             ||
||                                                                            ||
|| Process BAM file 097_BXD79_CTRL_sub1.co.bam...                             ||
||    Single-end reads are included.                                          ||
||    Total alignments : 20000000                                             ||
||    Successfully assigned alignments : 1111431 (5.6%)                       ||
||    Running time : 0.02 minutes                                             ||
||                                                                            ||
|| Process BAM file 097_BXD79_CTRL_sub2.co.bam...                             ||
||    Single-end reads are included.                                          ||
||    Total alignments : 15000000                                             ||
||    Successfully assigned alignments : 832562 (5.6%)                        ||
||    Running time : 0.02 minutes                                             ||
||                                                                            ||
|| Process BAM file 098_BXD79_SD_full.co.bam...                               ||
||    Single-end reads are included.                                          ||
||    Total alignments : 50410278                                             ||
||    Successfully assigned alignments : 2814822 (5.6%)                       ||
||    Running time : 0.05 minutes                                             ||
||                                                                            ||
|| Process BAM file 098_BXD79_SD_sub1.co.bam...                               ||
||    Single-end reads are included.                                          ||
||    Total alignments : 20000000                                             ||
||    Successfully assigned alignments : 1116682 (5.6%)                       ||
||    Running time : 0.02 minutes                                             ||
||                                                                            ||
|| Process BAM file 098_BXD79_SD_sub2.co.bam...                               ||
||    Single-end reads are included.                                          ||
||    Total alignments : 15000000                                             ||
||    Successfully assigned alignments : 838179 (5.6%)                        ||
||    Running time : 0.02 minutes                                             ||
||                                                                            ||
|| Process BAM file 099_BXD83_CTRL_full.co.bam...                             ||
||    Single-end reads are included.                                          ||
||    Total alignments : 46089557                                             ||
||    Successfully assigned alignments : 1943406 (4.2%)                       ||
||    Running time : 0.04 minutes                                             ||
||                                                                            ||
|| Process BAM file 099_BXD83_CTRL_sub1.co.bam...                             ||
||    Single-end reads are included.                                          ||
||    Total alignments : 20000000                                             ||
||    Successfully assigned alignments : 842504 (4.2%)                        ||
||    Running time : 0.02 minutes                                             ||
||                                                                            ||
|| Process BAM file 099_BXD83_CTRL_sub2.co.bam...                             ||
||    Single-end reads are included.                                          ||
||    Total alignments : 15000000                                             ||
||    Successfully assigned alignments : 631835 (4.2%)                        ||
||    Running time : 0.02 minutes                                             ||
||                                                                            ||
|| Process BAM file 100_BXD83_SD_full.co.bam...                               ||
||    Single-end reads are included.                                          ||
||    Total alignments : 42730832                                             ||
||    Successfully assigned alignments : 2738957 (6.4%)                       ||
||    Running time : 0.04 minutes                                             ||
||                                                                            ||
|| Process BAM file 100_BXD83_SD_sub1.co.bam...                               ||
||    Single-end reads are included.                                          ||
||    Total alignments : 20000000                                             ||
||    Successfully assigned alignments : 1280944 (6.4%)                       ||
||    Running time : 0.02 minutes                                             ||
||                                                                            ||
|| Process BAM file 100_BXD83_SD_sub2.co.bam...                               ||
||    Single-end reads are included.                                          ||
||    Total alignments : 15000000                                             ||
||    Successfully assigned alignments : 961151 (6.4%)                        ||
||    Running time : 0.02 minutes                                             ||
||                                                                            ||
|| Process BAM file 101_BXD84_CTRL_full.co.bam...                             ||
||    Single-end reads are included.                                          ||
||    Total alignments : 40430748                                             ||
||    Successfully assigned alignments : 1842354 (4.6%)                       ||
||    Running time : 0.04 minutes                                             ||
||                                                                            ||
|| Process BAM file 101_BXD84_CTRL_sub1.co.bam...                             ||
||    Single-end reads are included.                                          ||
||    Total alignments : 20000000                                             ||
||    Successfully assigned alignments : 911111 (4.6%)                        ||
||    Running time : 0.02 minutes                                             ||
||                                                                            ||
|| Process BAM file 101_BXD84_CTRL_sub2.co.bam...                             ||
||    Single-end reads are included.                                          ||
||    Total alignments : 15000000                                             ||
||    Successfully assigned alignments : 683120 (4.6%)                        ||
||    Running time : 0.02 minutes                                             ||
||                                                                            ||
|| Process BAM file 102_BXD84_SD_full.co.bam...                               ||
||    Single-end reads are included.                                          ||
||    Total alignments : 48296495                                             ||
||    Successfully assigned alignments : 2571665 (5.3%)                       ||
||    Running time : 0.05 minutes                                             ||
||                                                                            ||
|| Process BAM file 102_BXD84_SD_sub1.co.bam...                               ||
||    Single-end reads are included.                                          ||
||    Total alignments : 20000000                                             ||
||    Successfully assigned alignments : 1066032 (5.3%)                       ||
||    Running time : 0.02 minutes                                             ||
||                                                                            ||
|| Process BAM file 102_BXD84_SD_sub2.co.bam...                               ||
||    Single-end reads are included.                                          ||
||    Total alignments : 15000000                                             ||
||    Successfully assigned alignments : 799480 (5.3%)                        ||
||    Running time : 0.02 minutes                                             ||
||                                                                            ||
|| Process BAM file 103_BXD90_CTRL_full.co.bam...                             ||
||    Single-end reads are included.                                          ||
||    Total alignments : 46377587                                             ||
||    Successfully assigned alignments : 2411555 (5.2%)                       ||
||    Running time : 0.05 minutes                                             ||
||                                                                            ||
|| Process BAM file 103_BXD90_CTRL_sub1.co.bam...                             ||
||    Single-end reads are included.                                          ||
||    Total alignments : 20000000                                             ||
||    Successfully assigned alignments : 1039266 (5.2%)                       ||
||    Running time : 0.03 minutes                                             ||
||                                                                            ||
|| Process BAM file 103_BXD90_CTRL_sub2.co.bam...                             ||
||    Single-end reads are included.                                          ||
||    Total alignments : 15000000                                             ||
||    Successfully assigned alignments : 779375 (5.2%)                        ||
||    Running time : 0.02 minutes                                             ||
||                                                                            ||
|| Process BAM file 104_BXD90_SD_full.co.bam...                               ||
||    Single-end reads are included.                                          ||
||    Total alignments : 50746490                                             ||
||    Successfully assigned alignments : 2889101 (5.7%)                       ||
||    Running time : 0.05 minutes                                             ||
||                                                                            ||
|| Process BAM file 104_BXD90_SD_sub1.co.bam...                               ||
||    Single-end reads are included.                                          ||
||    Total alignments : 20000000                                             ||
||    Successfully assigned alignments : 1139474 (5.7%)                       ||
||    Running time : 0.03 minutes                                             ||
||                                                                            ||
|| Process BAM file 104_BXD90_SD_sub2.co.bam...                               ||
||    Single-end reads are included.                                          ||
||    Total alignments : 15000000                                             ||
||    Successfully assigned alignments : 854363 (5.7%)                        ||
||    Running time : 0.02 minutes                                             ||
||                                                                            ||
|| Process BAM file 105_48a_CTRL_full.co.bam...                               ||
||    Single-end reads are included.                                          ||
||    Total alignments : 41295929                                             ||
||    Successfully assigned alignments : 1689449 (4.1%)                       ||
||    Running time : 0.04 minutes                                             ||
||                                                                            ||
|| Process BAM file 105_48a_CTRL_sub1.co.bam...                               ||
||    Single-end reads are included.                                          ||
||    Total alignments : 20000000                                             ||
||    Successfully assigned alignments : 818757 (4.1%)                        ||
||    Running time : 0.02 minutes                                             ||
||                                                                            ||
|| Process BAM file 105_48a_CTRL_sub2.co.bam...                               ||
||    Single-end reads are included.                                          ||
||    Total alignments : 15000000                                             ||
||    Successfully assigned alignments : 613646 (4.1%)                        ||
||    Running time : 0.02 minutes                                             ||
||                                                                            ||
|| Process BAM file 106_48a_SD_full.co.bam...                                 ||
||    Single-end reads are included.                                          ||
||    Total alignments : 43220072                                             ||
||    Successfully assigned alignments : 3077059 (7.1%)                       ||
||    Running time : 0.04 minutes                                             ||
||                                                                            ||
|| Process BAM file 106_48a_SD_sub1.co.bam...                                 ||
||    Single-end reads are included.                                          ||
||    Total alignments : 20000000                                             ||
||    Successfully assigned alignments : 1423418 (7.1%)                       ||
||    Running time : 0.02 minutes                                             ||
||                                                                            ||
|| Process BAM file 106_48a_SD_sub2.co.bam...                                 ||
||    Single-end reads are included.                                          ||
||    Total alignments : 15000000                                             ||
||    Successfully assigned alignments : 1068754 (7.1%)                       ||
||    Running time : 0.02 minutes                                             ||
||                                                                            ||
|| Process BAM file 107_BXD100_CTRL_full.co.bam...                            ||
||    Single-end reads are included.                                          ||
||    Total alignments : 54398887                                             ||
||    Successfully assigned alignments : 4597649 (8.5%)                       ||
||    Running time : 0.05 minutes                                             ||
||                                                                            ||
|| Process BAM file 107_BXD100_CTRL_sub1.co.bam...                            ||
||    Single-end reads are included.                                          ||
||    Total alignments : 20000000                                             ||
||    Successfully assigned alignments : 1690169 (8.5%)                       ||
||    Running time : 0.02 minutes                                             ||
||                                                                            ||
|| Process BAM file 107_BXD100_CTRL_sub2.co.bam...                            ||
||    Single-end reads are included.                                          ||
||    Total alignments : 15000000                                             ||
||    Successfully assigned alignments : 1268228 (8.5%)                       ||
||    Running time : 0.02 minutes                                             ||
||                                                                            ||
|| Process BAM file 108_BXD100_SD_full.co.bam...                              ||
||    Single-end reads are included.                                          ||
||    Total alignments : 45654328                                             ||
||    Successfully assigned alignments : 2136826 (4.7%)                       ||
||    Running time : 0.04 minutes                                             ||
||                                                                            ||
|| Process BAM file 108_BXD100_SD_sub1.co.bam...                              ||
||    Single-end reads are included.                                          ||
||    Total alignments : 20000000                                             ||
||    Successfully assigned alignments : 935872 (4.7%)                        ||
||    Running time : 0.02 minutes                                             ||
||                                                                            ||
|| Process BAM file 108_BXD100_SD_sub2.co.bam...                              ||
||    Single-end reads are included.                                          ||
||    Total alignments : 15000000                                             ||
||    Successfully assigned alignments : 701986 (4.7%)                        ||
||    Running time : 0.02 minutes                                             ||
||                                                                            ||
|| Process BAM file 109_C57Bl6_CTRL_full.co.bam...                            ||
||    Single-end reads are included.                                          ||
||    Total alignments : 42795666                                             ||
||    Successfully assigned alignments : 1932490 (4.5%)                       ||
||    Running time : 0.04 minutes                                             ||
||                                                                            ||
|| Process BAM file 109_C57Bl6_CTRL_sub1.co.bam...                            ||
||    Single-end reads are included.                                          ||
||    Total alignments : 20000000                                             ||
||    Successfully assigned alignments : 904664 (4.5%)                        ||
||    Running time : 0.02 minutes                                             ||
||                                                                            ||
|| Process BAM file 109_C57Bl6_CTRL_sub2.co.bam...                            ||
||    Single-end reads are included.                                          ||
||    Total alignments : 15000000                                             ||
||    Successfully assigned alignments : 676782 (4.5%)                        ||
||    Running time : 0.02 minutes                                             ||
||                                                                            ||
|| Process BAM file 110_C57Bl6_SD_full.co.bam...                              ||
||    Single-end reads are included.                                          ||
||    Total alignments : 43356231                                             ||
||    Successfully assigned alignments : 2458223 (5.7%)                       ||
||    Running time : 0.04 minutes                                             ||
||                                                                            ||
|| Process BAM file 110_C57Bl6_SD_sub1.co.bam...                              ||
||    Single-end reads are included.                                          ||
||    Total alignments : 20000000                                             ||
||    Successfully assigned alignments : 1133652 (5.7%)                       ||
||    Running time : 0.02 minutes                                             ||
||                                                                            ||
|| Process BAM file 110_C57Bl6_SD_sub2.co.bam...                              ||
||    Single-end reads are included.                                          ||
||    Total alignments : 15000000                                             ||
||    Successfully assigned alignments : 849903 (5.7%)                        ||
||    Running time : 0.02 minutes                                             ||
||                                                                            ||
|| Process BAM file 111_DBA_CTRL_full.co.bam...                               ||
||    Single-end reads are included.                                          ||
||    Total alignments : 48512902                                             ||
||    Successfully assigned alignments : 1742439 (3.6%)                       ||
||    Running time : 0.05 minutes                                             ||
||                                                                            ||
|| Process BAM file 111_DBA_CTRL_sub1.co.bam...                               ||
||    Single-end reads are included.                                          ||
||    Total alignments : 20000000                                             ||
||    Successfully assigned alignments : 718151 (3.6%)                        ||
||    Running time : 0.03 minutes                                             ||
||                                                                            ||
|| Process BAM file 111_DBA_CTRL_sub2.co.bam...                               ||
||    Single-end reads are included.                                          ||
||    Total alignments : 15000000                                             ||
||    Successfully assigned alignments : 539042 (3.6%)                        ||
||    Running time : 0.02 minutes                                             ||
||                                                                            ||
|| Process BAM file 112_DBA_CTRL_full.co.bam...                               ||
||    Single-end reads are included.                                          ||
||    Total alignments : 48883231                                             ||
||    Successfully assigned alignments : 2563695 (5.2%)                       ||
||    Running time : 0.05 minutes                                             ||
||                                                                            ||
|| Process BAM file 112_DBA_CTRL_sub1.co.bam...                               ||
||    Single-end reads are included.                                          ||
||    Total alignments : 20000000                                             ||
||    Successfully assigned alignments : 1048220 (5.2%)                       ||
||    Running time : 0.02 minutes                                             ||
||                                                                            ||
|| Process BAM file 112_DBA_CTRL_sub2.co.bam...                               ||
||    Single-end reads are included.                                          ||
||    Total alignments : 15000000                                             ||
||    Successfully assigned alignments : 785804 (5.2%)                        ||
||    Running time : 0.02 minutes                                             ||
||                                                                            ||
|| Process BAM file 113_DBA_SD_full.co.bam...                                 ||
||    Single-end reads are included.                                          ||
||    Total alignments : 41844256                                             ||
||    Successfully assigned alignments : 3764335 (9.0%)                       ||
||    Running time : 0.04 minutes                                             ||
||                                                                            ||
|| Process BAM file 113_DBA_SD_sub1.co.bam...                                 ||
||    Single-end reads are included.                                          ||
||    Total alignments : 20000000                                             ||
||    Successfully assigned alignments : 1799901 (9.0%)                       ||
||    Running time : 0.02 minutes                                             ||
||                                                                            ||
|| Process BAM file 113_DBA_SD_sub2.co.bam...                                 ||
||    Single-end reads are included.                                          ||
||    Total alignments : 15000000                                             ||
||    Successfully assigned alignments : 1349000 (9.0%)                       ||
||    Running time : 0.02 minutes                                             ||
||                                                                            ||
|| Process BAM file 114_BXD48_CTRL_full.co.bam...                             ||
||    Single-end reads are included.                                          ||
||    Total alignments : 40583146                                             ||
||    Successfully assigned alignments : 2537832 (6.3%)                       ||
||    Running time : 0.04 minutes                                             ||
||                                                                            ||
|| Process BAM file 114_BXD48_CTRL_sub1.co.bam...                             ||
||    Single-end reads are included.                                          ||
||    Total alignments : 20000000                                             ||
||    Successfully assigned alignments : 1251490 (6.3%)                       ||
||    Running time : 0.02 minutes                                             ||
||                                                                            ||
|| Process BAM file 114_BXD48_CTRL_sub2.co.bam...                             ||
||    Single-end reads are included.                                          ||
||    Total alignments : 15000000                                             ||
||    Successfully assigned alignments : 935979 (6.2%)                        ||
||    Running time : 0.02 minutes                                             ||
||                                                                            ||
|| Process BAM file 115_BXD48_SD_full.co.bam...                               ||
||    Single-end reads are included.                                          ||
||    Total alignments : 38610683                                             ||
||    Successfully assigned alignments : 1730227 (4.5%)                       ||
||    Running time : 0.04 minutes                                             ||
||                                                                            ||
|| Process BAM file 115_BXD48_SD_sub1.co.bam...                               ||
||    Single-end reads are included.                                          ||
||    Total alignments : 20000000                                             ||
||    Successfully assigned alignments : 895889 (4.5%)                        ||
||    Running time : 0.02 minutes                                             ||
||                                                                            ||
|| Process BAM file 115_BXD48_SD_sub2.co.bam...                               ||
||    Single-end reads are included.                                          ||
||    Total alignments : 15000000                                             ||
||    Successfully assigned alignments : 672369 (4.5%)                        ||
||    Running time : 0.02 minutes                                             ||
||                                                                            ||
|| Process BAM file 116_BXD49_CTRL_full.co.bam...                             ||
||    Single-end reads are included.                                          ||
||    Total alignments : 43691877                                             ||
||    Successfully assigned alignments : 2292365 (5.2%)                       ||
||    Running time : 0.04 minutes                                             ||
||                                                                            ||
|| Process BAM file 116_BXD49_CTRL_sub1.co.bam...                             ||
||    Single-end reads are included.                                          ||
||    Total alignments : 20000000                                             ||
||    Successfully assigned alignments : 1050820 (5.3%)                       ||
||    Running time : 0.02 minutes                                             ||
||                                                                            ||
|| Process BAM file 116_BXD49_CTRL_sub2.co.bam...                             ||
||    Single-end reads are included.                                          ||
||    Total alignments : 15000000                                             ||
||    Successfully assigned alignments : 786838 (5.2%)                        ||
||    Running time : 0.02 minutes                                             ||
||                                                                            ||
|| Process BAM file 117_BXD49_SD_full.co.bam...                               ||
||    Single-end reads are included.                                          ||
||    Total alignments : 43244637                                             ||
||    Successfully assigned alignments : 2827451 (6.5%)                       ||
||    Running time : 0.04 minutes                                             ||
||                                                                            ||
|| Process BAM file 117_BXD49_SD_sub1.co.bam...                               ||
||    Single-end reads are included.                                          ||
||    Total alignments : 20000000                                             ||
||    Successfully assigned alignments : 1306908 (6.5%)                       ||
||    Running time : 0.02 minutes                                             ||
||                                                                            ||
|| Process BAM file 117_BXD49_SD_sub2.co.bam...                               ||
||    Single-end reads are included.                                          ||
||    Total alignments : 15000000                                             ||
||    Successfully assigned alignments : 981135 (6.5%)                        ||
||    Running time : 0.02 minutes                                             ||
||                                                                            ||
|| Process BAM file 118_BXD51_CTRL_full.co.bam...                             ||
||    Single-end reads are included.                                          ||
||    Total alignments : 49936771                                             ||
||    Successfully assigned alignments : 3471566 (7.0%)                       ||
||    Running time : 0.05 minutes                                             ||
||                                                                            ||
|| Process BAM file 118_BXD51_CTRL_sub1.co.bam...                             ||
||    Single-end reads are included.                                          ||
||    Total alignments : 20000000                                             ||
||    Successfully assigned alignments : 1389859 (6.9%)                       ||
||    Running time : 0.02 minutes                                             ||
||                                                                            ||
|| Process BAM file 118_BXD51_CTRL_sub2.co.bam...                             ||
||    Single-end reads are included.                                          ||
||    Total alignments : 15000000                                             ||
||    Successfully assigned alignments : 1041886 (6.9%)                       ||
||    Running time : 0.02 minutes                                             ||
||                                                                            ||
|| Process BAM file 119_BXD51_SD_full.co.bam...                               ||
||    Single-end reads are included.                                          ||
||    Total alignments : 34794731                                             ||
||    Successfully assigned alignments : 1365642 (3.9%)                       ||
||    Running time : 0.03 minutes                                             ||
||                                                                            ||
|| Process BAM file 119_BXD51_SD_sub1.co.bam...                               ||
||    Single-end reads are included.                                          ||
||    Total alignments : 20000000                                             ||
||    Successfully assigned alignments : 785661 (3.9%)                        ||
||    Running time : 0.02 minutes                                             ||
||                                                                            ||
|| Process BAM file 119_BXD51_SD_sub2.co.bam...                               ||
||    Single-end reads are included.                                          ||
||    Total alignments : 15000000                                             ||
||    Successfully assigned alignments : 588182 (3.9%)                        ||
||    Running time : 0.02 minutes                                             ||
||                                                                            ||
|| Process BAM file 120_BXD55_CTRL_full.co.bam...                             ||
||    Single-end reads are included.                                          ||
||    Total alignments : 49239098                                             ||
||    Successfully assigned alignments : 2062794 (4.2%)                       ||
||    Running time : 0.05 minutes                                             ||
||                                                                            ||
|| Process BAM file 120_BXD55_CTRL_sub1.co.bam...                             ||
||    Single-end reads are included.                                          ||
||    Total alignments : 20000000                                             ||
||    Successfully assigned alignments : 838285 (4.2%)                        ||
||    Running time : 0.02 minutes                                             ||
||                                                                            ||
|| Process BAM file 120_BXD55_CTRL_sub2.co.bam...                             ||
||    Single-end reads are included.                                          ||
||    Total alignments : 15000000                                             ||
||    Successfully assigned alignments : 628704 (4.2%)                        ||
||    Running time : 0.02 minutes                                             ||
||                                                                            ||
|| Process BAM file 121_BXD55_SD_full.co.bam...                               ||
||    Single-end reads are included.                                          ||
||    Total alignments : 49316300                                             ||
||    Successfully assigned alignments : 2827730 (5.7%)                       ||
||    Running time : 0.05 minutes                                             ||
||                                                                            ||
|| Process BAM file 121_BXD55_SD_sub1.co.bam...                               ||
||    Single-end reads are included.                                          ||
||    Total alignments : 20000000                                             ||
||    Successfully assigned alignments : 1147368 (5.7%)                       ||
||    Running time : 0.02 minutes                                             ||
||                                                                            ||
|| Process BAM file 121_BXD55_SD_sub2.co.bam...                               ||
||    Single-end reads are included.                                          ||
||    Total alignments : 15000000                                             ||
||    Successfully assigned alignments : 858708 (5.7%)                        ||
||    Running time : 0.02 minutes                                             ||
||                                                                            ||
|| Process BAM file 122_BXD64_CTRL_full.co.bam...                             ||
||    Single-end reads are included.                                          ||
||    Total alignments : 55130299                                             ||
||    Successfully assigned alignments : 2636602 (4.8%)                       ||
||    Running time : 0.05 minutes                                             ||
||                                                                            ||
|| Process BAM file 122_BXD64_CTRL_sub1.co.bam...                             ||
||    Single-end reads are included.                                          ||
||    Total alignments : 20000000                                             ||
||    Successfully assigned alignments : 956518 (4.8%)                        ||
||    Running time : 0.02 minutes                                             ||
||                                                                            ||
|| Process BAM file 122_BXD64_CTRL_sub2.co.bam...                             ||
||    Single-end reads are included.                                          ||
||    Total alignments : 15000000                                             ||
||    Successfully assigned alignments : 717909 (4.8%)                        ||
||    Running time : 0.02 minutes                                             ||
||                                                                            ||
|| Process BAM file 123_BXD64_SD_full.co.bam...                               ||
||    Single-end reads are included.                                          ||
||    Total alignments : 47498703                                             ||
||    Successfully assigned alignments : 1898700 (4.0%)                       ||
||    Running time : 0.05 minutes                                             ||
||                                                                            ||
|| Process BAM file 123_BXD64_SD_sub1.co.bam...                               ||
||    Single-end reads are included.                                          ||
||    Total alignments : 20000000                                             ||
||    Successfully assigned alignments : 798873 (4.0%)                        ||
||    Running time : 0.03 minutes                                             ||
||                                                                            ||
|| Process BAM file 123_BXD64_SD_sub2.co.bam...                               ||
||    Single-end reads are included.                                          ||
||    Total alignments : 15000000                                             ||
||    Successfully assigned alignments : 599660 (4.0%)                        ||
||    Running time : 0.02 minutes                                             ||
||                                                                            ||
|| Process BAM file 124_BXD81_CTRL_full.co.bam...                             ||
||    Single-end reads are included.                                          ||
||    Total alignments : 43057757                                             ||
||    Successfully assigned alignments : 2148963 (5.0%)                       ||
||    Running time : 0.04 minutes                                             ||
||                                                                            ||
|| Process BAM file 124_BXD81_CTRL_sub1.co.bam...                             ||
||    Single-end reads are included.                                          ||
||    Total alignments : 20000000                                             ||
||    Successfully assigned alignments : 997499 (5.0%)                        ||
||    Running time : 0.02 minutes                                             ||
||                                                                            ||
|| Process BAM file 124_BXD81_CTRL_sub2.co.bam...                             ||
||    Single-end reads are included.                                          ||
||    Total alignments : 15000000                                             ||
||    Successfully assigned alignments : 749002 (5.0%)                        ||
||    Running time : 0.02 minutes                                             ||
||                                                                            ||
|| Process BAM file 125_BXD81_SD_full.co.bam...                               ||
||    Single-end reads are included.                                          ||
||    Total alignments : 45942918                                             ||
||    Successfully assigned alignments : 1844914 (4.0%)                       ||
||    Running time : 0.05 minutes                                             ||
||                                                                            ||
|| Process BAM file 125_BXD81_SD_sub1.co.bam...                               ||
||    Single-end reads are included.                                          ||
||    Total alignments : 20000000                                             ||
||    Successfully assigned alignments : 803503 (4.0%)                        ||
||    Running time : 0.02 minutes                                             ||
||                                                                            ||
|| Process BAM file 125_BXD81_SD_sub2.co.bam...                               ||
||    Single-end reads are included.                                          ||
||    Total alignments : 15000000                                             ||
||    Successfully assigned alignments : 603294 (4.0%)                        ||
||    Running time : 0.02 minutes                                             ||
||                                                                            ||
|| Process BAM file 126_BXD83_CTRL_full.co.bam...                             ||
||    Single-end reads are included.                                          ||
||    Total alignments : 48366070                                             ||
||    Successfully assigned alignments : 1657682 (3.4%)                       ||
||    Running time : 0.05 minutes                                             ||
||                                                                            ||
|| Process BAM file 126_BXD83_CTRL_sub1.co.bam...                             ||
||    Single-end reads are included.                                          ||
||    Total alignments : 20000000                                             ||
||    Successfully assigned alignments : 686462 (3.4%)                        ||
||    Running time : 0.03 minutes                                             ||
||                                                                            ||
|| Process BAM file 126_BXD83_CTRL_sub2.co.bam...                             ||
||    Single-end reads are included.                                          ||
||    Total alignments : 15000000                                             ||
||    Successfully assigned alignments : 514722 (3.4%)                        ||
||    Running time : 0.02 minutes                                             ||
||                                                                            ||
|| Process BAM file 127_BXD83_SD_full.co.bam...                               ||
||    Single-end reads are included.                                          ||
||    Total alignments : 51713470                                             ||
||    Successfully assigned alignments : 1946821 (3.8%)                       ||
||    Running time : 0.05 minutes                                             ||
||                                                                            ||
|| Process BAM file 127_BXD83_SD_sub1.co.bam...                               ||
||    Single-end reads are included.                                          ||
||    Total alignments : 20000000                                             ||
||    Successfully assigned alignments : 752180 (3.8%)                        ||
||    Running time : 0.03 minutes                                             ||
||                                                                            ||
|| Process BAM file 127_BXD83_SD_sub2.co.bam...                               ||
||    Single-end reads are included.                                          ||
||    Total alignments : 15000000                                             ||
||    Successfully assigned alignments : 564426 (3.8%)                        ||
||    Running time : 0.02 minutes                                             ||
||                                                                            ||
|| Process BAM file 128_BXD84_CTRL_full.co.bam...                             ||
||    Single-end reads are included.                                          ||
||    Total alignments : 44110731                                             ||
||    Successfully assigned alignments : 1666269 (3.8%)                       ||
||    Running time : 0.05 minutes                                             ||
||                                                                            ||
|| Process BAM file 128_BXD84_CTRL_sub1.co.bam...                             ||
||    Single-end reads are included.                                          ||
||    Total alignments : 20000000                                             ||
||    Successfully assigned alignments : 755826 (3.8%)                        ||
||    Running time : 0.02 minutes                                             ||
||                                                                            ||
|| Process BAM file 128_BXD84_CTRL_sub2.co.bam...                             ||
||    Single-end reads are included.                                          ||
||    Total alignments : 15000000                                             ||
||    Successfully assigned alignments : 567304 (3.8%)                        ||
||    Running time : 0.02 minutes                                             ||
||                                                                            ||
|| Process BAM file 129_BXD84_SD_full.co.bam...                               ||
||    Single-end reads are included.                                          ||
||    Total alignments : 42203428                                             ||
||    Successfully assigned alignments : 2074786 (4.9%)                       ||
||    Running time : 0.04 minutes                                             ||
||                                                                            ||
|| Process BAM file 129_BXD84_SD_sub1.co.bam...                               ||
||    Single-end reads are included.                                          ||
||    Total alignments : 20000000                                             ||
||    Successfully assigned alignments : 983528 (4.9%)                        ||
||    Running time : 0.03 minutes                                             ||
||                                                                            ||
|| Process BAM file 129_BXD84_SD_sub2.co.bam...                               ||
||    Single-end reads are included.                                          ||
||    Total alignments : 15000000                                             ||
||    Successfully assigned alignments : 735911 (4.9%)                        ||
||    Running time : 0.02 minutes                                             ||
||                                                                            ||
|| Process BAM file 130_BXD85_CTRL_full.co.bam...                             ||
||    Single-end reads are included.                                          ||
||    Total alignments : 33790245                                             ||
||    Successfully assigned alignments : 1284879 (3.8%)                       ||
||    Running time : 0.03 minutes                                             ||
||                                                                            ||
|| Process BAM file 130_BXD85_CTRL_sub1.co.bam...                             ||
||    Single-end reads are included.                                          ||
||    Total alignments : 20000000                                             ||
||    Successfully assigned alignments : 760695 (3.8%)                        ||
||    Running time : 0.02 minutes                                             ||
||                                                                            ||
|| Process BAM file 130_BXD85_CTRL_sub2.co.bam...                             ||
||    Single-end reads are included.                                          ||
||    Total alignments : 15000000                                             ||
||    Successfully assigned alignments : 570369 (3.8%)                        ||
||    Running time : 0.02 minutes                                             ||
||                                                                            ||
|| Process BAM file 131_BXD85_SD_full.co.bam...                               ||
||    Single-end reads are included.                                          ||
||    Total alignments : 44728059                                             ||
||    Successfully assigned alignments : 1526455 (3.4%)                       ||
||    Running time : 0.05 minutes                                             ||
||                                                                            ||
|| Process BAM file 131_BXD85_SD_sub1.co.bam...                               ||
||    Single-end reads are included.                                          ||
||    Total alignments : 20000000                                             ||
||    Successfully assigned alignments : 683026 (3.4%)                        ||
||    Running time : 0.03 minutes                                             ||
||                                                                            ||
|| Process BAM file 131_BXD85_SD_sub2.co.bam...                               ||
||    Single-end reads are included.                                          ||
||    Total alignments : 15000000                                             ||
||    Successfully assigned alignments : 512345 (3.4%)                        ||
||    Running time : 0.02 minutes                                             ||
||                                                                            ||
|| Process BAM file 132_BXD89_CTRL_full.co.bam...                             ||
||    Single-end reads are included.                                          ||
||    Total alignments : 44782674                                             ||
||    Successfully assigned alignments : 2393174 (5.3%)                       ||
||    Running time : 0.05 minutes                                             ||
||                                                                            ||
|| Process BAM file 132_BXD89_CTRL_sub1.co.bam...                             ||
||    Single-end reads are included.                                          ||
||    Total alignments : 20000000                                             ||
||    Successfully assigned alignments : 1068939 (5.3%)                       ||
||    Running time : 0.03 minutes                                             ||
||                                                                            ||
|| Process BAM file 132_BXD89_CTRL_sub2.co.bam...                             ||
||    Single-end reads are included.                                          ||
||    Total alignments : 15000000                                             ||
||    Successfully assigned alignments : 800820 (5.3%)                        ||
||    Running time : 0.02 minutes                                             ||
||                                                                            ||
|| Process BAM file 133_BXD89_SD_full.co.bam...                               ||
||    Single-end reads are included.                                          ||
||    Total alignments : 56040022                                             ||
||    Successfully assigned alignments : 3128850 (5.6%)                       ||
||    Running time : 0.05 minutes                                             ||
||                                                                            ||
|| Process BAM file 133_BXD89_SD_sub1.co.bam...                               ||
||    Single-end reads are included.                                          ||
||    Total alignments : 20000000                                             ||
||    Successfully assigned alignments : 1115705 (5.6%)                       ||
||    Running time : 0.03 minutes                                             ||
||                                                                            ||
|| Process BAM file 133_BXD89_SD_sub2.co.bam...                               ||
||    Single-end reads are included.                                          ||
||    Total alignments : 15000000                                             ||
||    Successfully assigned alignments : 837732 (5.6%)                        ||
||    Running time : 0.02 minutes                                             ||
||                                                                            ||
|| Process BAM file 134_BXD95_CTRL_full.co.bam...                             ||
||    Single-end reads are included.                                          ||
||    Total alignments : 47961847                                             ||
||    Successfully assigned alignments : 2398058 (5.0%)                       ||
||    Running time : 0.05 minutes                                             ||
||                                                                            ||
|| Process BAM file 134_BXD95_CTRL_sub1.co.bam...                             ||
||    Single-end reads are included.                                          ||
||    Total alignments : 20000000                                             ||
||    Successfully assigned alignments : 999191 (5.0%)                        ||
||    Running time : 0.03 minutes                                             ||
||                                                                            ||
|| Process BAM file 134_BXD95_CTRL_sub2.co.bam...                             ||
||    Single-end reads are included.                                          ||
||    Total alignments : 15000000                                             ||
||    Successfully assigned alignments : 748362 (5.0%)                        ||
||    Running time : 0.02 minutes                                             ||
||                                                                            ||
|| Process BAM file 135_BXD95_SD_full.co.bam...                               ||
||    Single-end reads are included.                                          ||
||    Total alignments : 49528567                                             ||
||    Successfully assigned alignments : 2292510 (4.6%)                       ||
||    Running time : 0.05 minutes                                             ||
||                                                                            ||
|| Process BAM file 135_BXD95_SD_sub1.co.bam...                               ||
||    Single-end reads are included.                                          ||
||    Total alignments : 20000000                                             ||
||    Successfully assigned alignments : 925328 (4.6%)                        ||
||    Running time : 0.03 minutes                                             ||
||                                                                            ||
|| Process BAM file 135_BXD95_SD_sub2.co.bam...                               ||
||    Single-end reads are included.                                          ||
||    Total alignments : 15000000                                             ||
||    Successfully assigned alignments : 694077 (4.6%)                        ||
||    Running time : 0.03 minutes                                             ||
||                                                                            ||
|| Process BAM file 136_48a_CTRL_full.co.bam...                               ||
||    Single-end reads are included.                                          ||
||    Total alignments : 48144966                                             ||
||    Successfully assigned alignments : 1585772 (3.3%)                       ||
||    Running time : 0.05 minutes                                             ||
||                                                                            ||
|| Process BAM file 136_48a_CTRL_sub1.co.bam...                               ||
||    Single-end reads are included.                                          ||
||    Total alignments : 20000000                                             ||
||    Successfully assigned alignments : 658223 (3.3%)                        ||
||    Running time : 0.03 minutes                                             ||
||                                                                            ||
|| Process BAM file 136_48a_CTRL_sub2.co.bam...                               ||
||    Single-end reads are included.                                          ||
||    Total alignments : 15000000                                             ||
||    Successfully assigned alignments : 493579 (3.3%)                        ||
||    Running time : 0.02 minutes                                             ||
||                                                                            ||
|| Process BAM file 137_48a_SD_full.co.bam...                                 ||
||    Single-end reads are included.                                          ||
||    Total alignments : 34705485                                             ||
||    Successfully assigned alignments : 1657689 (4.8%)                       ||
||    Running time : 0.03 minutes                                             ||
||                                                                            ||
|| Process BAM file 137_48a_SD_sub1.co.bam...                                 ||
||    Single-end reads are included.                                          ||
||    Total alignments : 20000000                                             ||
||    Successfully assigned alignments : 954934 (4.8%)                        ||
||    Running time : 0.03 minutes                                             ||
||                                                                            ||
|| Process BAM file 137_48a_SD_sub2.co.bam...                                 ||
||    Single-end reads are included.                                          ||
||    Total alignments : 15000000                                             ||
||    Successfully assigned alignments : 716236 (4.8%)                        ||
||    Running time : 0.02 minutes                                             ||
||                                                                            ||
|| Process BAM file 138_65a_CTRL_full.co.bam...                               ||
||    Single-end reads are included.                                          ||
||    Total alignments : 33446210                                             ||
||    Successfully assigned alignments : 1774571 (5.3%)                       ||
||    Running time : 0.03 minutes                                             ||
||                                                                            ||
|| Process BAM file 138_65a_CTRL_sub1.co.bam...                               ||
||    Single-end reads are included.                                          ||
||    Total alignments : 20000000                                             ||
||    Successfully assigned alignments : 1060989 (5.3%)                       ||
||    Running time : 0.03 minutes                                             ||
||                                                                            ||
|| Process BAM file 138_65a_CTRL_sub2.co.bam...                               ||
||    Single-end reads are included.                                          ||
||    Total alignments : 15000000                                             ||
||    Successfully assigned alignments : 796001 (5.3%)                        ||
||    Running time : 0.02 minutes                                             ||
||                                                                            ||
|| Process BAM file 139_65a_SD_full.co.bam...                                 ||
||    Single-end reads are included.                                          ||
||    Total alignments : 30468267                                             ||
||    Successfully assigned alignments : 1470146 (4.8%)                       ||
||    Running time : 0.03 minutes                                             ||
||                                                                            ||
|| Process BAM file 139_65a_SD_sub1.co.bam...                                 ||
||    Single-end reads are included.                                          ||
||    Total alignments : 20000000                                             ||
||    Successfully assigned alignments : 964082 (4.8%)                        ||
||    Running time : 0.03 minutes                                             ||
||                                                                            ||
|| Process BAM file 139_65a_SD_sub2.co.bam...                                 ||
||    Single-end reads are included.                                          ||
||    Total alignments : 15000000                                             ||
||    Successfully assigned alignments : 723171 (4.8%)                        ||
||    Running time : 0.02 minutes                                             ||
||                                                                            ||
|| Process BAM file 140_BXD98_CTRL_full.co.bam...                             ||
||    Single-end reads are included.                                          ||
||    Total alignments : 32550629                                             ||
||    Successfully assigned alignments : 1120471 (3.4%)                       ||
||    Running time : 0.04 minutes                                             ||
||                                                                            ||
|| Process BAM file 140_BXD98_CTRL_sub1.co.bam...                             ||
||    Single-end reads are included.                                          ||
||    Total alignments : 20000000                                             ||
||    Successfully assigned alignments : 688689 (3.4%)                        ||
||    Running time : 0.02 minutes                                             ||
||                                                                            ||
|| Process BAM file 140_BXD98_CTRL_sub2.co.bam...                             ||
||    Single-end reads are included.                                          ||
||    Total alignments : 15000000                                             ||
||    Successfully assigned alignments : 516350 (3.4%)                        ||
||    Running time : 0.02 minutes                                             ||
||                                                                            ||
|| Process BAM file 141_BXD98_SD_full.co.bam...                               ||
||    Single-end reads are included.                                          ||
||    Total alignments : 33192646                                             ||
||    Successfully assigned alignments : 1446073 (4.4%)                       ||
||    Running time : 0.03 minutes                                             ||
||                                                                            ||
|| Process BAM file 141_BXD98_SD_sub1.co.bam...                               ||
||    Single-end reads are included.                                          ||
||    Total alignments : 20000000                                             ||
||    Successfully assigned alignments : 871349 (4.4%)                        ||
||    Running time : 0.02 minutes                                             ||
||                                                                            ||
|| Process BAM file 141_BXD98_SD_sub2.co.bam...                               ||
||    Single-end reads are included.                                          ||
||    Total alignments : 15000000                                             ||
||    Successfully assigned alignments : 654346 (4.4%)                        ||
||    Running time : 0.02 minutes                                             ||
||                                                                            ||
|| Process BAM file 142_BXD101_CTRL_full.co.bam...                            ||
||    Single-end reads are included.                                          ||
||    Total alignments : 39377765                                             ||
||    Successfully assigned alignments : 1868199 (4.7%)                       ||
||    Running time : 0.04 minutes                                             ||
||                                                                            ||
|| Process BAM file 142_BXD101_CTRL_sub1.co.bam...                            ||
||    Single-end reads are included.                                          ||
||    Total alignments : 20000000                                             ||
||    Successfully assigned alignments : 947849 (4.7%)                        ||
||    Running time : 0.02 minutes                                             ||
||                                                                            ||
|| Process BAM file 142_BXD101_CTRL_sub2.co.bam...                            ||
||    Single-end reads are included.                                          ||
||    Total alignments : 15000000                                             ||
||    Successfully assigned alignments : 711858 (4.7%)                        ||
||    Running time : 0.02 minutes                                             ||
||                                                                            ||
|| Process BAM file 143_BXD101_SD_full.co.bam...                              ||
||    Single-end reads are included.                                          ||
||    Total alignments : 40149785                                             ||
||    Successfully assigned alignments : 1808381 (4.5%)                       ||
||    Running time : 0.04 minutes                                             ||
||                                                                            ||
|| Process BAM file 143_BXD101_SD_sub1.co.bam...                              ||
||    Single-end reads are included.                                          ||
||    Total alignments : 20000000                                             ||
||    Successfully assigned alignments : 900735 (4.5%)                        ||
||    Running time : 0.02 minutes                                             ||
||                                                                            ||
|| Process BAM file 143_BXD101_SD_sub2.co.bam...                              ||
||    Single-end reads are included.                                          ||
||    Total alignments : 15000000                                             ||
||    Successfully assigned alignments : 675662 (4.5%)                        ||
||    Running time : 0.02 minutes                                             ||
||                                                                            ||
|| Process BAM file 144_73b_CTRL_full.co.bam...                               ||
||    Single-end reads are included.                                          ||
||    Total alignments : 54453327                                             ||
||    Successfully assigned alignments : 5038939 (9.3%)                       ||
||    Running time : 0.05 minutes                                             ||
||                                                                            ||
|| Process BAM file 144_73b_CTRL_sub1.co.bam...                               ||
||    Single-end reads are included.                                          ||
||    Total alignments : 20000000                                             ||
||    Successfully assigned alignments : 1850125 (9.3%)                       ||
||    Running time : 0.03 minutes                                             ||
||                                                                            ||
|| Process BAM file 144_73b_CTRL_sub2.co.bam...                               ||
||    Single-end reads are included.                                          ||
||    Total alignments : 15000000                                             ||
||    Successfully assigned alignments : 1389734 (9.3%)                       ||
||    Running time : 0.02 minutes                                             ||
||                                                                            ||
|| Process BAM file 145_73b_SD_full.co.bam...                                 ||
||    Single-end reads are included.                                          ||
||    Total alignments : 52103668                                             ||
||    Successfully assigned alignments : 2171670 (4.2%)                       ||
||    Running time : 0.05 minutes                                             ||
||                                                                            ||
|| Process BAM file 145_73b_SD_sub1.co.bam...                                 ||
||    Single-end reads are included.                                          ||
||    Total alignments : 20000000                                             ||
||    Successfully assigned alignments : 832995 (4.2%)                        ||
||    Running time : 0.03 minutes                                             ||
||                                                                            ||
|| Process BAM file 145_73b_SD_sub2.co.bam...                                 ||
||    Single-end reads are included.                                          ||
||    Total alignments : 15000000                                             ||
||    Successfully assigned alignments : 625978 (4.2%)                        ||
||    Running time : 0.02 minutes                                             ||
||                                                                            ||
|| Process BAM file 146_C57Bl6_CTRL_full.co.bam...                            ||
||    Single-end reads are included.                                          ||
||    Total alignments : 47156114                                             ||
||    Successfully assigned alignments : 2775687 (5.9%)                       ||
||    Running time : 0.05 minutes                                             ||
||                                                                            ||
|| Process BAM file 146_C57Bl6_CTRL_sub1.co.bam...                            ||
||    Single-end reads are included.                                          ||
||    Total alignments : 20000000                                             ||
||    Successfully assigned alignments : 1175983 (5.9%)                       ||
||    Running time : 0.03 minutes                                             ||
||                                                                            ||
|| Process BAM file 146_C57Bl6_CTRL_sub2.co.bam...                            ||
||    Single-end reads are included.                                          ||
||    Total alignments : 15000000                                             ||
||    Successfully assigned alignments : 883467 (5.9%)                        ||
||    Running time : 0.02 minutes                                             ||
||                                                                            ||
|| Process BAM file 147_C57Bl6_SD_full.co.bam...                              ||
||    Single-end reads are included.                                          ||
||    Total alignments : 38670497                                             ||
||    Successfully assigned alignments : 1976380 (5.1%)                       ||
||    Running time : 0.04 minutes                                             ||
||                                                                            ||
|| Process BAM file 147_C57Bl6_SD_sub1.co.bam...                              ||
||    Single-end reads are included.                                          ||
||    Total alignments : 20000000                                             ||
||    Successfully assigned alignments : 1021114 (5.1%)                       ||
||    Running time : 0.03 minutes                                             ||
||                                                                            ||
|| Process BAM file 147_C57Bl6_SD_sub2.co.bam...                              ||
||    Single-end reads are included.                                          ||
||    Total alignments : 15000000                                             ||
||    Successfully assigned alignments : 765733 (5.1%)                        ||
||    Running time : 0.02 minutes                                             ||
||                                                                            ||
|| Process BAM file 148_BXD43_CTRL_full.co.bam...                             ||
||    Single-end reads are included.                                          ||
||    Total alignments : 42631771                                             ||
||    Successfully assigned alignments : 2277437 (5.3%)                       ||
||    Running time : 0.04 minutes                                             ||
||                                                                            ||
|| Process BAM file 148_BXD43_CTRL_sub1.co.bam...                             ||
||    Single-end reads are included.                                          ||
||    Total alignments : 20000000                                             ||
||    Successfully assigned alignments : 1068217 (5.3%)                       ||
||    Running time : 0.03 minutes                                             ||
||                                                                            ||
|| Process BAM file 148_BXD43_CTRL_sub2.co.bam...                             ||
||    Single-end reads are included.                                          ||
||    Total alignments : 15000000                                             ||
||    Successfully assigned alignments : 802060 (5.3%)                        ||
||    Running time : 0.02 minutes                                             ||
||                                                                            ||
|| Process BAM file 149_BXD43_SD_full.co.bam...                               ||
||    Single-end reads are included.                                          ||
||    Total alignments : 49678594                                             ||
||    Successfully assigned alignments : 2010570 (4.0%)                       ||
||    Running time : 0.06 minutes                                             ||
||                                                                            ||
|| Process BAM file 149_BXD43_SD_sub1.co.bam...                               ||
||    Single-end reads are included.                                          ||
||    Total alignments : 20000000                                             ||
||    Successfully assigned alignments : 809600 (4.0%)                        ||
||    Running time : 0.03 minutes                                             ||
||                                                                            ||
|| Process BAM file 149_BXD43_SD_sub2.co.bam...                               ||
||    Single-end reads are included.                                          ||
||    Total alignments : 15000000                                             ||
||    Successfully assigned alignments : 606682 (4.0%)                        ||
||    Running time : 0.02 minutes                                             ||
||                                                                            ||
|| Process BAM file 150_BXD45_CTRL_full.co.bam...                             ||
||    Single-end reads are included.                                          ||
||    Total alignments : 53722609                                             ||
||    Successfully assigned alignments : 1828186 (3.4%)                       ||
||    Running time : 0.06 minutes                                             ||
||                                                                            ||
|| Process BAM file 150_BXD45_CTRL_sub1.co.bam...                             ||
||    Single-end reads are included.                                          ||
||    Total alignments : 20000000                                             ||
||    Successfully assigned alignments : 680831 (3.4%)                        ||
||    Running time : 0.03 minutes                                             ||
||                                                                            ||
|| Process BAM file 150_BXD45_CTRL_sub2.co.bam...                             ||
||    Single-end reads are included.                                          ||
||    Total alignments : 15000000                                             ||
||    Successfully assigned alignments : 510703 (3.4%)                        ||
||    Running time : 0.02 minutes                                             ||
||                                                                            ||
|| Process BAM file 151_BXD45_SD_full.co.bam...                               ||
||    Single-end reads are included.                                          ||
||    Total alignments : 49787661                                             ||
||    Successfully assigned alignments : 1685394 (3.4%)                       ||
||    Running time : 0.05 minutes                                             ||
||                                                                            ||
|| Process BAM file 151_BXD45_SD_sub1.co.bam...                               ||
||    Single-end reads are included.                                          ||
||    Total alignments : 20000000                                             ||
||    Successfully assigned alignments : 676286 (3.4%)                        ||
||    Running time : 0.03 minutes                                             ||
||                                                                            ||
|| Process BAM file 151_BXD45_SD_sub2.co.bam...                               ||
||    Single-end reads are included.                                          ||
||    Total alignments : 15000000                                             ||
||    Successfully assigned alignments : 509188 (3.4%)                        ||
||    Running time : 0.02 minutes                                             ||
||                                                                            ||
|| Process BAM file 152_BXD48_CTRL_full.co.bam...                             ||
||    Single-end reads are included.                                          ||
||    Total alignments : 84581192                                             ||
||    Successfully assigned alignments : 3862588 (4.6%)                       ||
||    Running time : 0.08 minutes                                             ||
||                                                                            ||
|| Process BAM file 152_BXD48_CTRL_sub1.co.bam...                             ||
||    Single-end reads are included.                                          ||
||    Total alignments : 20000000                                             ||
||    Successfully assigned alignments : 912882 (4.6%)                        ||
||    Running time : 0.03 minutes                                             ||
||                                                                            ||
|| Process BAM file 152_BXD48_CTRL_sub2.co.bam...                             ||
||    Single-end reads are included.                                          ||
||    Total alignments : 15000000                                             ||
||    Successfully assigned alignments : 685245 (4.6%)                        ||
||    Running time : 0.02 minutes                                             ||
||                                                                            ||
|| Process BAM file 153_BXD48_SD_full.co.bam...                               ||
||    Single-end reads are included.                                          ||
||    Total alignments : 47618712                                             ||
||    Successfully assigned alignments : 2439680 (5.1%)                       ||
||    Running time : 0.05 minutes                                             ||
||                                                                            ||
|| Process BAM file 153_BXD48_SD_sub1.co.bam...                               ||
||    Single-end reads are included.                                          ||
||    Total alignments : 20000000                                             ||
||    Successfully assigned alignments : 1024168 (5.1%)                       ||
||    Running time : 0.03 minutes                                             ||
||                                                                            ||
|| Process BAM file 153_BXD48_SD_sub2.co.bam...                               ||
||    Single-end reads are included.                                          ||
||    Total alignments : 15000000                                             ||
||    Successfully assigned alignments : 767484 (5.1%)                        ||
||    Running time : 0.02 minutes                                             ||
||                                                                            ||
|| Process BAM file 154_BXD50_CTRL_full.co.bam...                             ||
||    Single-end reads are included.                                          ||
||    Total alignments : 52918654                                             ||
||    Successfully assigned alignments : 2420587 (4.6%)                       ||
||    Running time : 0.06 minutes                                             ||
||                                                                            ||
|| Process BAM file 154_BXD50_CTRL_sub1.co.bam...                             ||
||    Single-end reads are included.                                          ||
||    Total alignments : 20000000                                             ||
||    Successfully assigned alignments : 915398 (4.6%)                        ||
||    Running time : 0.03 minutes                                             ||
||                                                                            ||
|| Process BAM file 154_BXD50_CTRL_sub2.co.bam...                             ||
||    Single-end reads are included.                                          ||
||    Total alignments : 15000000                                             ||
||    Successfully assigned alignments : 685556 (4.6%)                        ||
||    Running time : 0.02 minutes                                             ||
||                                                                            ||
|| Process BAM file 155_BXD50_SD_full.co.bam...                               ||
||    Single-end reads are included.                                          ||
||    Total alignments : 57944661                                             ||
||    Successfully assigned alignments : 2465406 (4.3%)                       ||
||    Running time : 0.06 minutes                                             ||
||                                                                            ||
|| Process BAM file 155_BXD50_SD_sub1.co.bam...                               ||
||    Single-end reads are included.                                          ||
||    Total alignments : 20000000                                             ||
||    Successfully assigned alignments : 850823 (4.3%)                        ||
||    Running time : 0.03 minutes                                             ||
||                                                                            ||
|| Process BAM file 155_BXD50_SD_sub2.co.bam...                               ||
||    Single-end reads are included.                                          ||
||    Total alignments : 15000000                                             ||
||    Successfully assigned alignments : 638136 (4.3%)                        ||
||    Running time : 0.02 minutes                                             ||
||                                                                            ||
|| Process BAM file 156_BXD61_CTRL_full.co.bam...                             ||
||    Single-end reads are included.                                          ||
||    Total alignments : 46129873                                             ||
||    Successfully assigned alignments : 2278475 (4.9%)                       ||
||    Running time : 0.05 minutes                                             ||
||                                                                            ||
|| Process BAM file 156_BXD61_CTRL_sub1.co.bam...                             ||
||    Single-end reads are included.                                          ||
||    Total alignments : 20000000                                             ||
||    Successfully assigned alignments : 988171 (4.9%)                        ||
||    Running time : 0.03 minutes                                             ||
||                                                                            ||
|| Process BAM file 156_BXD61_CTRL_sub2.co.bam...                             ||
||    Single-end reads are included.                                          ||
||    Total alignments : 15000000                                             ||
||    Successfully assigned alignments : 740954 (4.9%)                        ||
||    Running time : 0.02 minutes                                             ||
||                                                                            ||
|| Process BAM file 157_BXD61_SD_full.co.bam...                               ||
||    Single-end reads are included.                                          ||
||    Total alignments : 63354237                                             ||
||    Successfully assigned alignments : 2802753 (4.4%)                       ||
||    Running time : 0.06 minutes                                             ||
||                                                                            ||
|| Process BAM file 157_BXD61_SD_sub1.co.bam...                               ||
||    Single-end reads are included.                                          ||
||    Total alignments : 20000000                                             ||
||    Successfully assigned alignments : 884657 (4.4%)                        ||
||    Running time : 0.03 minutes                                             ||
||                                                                            ||
|| Process BAM file 157_BXD61_SD_sub2.co.bam...                               ||
||    Single-end reads are included.                                          ||
||    Total alignments : 15000000                                             ||
||    Successfully assigned alignments : 664272 (4.4%)                        ||
||    Running time : 0.02 minutes                                             ||
||                                                                            ||
|| Process BAM file 158_BXD64_CTRL_full.co.bam...                             ||
||    Single-end reads are included.                                          ||
||    Total alignments : 46218444                                             ||
||    Successfully assigned alignments : 1894536 (4.1%)                       ||
||    Running time : 0.05 minutes                                             ||
||                                                                            ||
|| Process BAM file 158_BXD64_CTRL_sub1.co.bam...                             ||
||    Single-end reads are included.                                          ||
||    Total alignments : 20000000                                             ||
||    Successfully assigned alignments : 820184 (4.1%)                        ||
||    Running time : 0.03 minutes                                             ||
||                                                                            ||
|| Process BAM file 158_BXD64_CTRL_sub2.co.bam...                             ||
||    Single-end reads are included.                                          ||
||    Total alignments : 15000000                                             ||
||    Successfully assigned alignments : 615709 (4.1%)                        ||
||    Running time : 0.02 minutes                                             ||
||                                                                            ||
|| Process BAM file 159_BXD64_SD_full.co.bam...                               ||
||    Single-end reads are included.                                          ||
||    Total alignments : 42724542                                             ||
||    Successfully assigned alignments : 2115430 (5.0%)                       ||
||    Running time : 0.05 minutes                                             ||
||                                                                            ||
|| Process BAM file 159_BXD64_SD_sub1.co.bam...                               ||
||    Single-end reads are included.                                          ||
||    Total alignments : 20000000                                             ||
||    Successfully assigned alignments : 990585 (5.0%)                        ||
||    Running time : 0.03 minutes                                             ||
||                                                                            ||
|| Process BAM file 159_BXD64_SD_sub2.co.bam...                               ||
||    Single-end reads are included.                                          ||
||    Total alignments : 15000000                                             ||
||    Successfully assigned alignments : 743078 (5.0%)                        ||
||    Running time : 0.02 minutes                                             ||
||                                                                            ||
|| Process BAM file 160_BXD65_CTRL_full.co.bam...                             ||
||    Single-end reads are included.                                          ||
||    Total alignments : 68620513                                             ||
||    Successfully assigned alignments : 3008790 (4.4%)                       ||
||    Running time : 0.07 minutes                                             ||
||                                                                            ||
|| Process BAM file 160_BXD65_CTRL_sub1.co.bam...                             ||
||    Single-end reads are included.                                          ||
||    Total alignments : 20000000                                             ||
||    Successfully assigned alignments : 877515 (4.4%)                        ||
||    Running time : 0.03 minutes                                             ||
||                                                                            ||
|| Process BAM file 160_BXD65_CTRL_sub2.co.bam...                             ||
||    Single-end reads are included.                                          ||
||    Total alignments : 15000000                                             ||
||    Successfully assigned alignments : 657614 (4.4%)                        ||
||    Running time : 0.02 minutes                                             ||
||                                                                            ||
|| Process BAM file 161_BXD65_SD_full.co.bam...                               ||
||    Single-end reads are included.                                          ||
||    Total alignments : 48612474                                             ||
||    Successfully assigned alignments : 2192696 (4.5%)                       ||
||    Running time : 0.05 minutes                                             ||
||                                                                            ||
|| Process BAM file 161_BXD65_SD_sub1.co.bam...                               ||
||    Single-end reads are included.                                          ||
||    Total alignments : 20000000                                             ||
||    Successfully assigned alignments : 902903 (4.5%)                        ||
||    Running time : 0.03 minutes                                             ||
||                                                                            ||
|| Process BAM file 161_BXD65_SD_sub2.co.bam...                               ||
||    Single-end reads are included.                                          ||
||    Total alignments : 15000000                                             ||
||    Successfully assigned alignments : 678057 (4.5%)                        ||
||    Running time : 0.02 minutes                                             ||
||                                                                            ||
|| Process BAM file 162_BXD67_CTRL_full.co.bam...                             ||
||    Single-end reads are included.                                          ||
||    Total alignments : 44194451                                             ||
||    Successfully assigned alignments : 2285771 (5.2%)                       ||
||    Running time : 0.05 minutes                                             ||
||                                                                            ||
|| Process BAM file 162_BXD67_CTRL_sub1.co.bam...                             ||
||    Single-end reads are included.                                          ||
||    Total alignments : 20000000                                             ||
||    Successfully assigned alignments : 1033382 (5.2%)                       ||
||    Running time : 0.03 minutes                                             ||
||                                                                            ||
|| Process BAM file 162_BXD67_CTRL_sub2.co.bam...                             ||
||    Single-end reads are included.                                          ||
||    Total alignments : 15000000                                             ||
||    Successfully assigned alignments : 774921 (5.2%)                        ||
||    Running time : 0.02 minutes                                             ||
||                                                                            ||
|| Process BAM file 163_BXD67_SD_full.co.bam...                               ||
||    Single-end reads are included.                                          ||
||    Total alignments : 40693428                                             ||
||    Successfully assigned alignments : 1904973 (4.7%)                       ||
||    Running time : 0.04 minutes                                             ||
||                                                                            ||
|| Process BAM file 163_BXD67_SD_sub1.co.bam...                               ||
||    Single-end reads are included.                                          ||
||    Total alignments : 20000000                                             ||
||    Successfully assigned alignments : 935908 (4.7%)                        ||
||    Running time : 0.03 minutes                                             ||
||                                                                            ||
|| Process BAM file 163_BXD67_SD_sub2.co.bam...                               ||
||    Single-end reads are included.                                          ||
||    Total alignments : 15000000                                             ||
||    Successfully assigned alignments : 702007 (4.7%)                        ||
||    Running time : 0.02 minutes                                             ||
||                                                                            ||
|| Process BAM file 164_BXD70_CTRL_full.co.bam...                             ||
||    Single-end reads are included.                                          ||
||    Total alignments : 46233107                                             ||
||    Successfully assigned alignments : 2874808 (6.2%)                       ||
||    Running time : 0.05 minutes                                             ||
||                                                                            ||
|| Process BAM file 164_BXD70_CTRL_sub1.co.bam...                             ||
||    Single-end reads are included.                                          ||
||    Total alignments : 20000000                                             ||
||    Successfully assigned alignments : 1243908 (6.2%)                       ||
||    Running time : 0.03 minutes                                             ||
||                                                                            ||
|| Process BAM file 164_BXD70_CTRL_sub2.co.bam...                             ||
||    Single-end reads are included.                                          ||
||    Total alignments : 15000000                                             ||
||    Successfully assigned alignments : 932294 (6.2%)                        ||
||    Running time : 0.02 minutes                                             ||
||                                                                            ||
|| Process BAM file 165_BXD70_SD_full.co.bam...                               ||
||    Single-end reads are included.                                          ||
||    Total alignments : 46863185                                             ||
||    Successfully assigned alignments : 2378218 (5.1%)                       ||
||    Running time : 0.05 minutes                                             ||
||                                                                            ||
|| Process BAM file 165_BXD70_SD_sub1.co.bam...                               ||
||    Single-end reads are included.                                          ||
||    Total alignments : 20000000                                             ||
||    Successfully assigned alignments : 1014302 (5.1%)                       ||
||    Running time : 0.03 minutes                                             ||
||                                                                            ||
|| Process BAM file 165_BXD70_SD_sub2.co.bam...                               ||
||    Single-end reads are included.                                          ||
||    Total alignments : 15000000                                             ||
||    Successfully assigned alignments : 762099 (5.1%)                        ||
||    Running time : 0.02 minutes                                             ||
||                                                                            ||
|| Process BAM file 166_BXD79_CTRL_full.co.bam...                             ||
||    Single-end reads are included.                                          ||
||    Total alignments : 46483117                                             ||
||    Successfully assigned alignments : 2136103 (4.6%)                       ||
||    Running time : 0.05 minutes                                             ||
||                                                                            ||
|| Process BAM file 166_BXD79_CTRL_sub1.co.bam...                             ||
||    Single-end reads are included.                                          ||
||    Total alignments : 20000000                                             ||
||    Successfully assigned alignments : 920273 (4.6%)                        ||
||    Running time : 0.03 minutes                                             ||
||                                                                            ||
|| Process BAM file 166_BXD79_CTRL_sub2.co.bam...                             ||
||    Single-end reads are included.                                          ||
||    Total alignments : 15000000                                             ||
||    Successfully assigned alignments : 689186 (4.6%)                        ||
||    Running time : 0.02 minutes                                             ||
||                                                                            ||
|| Process BAM file 167_BXD79_SD_full.co.bam...                               ||
||    Single-end reads are included.                                          ||
||    Total alignments : 46879622                                             ||
||    Successfully assigned alignments : 2114595 (4.5%)                       ||
||    Running time : 0.05 minutes                                             ||
||                                                                            ||
|| Process BAM file 167_BXD79_SD_sub1.co.bam...                               ||
||    Single-end reads are included.                                          ||
||    Total alignments : 20000000                                             ||
||    Successfully assigned alignments : 903509 (4.5%)                        ||
||    Running time : 0.03 minutes                                             ||
||                                                                            ||
|| Process BAM file 167_BXD79_SD_sub2.co.bam...                               ||
||    Single-end reads are included.                                          ||
||    Total alignments : 15000000                                             ||
||    Successfully assigned alignments : 676480 (4.5%)                        ||
||    Running time : 0.02 minutes                                             ||
||                                                                            ||
|| Process BAM file 168_BXD81_CTRL_full.co.bam...                             ||
||    Single-end reads are included.                                          ||
||    Total alignments : 38816911                                             ||
||    Successfully assigned alignments : 2109889 (5.4%)                       ||
||    Running time : 0.04 minutes                                             ||
||                                                                            ||
|| Process BAM file 168_BXD81_CTRL_sub1.co.bam...                             ||
||    Single-end reads are included.                                          ||
||    Total alignments : 20000000                                             ||
||    Successfully assigned alignments : 1087436 (5.4%)                       ||
||    Running time : 0.03 minutes                                             ||
||                                                                            ||
|| Process BAM file 168_BXD81_CTRL_sub2.co.bam...                             ||
||    Single-end reads are included.                                          ||
||    Total alignments : 15000000                                             ||
||    Successfully assigned alignments : 815927 (5.4%)                        ||
||    Running time : 0.02 minutes                                             ||
||                                                                            ||
|| Process BAM file 169_BXD81_SD_full.co.bam...                               ||
||    Single-end reads are included.                                          ||
||    Total alignments : 43335437                                             ||
||    Successfully assigned alignments : 1832898 (4.2%)                       ||
||    Running time : 0.05 minutes                                             ||
||                                                                            ||
|| Process BAM file 169_BXD81_SD_sub1.co.bam...                               ||
||    Single-end reads are included.                                          ||
||    Total alignments : 20000000                                             ||
||    Successfully assigned alignments : 846155 (4.2%)                        ||
||    Running time : 0.03 minutes                                             ||
||                                                                            ||
|| Process BAM file 169_BXD81_SD_sub2.co.bam...                               ||
||    Single-end reads are included.                                          ||
||    Total alignments : 15000000                                             ||
||    Successfully assigned alignments : 635334 (4.2%)                        ||
||    Running time : 0.02 minutes                                             ||
||                                                                            ||
|| Process BAM file 170_BXD85_CTRL_full.co.bam...                             ||
||    Single-end reads are included.                                          ||
||    Total alignments : 47294224                                             ||
||    Successfully assigned alignments : 1874249 (4.0%)                       ||
||    Running time : 0.05 minutes                                             ||
||                                                                            ||
|| Process BAM file 170_BXD85_CTRL_sub1.co.bam...                             ||
||    Single-end reads are included.                                          ||
||    Total alignments : 20000000                                             ||
||    Successfully assigned alignments : 792956 (4.0%)                        ||
||    Running time : 0.03 minutes                                             ||
||                                                                            ||
|| Process BAM file 170_BXD85_CTRL_sub2.co.bam...                             ||
||    Single-end reads are included.                                          ||
||    Total alignments : 15000000                                             ||
||    Successfully assigned alignments : 593007 (4.0%)                        ||
||    Running time : 0.02 minutes                                             ||
||                                                                            ||
|| Process BAM file 171_BXD85_SD_full.co.bam...                               ||
||    Single-end reads are included.                                          ||
||    Total alignments : 42083634                                             ||
||    Successfully assigned alignments : 2129267 (5.1%)                       ||
||    Running time : 0.05 minutes                                             ||
||                                                                            ||
|| Process BAM file 171_BXD85_SD_sub1.co.bam...                               ||
||    Single-end reads are included.                                          ||
||    Total alignments : 20000000                                             ||
||    Successfully assigned alignments : 1011451 (5.1%)                       ||
||    Running time : 0.03 minutes                                             ||
||                                                                            ||
|| Process BAM file 171_BXD85_SD_sub2.co.bam...                               ||
||    Single-end reads are included.                                          ||
||    Total alignments : 15000000                                             ||
||    Successfully assigned alignments : 757652 (5.1%)                        ||
||    Running time : 0.02 minutes                                             ||
||                                                                            ||
|| Process BAM file 174_BXD89_CTRL_full.co.bam...                             ||
||    Single-end reads are included.                                          ||
||    Total alignments : 46397110                                             ||
||    Successfully assigned alignments : 2158640 (4.7%)                       ||
||    Running time : 0.05 minutes                                             ||
||                                                                            ||
|| Process BAM file 174_BXD89_CTRL_sub1.co.bam...                             ||
||    Single-end reads are included.                                          ||
||    Total alignments : 20000000                                             ||
||    Successfully assigned alignments : 930220 (4.7%)                        ||
||    Running time : 0.03 minutes                                             ||
||                                                                            ||
|| Process BAM file 174_BXD89_CTRL_sub2.co.bam...                             ||
||    Single-end reads are included.                                          ||
||    Total alignments : 15000000                                             ||
||    Successfully assigned alignments : 697895 (4.7%)                        ||
||    Running time : 0.02 minutes                                             ||
||                                                                            ||
|| Process BAM file 175_BXD89_SD_full.co.bam...                               ||
||    Single-end reads are included.                                          ||
||    Total alignments : 48754219                                             ||
||    Successfully assigned alignments : 2507222 (5.1%)                       ||
||    Running time : 0.05 minutes                                             ||
||                                                                            ||
|| Process BAM file 175_BXD89_SD_sub1.co.bam...                               ||
||    Single-end reads are included.                                          ||
||    Total alignments : 20000000                                             ||
||    Successfully assigned alignments : 1028333 (5.1%)                       ||
||    Running time : 0.03 minutes                                             ||
||                                                                            ||
|| Process BAM file 175_BXD89_SD_sub2.co.bam...                               ||
||    Single-end reads are included.                                          ||
||    Total alignments : 15000000                                             ||
||    Successfully assigned alignments : 771244 (5.1%)                        ||
||    Running time : 0.02 minutes                                             ||
||                                                                            ||
|| Process BAM file 176_BXD90_CTRL_full.co.bam...                             ||
||    Single-end reads are included.                                          ||
||    Total alignments : 50411799                                             ||
||    Successfully assigned alignments : 2114340 (4.2%)                       ||
||    Running time : 0.05 minutes                                             ||
||                                                                            ||
|| Process BAM file 176_BXD90_CTRL_sub1.co.bam...                             ||
||    Single-end reads are included.                                          ||
||    Total alignments : 20000000                                             ||
||    Successfully assigned alignments : 838845 (4.2%)                        ||
||    Running time : 0.03 minutes                                             ||
||                                                                            ||
|| Process BAM file 176_BXD90_CTRL_sub2.co.bam...                             ||
||    Single-end reads are included.                                          ||
||    Total alignments : 15000000                                             ||
||    Successfully assigned alignments : 629484 (4.2%)                        ||
||    Running time : 0.02 minutes                                             ||
||                                                                            ||
|| Process BAM file 177_BXD90_SD_full.co.bam...                               ||
||    Single-end reads are included.                                          ||
||    Total alignments : 61933907                                             ||
||    Successfully assigned alignments : 2143185 (3.5%)                       ||
||    Running time : 0.06 minutes                                             ||
||                                                                            ||
|| Process BAM file 177_BXD90_SD_sub1.co.bam...                               ||
||    Single-end reads are included.                                          ||
||    Total alignments : 20000000                                             ||
||    Successfully assigned alignments : 692251 (3.5%)                        ||
||    Running time : 0.03 minutes                                             ||
||                                                                            ||
|| Process BAM file 177_BXD90_SD_sub2.co.bam...                               ||
||    Single-end reads are included.                                          ||
||    Total alignments : 15000000                                             ||
||    Successfully assigned alignments : 519876 (3.5%)                        ||
||    Running time : 0.02 minutes                                             ||
||                                                                            ||
|| Process BAM file 178_BXD95_CTRL_full.co.bam...                             ||
||    Single-end reads are included.                                          ||
||    Total alignments : 69438199                                             ||
||    Successfully assigned alignments : 2876510 (4.1%)                       ||
||    Running time : 0.07 minutes                                             ||
||                                                                            ||
|| Process BAM file 178_BXD95_CTRL_sub1.co.bam...                             ||
||    Single-end reads are included.                                          ||
||    Total alignments : 20000000                                             ||
||    Successfully assigned alignments : 826973 (4.1%)                        ||
||    Running time : 0.03 minutes                                             ||
||                                                                            ||
|| Process BAM file 178_BXD95_CTRL_sub2.co.bam...                             ||
||    Single-end reads are included.                                          ||
||    Total alignments : 15000000                                             ||
||    Successfully assigned alignments : 622313 (4.1%)                        ||
||    Running time : 0.02 minutes                                             ||
||                                                                            ||
|| Process BAM file 179_BXD95_SD_full.co.bam...                               ||
||    Single-end reads are included.                                          ||
||    Total alignments : 70028017                                             ||
||    Successfully assigned alignments : 3780821 (5.4%)                       ||
||    Running time : 0.07 minutes                                             ||
||                                                                            ||
|| Process BAM file 179_BXD95_SD_sub1.co.bam...                               ||
||    Single-end reads are included.                                          ||
||    Total alignments : 20000000                                             ||
||    Successfully assigned alignments : 1078415 (5.4%)                       ||
||    Running time : 0.03 minutes                                             ||
||                                                                            ||
|| Process BAM file 179_BXD95_SD_sub2.co.bam...                               ||
||    Single-end reads are included.                                          ||
||    Total alignments : 15000000                                             ||
||    Successfully assigned alignments : 811153 (5.4%)                        ||
||    Running time : 0.02 minutes                                             ||
||                                                                            ||
|| Process BAM file 180_C57Bl6_CTRL_full.co.bam...                            ||
||    Single-end reads are included.                                          ||
||    Total alignments : 49135596                                             ||
||    Successfully assigned alignments : 2606187 (5.3%)                       ||
||    Running time : 0.05 minutes                                             ||
||                                                                            ||
|| Process BAM file 180_C57Bl6_CTRL_sub1.co.bam...                            ||
||    Single-end reads are included.                                          ||
||    Total alignments : 20000000                                             ||
||    Successfully assigned alignments : 1059893 (5.3%)                       ||
||    Running time : 0.03 minutes                                             ||
||                                                                            ||
|| Process BAM file 180_C57Bl6_CTRL_sub2.co.bam...                            ||
||    Single-end reads are included.                                          ||
||    Total alignments : 15000000                                             ||
||    Successfully assigned alignments : 795983 (5.3%)                        ||
||    Running time : 0.02 minutes                                             ||
||                                                                            ||
|| Process BAM file 181_C57Bl6_SD_full.co.bam...                              ||
||    Single-end reads are included.                                          ||
||    Total alignments : 43499437                                             ||
||    Successfully assigned alignments : 1942561 (4.5%)                       ||
||    Running time : 0.04 minutes                                             ||
||                                                                            ||
|| Process BAM file 181_C57Bl6_SD_sub1.co.bam...                              ||
||    Single-end reads are included.                                          ||
||    Total alignments : 20000000                                             ||
||    Successfully assigned alignments : 893545 (4.5%)                        ||
||    Running time : 0.03 minutes                                             ||
||                                                                            ||
|| Process BAM file 181_C57Bl6_SD_sub2.co.bam...                              ||
||    Single-end reads are included.                                          ||
||    Total alignments : 15000000                                             ||
||    Successfully assigned alignments : 670181 (4.5%)                        ||
||    Running time : 0.02 minutes                                             ||
||                                                                            ||
|| Process BAM file 182_DBA_CTRL_full.co.bam...                               ||
||    Single-end reads are included.                                          ||
||    Total alignments : 43651939                                             ||
||    Successfully assigned alignments : 2758900 (6.3%)                       ||
||    Running time : 0.04 minutes                                             ||
||                                                                            ||
|| Process BAM file 182_DBA_CTRL_sub1.co.bam...                               ||
||    Single-end reads are included.                                          ||
||    Total alignments : 20000000                                             ||
||    Successfully assigned alignments : 1263891 (6.3%)                       ||
||    Running time : 0.03 minutes                                             ||
||                                                                            ||
|| Process BAM file 182_DBA_CTRL_sub2.co.bam...                               ||
||    Single-end reads are included.                                          ||
||    Total alignments : 15000000                                             ||
||    Successfully assigned alignments : 947693 (6.3%)                        ||
||    Running time : 0.02 minutes                                             ||
||                                                                            ||
|| Process BAM file 183_DBA_SD_full.co.bam...                                 ||
||    Single-end reads are included.                                          ||
||    Total alignments : 56761801                                             ||
||    Successfully assigned alignments : 3348737 (5.9%)                       ||
||    Running time : 0.05 minutes                                             ||
||                                                                            ||
|| Process BAM file 183_DBA_SD_sub1.co.bam...                                 ||
||    Single-end reads are included.                                          ||
||    Total alignments : 20000000                                             ||
||    Successfully assigned alignments : 1178058 (5.9%)                       ||
||    Running time : 0.03 minutes                                             ||
||                                                                            ||
|| Process BAM file 183_DBA_SD_sub2.co.bam...                                 ||
||    Single-end reads are included.                                          ||
||    Total alignments : 15000000                                             ||
||    Successfully assigned alignments : 884983 (5.9%)                        ||
||    Running time : 0.02 minutes                                             ||
||                                                                            ||
|| Process BAM file 184_BXD43_CTRL_full.co.bam...                             ||
||    Single-end reads are included.                                          ||
||    Total alignments : 40379615                                             ||
||    Successfully assigned alignments : 1447094 (3.6%)                       ||
||    Running time : 0.04 minutes                                             ||
||                                                                            ||
|| Process BAM file 184_BXD43_CTRL_sub1.co.bam...                             ||
||    Single-end reads are included.                                          ||
||    Total alignments : 20000000                                             ||
||    Successfully assigned alignments : 717304 (3.6%)                        ||
||    Running time : 0.03 minutes                                             ||
||                                                                            ||
|| Process BAM file 184_BXD43_CTRL_sub2.co.bam...                             ||
||    Single-end reads are included.                                          ||
||    Total alignments : 15000000                                             ||
||    Successfully assigned alignments : 537038 (3.6%)                        ||
||    Running time : 0.02 minutes                                             ||
||                                                                            ||
|| Process BAM file 185_BXD43_SD_full.co.bam...                               ||
||    Single-end reads are included.                                          ||
||    Total alignments : 101887950                                            ||
||    Successfully assigned alignments : 4316808 (4.2%)                       ||
||    Running time : 0.10 minutes                                             ||
||                                                                            ||
|| Process BAM file 185_BXD43_SD_sub1.co.bam...                               ||
||    Single-end reads are included.                                          ||
||    Total alignments : 20000000                                             ||
||    Successfully assigned alignments : 847969 (4.2%)                        ||
||    Running time : 0.03 minutes                                             ||
||                                                                            ||
|| Process BAM file 185_BXD43_SD_sub2.co.bam...                               ||
||    Single-end reads are included.                                          ||
||    Total alignments : 15000000                                             ||
||    Successfully assigned alignments : 635961 (4.2%)                        ||
||    Running time : 0.02 minutes                                             ||
||                                                                            ||
|| Process BAM file 186_BXD50_CTRL_full.co.bam...                             ||
||    Single-end reads are included.                                          ||
||    Total alignments : 40263749                                             ||
||    Successfully assigned alignments : 1488600 (3.7%)                       ||
||    Running time : 0.04 minutes                                             ||
||                                                                            ||
|| Process BAM file 186_BXD50_CTRL_sub1.co.bam...                             ||
||    Single-end reads are included.                                          ||
||    Total alignments : 20000000                                             ||
||    Successfully assigned alignments : 739717 (3.7%)                        ||
||    Running time : 0.03 minutes                                             ||
||                                                                            ||
|| Process BAM file 186_BXD50_CTRL_sub2.co.bam...                             ||
||    Single-end reads are included.                                          ||
||    Total alignments : 15000000                                             ||
||    Successfully assigned alignments : 553472 (3.7%)                        ||
||    Running time : 0.03 minutes                                             ||
||                                                                            ||
|| Process BAM file 187_BXD50_SD_full.co.bam...                               ||
||    Single-end reads are included.                                          ||
||    Total alignments : 55794297                                             ||
||    Successfully assigned alignments : 3042923 (5.5%)                       ||
||    Running time : 0.06 minutes                                             ||
||                                                                            ||
|| Process BAM file 187_BXD50_SD_sub1.co.bam...                               ||
||    Single-end reads are included.                                          ||
||    Total alignments : 20000000                                             ||
||    Successfully assigned alignments : 1090558 (5.5%)                       ||
||    Running time : 0.03 minutes                                             ||
||                                                                            ||
|| Process BAM file 187_BXD50_SD_sub2.co.bam...                               ||
||    Single-end reads are included.                                          ||
||    Total alignments : 15000000                                             ||
||    Successfully assigned alignments : 817143 (5.4%)                        ||
||    Running time : 0.02 minutes                                             ||
||                                                                            ||
|| Process BAM file 188_BXD65_CTRL_full.co.bam...                             ||
||    Single-end reads are included.                                          ||
||    Total alignments : 44960971                                             ||
||    Successfully assigned alignments : 2371471 (5.3%)                       ||
||    Running time : 0.05 minutes                                             ||
||                                                                            ||
|| Process BAM file 188_BXD65_CTRL_sub1.co.bam...                             ||
||    Single-end reads are included.                                          ||
||    Total alignments : 20000000                                             ||
||    Successfully assigned alignments : 1053700 (5.3%)                       ||
||    Running time : 0.03 minutes                                             ||
||                                                                            ||
|| Process BAM file 188_BXD65_CTRL_sub2.co.bam...                             ||
||    Single-end reads are included.                                          ||
||    Total alignments : 15000000                                             ||
||    Successfully assigned alignments : 790307 (5.3%)                        ||
||    Running time : 0.02 minutes                                             ||
||                                                                            ||
|| Process BAM file 189_BXD65_SD_full.co.bam...                               ||
||    Single-end reads are included.                                          ||
||    Total alignments : 48176095                                             ||
||    Successfully assigned alignments : 2183275 (4.5%)                       ||
||    Running time : 0.05 minutes                                             ||
||                                                                            ||
|| Process BAM file 189_BXD65_SD_sub1.co.bam...                               ||
||    Single-end reads are included.                                          ||
||    Total alignments : 20000000                                             ||
||    Successfully assigned alignments : 906169 (4.5%)                        ||
||    Running time : 0.03 minutes                                             ||
||                                                                            ||
|| Process BAM file 189_BXD65_SD_sub2.co.bam...                               ||
||    Single-end reads are included.                                          ||
||    Total alignments : 15000000                                             ||
||    Successfully assigned alignments : 678819 (4.5%)                        ||
||    Running time : 0.02 minutes                                             ||
||                                                                            ||
|| Process BAM file 190_65a_CTRL_full.co.bam...                               ||
||    Single-end reads are included.                                          ||
||    Total alignments : 49412201                                             ||
||    Successfully assigned alignments : 1397281 (2.8%)                       ||
||    Running time : 0.06 minutes                                             ||
||                                                                            ||
|| Process BAM file 190_65a_CTRL_sub1.co.bam...                               ||
||    Single-end reads are included.                                          ||
||    Total alignments : 20000000                                             ||
||    Successfully assigned alignments : 565901 (2.8%)                        ||
||    Running time : 0.03 minutes                                             ||
||                                                                            ||
|| Process BAM file 190_65a_CTRL_sub2.co.bam...                               ||
||    Single-end reads are included.                                          ||
||    Total alignments : 15000000                                             ||
||    Successfully assigned alignments : 425447 (2.8%)                        ||
||    Running time : 0.02 minutes                                             ||
||                                                                            ||
|| Process BAM file 192_BXD98_CTRL_full.co.bam...                             ||
||    Single-end reads are included.                                          ||
||    Total alignments : 61145733                                             ||
||    Successfully assigned alignments : 2150932 (3.5%)                       ||
||    Running time : 0.06 minutes                                             ||
||                                                                            ||
|| Process BAM file 192_BXD98_CTRL_sub1.co.bam...                             ||
||    Single-end reads are included.                                          ||
||    Total alignments : 20000000                                             ||
||    Successfully assigned alignments : 704375 (3.5%)                        ||
||    Running time : 0.03 minutes                                             ||
||                                                                            ||
|| Process BAM file 192_BXD98_CTRL_sub2.co.bam...                             ||
||    Single-end reads are included.                                          ||
||    Total alignments : 15000000                                             ||
||    Successfully assigned alignments : 528153 (3.5%)                        ||
||    Running time : 0.03 minutes                                             ||
||                                                                            ||
|| Process BAM file 193_BXD98_SD_full.co.bam...                               ||
||    Single-end reads are included.                                          ||
||    Total alignments : 94157238                                             ||
||    Successfully assigned alignments : 4778967 (5.1%)                       ||
||    Running time : 0.09 minutes                                             ||
||                                                                            ||
|| Process BAM file 193_BXD98_SD_sub1.co.bam...                               ||
||    Single-end reads are included.                                          ||
||    Total alignments : 20000000                                             ||
||    Successfully assigned alignments : 1014073 (5.1%)                       ||
||    Running time : 0.03 minutes                                             ||
||                                                                            ||
|| Process BAM file 193_BXD98_SD_sub2.co.bam...                               ||
||    Single-end reads are included.                                          ||
||    Total alignments : 15000000                                             ||
||    Successfully assigned alignments : 761324 (5.1%)                        ||
||    Running time : 0.02 minutes                                             ||
||                                                                            ||
|| Process BAM file 194_BXD98_CTRL_full.co.bam...                             ||
||    Single-end reads are included.                                          ||
||    Total alignments : 80800800                                             ||
||    Successfully assigned alignments : 3316341 (4.1%)                       ||
||    Running time : 0.08 minutes                                             ||
||                                                                            ||
|| Process BAM file 194_BXD98_CTRL_sub1.co.bam...                             ||
||    Single-end reads are included.                                          ||
||    Total alignments : 20000000                                             ||
||    Successfully assigned alignments : 820550 (4.1%)                        ||
||    Running time : 0.03 minutes                                             ||
||                                                                            ||
|| Process BAM file 194_BXD98_CTRL_sub2.co.bam...                             ||
||    Single-end reads are included.                                          ||
||    Total alignments : 15000000                                             ||
||    Successfully assigned alignments : 616031 (4.1%)                        ||
||    Running time : 0.02 minutes                                             ||
||                                                                            ||
|| Process BAM file 195_BXD98_SD_full.co.bam...                               ||
||    Single-end reads are included.                                          ||
||    Total alignments : 45359989                                             ||
||    Successfully assigned alignments : 1896378 (4.2%)                       ||
||    Running time : 0.05 minutes                                             ||
||                                                                            ||
|| Process BAM file 195_BXD98_SD_sub1.co.bam...                               ||
||    Single-end reads are included.                                          ||
||    Total alignments : 20000000                                             ||
||    Successfully assigned alignments : 836256 (4.2%)                        ||
||    Running time : 0.03 minutes                                             ||
||                                                                            ||
|| Process BAM file 195_BXD98_SD_sub2.co.bam...                               ||
||    Single-end reads are included.                                          ||
||    Total alignments : 15000000                                             ||
||    Successfully assigned alignments : 627854 (4.2%)                        ||
||    Running time : 0.02 minutes                                             ||
||                                                                            ||
|| Process BAM file 196_BXD100_CTRL_full.co.bam...                            ||
||    Single-end reads are included.                                          ||
||    Total alignments : 52205737                                             ||
||    Successfully assigned alignments : 1639170 (3.1%)                       ||
||    Running time : 0.06 minutes                                             ||
||                                                                            ||
|| Process BAM file 196_BXD100_CTRL_sub1.co.bam...                            ||
||    Single-end reads are included.                                          ||
||    Total alignments : 20000000                                             ||
||    Successfully assigned alignments : 627912 (3.1%)                        ||
||    Running time : 0.03 minutes                                             ||
||                                                                            ||
|| Process BAM file 196_BXD100_CTRL_sub2.co.bam...                            ||
||    Single-end reads are included.                                          ||
||    Total alignments : 15000000                                             ||
||    Successfully assigned alignments : 470686 (3.1%)                        ||
||    Running time : 0.02 minutes                                             ||
||                                                                            ||
|| Process BAM file 197_BXD100_SD_full.co.bam...                              ||
||    Single-end reads are included.                                          ||
||    Total alignments : 108709144                                            ||
||    Successfully assigned alignments : 4245342 (3.9%)                       ||
||    Running time : 0.11 minutes                                             ||
||                                                                            ||
|| Process BAM file 197_BXD100_SD_sub1.co.bam...                              ||
||    Single-end reads are included.                                          ||
||    Total alignments : 20000000                                             ||
||    Successfully assigned alignments : 782070 (3.9%)                        ||
||    Running time : 0.03 minutes                                             ||
||                                                                            ||
|| Process BAM file 197_BXD100_SD_sub2.co.bam...                              ||
||    Single-end reads are included.                                          ||
||    Total alignments : 15000000                                             ||
||    Successfully assigned alignments : 585174 (3.9%)                        ||
||    Running time : 0.02 minutes                                             ||
||                                                                            ||
|| Process BAM file 198_73b_CTRL_full.co.bam...                               ||
||    Single-end reads are included.                                          ||
||    Total alignments : 50962578                                             ||
||    Successfully assigned alignments : 1898071 (3.7%)                       ||
||    Running time : 0.06 minutes                                             ||
||                                                                            ||
|| Process BAM file 198_73b_CTRL_sub1.co.bam...                               ||
||    Single-end reads are included.                                          ||
||    Total alignments : 20000000                                             ||
||    Successfully assigned alignments : 744476 (3.7%)                        ||
||    Running time : 0.03 minutes                                             ||
||                                                                            ||
|| Process BAM file 198_73b_CTRL_sub2.co.bam...                               ||
||    Single-end reads are included.                                          ||
||    Total alignments : 15000000                                             ||
||    Successfully assigned alignments : 558549 (3.7%)                        ||
||    Running time : 0.02 minutes                                             ||
||                                                                            ||
|| Process BAM file 199_73b_SD_full.co.bam...                                 ||
||    Single-end reads are included.                                          ||
||    Total alignments : 45806394                                             ||
||    Successfully assigned alignments : 1468708 (3.2%)                       ||
||    Running time : 0.05 minutes                                             ||
||                                                                            ||
|| Process BAM file 199_73b_SD_sub1.co.bam...                                 ||
||    Single-end reads are included.                                          ||
||    Total alignments : 20000000                                             ||
||    Successfully assigned alignments : 641150 (3.2%)                        ||
||    Running time : 0.03 minutes                                             ||
||                                                                            ||
|| Process BAM file 199_73b_SD_sub2.co.bam...                                 ||
||    Single-end reads are included.                                          ||
||    Total alignments : 15000000                                             ||
||    Successfully assigned alignments : 481265 (3.2%)                        ||
||    Running time : 0.02 minutes                                             ||
||                                                                            ||
|| Process BAM file 200_C57Bl6_CTRL_full.co.bam...                            ||
||    Single-end reads are included.                                          ||
||    Total alignments : 49847225                                             ||
||    Successfully assigned alignments : 1719378 (3.4%)                       ||
||    Running time : 0.05 minutes                                             ||
||                                                                            ||
|| Process BAM file 200_C57Bl6_CTRL_sub1.co.bam...                            ||
||    Single-end reads are included.                                          ||
||    Total alignments : 20000000                                             ||
||    Successfully assigned alignments : 689561 (3.4%)                        ||
||    Running time : 0.03 minutes                                             ||
||                                                                            ||
|| Process BAM file 200_C57Bl6_CTRL_sub2.co.bam...                            ||
||    Single-end reads are included.                                          ||
||    Total alignments : 15000000                                             ||
||    Successfully assigned alignments : 518409 (3.5%)                        ||
||    Running time : 0.02 minutes                                             ||
||                                                                            ||
|| Process BAM file 201_C57Bl6_SD_full.co.bam...                              ||
||    Single-end reads are included.                                          ||
||    Total alignments : 36951368                                             ||
||    Successfully assigned alignments : 2140978 (5.8%)                       ||
||    Running time : 0.04 minutes                                             ||
||                                                                            ||
|| Process BAM file 201_C57Bl6_SD_sub1.co.bam...                              ||
||    Single-end reads are included.                                          ||
||    Total alignments : 20000000                                             ||
||    Successfully assigned alignments : 1158967 (5.8%)                       ||
||    Running time : 0.03 minutes                                             ||
||                                                                            ||
|| Process BAM file 201_C57Bl6_SD_sub2.co.bam...                              ||
||    Single-end reads are included.                                          ||
||    Total alignments : 15000000                                             ||
||    Successfully assigned alignments : 868853 (5.8%)                        ||
||    Running time : 0.02 minutes                                             ||
||                                                                            ||
|| Process BAM file 202_DBA_CTRL_full.co.bam...                               ||
||    Single-end reads are included.                                          ||
||    Total alignments : 39692374                                             ||
||    Successfully assigned alignments : 1724995 (4.3%)                       ||
||    Running time : 0.05 minutes                                             ||
||                                                                            ||
|| Process BAM file 202_DBA_CTRL_sub1.co.bam...                               ||
||    Single-end reads are included.                                          ||
||    Total alignments : 20000000                                             ||
||    Successfully assigned alignments : 869037 (4.3%)                        ||
||    Running time : 0.03 minutes                                             ||
||                                                                            ||
|| Process BAM file 202_DBA_CTRL_sub2.co.bam...                               ||
||    Single-end reads are included.                                          ||
||    Total alignments : 15000000                                             ||
||    Successfully assigned alignments : 651992 (4.3%)                        ||
||    Running time : 0.02 minutes                                             ||
||                                                                            ||
|| Process BAM file 203_DBA_SD_full.co.bam...                                 ||
||    Single-end reads are included.                                          ||
||    Total alignments : 57827621                                             ||
||    Successfully assigned alignments : 2473095 (4.3%)                       ||
||    Running time : 0.06 minutes                                             ||
||                                                                            ||
|| Process BAM file 203_DBA_SD_sub1.co.bam...                                 ||
||    Single-end reads are included.                                          ||
||    Total alignments : 20000000                                             ||
||    Successfully assigned alignments : 855060 (4.3%)                        ||
||    Running time : 0.03 minutes                                             ||
||                                                                            ||
|| Process BAM file 203_DBA_SD_sub2.co.bam...                                 ||
||    Single-end reads are included.                                          ||
||    Total alignments : 15000000                                             ||
||    Successfully assigned alignments : 641069 (4.3%)                        ||
||    Running time : 0.02 minutes                                             ||
||                                                                            ||
|| Process BAM file 204_BXD44_CTRL_full.co.bam...                             ||
||    Single-end reads are included.                                          ||
||    Total alignments : 43907503                                             ||
||    Successfully assigned alignments : 1608843 (3.7%)                       ||
||    Running time : 0.05 minutes                                             ||
||                                                                            ||
|| Process BAM file 204_BXD44_CTRL_sub1.co.bam...                             ||
||    Single-end reads are included.                                          ||
||    Total alignments : 20000000                                             ||
||    Successfully assigned alignments : 732905 (3.7%)                        ||
||    Running time : 0.03 minutes                                             ||
||                                                                            ||
|| Process BAM file 204_BXD44_CTRL_sub2.co.bam...                             ||
||    Single-end reads are included.                                          ||
||    Total alignments : 15000000                                             ||
||    Successfully assigned alignments : 549868 (3.7%)                        ||
||    Running time : 0.02 minutes                                             ||
||                                                                            ||
|| Process BAM file 205_BXD44_SD_full.co.bam...                               ||
||    Single-end reads are included.                                          ||
||    Total alignments : 49865198                                             ||
||    Successfully assigned alignments : 1870719 (3.8%)                       ||
||    Running time : 0.05 minutes                                             ||
||                                                                            ||
|| Process BAM file 205_BXD44_SD_sub1.co.bam...                               ||
||    Single-end reads are included.                                          ||
||    Total alignments : 20000000                                             ||
||    Successfully assigned alignments : 750855 (3.8%)                        ||
||    Running time : 0.03 minutes                                             ||
||                                                                            ||
|| Process BAM file 205_BXD44_SD_sub2.co.bam...                               ||
||    Single-end reads are included.                                          ||
||    Total alignments : 15000000                                             ||
||    Successfully assigned alignments : 563955 (3.8%)                        ||
||    Running time : 0.02 minutes                                             ||
||                                                                            ||
|| Process BAM file 206_BXD44_CTRL_full.co.bam...                             ||
||    Single-end reads are included.                                          ||
||    Total alignments : 62919762                                             ||
||    Successfully assigned alignments : 2638015 (4.2%)                       ||
||    Running time : 0.07 minutes                                             ||
||                                                                            ||
|| Process BAM file 206_BXD44_CTRL_sub1.co.bam...                             ||
||    Single-end reads are included.                                          ||
||    Total alignments : 20000000                                             ||
||    Successfully assigned alignments : 838769 (4.2%)                        ||
||    Running time : 0.03 minutes                                             ||
||                                                                            ||
|| Process BAM file 206_BXD44_CTRL_sub2.co.bam...                             ||
||    Single-end reads are included.                                          ||
||    Total alignments : 15000000                                             ||
||    Successfully assigned alignments : 629201 (4.2%)                        ||
||    Running time : 0.02 minutes                                             ||
||                                                                            ||
|| Process BAM file 207_BXD44_SD_full.co.bam...                               ||
||    Single-end reads are included.                                          ||
||    Total alignments : 61371660                                             ||
||    Successfully assigned alignments : 2653398 (4.3%)                       ||
||    Running time : 0.06 minutes                                             ||
||                                                                            ||
|| Process BAM file 207_BXD44_SD_sub1.co.bam...                               ||
||    Single-end reads are included.                                          ||
||    Total alignments : 20000000                                             ||
||    Successfully assigned alignments : 865082 (4.3%)                        ||
||    Running time : 0.03 minutes                                             ||
||                                                                            ||
|| Process BAM file 207_BXD44_SD_sub2.co.bam...                               ||
||    Single-end reads are included.                                          ||
||    Total alignments : 15000000                                             ||
||    Successfully assigned alignments : 649100 (4.3%)                        ||
||    Running time : 0.02 minutes                                             ||
||                                                                            ||
|| Process BAM file 208_BXD44_CTRL_full.co.bam...                             ||
||    Single-end reads are included.                                          ||
||    Total alignments : 57247924                                             ||
||    Successfully assigned alignments : 2592100 (4.5%)                       ||
||    Running time : 0.06 minutes                                             ||
||                                                                            ||
|| Process BAM file 208_BXD44_CTRL_sub1.co.bam...                             ||
||    Single-end reads are included.                                          ||
||    Total alignments : 20000000                                             ||
||    Successfully assigned alignments : 905175 (4.5%)                        ||
||    Running time : 0.03 minutes                                             ||
||                                                                            ||
|| Process BAM file 208_BXD44_CTRL_sub2.co.bam...                             ||
||    Single-end reads are included.                                          ||
||    Total alignments : 15000000                                             ||
||    Successfully assigned alignments : 679645 (4.5%)                        ||
||    Running time : 0.02 minutes                                             ||
||                                                                            ||
|| Process BAM file 209_BXD44_SD_full.co.bam...                               ||
||    Single-end reads are included.                                          ||
||    Total alignments : 49777641                                             ||
||    Successfully assigned alignments : 1935357 (3.9%)                       ||
||    Running time : 0.05 minutes                                             ||
||                                                                            ||
|| Process BAM file 209_BXD44_SD_sub1.co.bam...                               ||
||    Single-end reads are included.                                          ||
||    Total alignments : 20000000                                             ||
||    Successfully assigned alignments : 778126 (3.9%)                        ||
||    Running time : 0.03 minutes                                             ||
||                                                                            ||
|| Process BAM file 209_BXD44_SD_sub2.co.bam...                               ||
||    Single-end reads are included.                                          ||
||    Total alignments : 15000000                                             ||
||    Successfully assigned alignments : 583883 (3.9%)                        ||
||    Running time : 0.02 minutes                                             ||
||                                                                            ||
|| Process BAM file 210_BXD79_CTRL_full.co.bam...                             ||
||    Single-end reads are included.                                          ||
||    Total alignments : 50355147                                             ||
||    Successfully assigned alignments : 2184796 (4.3%)                       ||
||    Running time : 0.06 minutes                                             ||
||                                                                            ||
|| Process BAM file 210_BXD79_CTRL_sub1.co.bam...                             ||
||    Single-end reads are included.                                          ||
||    Total alignments : 20000000                                             ||
||    Successfully assigned alignments : 868895 (4.3%)                        ||
||    Running time : 0.03 minutes                                             ||
||                                                                            ||
|| Process BAM file 210_BXD79_CTRL_sub2.co.bam...                             ||
||    Single-end reads are included.                                          ||
||    Total alignments : 15000000                                             ||
||    Successfully assigned alignments : 651561 (4.3%)                        ||
||    Running time : 0.02 minutes                                             ||
||                                                                            ||
|| Process BAM file 211_BXD79_SD_full.co.bam...                               ||
||    Single-end reads are included.                                          ||
||    Total alignments : 55902580                                             ||
||    Successfully assigned alignments : 2113492 (3.8%)                       ||
||    Running time : 0.06 minutes                                             ||
||                                                                            ||
|| Process BAM file 211_BXD79_SD_sub1.co.bam...                               ||
||    Single-end reads are included.                                          ||
||    Total alignments : 20000000                                             ||
||    Successfully assigned alignments : 757001 (3.8%)                        ||
||    Running time : 0.03 minutes                                             ||
||                                                                            ||
|| Process BAM file 211_BXD79_SD_sub2.co.bam...                               ||
||    Single-end reads are included.                                          ||
||    Total alignments : 15000000                                             ||
||    Successfully assigned alignments : 567260 (3.8%)                        ||
||    Running time : 0.02 minutes                                             ||
||                                                                            ||
|| Process BAM file 212_BXD79_CTRL_full.co.bam...                             ||
||    Single-end reads are included.                                          ||
||    Total alignments : 45844430                                             ||
||    Successfully assigned alignments : 1717902 (3.7%)                       ||
||    Running time : 0.05 minutes                                             ||
||                                                                            ||
|| Process BAM file 212_BXD79_CTRL_sub1.co.bam...                             ||
||    Single-end reads are included.                                          ||
||    Total alignments : 20000000                                             ||
||    Successfully assigned alignments : 750590 (3.8%)                        ||
||    Running time : 0.03 minutes                                             ||
||                                                                            ||
|| Process BAM file 212_BXD79_CTRL_sub2.co.bam...                             ||
||    Single-end reads are included.                                          ||
||    Total alignments : 15000000                                             ||
||    Successfully assigned alignments : 561540 (3.7%)                        ||
||    Running time : 0.03 minutes                                             ||
||                                                                            ||
|| Process BAM file 213_BXD79_SD_full.co.bam...                               ||
||    Single-end reads are included.                                          ||
||    Total alignments : 36603716                                             ||
||    Successfully assigned alignments : 1457888 (4.0%)                       ||
||    Running time : 0.05 minutes                                             ||
||                                                                            ||
|| Process BAM file 213_BXD79_SD_sub1.co.bam...                               ||
||    Single-end reads are included.                                          ||
||    Total alignments : 20000000                                             ||
||    Successfully assigned alignments : 796369 (4.0%)                        ||
||    Running time : 0.03 minutes                                             ||
||                                                                            ||
|| Process BAM file 213_BXD79_SD_sub2.co.bam...                               ||
||    Single-end reads are included.                                          ||
||    Total alignments : 15000000                                             ||
||    Successfully assigned alignments : 597058 (4.0%)                        ||
||    Running time : 0.02 minutes                                             ||
||                                                                            ||
|| Process BAM file 214_65a_CTRL_full.co.bam...                               ||
||    Single-end reads are included.                                          ||
||    Total alignments : 50504154                                             ||
||    Successfully assigned alignments : 1899420 (3.8%)                       ||
||    Running time : 0.06 minutes                                             ||
||                                                                            ||
|| Process BAM file 214_65a_CTRL_sub1.co.bam...                               ||
||    Single-end reads are included.                                          ||
||    Total alignments : 20000000                                             ||
||    Successfully assigned alignments : 752260 (3.8%)                        ||
||    Running time : 0.03 minutes                                             ||
||                                                                            ||
|| Process BAM file 214_65a_CTRL_sub2.co.bam...                               ||
||    Single-end reads are included.                                          ||
||    Total alignments : 15000000                                             ||
||    Successfully assigned alignments : 564480 (3.8%)                        ||
||    Running time : 0.02 minutes                                             ||
||                                                                            ||
|| Process BAM file 215_65a_SD_full.co.bam...                                 ||
||    Single-end reads are included.                                          ||
||    Total alignments : 77393387                                             ||
||    Successfully assigned alignments : 2799304 (3.6%)                       ||
||    Running time : 0.08 minutes                                             ||
||                                                                            ||
|| Process BAM file 215_65a_SD_sub1.co.bam...                                 ||
||    Single-end reads are included.                                          ||
||    Total alignments : 20000000                                             ||
||    Successfully assigned alignments : 722699 (3.6%)                        ||
||    Running time : 0.03 minutes                                             ||
||                                                                            ||
|| Process BAM file 215_65a_SD_sub2.co.bam...                                 ||
||    Single-end reads are included.                                          ||
||    Total alignments : 15000000                                             ||
||    Successfully assigned alignments : 542766 (3.6%)                        ||
||    Running time : 0.02 minutes                                             ||
||                                                                            ||
|| Process BAM file 216_C57Bl6_CTRL_full.co.bam...                            ||
||    Single-end reads are included.                                          ||
||    Total alignments : 47562979                                             ||
||    Successfully assigned alignments : 1726184 (3.6%)                       ||
||    Running time : 0.05 minutes                                             ||
||                                                                            ||
|| Process BAM file 216_C57Bl6_CTRL_sub1.co.bam...                            ||
||    Single-end reads are included.                                          ||
||    Total alignments : 20000000                                             ||
||    Successfully assigned alignments : 725734 (3.6%)                        ||
||    Running time : 0.03 minutes                                             ||
||                                                                            ||
|| Process BAM file 216_C57Bl6_CTRL_sub2.co.bam...                            ||
||    Single-end reads are included.                                          ||
||    Total alignments : 15000000                                             ||
||    Successfully assigned alignments : 544456 (3.6%)                        ||
||    Running time : 0.02 minutes                                             ||
||                                                                            ||
|| Process BAM file 217_C57Bl6_SD_full.co.bam...                              ||
||    Single-end reads are included.                                          ||
||    Total alignments : 49319826                                             ||
||    Successfully assigned alignments : 2039223 (4.1%)                       ||
||    Running time : 0.05 minutes                                             ||
||                                                                            ||
|| Process BAM file 217_C57Bl6_SD_sub1.co.bam...                              ||
||    Single-end reads are included.                                          ||
||    Total alignments : 20000000                                             ||
||    Successfully assigned alignments : 825642 (4.1%)                        ||
||    Running time : 0.03 minutes                                             ||
||                                                                            ||
|| Process BAM file 217_C57Bl6_SD_sub2.co.bam...                              ||
||    Single-end reads are included.                                          ||
||    Total alignments : 15000000                                             ||
||    Successfully assigned alignments : 620543 (4.1%)                        ||
||    Running time : 0.02 minutes                                             ||
||                                                                            ||
|| Process BAM file 218_DBA_CTRL_full.co.bam...                               ||
||    Single-end reads are included.                                          ||
||    Total alignments : 43639981                                             ||
||    Successfully assigned alignments : 1915259 (4.4%)                       ||
||    Running time : 0.05 minutes                                             ||
||                                                                            ||
|| Process BAM file 218_DBA_CTRL_sub1.co.bam...                               ||
||    Single-end reads are included.                                          ||
||    Total alignments : 20000000                                             ||
||    Successfully assigned alignments : 878329 (4.4%)                        ||
||    Running time : 0.02 minutes                                             ||
||                                                                            ||
|| Process BAM file 218_DBA_CTRL_sub2.co.bam...                               ||
||    Single-end reads are included.                                          ||
||    Total alignments : 15000000                                             ||
||    Successfully assigned alignments : 658812 (4.4%)                        ||
||    Running time : 0.02 minutes                                             ||
||                                                                            ||
|| Process BAM file 219_DBA_SD_full.co.bam...                                 ||
||    Single-end reads are included.                                          ||
||    Total alignments : 41795118                                             ||
||    Successfully assigned alignments : 1556254 (3.7%)                       ||
||    Running time : 0.05 minutes                                             ||
||                                                                            ||
|| Process BAM file 219_DBA_SD_sub1.co.bam...                                 ||
||    Single-end reads are included.                                          ||
||    Total alignments : 20000000                                             ||
||    Successfully assigned alignments : 744171 (3.7%)                        ||
||    Running time : 0.03 minutes                                             ||
||                                                                            ||
|| Process BAM file 219_DBA_SD_sub2.co.bam...                                 ||
||    Single-end reads are included.                                          ||
||    Total alignments : 15000000                                             ||
||    Successfully assigned alignments : 558944 (3.7%)                        ||
||    Running time : 0.02 minutes                                             ||
||                                                                            ||
|| Process BAM file 220_BXD71_CTRL_full.co.bam...                             ||
||    Single-end reads are included.                                          ||
||    Total alignments : 43362132                                             ||
||    Successfully assigned alignments : 1833326 (4.2%)                       ||
||    Running time : 0.04 minutes                                             ||
||                                                                            ||
|| Process BAM file 220_BXD71_CTRL_sub1.co.bam...                             ||
||    Single-end reads are included.                                          ||
||    Total alignments : 20000000                                             ||
||    Successfully assigned alignments : 846199 (4.2%)                        ||
||    Running time : 0.03 minutes                                             ||
||                                                                            ||
|| Process BAM file 220_BXD71_CTRL_sub2.co.bam...                             ||
||    Single-end reads are included.                                          ||
||    Total alignments : 15000000                                             ||
||    Successfully assigned alignments : 633918 (4.2%)                        ||
||    Running time : 0.02 minutes                                             ||
||                                                                            ||
|| Process BAM file 221_BXD71_SD_full.co.bam...                               ||
||    Single-end reads are included.                                          ||
||    Total alignments : 47112597                                             ||
||    Successfully assigned alignments : 1720412 (3.7%)                       ||
||    Running time : 0.05 minutes                                             ||
||                                                                            ||
|| Process BAM file 221_BXD71_SD_sub1.co.bam...                               ||
||    Single-end reads are included.                                          ||
||    Total alignments : 20000000                                             ||
||    Successfully assigned alignments : 729961 (3.6%)                        ||
||    Running time : 0.02 minutes                                             ||
||                                                                            ||
|| Process BAM file 221_BXD71_SD_sub2.co.bam...                               ||
||    Single-end reads are included.                                          ||
||    Total alignments : 15000000                                             ||
||    Successfully assigned alignments : 548481 (3.7%)                        ||
||    Running time : 0.02 minutes                                             ||
||                                                                            ||
|| Process BAM file 222_BXD101_CTRL_full.co.bam...                            ||
||    Single-end reads are included.                                          ||
||    Total alignments : 43657930                                             ||
||    Successfully assigned alignments : 1695316 (3.9%)                       ||
||    Running time : 0.05 minutes                                             ||
||                                                                            ||
|| Process BAM file 222_BXD101_CTRL_sub1.co.bam...                            ||
||    Single-end reads are included.                                          ||
||    Total alignments : 20000000                                             ||
||    Successfully assigned alignments : 776985 (3.9%)                        ||
||    Running time : 0.03 minutes                                             ||
||                                                                            ||
|| Process BAM file 222_BXD101_CTRL_sub2.co.bam...                            ||
||    Single-end reads are included.                                          ||
||    Total alignments : 15000000                                             ||
||    Successfully assigned alignments : 583404 (3.9%)                        ||
||    Running time : 0.02 minutes                                             ||
||                                                                            ||
|| Process BAM file 223_BXD101_SD_full.co.bam...                              ||
||    Single-end reads are included.                                          ||
||    Total alignments : 66654028                                             ||
||    Successfully assigned alignments : 2642245 (4.0%)                       ||
||    Running time : 0.07 minutes                                             ||
||                                                                            ||
|| Process BAM file 223_BXD101_SD_sub1.co.bam...                              ||
||    Single-end reads are included.                                          ||
||    Total alignments : 20000000                                             ||
||    Successfully assigned alignments : 792539 (4.0%)                        ||
||    Running time : 0.03 minutes                                             ||
||                                                                            ||
|| Process BAM file 223_BXD101_SD_sub2.co.bam...                              ||
||    Single-end reads are included.                                          ||
||    Total alignments : 15000000                                             ||
||    Successfully assigned alignments : 595445 (4.0%)                        ||
||    Running time : 0.02 minutes                                             ||
||                                                                            ||
|| Process BAM file 224_BXD71_CTRL_full.co.bam...                             ||
||    Single-end reads are included.                                          ||
||    Total alignments : 43585484                                             ||
||    Successfully assigned alignments : 1748651 (4.0%)                       ||
||    Running time : 0.05 minutes                                             ||
||                                                                            ||
|| Process BAM file 224_BXD71_CTRL_sub1.co.bam...                             ||
||    Single-end reads are included.                                          ||
||    Total alignments : 20000000                                             ||
||    Successfully assigned alignments : 803376 (4.0%)                        ||
||    Running time : 0.03 minutes                                             ||
||                                                                            ||
|| Process BAM file 224_BXD71_CTRL_sub2.co.bam...                             ||
||    Single-end reads are included.                                          ||
||    Total alignments : 15000000                                             ||
||    Successfully assigned alignments : 601747 (4.0%)                        ||
||    Running time : 0.02 minutes                                             ||
||                                                                            ||
|| Process BAM file 225_BXD71_SD_full.co.bam...                               ||
||    Single-end reads are included.                                          ||
||    Total alignments : 45694943                                             ||
||    Successfully assigned alignments : 2024181 (4.4%)                       ||
||    Running time : 0.05 minutes                                             ||
||                                                                            ||
|| Process BAM file 225_BXD71_SD_sub1.co.bam...                               ||
||    Single-end reads are included.                                          ||
||    Total alignments : 20000000                                             ||
||    Successfully assigned alignments : 885841 (4.4%)                        ||
||    Running time : 0.03 minutes                                             ||
||                                                                            ||
|| Process BAM file 225_BXD71_SD_sub2.co.bam...                               ||
||    Single-end reads are included.                                          ||
||    Total alignments : 15000000                                             ||
||    Successfully assigned alignments : 664532 (4.4%)                        ||
||    Running time : 0.02 minutes                                             ||
||                                                                            ||
|| Process BAM file 226_C57Bl6_CTRL_full.co.bam...                            ||
||    Single-end reads are included.                                          ||
||    Total alignments : 77813205                                             ||
||    Successfully assigned alignments : 3159270 (4.1%)                       ||
||    Running time : 0.08 minutes                                             ||
||                                                                            ||
|| Process BAM file 226_C57Bl6_CTRL_sub1.co.bam...                            ||
||    Single-end reads are included.                                          ||
||    Total alignments : 20000000                                             ||
||    Successfully assigned alignments : 813532 (4.1%)                        ||
||    Running time : 0.03 minutes                                             ||
||                                                                            ||
|| Process BAM file 226_C57Bl6_CTRL_sub2.co.bam...                            ||
||    Single-end reads are included.                                          ||
||    Total alignments : 15000000                                             ||
||    Successfully assigned alignments : 608344 (4.1%)                        ||
||    Running time : 0.02 minutes                                             ||
||                                                                            ||
|| Process BAM file 227_C57Bl6_SD_full.co.bam...                              ||
||    Single-end reads are included.                                          ||
||    Total alignments : 50437313                                             ||
||    Successfully assigned alignments : 2076932 (4.1%)                       ||
||    Running time : 0.06 minutes                                             ||
||                                                                            ||
|| Process BAM file 227_C57Bl6_SD_sub1.co.bam...                              ||
||    Single-end reads are included.                                          ||
||    Total alignments : 20000000                                             ||
||    Successfully assigned alignments : 825073 (4.1%)                        ||
||    Running time : 0.03 minutes                                             ||
||                                                                            ||
|| Process BAM file 227_C57Bl6_SD_sub2.co.bam...                              ||
||    Single-end reads are included.                                          ||
||    Total alignments : 15000000                                             ||
||    Successfully assigned alignments : 617020 (4.1%)                        ||
||    Running time : 0.02 minutes                                             ||
||                                                                            ||
|| Process BAM file 228_DBA_CTRL_full.co.bam...                               ||
||    Single-end reads are included.                                          ||
||    Total alignments : 66510615                                             ||
||    Successfully assigned alignments : 2908709 (4.4%)                       ||
||    Running time : 0.07 minutes                                             ||
||                                                                            ||
|| Process BAM file 228_DBA_CTRL_sub1.co.bam...                               ||
||    Single-end reads are included.                                          ||
||    Total alignments : 20000000                                             ||
||    Successfully assigned alignments : 875049 (4.4%)                        ||
||    Running time : 0.03 minutes                                             ||
||                                                                            ||
|| Process BAM file 228_DBA_CTRL_sub2.co.bam...                               ||
||    Single-end reads are included.                                          ||
||    Total alignments : 15000000                                             ||
||    Successfully assigned alignments : 656131 (4.4%)                        ||
||    Running time : 0.02 minutes                                             ||
||                                                                            ||
|| Process BAM file 229_DBA_SD_full.co.bam...                                 ||
||    Single-end reads are included.                                          ||
||    Total alignments : 74476797                                             ||
||    Successfully assigned alignments : 2887345 (3.9%)                       ||
||    Running time : 0.07 minutes                                             ||
||                                                                            ||
|| Process BAM file 229_DBA_SD_sub1.co.bam...                                 ||
||    Single-end reads are included.                                          ||
||    Total alignments : 20000000                                             ||
||    Successfully assigned alignments : 775120 (3.9%)                        ||
||    Running time : 0.03 minutes                                             ||
||                                                                            ||
|| Process BAM file 229_DBA_SD_sub2.co.bam...                                 ||
||    Single-end reads are included.                                          ||
||    Total alignments : 15000000                                             ||
||    Successfully assigned alignments : 580080 (3.9%)                        ||
||    Running time : 0.02 minutes                                             ||
||                                                                            ||
|| Write the final count table.                                               ||
|| Write the read assignment summary.                                         ||
||                                                                            ||
\\============================================================================//

R version 4.5.2 (2025-10-31)
Platform: x86_64-pc-linux-gnu
Running under: Ubuntu 22.04.5 LTS

Matrix products: default
BLAS/LAPACK: /usr/lib/x86_64-linux-gnu/openblas-pthread/libopenblasp-r0.3.20.so;  LAPACK version 3.10.0

locale:
 [1] LC_CTYPE=C.UTF-8       LC_NUMERIC=C           LC_TIME=C.UTF-8       
 [4] LC_COLLATE=C.UTF-8     LC_MONETARY=C.UTF-8    LC_MESSAGES=C.UTF-8   
 [7] LC_PAPER=C.UTF-8       LC_NAME=C              LC_ADDRESS=C          
[10] LC_TELEPHONE=C         LC_MEASUREMENT=C.UTF-8 LC_IDENTIFICATION=C   

time zone: Etc/UTC
tzcode source: system (glibc)

attached base packages:
[1] stats     graphics  grDevices utils     datasets  methods   base     

other attached packages:
[1] optparse_1.8.2  Rsubread_2.24.0

loaded via a namespace (and not attached):
[1] compiler_4.5.2 Matrix_1.7-4   grid_4.5.2     lattice_0.22-7
