
        ==========     _____ _    _ ____  _____  ______          _____  
        =====         / ____| |  | |  _ \|  __ \|  ____|   /\   |  __ \ 
          =====      | (___ | |  | | |_) | |__) | |__     /  \  | |  | |
            ====      \___ \| |  | |  _ <|  _  /|  __|   / /\ \ | |  | |
              ====    ____) | |__| | |_) | | \ \| |____ / ____ \| |__| |
        ==========   |_____/ \____/|____/|_|  \_\______/_/    \_\_____/
       Rsubread 2.24.0

//========================== featureCounts setting ===========================\\
||                                                                            ||
||             Input files : 678 BAM files                                    ||
||                                                                            ||
||                           001_BXD45_SD_full.co.bam                         ||
||                           001_BXD45_SD_sub1.co.bam                         ||
||                           001_BXD45_SD_sub2.co.bam                         ||
||                           002_BXD45_CTRL_full.co.bam                       ||
||                           002_BXD45_CTRL_sub1.co.bam                       ||
||                           002_BXD45_CTRL_sub2.co.bam                       ||
||                           003_BXD51_SD_full.co.bam                         ||
||                           003_BXD51_SD_sub1.co.bam                         ||
||                           003_BXD51_SD_sub2.co.bam                         ||
||                           004_BXD51_CTRL_full.co.bam                       ||
||                           004_BXD51_CTRL_sub1.co.bam                       ||
||                           004_BXD51_CTRL_sub2.co.bam                       ||
||                           005_BXD55_SD_full.co.bam                         ||
||                           005_BXD55_SD_sub1.co.bam                         ||
||                           005_BXD55_SD_sub2.co.bam                         ||
||                           006_BXD55_CTRL_full.co.bam                       ||
||                           006_BXD55_CTRL_sub1.co.bam                       ||
||                           006_BXD55_CTRL_sub2.co.bam                       ||
||                           007_BXD56_SD_full.co.bam                         ||
||                           007_BXD56_SD_sub1.co.bam                         ||
||                           007_BXD56_SD_sub2.co.bam                         ||
||                           008_BXD56_CTRL_full.co.bam                       ||
||                           008_BXD56_CTRL_sub1.co.bam                       ||
||                           008_BXD56_CTRL_sub2.co.bam                       ||
||                           009_BXD61_SD_full.co.bam                         ||
||                           009_BXD61_SD_sub1.co.bam                         ||
||                           009_BXD61_SD_sub2.co.bam                         ||
||                           010_BXD61_CTRL_full.co.bam                       ||
||                           010_BXD61_CTRL_sub1.co.bam                       ||
||                           010_BXD61_CTRL_sub2.co.bam                       ||
||                           011_BXD66_SD_full.co.bam                         ||
||                           011_BXD66_SD_sub1.co.bam                         ||
||                           011_BXD66_SD_sub2.co.bam                         ||
||                           012_BXD66_CTRL_full.co.bam                       ||
||                           012_BXD66_CTRL_sub1.co.bam                       ||
||                           012_BXD66_CTRL_sub2.co.bam                       ||
||                           013_BXD67_SD_full.co.bam                         ||
||                           013_BXD67_SD_sub1.co.bam                         ||
||                           013_BXD67_SD_sub2.co.bam                         ||
||                           014_BXD67_CTRL_full.co.bam                       ||
||                           014_BXD67_CTRL_sub1.co.bam                       ||
||                           014_BXD67_CTRL_sub2.co.bam                       ||
||                           015_BXD70_SD_full.co.bam                         ||
||                           015_BXD70_SD_sub1.co.bam                         ||
||                           015_BXD70_SD_sub2.co.bam                         ||
||                           016_BXD70_CTRL_full.co.bam                       ||
||                           016_BXD70_CTRL_sub1.co.bam                       ||
||                           016_BXD70_CTRL_sub2.co.bam                       ||
||                           017_BXD73_SD_full.co.bam                         ||
||                           017_BXD73_SD_sub1.co.bam                         ||
||                           017_BXD73_SD_sub2.co.bam                         ||
||                           018_BXD73_CTRL_full.co.bam                       ||
||                           018_BXD73_CTRL_sub1.co.bam                       ||
||                           018_BXD73_CTRL_sub2.co.bam                       ||
||                           019_BXD75_SD_full.co.bam                         ||
||                           019_BXD75_SD_sub1.co.bam                         ||
||                           019_BXD75_SD_sub2.co.bam                         ||
||                           020_BXD75_CTRL_full.co.bam                       ||
||                           020_BXD75_CTRL_sub1.co.bam                       ||
||                           020_BXD75_CTRL_sub2.co.bam                       ||
||                           021_BXD83_SD_full.co.bam                         ||
||                           021_BXD83_SD_sub1.co.bam                         ||
||                           021_BXD83_SD_sub2.co.bam                         ||
||                           022_BXD83_CTRL_full.co.bam                       ||
||                           022_BXD83_CTRL_sub1.co.bam                       ||
||                           022_BXD83_CTRL_sub2.co.bam                       ||
||                           023_BXD84_SD_full.co.bam                         ||
||                           023_BXD84_SD_sub1.co.bam                         ||
||                           023_BXD84_SD_sub2.co.bam                         ||
||                           024_BXD84_CTRL_full.co.bam                       ||
||                           024_BXD84_CTRL_sub1.co.bam                       ||
||                           024_BXD84_CTRL_sub2.co.bam                       ||
||                           025_BXD89_SD_full.co.bam                         ||
||                           025_BXD89_SD_sub1.co.bam                         ||
||                           025_BXD89_SD_sub2.co.bam                         ||
||                           026_BXD89_CTRL_full.co.bam                       ||
||                           026_BXD89_CTRL_sub1.co.bam                       ||
||                           026_BXD89_CTRL_sub2.co.bam                       ||
||                           027_65a_SD_full.co.bam                           ||
||                           027_65a_SD_sub1.co.bam                           ||
||                           027_65a_SD_sub2.co.bam                           ||
||                           028_65a_CTRL_full.co.bam                         ||
||                           028_65a_CTRL_sub1.co.bam                         ||
||                           028_65a_CTRL_sub2.co.bam                         ||
||                           029_BXD100_SD_full.co.bam                        ||
||                           029_BXD100_SD_sub1.co.bam                        ||
||                           029_BXD100_SD_sub2.co.bam                        ||
||                           030_BXD100_CTRL_full.co.bam                      ||
||                           030_BXD100_CTRL_sub1.co.bam                      ||
||                           030_BXD100_CTRL_sub2.co.bam                      ||
||                           031_BXD101_SD_full.co.bam                        ||
||                           031_BXD101_SD_sub1.co.bam                        ||
||                           031_BXD101_SD_sub2.co.bam                        ||
||                           032_BXD101_CTRL_full.co.bam                      ||
||                           032_BXD101_CTRL_sub1.co.bam                      ||
||                           032_BXD101_CTRL_sub2.co.bam                      ||
||                           033_C57Bl6_SD_full.co.bam                        ||
||                           033_C57Bl6_SD_sub1.co.bam                        ||
||                           033_C57Bl6_SD_sub2.co.bam                        ||
||                           034_C57Bl6_CTRL_full.co.bam                      ||
||                           034_C57Bl6_CTRL_sub1.co.bam                      ||
||                           034_C57Bl6_CTRL_sub2.co.bam                      ||
||                           035_DBA_SD_full.co.bam                           ||
||                           035_DBA_SD_sub1.co.bam                           ||
||                           035_DBA_SD_sub2.co.bam                           ||
||                           036_DBA_CTRL_full.co.bam                         ||
||                           036_DBA_CTRL_sub1.co.bam                         ||
||                           036_DBA_CTRL_sub2.co.bam                         ||
||                           037_BXD48_SD_full.co.bam                         ||
||                           037_BXD48_SD_sub1.co.bam                         ||
||                           037_BXD48_SD_sub2.co.bam                         ||
||                           038_BXD49_SD_full.co.bam                         ||
||                           038_BXD49_SD_sub1.co.bam                         ||
||                           038_BXD49_SD_sub2.co.bam                         ||
||                           039_BXD48_CTRL_full.co.bam                       ||
||                           039_BXD48_CTRL_sub1.co.bam                       ||
||                           039_BXD48_CTRL_sub2.co.bam                       ||
||                           040_BXD49_CTRL_full.co.bam                       ||
||                           040_BXD49_CTRL_sub1.co.bam                       ||
||                           040_BXD49_CTRL_sub2.co.bam                       ||
||                           041_BXD50_SD_full.co.bam                         ||
||                           041_BXD50_SD_sub1.co.bam                         ||
||                           041_BXD50_SD_sub2.co.bam                         ||
||                           042_BXD50_CTRL_full.co.bam                       ||
||                           042_BXD50_CTRL_sub1.co.bam                       ||
||                           042_BXD50_CTRL_sub2.co.bam                       ||
||                           043_BXD51_SD_full.co.bam                         ||
||                           043_BXD51_SD_sub1.co.bam                         ||
||                           043_BXD51_SD_sub2.co.bam                         ||
||                           044_BXD51_CTRL_full.co.bam                       ||
||                           044_BXD51_CTRL_sub1.co.bam                       ||
||                           044_BXD51_CTRL_sub2.co.bam                       ||
||                           045_BXD56_SD_full.co.bam                         ||
||                           045_BXD56_SD_sub1.co.bam                         ||
||                           045_BXD56_SD_sub2.co.bam                         ||
||                           046_BXD56_CTRL_full.co.bam                       ||
||                           046_BXD56_CTRL_sub1.co.bam                       ||
||                           046_BXD56_CTRL_sub2.co.bam                       ||
||                           047_BXD64_SD_full.co.bam                         ||
||                           047_BXD64_SD_sub1.co.bam                         ||
||                           047_BXD64_SD_sub2.co.bam                         ||
||                           048_BXD64_CTRL_full.co.bam                       ||
||                           048_BXD64_CTRL_sub1.co.bam                       ||
||                           048_BXD64_CTRL_sub2.co.bam                       ||
||                           049_BXD65_SD_full.co.bam                         ||
||                           049_BXD65_SD_sub1.co.bam                         ||
||                           049_BXD65_SD_sub2.co.bam                         ||
||                           050_BXD65_CTRL_full.co.bam                       ||
||                           050_BXD65_CTRL_sub1.co.bam                       ||
||                           050_BXD65_CTRL_sub2.co.bam                       ||
||                           051_BXD66_SD_full.co.bam                         ||
||                           051_BXD66_SD_sub1.co.bam                         ||
||                           051_BXD66_SD_sub2.co.bam                         ||
||                           052_BXD66_CTRL_full.co.bam                       ||
||                           052_BXD66_CTRL_sub1.co.bam                       ||
||                           052_BXD66_CTRL_sub2.co.bam                       ||
||                           053_BXD71_SD_full.co.bam                         ||
||                           053_BXD71_SD_sub1.co.bam                         ||
||                           053_BXD71_SD_sub2.co.bam                         ||
||                           054_BXD71_CTRL_full.co.bam                       ||
||                           054_BXD71_CTRL_sub1.co.bam                       ||
||                           054_BXD71_CTRL_sub2.co.bam                       ||
||                           055_BXD73_SD_full.co.bam                         ||
||                           055_BXD73_SD_sub1.co.bam                         ||
||                           055_BXD73_SD_sub2.co.bam                         ||
||                           056_BXD73_CTRL_full.co.bam                       ||
||                           056_BXD73_CTRL_sub1.co.bam                       ||
||                           056_BXD73_CTRL_sub2.co.bam                       ||
||                           057_BXD75_SD_full.co.bam                         ||
||                           057_BXD75_SD_sub1.co.bam                         ||
||                           057_BXD75_SD_sub2.co.bam                         ||
||                           058_BXD75_CTRL_full.co.bam                       ||
||                           058_BXD75_CTRL_sub1.co.bam                       ||
||                           058_BXD75_CTRL_sub2.co.bam                       ||
||                           059_BXD81_SD_full.co.bam                         ||
||                           059_BXD81_SD_sub1.co.bam                         ||
||                           059_BXD81_SD_sub2.co.bam                         ||
||                           060_BXD81_CTRL_full.co.bam                       ||
||                           060_BXD81_CTRL_sub1.co.bam                       ||
||                           060_BXD81_CTRL_sub2.co.bam                       ||
||                           061_BXD90_SD_full.co.bam                         ||
||                           061_BXD90_SD_sub1.co.bam                         ||
||                           061_BXD90_SD_sub2.co.bam                         ||
||                           062_BXD90_CTRL_full.co.bam                       ||
||                           062_BXD90_CTRL_sub1.co.bam                       ||
||                           062_BXD90_CTRL_sub2.co.bam                       ||
||                           063_BXD95_SD_full.co.bam                         ||
||                           063_BXD95_SD_sub1.co.bam                         ||
||                           063_BXD95_SD_sub2.co.bam                         ||
||                           064_BXD95_CTRL_full.co.bam                       ||
||                           064_BXD95_CTRL_sub1.co.bam                       ||
||                           064_BXD95_CTRL_sub2.co.bam                       ||
||                           065_48a_SD_full.co.bam                           ||
||                           065_48a_SD_sub1.co.bam                           ||
||                           065_48a_SD_sub2.co.bam                           ||
||                           066_48a_CTRL_full.co.bam                         ||
||                           066_48a_CTRL_sub1.co.bam                         ||
||                           066_48a_CTRL_sub2.co.bam                         ||
||                           067_73b_SD_full.co.bam                           ||
||                           067_73b_SD_sub1.co.bam                           ||
||                           067_73b_SD_sub2.co.bam                           ||
||                           068_73b_CTRL_full.co.bam                         ||
||                           068_73b_CTRL_sub1.co.bam                         ||
||                           068_73b_CTRL_sub2.co.bam                         ||
||                           069_C57Bl6_SD_full.co.bam                        ||
||                           069_C57Bl6_SD_sub1.co.bam                        ||
||                           069_C57Bl6_SD_sub2.co.bam                        ||
||                           070_C57Bl6_CTRL_full.co.bam                      ||
||                           070_C57Bl6_CTRL_sub1.co.bam                      ||
||                           070_C57Bl6_CTRL_sub2.co.bam                      ||
||                           071_DBA_SD_full.co.bam                           ||
||                           071_DBA_SD_sub1.co.bam                           ||
||                           071_DBA_SD_sub2.co.bam                           ||
||                           072_DBA_CTRL_full.co.bam                         ||
||                           072_DBA_CTRL_sub1.co.bam                         ||
||                           072_DBA_CTRL_sub2.co.bam                         ||
||                           073_BXD85_SD_full.co.bam                         ||
||                           073_BXD85_SD_sub1.co.bam                         ||
||                           073_BXD85_SD_sub2.co.bam                         ||
||                           074_BXD85_CTRL_full.co.bam                       ||
||                           074_BXD85_CTRL_sub1.co.bam                       ||
||                           074_BXD85_CTRL_sub2.co.bam                       ||
||                           075_BXD43_CTRL_full.co.bam                       ||
||                           075_BXD43_CTRL_sub1.co.bam                       ||
||                           075_BXD43_CTRL_sub2.co.bam                       ||
||                           076_BXD43_SD_full.co.bam                         ||
||                           076_BXD43_SD_sub1.co.bam                         ||
||                           076_BXD43_SD_sub2.co.bam                         ||
||                           077_BXD45_CTRL_full.co.bam                       ||
||                           077_BXD45_CTRL_sub1.co.bam                       ||
||                           077_BXD45_CTRL_sub2.co.bam                       ||
||                           078_BXD45_SD_full.co.bam                         ||
||                           078_BXD45_SD_sub1.co.bam                         ||
||                           078_BXD45_SD_sub2.co.bam                         ||
||                           079_BXD49_CTRL_full.co.bam                       ||
||                           079_BXD49_CTRL_sub1.co.bam                       ||
||                           079_BXD49_CTRL_sub2.co.bam                       ||
||                           080_BXD49_SD_full.co.bam                         ||
||                           080_BXD49_SD_sub1.co.bam                         ||
||                           080_BXD49_SD_sub2.co.bam                         ||
||                           081_BXD55_CTRL_full.co.bam                       ||
||                           081_BXD55_CTRL_sub1.co.bam                       ||
||                           081_BXD55_CTRL_sub2.co.bam                       ||
||                           082_BXD55_SD_full.co.bam                         ||
||                           082_BXD55_SD_sub1.co.bam                         ||
||                           082_BXD55_SD_sub2.co.bam                         ||
||                           083_BXD56_CTRL_full.co.bam                       ||
||                           083_BXD56_CTRL_sub1.co.bam                       ||
||                           083_BXD56_CTRL_sub2.co.bam                       ||
||                           084_BXD56_SD_full.co.bam                         ||
||                           084_BXD56_SD_sub1.co.bam                         ||
||                           084_BXD56_SD_sub2.co.bam                         ||
||                           085_BXD61_CTRL_full.co.bam                       ||
||                           085_BXD61_CTRL_sub1.co.bam                       ||
||                           085_BXD61_CTRL_sub2.co.bam                       ||
||                           086_BXD61_SD_full.co.bam                         ||
||                           086_BXD61_SD_sub1.co.bam                         ||
||                           086_BXD61_SD_sub2.co.bam                         ||
||                           087_BXD66_CTRL_full.co.bam                       ||
||                           087_BXD66_CTRL_sub1.co.bam                       ||
||                           087_BXD66_CTRL_sub2.co.bam                       ||
||                           088_BXD66_SD_full.co.bam                         ||
||                           088_BXD66_SD_sub1.co.bam                         ||
||                           088_BXD66_SD_sub2.co.bam                         ||
||                           089_BXD67_CTRL_full.co.bam                       ||
||                           089_BXD67_CTRL_sub1.co.bam                       ||
||                           089_BXD67_CTRL_sub2.co.bam                       ||
||                           090_BXD67_SD_full.co.bam                         ||
||                           090_BXD67_SD_sub1.co.bam                         ||
||                           090_BXD67_SD_sub2.co.bam                         ||
||                           091_BXD70_CTRL_full.co.bam                       ||
||                           091_BXD70_CTRL_sub1.co.bam                       ||
||                           091_BXD70_CTRL_sub2.co.bam                       ||
||                           092_BXD70_SD_full.co.bam                         ||
||                           092_BXD70_SD_sub1.co.bam                         ||
||                           092_BXD70_SD_sub2.co.bam                         ||
||                           093_BXD73_CTRL_full.co.bam                       ||
||                           093_BXD73_CTRL_sub1.co.bam                       ||
||                           093_BXD73_CTRL_sub2.co.bam                       ||
||                           094_BXD73_SD_full.co.bam                         ||
||                           094_BXD73_SD_sub1.co.bam                         ||
||                           094_BXD73_SD_sub2.co.bam                         ||
||                           095_BXD75_CTRL_full.co.bam                       ||
||                           095_BXD75_CTRL_sub1.co.bam                       ||
||                           095_BXD75_CTRL_sub2.co.bam                       ||
||                           096_BXD75_SD_full.co.bam                         ||
||                           096_BXD75_SD_sub1.co.bam                         ||
||                           096_BXD75_SD_sub2.co.bam                         ||
||                           097_BXD79_CTRL_full.co.bam                       ||
||                           097_BXD79_CTRL_sub1.co.bam                       ||
||                           097_BXD79_CTRL_sub2.co.bam                       ||
||                           098_BXD79_SD_full.co.bam                         ||
||                           098_BXD79_SD_sub1.co.bam                         ||
||                           098_BXD79_SD_sub2.co.bam                         ||
||                           099_BXD83_CTRL_full.co.bam                       ||
||                           099_BXD83_CTRL_sub1.co.bam                       ||
||                           099_BXD83_CTRL_sub2.co.bam                       ||
||                           100_BXD83_SD_full.co.bam                         ||
||                           100_BXD83_SD_sub1.co.bam                         ||
||                           100_BXD83_SD_sub2.co.bam                         ||
||                           101_BXD84_CTRL_full.co.bam                       ||
||                           101_BXD84_CTRL_sub1.co.bam                       ||
||                           101_BXD84_CTRL_sub2.co.bam                       ||
||                           102_BXD84_SD_full.co.bam                         ||
||                           102_BXD84_SD_sub1.co.bam                         ||
||                           102_BXD84_SD_sub2.co.bam                         ||
||                           103_BXD90_CTRL_full.co.bam                       ||
||                           103_BXD90_CTRL_sub1.co.bam                       ||
||                           103_BXD90_CTRL_sub2.co.bam                       ||
||                           104_BXD90_SD_full.co.bam                         ||
||                           104_BXD90_SD_sub1.co.bam                         ||
||                           104_BXD90_SD_sub2.co.bam                         ||
||                           105_48a_CTRL_full.co.bam                         ||
||                           105_48a_CTRL_sub1.co.bam                         ||
||                           105_48a_CTRL_sub2.co.bam                         ||
||                           106_48a_SD_full.co.bam                           ||
||                           106_48a_SD_sub1.co.bam                           ||
||                           106_48a_SD_sub2.co.bam                           ||
||                           107_BXD100_CTRL_full.co.bam                      ||
||                           107_BXD100_CTRL_sub1.co.bam                      ||
||                           107_BXD100_CTRL_sub2.co.bam                      ||
||                           108_BXD100_SD_full.co.bam                        ||
||                           108_BXD100_SD_sub1.co.bam                        ||
||                           108_BXD100_SD_sub2.co.bam                        ||
||                           109_C57Bl6_CTRL_full.co.bam                      ||
||                           109_C57Bl6_CTRL_sub1.co.bam                      ||
||                           109_C57Bl6_CTRL_sub2.co.bam                      ||
||                           110_C57Bl6_SD_full.co.bam                        ||
||                           110_C57Bl6_SD_sub1.co.bam                        ||
||                           110_C57Bl6_SD_sub2.co.bam                        ||
||                           111_DBA_CTRL_full.co.bam                         ||
||                           111_DBA_CTRL_sub1.co.bam                         ||
||                           111_DBA_CTRL_sub2.co.bam                         ||
||                           112_DBA_CTRL_full.co.bam                         ||
||                           112_DBA_CTRL_sub1.co.bam                         ||
||                           112_DBA_CTRL_sub2.co.bam                         ||
||                           113_DBA_SD_full.co.bam                           ||
||                           113_DBA_SD_sub1.co.bam                           ||
||                           113_DBA_SD_sub2.co.bam                           ||
||                           114_BXD48_CTRL_full.co.bam                       ||
||                           114_BXD48_CTRL_sub1.co.bam                       ||
||                           114_BXD48_CTRL_sub2.co.bam                       ||
||                           115_BXD48_SD_full.co.bam                         ||
||                           115_BXD48_SD_sub1.co.bam                         ||
||                           115_BXD48_SD_sub2.co.bam                         ||
||                           116_BXD49_CTRL_full.co.bam                       ||
||                           116_BXD49_CTRL_sub1.co.bam                       ||
||                           116_BXD49_CTRL_sub2.co.bam                       ||
||                           117_BXD49_SD_full.co.bam                         ||
||                           117_BXD49_SD_sub1.co.bam                         ||
||                           117_BXD49_SD_sub2.co.bam                         ||
||                           118_BXD51_CTRL_full.co.bam                       ||
||                           118_BXD51_CTRL_sub1.co.bam                       ||
||                           118_BXD51_CTRL_sub2.co.bam                       ||
||                           119_BXD51_SD_full.co.bam                         ||
||                           119_BXD51_SD_sub1.co.bam                         ||
||                           119_BXD51_SD_sub2.co.bam                         ||
||                           120_BXD55_CTRL_full.co.bam                       ||
||                           120_BXD55_CTRL_sub1.co.bam                       ||
||                           120_BXD55_CTRL_sub2.co.bam                       ||
||                           121_BXD55_SD_full.co.bam                         ||
||                           121_BXD55_SD_sub1.co.bam                         ||
||                           121_BXD55_SD_sub2.co.bam                         ||
||                           122_BXD64_CTRL_full.co.bam                       ||
||                           122_BXD64_CTRL_sub1.co.bam                       ||
||                           122_BXD64_CTRL_sub2.co.bam                       ||
||                           123_BXD64_SD_full.co.bam                         ||
||                           123_BXD64_SD_sub1.co.bam                         ||
||                           123_BXD64_SD_sub2.co.bam                         ||
||                           124_BXD81_CTRL_full.co.bam                       ||
||                           124_BXD81_CTRL_sub1.co.bam                       ||
||                           124_BXD81_CTRL_sub2.co.bam                       ||
||                           125_BXD81_SD_full.co.bam                         ||
||                           125_BXD81_SD_sub1.co.bam                         ||
||                           125_BXD81_SD_sub2.co.bam                         ||
||                           126_BXD83_CTRL_full.co.bam                       ||
||                           126_BXD83_CTRL_sub1.co.bam                       ||
||                           126_BXD83_CTRL_sub2.co.bam                       ||
||                           127_BXD83_SD_full.co.bam                         ||
||                           127_BXD83_SD_sub1.co.bam                         ||
||                           127_BXD83_SD_sub2.co.bam                         ||
||                           128_BXD84_CTRL_full.co.bam                       ||
||                           128_BXD84_CTRL_sub1.co.bam                       ||
||                           128_BXD84_CTRL_sub2.co.bam                       ||
||                           129_BXD84_SD_full.co.bam                         ||
||                           129_BXD84_SD_sub1.co.bam                         ||
||                           129_BXD84_SD_sub2.co.bam                         ||
||                           130_BXD85_CTRL_full.co.bam                       ||
||                           130_BXD85_CTRL_sub1.co.bam                       ||
||                           130_BXD85_CTRL_sub2.co.bam                       ||
||                           131_BXD85_SD_full.co.bam                         ||
||                           131_BXD85_SD_sub1.co.bam                         ||
||                           131_BXD85_SD_sub2.co.bam                         ||
||                           132_BXD89_CTRL_full.co.bam                       ||
||                           132_BXD89_CTRL_sub1.co.bam                       ||
||                           132_BXD89_CTRL_sub2.co.bam                       ||
||                           133_BXD89_SD_full.co.bam                         ||
||                           133_BXD89_SD_sub1.co.bam                         ||
||                           133_BXD89_SD_sub2.co.bam                         ||
||                           134_BXD95_CTRL_full.co.bam                       ||
||                           134_BXD95_CTRL_sub1.co.bam                       ||
||                           134_BXD95_CTRL_sub2.co.bam                       ||
||                           135_BXD95_SD_full.co.bam                         ||
||                           135_BXD95_SD_sub1.co.bam                         ||
||                           135_BXD95_SD_sub2.co.bam                         ||
||                           136_48a_CTRL_full.co.bam                         ||
||                           136_48a_CTRL_sub1.co.bam                         ||
||                           136_48a_CTRL_sub2.co.bam                         ||
||                           137_48a_SD_full.co.bam                           ||
||                           137_48a_SD_sub1.co.bam                           ||
||                           137_48a_SD_sub2.co.bam                           ||
||                           138_65a_CTRL_full.co.bam                         ||
||                           138_65a_CTRL_sub1.co.bam                         ||
||                           138_65a_CTRL_sub2.co.bam                         ||
||                           139_65a_SD_full.co.bam                           ||
||                           139_65a_SD_sub1.co.bam                           ||
||                           139_65a_SD_sub2.co.bam                           ||
||                           140_BXD98_CTRL_full.co.bam                       ||
||                           140_BXD98_CTRL_sub1.co.bam                       ||
||                           140_BXD98_CTRL_sub2.co.bam                       ||
||                           141_BXD98_SD_full.co.bam                         ||
||                           141_BXD98_SD_sub1.co.bam                         ||
||                           141_BXD98_SD_sub2.co.bam                         ||
||                           142_BXD101_CTRL_full.co.bam                      ||
||                           142_BXD101_CTRL_sub1.co.bam                      ||
||                           142_BXD101_CTRL_sub2.co.bam                      ||
||                           143_BXD101_SD_full.co.bam                        ||
||                           143_BXD101_SD_sub1.co.bam                        ||
||                           143_BXD101_SD_sub2.co.bam                        ||
||                           144_73b_CTRL_full.co.bam                         ||
||                           144_73b_CTRL_sub1.co.bam                         ||
||                           144_73b_CTRL_sub2.co.bam                         ||
||                           145_73b_SD_full.co.bam                           ||
||                           145_73b_SD_sub1.co.bam                           ||
||                           145_73b_SD_sub2.co.bam                           ||
||                           146_C57Bl6_CTRL_full.co.bam                      ||
||                           146_C57Bl6_CTRL_sub1.co.bam                      ||
||                           146_C57Bl6_CTRL_sub2.co.bam                      ||
||                           147_C57Bl6_SD_full.co.bam                        ||
||                           147_C57Bl6_SD_sub1.co.bam                        ||
||                           147_C57Bl6_SD_sub2.co.bam                        ||
||                           148_BXD43_CTRL_full.co.bam                       ||
||                           148_BXD43_CTRL_sub1.co.bam                       ||
||                           148_BXD43_CTRL_sub2.co.bam                       ||
||                           149_BXD43_SD_full.co.bam                         ||
||                           149_BXD43_SD_sub1.co.bam                         ||
||                           149_BXD43_SD_sub2.co.bam                         ||
||                           150_BXD45_CTRL_full.co.bam                       ||
||                           150_BXD45_CTRL_sub1.co.bam                       ||
||                           150_BXD45_CTRL_sub2.co.bam                       ||
||                           151_BXD45_SD_full.co.bam                         ||
||                           151_BXD45_SD_sub1.co.bam                         ||
||                           151_BXD45_SD_sub2.co.bam                         ||
||                           152_BXD48_CTRL_full.co.bam                       ||
||                           152_BXD48_CTRL_sub1.co.bam                       ||
||                           152_BXD48_CTRL_sub2.co.bam                       ||
||                           153_BXD48_SD_full.co.bam                         ||
||                           153_BXD48_SD_sub1.co.bam                         ||
||                           153_BXD48_SD_sub2.co.bam                         ||
||                           154_BXD50_CTRL_full.co.bam                       ||
||                           154_BXD50_CTRL_sub1.co.bam                       ||
||                           154_BXD50_CTRL_sub2.co.bam                       ||
||                           155_BXD50_SD_full.co.bam                         ||
||                           155_BXD50_SD_sub1.co.bam                         ||
||                           155_BXD50_SD_sub2.co.bam                         ||
||                           156_BXD61_CTRL_full.co.bam                       ||
||                           156_BXD61_CTRL_sub1.co.bam                       ||
||                           156_BXD61_CTRL_sub2.co.bam                       ||
||                           157_BXD61_SD_full.co.bam                         ||
||                           157_BXD61_SD_sub1.co.bam                         ||
||                           157_BXD61_SD_sub2.co.bam                         ||
||                           158_BXD64_CTRL_full.co.bam                       ||
||                           158_BXD64_CTRL_sub1.co.bam                       ||
||                           158_BXD64_CTRL_sub2.co.bam                       ||
||                           159_BXD64_SD_full.co.bam                         ||
||                           159_BXD64_SD_sub1.co.bam                         ||
||                           159_BXD64_SD_sub2.co.bam                         ||
||                           160_BXD65_CTRL_full.co.bam                       ||
||                           160_BXD65_CTRL_sub1.co.bam                       ||
||                           160_BXD65_CTRL_sub2.co.bam                       ||
||                           161_BXD65_SD_full.co.bam                         ||
||                           161_BXD65_SD_sub1.co.bam                         ||
||                           161_BXD65_SD_sub2.co.bam                         ||
||                           162_BXD67_CTRL_full.co.bam                       ||
||                           162_BXD67_CTRL_sub1.co.bam                       ||
||                           162_BXD67_CTRL_sub2.co.bam                       ||
||                           163_BXD67_SD_full.co.bam                         ||
||                           163_BXD67_SD_sub1.co.bam                         ||
||                           163_BXD67_SD_sub2.co.bam                         ||
||                           164_BXD70_CTRL_full.co.bam                       ||
||                           164_BXD70_CTRL_sub1.co.bam                       ||
||                           164_BXD70_CTRL_sub2.co.bam                       ||
||                           165_BXD70_SD_full.co.bam                         ||
||                           165_BXD70_SD_sub1.co.bam                         ||
||                           165_BXD70_SD_sub2.co.bam                         ||
||                           166_BXD79_CTRL_full.co.bam                       ||
||                           166_BXD79_CTRL_sub1.co.bam                       ||
||                           166_BXD79_CTRL_sub2.co.bam                       ||
||                           167_BXD79_SD_full.co.bam                         ||
||                           167_BXD79_SD_sub1.co.bam                         ||
||                           167_BXD79_SD_sub2.co.bam                         ||
||                           168_BXD81_CTRL_full.co.bam                       ||
||                           168_BXD81_CTRL_sub1.co.bam                       ||
||                           168_BXD81_CTRL_sub2.co.bam                       ||
||                           169_BXD81_SD_full.co.bam                         ||
||                           169_BXD81_SD_sub1.co.bam                         ||
||                           169_BXD81_SD_sub2.co.bam                         ||
||                           170_BXD85_CTRL_full.co.bam                       ||
||                           170_BXD85_CTRL_sub1.co.bam                       ||
||                           170_BXD85_CTRL_sub2.co.bam                       ||
||                           171_BXD85_SD_full.co.bam                         ||
||                           171_BXD85_SD_sub1.co.bam                         ||
||                           171_BXD85_SD_sub2.co.bam                         ||
||                           174_BXD89_CTRL_full.co.bam                       ||
||                           174_BXD89_CTRL_sub1.co.bam                       ||
||                           174_BXD89_CTRL_sub2.co.bam                       ||
||                           175_BXD89_SD_full.co.bam                         ||
||                           175_BXD89_SD_sub1.co.bam                         ||
||                           175_BXD89_SD_sub2.co.bam                         ||
||                           176_BXD90_CTRL_full.co.bam                       ||
||                           176_BXD90_CTRL_sub1.co.bam                       ||
||                           176_BXD90_CTRL_sub2.co.bam                       ||
||                           177_BXD90_SD_full.co.bam                         ||
||                           177_BXD90_SD_sub1.co.bam                         ||
||                           177_BXD90_SD_sub2.co.bam                         ||
||                           178_BXD95_CTRL_full.co.bam                       ||
||                           178_BXD95_CTRL_sub1.co.bam                       ||
||                           178_BXD95_CTRL_sub2.co.bam                       ||
||                           179_BXD95_SD_full.co.bam                         ||
||                           179_BXD95_SD_sub1.co.bam                         ||
||                           179_BXD95_SD_sub2.co.bam                         ||
||                           180_C57Bl6_CTRL_full.co.bam                      ||
||                           180_C57Bl6_CTRL_sub1.co.bam                      ||
||                           180_C57Bl6_CTRL_sub2.co.bam                      ||
||                           181_C57Bl6_SD_full.co.bam                        ||
||                           181_C57Bl6_SD_sub1.co.bam                        ||
||                           181_C57Bl6_SD_sub2.co.bam                        ||
||                           182_DBA_CTRL_full.co.bam                         ||
||                           182_DBA_CTRL_sub1.co.bam                         ||
||                           182_DBA_CTRL_sub2.co.bam                         ||
||                           183_DBA_SD_full.co.bam                           ||
||                           183_DBA_SD_sub1.co.bam                           ||
||                           183_DBA_SD_sub2.co.bam                           ||
||                           184_BXD43_CTRL_full.co.bam                       ||
||                           184_BXD43_CTRL_sub1.co.bam                       ||
||                           184_BXD43_CTRL_sub2.co.bam                       ||
||                           185_BXD43_SD_full.co.bam                         ||
||                           185_BXD43_SD_sub1.co.bam                         ||
||                           185_BXD43_SD_sub2.co.bam                         ||
||                           186_BXD50_CTRL_full.co.bam                       ||
||                           186_BXD50_CTRL_sub1.co.bam                       ||
||                           186_BXD50_CTRL_sub2.co.bam                       ||
||                           187_BXD50_SD_full.co.bam                         ||
||                           187_BXD50_SD_sub1.co.bam                         ||
||                           187_BXD50_SD_sub2.co.bam                         ||
||                           188_BXD65_CTRL_full.co.bam                       ||
||                           188_BXD65_CTRL_sub1.co.bam                       ||
||                           188_BXD65_CTRL_sub2.co.bam                       ||
||                           189_BXD65_SD_full.co.bam                         ||
||                           189_BXD65_SD_sub1.co.bam                         ||
||                           189_BXD65_SD_sub2.co.bam                         ||
||                           190_65a_CTRL_full.co.bam                         ||
||                           190_65a_CTRL_sub1.co.bam                         ||
||                           190_65a_CTRL_sub2.co.bam                         ||
||                           192_BXD98_CTRL_full.co.bam                       ||
||                           192_BXD98_CTRL_sub1.co.bam                       ||
||                           192_BXD98_CTRL_sub2.co.bam                       ||
||                           193_BXD98_SD_full.co.bam                         ||
||                           193_BXD98_SD_sub1.co.bam                         ||
||                           193_BXD98_SD_sub2.co.bam                         ||
||                           194_BXD98_CTRL_full.co.bam                       ||
||                           194_BXD98_CTRL_sub1.co.bam                       ||
||                           194_BXD98_CTRL_sub2.co.bam                       ||
||                           195_BXD98_SD_full.co.bam                         ||
||                           195_BXD98_SD_sub1.co.bam                         ||
||                           195_BXD98_SD_sub2.co.bam                         ||
||                           196_BXD100_CTRL_full.co.bam                      ||
||                           196_BXD100_CTRL_sub1.co.bam                      ||
||                           196_BXD100_CTRL_sub2.co.bam                      ||
||                           197_BXD100_SD_full.co.bam                        ||
||                           197_BXD100_SD_sub1.co.bam                        ||
||                           197_BXD100_SD_sub2.co.bam                        ||
||                           198_73b_CTRL_full.co.bam                         ||
||                           198_73b_CTRL_sub1.co.bam                         ||
||                           198_73b_CTRL_sub2.co.bam                         ||
||                           199_73b_SD_full.co.bam                           ||
||                           199_73b_SD_sub1.co.bam                           ||
||                           199_73b_SD_sub2.co.bam                           ||
||                           200_C57Bl6_CTRL_full.co.bam                      ||
||                           200_C57Bl6_CTRL_sub1.co.bam                      ||
||                           200_C57Bl6_CTRL_sub2.co.bam                      ||
||                           201_C57Bl6_SD_full.co.bam                        ||
||                           201_C57Bl6_SD_sub1.co.bam                        ||
||                           201_C57Bl6_SD_sub2.co.bam                        ||
||                           202_DBA_CTRL_full.co.bam                         ||
||                           202_DBA_CTRL_sub1.co.bam                         ||
||                           202_DBA_CTRL_sub2.co.bam                         ||
||                           203_DBA_SD_full.co.bam                           ||
||                           203_DBA_SD_sub1.co.bam                           ||
||                           203_DBA_SD_sub2.co.bam                           ||
||                           204_BXD44_CTRL_full.co.bam                       ||
||                           204_BXD44_CTRL_sub1.co.bam                       ||
||                           204_BXD44_CTRL_sub2.co.bam                       ||
||                           205_BXD44_SD_full.co.bam                         ||
||                           205_BXD44_SD_sub1.co.bam                         ||
||                           205_BXD44_SD_sub2.co.bam                         ||
||                           206_BXD44_CTRL_full.co.bam                       ||
||                           206_BXD44_CTRL_sub1.co.bam                       ||
||                           206_BXD44_CTRL_sub2.co.bam                       ||
||                           207_BXD44_SD_full.co.bam                         ||
||                           207_BXD44_SD_sub1.co.bam                         ||
||                           207_BXD44_SD_sub2.co.bam                         ||
||                           208_BXD44_CTRL_full.co.bam                       ||
||                           208_BXD44_CTRL_sub1.co.bam                       ||
||                           208_BXD44_CTRL_sub2.co.bam                       ||
||                           209_BXD44_SD_full.co.bam                         ||
||                           209_BXD44_SD_sub1.co.bam                         ||
||                           209_BXD44_SD_sub2.co.bam                         ||
||                           210_BXD79_CTRL_full.co.bam                       ||
||                           210_BXD79_CTRL_sub1.co.bam                       ||
||                           210_BXD79_CTRL_sub2.co.bam                       ||
||                           211_BXD79_SD_full.co.bam                         ||
||                           211_BXD79_SD_sub1.co.bam                         ||
||                           211_BXD79_SD_sub2.co.bam                         ||
||                           212_BXD79_CTRL_full.co.bam                       ||
||                           212_BXD79_CTRL_sub1.co.bam                       ||
||                           212_BXD79_CTRL_sub2.co.bam                       ||
||                           213_BXD79_SD_full.co.bam                         ||
||                           213_BXD79_SD_sub1.co.bam                         ||
||                           213_BXD79_SD_sub2.co.bam                         ||
||                           214_65a_CTRL_full.co.bam                         ||
||                           214_65a_CTRL_sub1.co.bam                         ||
||                           214_65a_CTRL_sub2.co.bam                         ||
||                           215_65a_SD_full.co.bam                           ||
||                           215_65a_SD_sub1.co.bam                           ||
||                           215_65a_SD_sub2.co.bam                           ||
||                           216_C57Bl6_CTRL_full.co.bam                      ||
||                           216_C57Bl6_CTRL_sub1.co.bam                      ||
||                           216_C57Bl6_CTRL_sub2.co.bam                      ||
||                           217_C57Bl6_SD_full.co.bam                        ||
||                           217_C57Bl6_SD_sub1.co.bam                        ||
||                           217_C57Bl6_SD_sub2.co.bam                        ||
||                           218_DBA_CTRL_full.co.bam                         ||
||                           218_DBA_CTRL_sub1.co.bam                         ||
||                           218_DBA_CTRL_sub2.co.bam                         ||
||                           219_DBA_SD_full.co.bam                           ||
||                           219_DBA_SD_sub1.co.bam                           ||
||                           219_DBA_SD_sub2.co.bam                           ||
||                           220_BXD71_CTRL_full.co.bam                       ||
||                           220_BXD71_CTRL_sub1.co.bam                       ||
||                           220_BXD71_CTRL_sub2.co.bam                       ||
||                           221_BXD71_SD_full.co.bam                         ||
||                           221_BXD71_SD_sub1.co.bam                         ||
||                           221_BXD71_SD_sub2.co.bam                         ||
||                           222_BXD101_CTRL_full.co.bam                      ||
||                           222_BXD101_CTRL_sub1.co.bam                      ||
||                           222_BXD101_CTRL_sub2.co.bam                      ||
||                           223_BXD101_SD_full.co.bam                        ||
||                           223_BXD101_SD_sub1.co.bam                        ||
||                           223_BXD101_SD_sub2.co.bam                        ||
||                           224_BXD71_CTRL_full.co.bam                       ||
||                           224_BXD71_CTRL_sub1.co.bam                       ||
||                           224_BXD71_CTRL_sub2.co.bam                       ||
||                           225_BXD71_SD_full.co.bam                         ||
||                           225_BXD71_SD_sub1.co.bam                         ||
||                           225_BXD71_SD_sub2.co.bam                         ||
||                           226_C57Bl6_CTRL_full.co.bam                      ||
||                           226_C57Bl6_CTRL_sub1.co.bam                      ||
||                           226_C57Bl6_CTRL_sub2.co.bam                      ||
||                           227_C57Bl6_SD_full.co.bam                        ||
||                           227_C57Bl6_SD_sub1.co.bam                        ||
||                           227_C57Bl6_SD_sub2.co.bam                        ||
||                           228_DBA_CTRL_full.co.bam                         ||
||                           228_DBA_CTRL_sub1.co.bam                         ||
||                           228_DBA_CTRL_sub2.co.bam                         ||
||                           229_DBA_SD_full.co.bam                           ||
||                           229_DBA_SD_sub1.co.bam                           ||
||                           229_DBA_SD_sub2.co.bam                           ||
||                                                                            ||
||              Paired-end : no                                               ||
||        Count read pairs : no                                               ||
||              Annotation : genomic_features1.gtf (GTF)                      ||
||      Dir for temp files : .                                                ||
||                 Threads : 30                                               ||
||                   Level : feature level                                    ||
||      Multimapping reads : counted                                          ||
|| Multi-overlapping reads : counted                                          ||
||   Min overlapping bases : 1                                                ||
||                                                                            ||
\\============================================================================//

//================================= Running ==================================\\
||                                                                            ||
|| Load annotation file genomic_features1.gtf ...                             ||
||    Features : 769843                                                       ||
||    Meta-features : 769843                                                  ||
||    Chromosomes/contigs : 33                                                ||
||                                                                            ||
|| Process BAM file 001_BXD45_SD_full.co.bam...                               ||
||    Single-end reads are included.                                          ||
||    Total alignments : 59399088                                             ||
||    Successfully assigned alignments : 8193892 (13.8%)                      ||
||    Running time : 0.05 minutes                                             ||
||                                                                            ||
|| Process BAM file 001_BXD45_SD_sub1.co.bam...                               ||
||    Single-end reads are included.                                          ||
||    Total alignments : 20000000                                             ||
||    Successfully assigned alignments : 2759043 (13.8%)                      ||
||    Running time : 0.03 minutes                                             ||
||                                                                            ||
|| Process BAM file 001_BXD45_SD_sub2.co.bam...                               ||
||    Single-end reads are included.                                          ||
||    Total alignments : 15000000                                             ||
||    Successfully assigned alignments : 2069717 (13.8%)                      ||
||    Running time : 0.02 minutes                                             ||
||                                                                            ||
|| Process BAM file 002_BXD45_CTRL_full.co.bam...                             ||
||    Single-end reads are included.                                          ||
||    Total alignments : 50554522                                             ||
||    Successfully assigned alignments : 8991837 (17.8%)                      ||
||    Running time : 0.05 minutes                                             ||
||                                                                            ||
|| Process BAM file 002_BXD45_CTRL_sub1.co.bam...                             ||
||    Single-end reads are included.                                          ||
||    Total alignments : 20000000                                             ||
||    Successfully assigned alignments : 3556352 (17.8%)                      ||
||    Running time : 0.03 minutes                                             ||
||                                                                            ||
|| Process BAM file 002_BXD45_CTRL_sub2.co.bam...                             ||
||    Single-end reads are included.                                          ||
||    Total alignments : 15000000                                             ||
||    Successfully assigned alignments : 2667641 (17.8%)                      ||
||    Running time : 0.02 minutes                                             ||
||                                                                            ||
|| Process BAM file 003_BXD51_SD_full.co.bam...                               ||
||    Single-end reads are included.                                          ||
||    Total alignments : 51977435                                             ||
||    Successfully assigned alignments : 9009853 (17.3%)                      ||
||    Running time : 0.05 minutes                                             ||
||                                                                            ||
|| Process BAM file 003_BXD51_SD_sub1.co.bam...                               ||
||    Single-end reads are included.                                          ||
||    Total alignments : 20000000                                             ||
||    Successfully assigned alignments : 3464970 (17.3%)                      ||
||    Running time : 0.02 minutes                                             ||
||                                                                            ||
|| Process BAM file 003_BXD51_SD_sub2.co.bam...                               ||
||    Single-end reads are included.                                          ||
||    Total alignments : 15000000                                             ||
||    Successfully assigned alignments : 2599952 (17.3%)                      ||
||    Running time : 0.02 minutes                                             ||
||                                                                            ||
|| Process BAM file 004_BXD51_CTRL_full.co.bam...                             ||
||    Single-end reads are included.                                          ||
||    Total alignments : 50612679                                             ||
||    Successfully assigned alignments : 8485237 (16.8%)                      ||
||    Running time : 0.05 minutes                                             ||
||                                                                            ||
|| Process BAM file 004_BXD51_CTRL_sub1.co.bam...                             ||
||    Single-end reads are included.                                          ||
||    Total alignments : 20000000                                             ||
||    Successfully assigned alignments : 3350930 (16.8%)                      ||
||    Running time : 0.02 minutes                                             ||
||                                                                            ||
|| Process BAM file 004_BXD51_CTRL_sub2.co.bam...                             ||
||    Single-end reads are included.                                          ||
||    Total alignments : 15000000                                             ||
||    Successfully assigned alignments : 2513680 (16.8%)                      ||
||    Running time : 0.02 minutes                                             ||
||                                                                            ||
|| Process BAM file 005_BXD55_SD_full.co.bam...                               ||
||    Single-end reads are included.                                          ||
||    Total alignments : 61749971                                             ||
||    Successfully assigned alignments : 9973438 (16.2%)                      ||
||    Running time : 0.06 minutes                                             ||
||                                                                            ||
|| Process BAM file 005_BXD55_SD_sub1.co.bam...                               ||
||    Single-end reads are included.                                          ||
||    Total alignments : 20000000                                             ||
||    Successfully assigned alignments : 3229471 (16.1%)                      ||
||    Running time : 0.02 minutes                                             ||
||                                                                            ||
|| Process BAM file 005_BXD55_SD_sub2.co.bam...                               ||
||    Single-end reads are included.                                          ||
||    Total alignments : 15000000                                             ||
||    Successfully assigned alignments : 2421198 (16.1%)                      ||
||    Running time : 0.02 minutes                                             ||
||                                                                            ||
|| Process BAM file 006_BXD55_CTRL_full.co.bam...                             ||
||    Single-end reads are included.                                          ||
||    Total alignments : 41949944                                             ||
||    Successfully assigned alignments : 5414170 (12.9%)                      ||
||    Running time : 0.04 minutes                                             ||
||                                                                            ||
|| Process BAM file 006_BXD55_CTRL_sub1.co.bam...                             ||
||    Single-end reads are included.                                          ||
||    Total alignments : 20000000                                             ||
||    Successfully assigned alignments : 2581283 (12.9%)                      ||
||    Running time : 0.02 minutes                                             ||
||                                                                            ||
|| Process BAM file 006_BXD55_CTRL_sub2.co.bam...                             ||
||    Single-end reads are included.                                          ||
||    Total alignments : 15000000                                             ||
||    Successfully assigned alignments : 1937182 (12.9%)                      ||
||    Running time : 0.02 minutes                                             ||
||                                                                            ||
|| Process BAM file 007_BXD56_SD_full.co.bam...                               ||
||    Single-end reads are included.                                          ||
||    Total alignments : 44347223                                             ||
||    Successfully assigned alignments : 7521765 (17.0%)                      ||
||    Running time : 0.04 minutes                                             ||
||                                                                            ||
|| Process BAM file 007_BXD56_SD_sub1.co.bam...                               ||
||    Single-end reads are included.                                          ||
||    Total alignments : 20000000                                             ||
||    Successfully assigned alignments : 3389818 (16.9%)                      ||
||    Running time : 0.02 minutes                                             ||
||                                                                            ||
|| Process BAM file 007_BXD56_SD_sub2.co.bam...                               ||
||    Single-end reads are included.                                          ||
||    Total alignments : 15000000                                             ||
||    Successfully assigned alignments : 2546437 (17.0%)                      ||
||    Running time : 0.02 minutes                                             ||
||                                                                            ||
|| Process BAM file 008_BXD56_CTRL_full.co.bam...                             ||
||    Single-end reads are included.                                          ||
||    Total alignments : 69620130                                             ||
||    Successfully assigned alignments : 12299225 (17.7%)                     ||
||    Running time : 0.06 minutes                                             ||
||                                                                            ||
|| Process BAM file 008_BXD56_CTRL_sub1.co.bam...                             ||
||    Single-end reads are included.                                          ||
||    Total alignments : 20000000                                             ||
||    Successfully assigned alignments : 3536570 (17.7%)                      ||
||    Running time : 0.02 minutes                                             ||
||                                                                            ||
|| Process BAM file 008_BXD56_CTRL_sub2.co.bam...                             ||
||    Single-end reads are included.                                          ||
||    Total alignments : 15000000                                             ||
||    Successfully assigned alignments : 2651687 (17.7%)                      ||
||    Running time : 0.02 minutes                                             ||
||                                                                            ||
|| Process BAM file 009_BXD61_SD_full.co.bam...                               ||
||    Single-end reads are included.                                          ||
||    Total alignments : 47007601                                             ||
||    Successfully assigned alignments : 7741062 (16.5%)                      ||
||    Running time : 0.04 minutes                                             ||
||                                                                            ||
|| Process BAM file 009_BXD61_SD_sub1.co.bam...                               ||
||    Single-end reads are included.                                          ||
||    Total alignments : 20000000                                             ||
||    Successfully assigned alignments : 3291255 (16.5%)                      ||
||    Running time : 0.02 minutes                                             ||
||                                                                            ||
|| Process BAM file 009_BXD61_SD_sub2.co.bam...                               ||
||    Single-end reads are included.                                          ||
||    Total alignments : 15000000                                             ||
||    Successfully assigned alignments : 2469100 (16.5%)                      ||
||    Running time : 0.02 minutes                                             ||
||                                                                            ||
|| Process BAM file 010_BXD61_CTRL_full.co.bam...                             ||
||    Single-end reads are included.                                          ||
||    Total alignments : 44408999                                             ||
||    Successfully assigned alignments : 7518492 (16.9%)                      ||
||    Running time : 0.04 minutes                                             ||
||                                                                            ||
|| Process BAM file 010_BXD61_CTRL_sub1.co.bam...                             ||
||    Single-end reads are included.                                          ||
||    Total alignments : 20000000                                             ||
||    Successfully assigned alignments : 3386700 (16.9%)                      ||
||    Running time : 0.02 minutes                                             ||
||                                                                            ||
|| Process BAM file 010_BXD61_CTRL_sub2.co.bam...                             ||
||    Single-end reads are included.                                          ||
||    Total alignments : 15000000                                             ||
||    Successfully assigned alignments : 2541381 (16.9%)                      ||
||    Running time : 0.02 minutes                                             ||
||                                                                            ||
|| Process BAM file 011_BXD66_SD_full.co.bam...                               ||
||    Single-end reads are included.                                          ||
||    Total alignments : 52667645                                             ||
||    Successfully assigned alignments : 10617869 (20.2%)                     ||
||    Running time : 0.05 minutes                                             ||
||                                                                            ||
|| Process BAM file 011_BXD66_SD_sub1.co.bam...                               ||
||    Single-end reads are included.                                          ||
||    Total alignments : 20000000                                             ||
||    Successfully assigned alignments : 4032149 (20.2%)                      ||
||    Running time : 0.02 minutes                                             ||
||                                                                            ||
|| Process BAM file 011_BXD66_SD_sub2.co.bam...                               ||
||    Single-end reads are included.                                          ||
||    Total alignments : 15000000                                             ||
||    Successfully assigned alignments : 3023965 (20.2%)                      ||
||    Running time : 0.02 minutes                                             ||
||                                                                            ||
|| Process BAM file 012_BXD66_CTRL_full.co.bam...                             ||
||    Single-end reads are included.                                          ||
||    Total alignments : 53908597                                             ||
||    Successfully assigned alignments : 8711070 (16.2%)                      ||
||    Running time : 0.05 minutes                                             ||
||                                                                            ||
|| Process BAM file 012_BXD66_CTRL_sub1.co.bam...                             ||
||    Single-end reads are included.                                          ||
||    Total alignments : 20000000                                             ||
||    Successfully assigned alignments : 3233433 (16.2%)                      ||
||    Running time : 0.02 minutes                                             ||
||                                                                            ||
|| Process BAM file 012_BXD66_CTRL_sub2.co.bam...                             ||
||    Single-end reads are included.                                          ||
||    Total alignments : 15000000                                             ||
||    Successfully assigned alignments : 2424194 (16.2%)                      ||
||    Running time : 0.02 minutes                                             ||
||                                                                            ||
|| Process BAM file 013_BXD67_SD_full.co.bam...                               ||
||    Single-end reads are included.                                          ||
||    Total alignments : 50092481                                             ||
||    Successfully assigned alignments : 10320782 (20.6%)                     ||
||    Running time : 0.05 minutes                                             ||
||                                                                            ||
|| Process BAM file 013_BXD67_SD_sub1.co.bam...                               ||
||    Single-end reads are included.                                          ||
||    Total alignments : 20000000                                             ||
||    Successfully assigned alignments : 4119721 (20.6%)                      ||
||    Running time : 0.03 minutes                                             ||
||                                                                            ||
|| Process BAM file 013_BXD67_SD_sub2.co.bam...                               ||
||    Single-end reads are included.                                          ||
||    Total alignments : 15000000                                             ||
||    Successfully assigned alignments : 3089844 (20.6%)                      ||
||    Running time : 0.02 minutes                                             ||
||                                                                            ||
|| Process BAM file 014_BXD67_CTRL_full.co.bam...                             ||
||    Single-end reads are included.                                          ||
||    Total alignments : 50353101                                             ||
||    Successfully assigned alignments : 8870409 (17.6%)                      ||
||    Running time : 0.05 minutes                                             ||
||                                                                            ||
|| Process BAM file 014_BXD67_CTRL_sub1.co.bam...                             ||
||    Single-end reads are included.                                          ||
||    Total alignments : 20000000                                             ||
||    Successfully assigned alignments : 3523739 (17.6%)                      ||
||    Running time : 0.02 minutes                                             ||
||                                                                            ||
|| Process BAM file 014_BXD67_CTRL_sub2.co.bam...                             ||
||    Single-end reads are included.                                          ||
||    Total alignments : 15000000                                             ||
||    Successfully assigned alignments : 2641482 (17.6%)                      ||
||    Running time : 0.02 minutes                                             ||
||                                                                            ||
|| Process BAM file 015_BXD70_SD_full.co.bam...                               ||
||    Single-end reads are included.                                          ||
||    Total alignments : 50818111                                             ||
||    Successfully assigned alignments : 8796495 (17.3%)                      ||
||    Running time : 0.05 minutes                                             ||
||                                                                            ||
|| Process BAM file 015_BXD70_SD_sub1.co.bam...                               ||
||    Single-end reads are included.                                          ||
||    Total alignments : 20000000                                             ||
||    Successfully assigned alignments : 3460911 (17.3%)                      ||
||    Running time : 0.02 minutes                                             ||
||                                                                            ||
|| Process BAM file 015_BXD70_SD_sub2.co.bam...                               ||
||    Single-end reads are included.                                          ||
||    Total alignments : 15000000                                             ||
||    Successfully assigned alignments : 2596400 (17.3%)                      ||
||    Running time : 0.02 minutes                                             ||
||                                                                            ||
|| Process BAM file 016_BXD70_CTRL_full.co.bam...                             ||
||    Single-end reads are included.                                          ||
||    Total alignments : 50621026                                             ||
||    Successfully assigned alignments : 8426918 (16.6%)                      ||
||    Running time : 0.05 minutes                                             ||
||                                                                            ||
|| Process BAM file 016_BXD70_CTRL_sub1.co.bam...                             ||
||    Single-end reads are included.                                          ||
||    Total alignments : 20000000                                             ||
||    Successfully assigned alignments : 3329065 (16.6%)                      ||
||    Running time : 0.02 minutes                                             ||
||                                                                            ||
|| Process BAM file 016_BXD70_CTRL_sub2.co.bam...                             ||
||    Single-end reads are included.                                          ||
||    Total alignments : 15000000                                             ||
||    Successfully assigned alignments : 2497542 (16.7%)                      ||
||    Running time : 0.02 minutes                                             ||
||                                                                            ||
|| Process BAM file 017_BXD73_SD_full.co.bam...                               ||
||    Single-end reads are included.                                          ||
||    Total alignments : 47819909                                             ||
||    Successfully assigned alignments : 8675587 (18.1%)                      ||
||    Running time : 0.05 minutes                                             ||
||                                                                            ||
|| Process BAM file 017_BXD73_SD_sub1.co.bam...                               ||
||    Single-end reads are included.                                          ||
||    Total alignments : 20000000                                             ||
||    Successfully assigned alignments : 3626932 (18.1%)                      ||
||    Running time : 0.03 minutes                                             ||
||                                                                            ||
|| Process BAM file 017_BXD73_SD_sub2.co.bam...                               ||
||    Single-end reads are included.                                          ||
||    Total alignments : 15000000                                             ||
||    Successfully assigned alignments : 2721032 (18.1%)                      ||
||    Running time : 0.02 minutes                                             ||
||                                                                            ||
|| Process BAM file 018_BXD73_CTRL_full.co.bam...                             ||
||    Single-end reads are included.                                          ||
||    Total alignments : 40568487                                             ||
||    Successfully assigned alignments : 6625700 (16.3%)                      ||
||    Running time : 0.04 minutes                                             ||
||                                                                            ||
|| Process BAM file 018_BXD73_CTRL_sub1.co.bam...                             ||
||    Single-end reads are included.                                          ||
||    Total alignments : 20000000                                             ||
||    Successfully assigned alignments : 3265437 (16.3%)                      ||
||    Running time : 0.02 minutes                                             ||
||                                                                            ||
|| Process BAM file 018_BXD73_CTRL_sub2.co.bam...                             ||
||    Single-end reads are included.                                          ||
||    Total alignments : 15000000                                             ||
||    Successfully assigned alignments : 2450579 (16.3%)                      ||
||    Running time : 0.02 minutes                                             ||
||                                                                            ||
|| Process BAM file 019_BXD75_SD_full.co.bam...                               ||
||    Single-end reads are included.                                          ||
||    Total alignments : 38578132                                             ||
||    Successfully assigned alignments : 6950385 (18.0%)                      ||
||    Running time : 0.04 minutes                                             ||
||                                                                            ||
|| Process BAM file 019_BXD75_SD_sub1.co.bam...                               ||
||    Single-end reads are included.                                          ||
||    Total alignments : 20000000                                             ||
||    Successfully assigned alignments : 3601888 (18.0%)                      ||
||    Running time : 0.02 minutes                                             ||
||                                                                            ||
|| Process BAM file 019_BXD75_SD_sub2.co.bam...                               ||
||    Single-end reads are included.                                          ||
||    Total alignments : 15000000                                             ||
||    Successfully assigned alignments : 2700812 (18.0%)                      ||
||    Running time : 0.02 minutes                                             ||
||                                                                            ||
|| Process BAM file 020_BXD75_CTRL_full.co.bam...                             ||
||    Single-end reads are included.                                          ||
||    Total alignments : 30410139                                             ||
||    Successfully assigned alignments : 4663151 (15.3%)                      ||
||    Running time : 0.03 minutes                                             ||
||                                                                            ||
|| Process BAM file 020_BXD75_CTRL_sub1.co.bam...                             ||
||    Single-end reads are included.                                          ||
||    Total alignments : 20000000                                             ||
||    Successfully assigned alignments : 3066852 (15.3%)                      ||
||    Running time : 0.02 minutes                                             ||
||                                                                            ||
|| Process BAM file 020_BXD75_CTRL_sub2.co.bam...                             ||
||    Single-end reads are included.                                          ||
||    Total alignments : 15000000                                             ||
||    Successfully assigned alignments : 2300086 (15.3%)                      ||
||    Running time : 0.02 minutes                                             ||
||                                                                            ||
|| Process BAM file 021_BXD83_SD_full.co.bam...                               ||
||    Single-end reads are included.                                          ||
||    Total alignments : 41868731                                             ||
||    Successfully assigned alignments : 5576333 (13.3%)                      ||
||    Running time : 0.04 minutes                                             ||
||                                                                            ||
|| Process BAM file 021_BXD83_SD_sub1.co.bam...                               ||
||    Single-end reads are included.                                          ||
||    Total alignments : 20000000                                             ||
||    Successfully assigned alignments : 2662814 (13.3%)                      ||
||    Running time : 0.02 minutes                                             ||
||                                                                            ||
|| Process BAM file 021_BXD83_SD_sub2.co.bam...                               ||
||    Single-end reads are included.                                          ||
||    Total alignments : 15000000                                             ||
||    Successfully assigned alignments : 1997087 (13.3%)                      ||
||    Running time : 0.02 minutes                                             ||
||                                                                            ||
|| Process BAM file 022_BXD83_CTRL_full.co.bam...                             ||
||    Single-end reads are included.                                          ||
||    Total alignments : 42918864                                             ||
||    Successfully assigned alignments : 5087702 (11.9%)                      ||
||    Running time : 0.04 minutes                                             ||
||                                                                            ||
|| Process BAM file 022_BXD83_CTRL_sub1.co.bam...                             ||
||    Single-end reads are included.                                          ||
||    Total alignments : 20000000                                             ||
||    Successfully assigned alignments : 2370520 (11.9%)                      ||
||    Running time : 0.02 minutes                                             ||
||                                                                            ||
|| Process BAM file 022_BXD83_CTRL_sub2.co.bam...                             ||
||    Single-end reads are included.                                          ||
||    Total alignments : 15000000                                             ||
||    Successfully assigned alignments : 1777244 (11.8%)                      ||
||    Running time : 0.02 minutes                                             ||
||                                                                            ||
|| Process BAM file 023_BXD84_SD_full.co.bam...                               ||
||    Single-end reads are included.                                          ||
||    Total alignments : 36860800                                             ||
||    Successfully assigned alignments : 5404015 (14.7%)                      ||
||    Running time : 0.03 minutes                                             ||
||                                                                            ||
|| Process BAM file 023_BXD84_SD_sub1.co.bam...                               ||
||    Single-end reads are included.                                          ||
||    Total alignments : 20000000                                             ||
||    Successfully assigned alignments : 2931374 (14.7%)                      ||
||    Running time : 0.02 minutes                                             ||
||                                                                            ||
|| Process BAM file 023_BXD84_SD_sub2.co.bam...                               ||
||    Single-end reads are included.                                          ||
||    Total alignments : 15000000                                             ||
||    Successfully assigned alignments : 2199751 (14.7%)                      ||
||    Running time : 0.02 minutes                                             ||
||                                                                            ||
|| Process BAM file 024_BXD84_CTRL_full.co.bam...                             ||
||    Single-end reads are included.                                          ||
||    Total alignments : 34204054                                             ||
||    Successfully assigned alignments : 4976619 (14.5%)                      ||
||    Running time : 0.03 minutes                                             ||
||                                                                            ||
|| Process BAM file 024_BXD84_CTRL_sub1.co.bam...                             ||
||    Single-end reads are included.                                          ||
||    Total alignments : 20000000                                             ||
||    Successfully assigned alignments : 2910534 (14.6%)                      ||
||    Running time : 0.02 minutes                                             ||
||                                                                            ||
|| Process BAM file 024_BXD84_CTRL_sub2.co.bam...                             ||
||    Single-end reads are included.                                          ||
||    Total alignments : 15000000                                             ||
||    Successfully assigned alignments : 2180834 (14.5%)                      ||
||    Running time : 0.02 minutes                                             ||
||                                                                            ||
|| Process BAM file 025_BXD89_SD_full.co.bam...                               ||
||    Single-end reads are included.                                          ||
||    Total alignments : 60237706                                             ||
||    Successfully assigned alignments : 10320374 (17.1%)                     ||
||    Running time : 0.06 minutes                                             ||
||                                                                            ||
|| Process BAM file 025_BXD89_SD_sub1.co.bam...                               ||
||    Single-end reads are included.                                          ||
||    Total alignments : 20000000                                             ||
||    Successfully assigned alignments : 3427721 (17.1%)                      ||
||    Running time : 0.02 minutes                                             ||
||                                                                            ||
|| Process BAM file 025_BXD89_SD_sub2.co.bam...                               ||
||    Single-end reads are included.                                          ||
||    Total alignments : 15000000                                             ||
||    Successfully assigned alignments : 2568417 (17.1%)                      ||
||    Running time : 0.02 minutes                                             ||
||                                                                            ||
|| Process BAM file 026_BXD89_CTRL_full.co.bam...                             ||
||    Single-end reads are included.                                          ||
||    Total alignments : 37816209                                             ||
||    Successfully assigned alignments : 6527393 (17.3%)                      ||
||    Running time : 0.04 minutes                                             ||
||                                                                            ||
|| Process BAM file 026_BXD89_CTRL_sub1.co.bam...                             ||
||    Single-end reads are included.                                          ||
||    Total alignments : 20000000                                             ||
||    Successfully assigned alignments : 3453250 (17.3%)                      ||
||    Running time : 0.02 minutes                                             ||
||                                                                            ||
|| Process BAM file 026_BXD89_CTRL_sub2.co.bam...                             ||
||    Single-end reads are included.                                          ||
||    Total alignments : 15000000                                             ||
||    Successfully assigned alignments : 2588078 (17.3%)                      ||
||    Running time : 0.02 minutes                                             ||
||                                                                            ||
|| Process BAM file 027_65a_SD_full.co.bam...                                 ||
||    Single-end reads are included.                                          ||
||    Total alignments : 42111761                                             ||
||    Successfully assigned alignments : 5021374 (11.9%)                      ||
||    Running time : 0.04 minutes                                             ||
||                                                                            ||
|| Process BAM file 027_65a_SD_sub1.co.bam...                                 ||
||    Single-end reads are included.                                          ||
||    Total alignments : 20000000                                             ||
||    Successfully assigned alignments : 2386043 (11.9%)                      ||
||    Running time : 0.02 minutes                                             ||
||                                                                            ||
|| Process BAM file 027_65a_SD_sub2.co.bam...                                 ||
||    Single-end reads are included.                                          ||
||    Total alignments : 15000000                                             ||
||    Successfully assigned alignments : 1788009 (11.9%)                      ||
||    Running time : 0.02 minutes                                             ||
||                                                                            ||
|| Process BAM file 028_65a_CTRL_full.co.bam...                               ||
||    Single-end reads are included.                                          ||
||    Total alignments : 47860238                                             ||
||    Successfully assigned alignments : 8498372 (17.8%)                      ||
||    Running time : 0.04 minutes                                             ||
||                                                                            ||
|| Process BAM file 028_65a_CTRL_sub1.co.bam...                               ||
||    Single-end reads are included.                                          ||
||    Total alignments : 20000000                                             ||
||    Successfully assigned alignments : 3550859 (17.8%)                      ||
||    Running time : 0.02 minutes                                             ||
||                                                                            ||
|| Process BAM file 028_65a_CTRL_sub2.co.bam...                               ||
||    Single-end reads are included.                                          ||
||    Total alignments : 15000000                                             ||
||    Successfully assigned alignments : 2662452 (17.7%)                      ||
||    Running time : 0.02 minutes                                             ||
||                                                                            ||
|| Process BAM file 029_BXD100_SD_full.co.bam...                              ||
||    Single-end reads are included.                                          ||
||    Total alignments : 39621388                                             ||
||    Successfully assigned alignments : 5900322 (14.9%)                      ||
||    Running time : 0.04 minutes                                             ||
||                                                                            ||
|| Process BAM file 029_BXD100_SD_sub1.co.bam...                              ||
||    Single-end reads are included.                                          ||
||    Total alignments : 20000000                                             ||
||    Successfully assigned alignments : 2977592 (14.9%)                      ||
||    Running time : 0.02 minutes                                             ||
||                                                                            ||
|| Process BAM file 029_BXD100_SD_sub2.co.bam...                              ||
||    Single-end reads are included.                                          ||
||    Total alignments : 15000000                                             ||
||    Successfully assigned alignments : 2231338 (14.9%)                      ||
||    Running time : 0.02 minutes                                             ||
||                                                                            ||
|| Process BAM file 030_BXD100_CTRL_full.co.bam...                            ||
||    Single-end reads are included.                                          ||
||    Total alignments : 41255383                                             ||
||    Successfully assigned alignments : 5539286 (13.4%)                      ||
||    Running time : 0.04 minutes                                             ||
||                                                                            ||
|| Process BAM file 030_BXD100_CTRL_sub1.co.bam...                            ||
||    Single-end reads are included.                                          ||
||    Total alignments : 20000000                                             ||
||    Successfully assigned alignments : 2684254 (13.4%)                      ||
||    Running time : 0.02 minutes                                             ||
||                                                                            ||
|| Process BAM file 030_BXD100_CTRL_sub2.co.bam...                            ||
||    Single-end reads are included.                                          ||
||    Total alignments : 15000000                                             ||
||    Successfully assigned alignments : 2013037 (13.4%)                      ||
||    Running time : 0.02 minutes                                             ||
||                                                                            ||
|| Process BAM file 031_BXD101_SD_full.co.bam...                              ||
||    Single-end reads are included.                                          ||
||    Total alignments : 38870513                                             ||
||    Successfully assigned alignments : 5620520 (14.5%)                      ||
||    Running time : 0.04 minutes                                             ||
||                                                                            ||
|| Process BAM file 031_BXD101_SD_sub1.co.bam...                              ||
||    Single-end reads are included.                                          ||
||    Total alignments : 20000000                                             ||
||    Successfully assigned alignments : 2893132 (14.5%)                      ||
||    Running time : 0.02 minutes                                             ||
||                                                                            ||
|| Process BAM file 031_BXD101_SD_sub2.co.bam...                              ||
||    Single-end reads are included.                                          ||
||    Total alignments : 15000000                                             ||
||    Successfully assigned alignments : 2168512 (14.5%)                      ||
||    Running time : 0.02 minutes                                             ||
||                                                                            ||
|| Process BAM file 032_BXD101_CTRL_full.co.bam...                            ||
||    Single-end reads are included.                                          ||
||    Total alignments : 36680683                                             ||
||    Successfully assigned alignments : 5280607 (14.4%)                      ||
||    Running time : 0.04 minutes                                             ||
||                                                                            ||
|| Process BAM file 032_BXD101_CTRL_sub1.co.bam...                            ||
||    Single-end reads are included.                                          ||
||    Total alignments : 20000000                                             ||
||    Successfully assigned alignments : 2878750 (14.4%)                      ||
||    Running time : 0.02 minutes                                             ||
||                                                                            ||
|| Process BAM file 032_BXD101_CTRL_sub2.co.bam...                            ||
||    Single-end reads are included.                                          ||
||    Total alignments : 15000000                                             ||
||    Successfully assigned alignments : 2157583 (14.4%)                      ||
||    Running time : 0.02 minutes                                             ||
||                                                                            ||
|| Process BAM file 033_C57Bl6_SD_full.co.bam...                              ||
||    Single-end reads are included.                                          ||
||    Total alignments : 37761902                                             ||
||    Successfully assigned alignments : 5810814 (15.4%)                      ||
||    Running time : 0.04 minutes                                             ||
||                                                                            ||
|| Process BAM file 033_C57Bl6_SD_sub1.co.bam...                              ||
||    Single-end reads are included.                                          ||
||    Total alignments : 20000000                                             ||
||    Successfully assigned alignments : 3098250 (15.5%)                      ||
||    Running time : 0.02 minutes                                             ||
||                                                                            ||
|| Process BAM file 033_C57Bl6_SD_sub2.co.bam...                              ||
||    Single-end reads are included.                                          ||
||    Total alignments : 15000000                                             ||
||    Successfully assigned alignments : 2312006 (15.4%)                      ||
||    Running time : 0.02 minutes                                             ||
||                                                                            ||
|| Process BAM file 034_C57Bl6_CTRL_full.co.bam...                            ||
||    Single-end reads are included.                                          ||
||    Total alignments : 40417112                                             ||
||    Successfully assigned alignments : 5751367 (14.2%)                      ||
||    Running time : 0.04 minutes                                             ||
||                                                                            ||
|| Process BAM file 034_C57Bl6_CTRL_sub1.co.bam...                            ||
||    Single-end reads are included.                                          ||
||    Total alignments : 20000000                                             ||
||    Successfully assigned alignments : 2869929 (14.3%)                      ||
||    Running time : 0.02 minutes                                             ||
||                                                                            ||
|| Process BAM file 034_C57Bl6_CTRL_sub2.co.bam...                            ||
||    Single-end reads are included.                                          ||
||    Total alignments : 15000000                                             ||
||    Successfully assigned alignments : 2134634 (14.2%)                      ||
||    Running time : 0.02 minutes                                             ||
||                                                                            ||
|| Process BAM file 035_DBA_SD_full.co.bam...                                 ||
||    Single-end reads are included.                                          ||
||    Total alignments : 42182105                                             ||
||    Successfully assigned alignments : 7101124 (16.8%)                      ||
||    Running time : 0.04 minutes                                             ||
||                                                                            ||
|| Process BAM file 035_DBA_SD_sub1.co.bam...                                 ||
||    Single-end reads are included.                                          ||
||    Total alignments : 20000000                                             ||
||    Successfully assigned alignments : 3389950 (16.9%)                      ||
||    Running time : 0.02 minutes                                             ||
||                                                                            ||
|| Process BAM file 035_DBA_SD_sub2.co.bam...                                 ||
||    Single-end reads are included.                                          ||
||    Total alignments : 15000000                                             ||
||    Successfully assigned alignments : 2524394 (16.8%)                      ||
||    Running time : 0.02 minutes                                             ||
||                                                                            ||
|| Process BAM file 036_DBA_CTRL_full.co.bam...                               ||
||    Single-end reads are included.                                          ||
||    Total alignments : 39872011                                             ||
||    Successfully assigned alignments : 5422714 (13.6%)                      ||
||    Running time : 0.04 minutes                                             ||
||                                                                            ||
|| Process BAM file 036_DBA_CTRL_sub1.co.bam...                               ||
||    Single-end reads are included.                                          ||
||    Total alignments : 20000000                                             ||
||    Successfully assigned alignments : 2742671 (13.7%)                      ||
||    Running time : 0.02 minutes                                             ||
||                                                                            ||
|| Process BAM file 036_DBA_CTRL_sub2.co.bam...                               ||
||    Single-end reads are included.                                          ||
||    Total alignments : 15000000                                             ||
||    Successfully assigned alignments : 2040370 (13.6%)                      ||
||    Running time : 0.02 minutes                                             ||
||                                                                            ||
|| Process BAM file 037_BXD48_SD_full.co.bam...                               ||
||    Single-end reads are included.                                          ||
||    Total alignments : 34981733                                             ||
||    Successfully assigned alignments : 4420792 (12.6%)                      ||
||    Running time : 0.03 minutes                                             ||
||                                                                            ||
|| Process BAM file 037_BXD48_SD_sub1.co.bam...                               ||
||    Single-end reads are included.                                          ||
||    Total alignments : 20000000                                             ||
||    Successfully assigned alignments : 2528123 (12.6%)                      ||
||    Running time : 0.02 minutes                                             ||
||                                                                            ||
|| Process BAM file 037_BXD48_SD_sub2.co.bam...                               ||
||    Single-end reads are included.                                          ||
||    Total alignments : 15000000                                             ||
||    Successfully assigned alignments : 1897460 (12.6%)                      ||
||    Running time : 0.02 minutes                                             ||
||                                                                            ||
|| Process BAM file 038_BXD49_SD_full.co.bam...                               ||
||    Single-end reads are included.                                          ||
||    Total alignments : 35185133                                             ||
||    Successfully assigned alignments : 4817030 (13.7%)                      ||
||    Running time : 0.03 minutes                                             ||
||                                                                            ||
|| Process BAM file 038_BXD49_SD_sub1.co.bam...                               ||
||    Single-end reads are included.                                          ||
||    Total alignments : 20000000                                             ||
||    Successfully assigned alignments : 2737387 (13.7%)                      ||
||    Running time : 0.02 minutes                                             ||
||                                                                            ||
|| Process BAM file 038_BXD49_SD_sub2.co.bam...                               ||
||    Single-end reads are included.                                          ||
||    Total alignments : 15000000                                             ||
||    Successfully assigned alignments : 2052683 (13.7%)                      ||
||    Running time : 0.02 minutes                                             ||
||                                                                            ||
|| Process BAM file 039_BXD48_CTRL_full.co.bam...                             ||
||    Single-end reads are included.                                          ||
||    Total alignments : 33113278                                             ||
||    Successfully assigned alignments : 5119957 (15.5%)                      ||
||    Running time : 0.03 minutes                                             ||
||                                                                            ||
|| Process BAM file 039_BXD48_CTRL_sub1.co.bam...                             ||
||    Single-end reads are included.                                          ||
||    Total alignments : 20000000                                             ||
||    Successfully assigned alignments : 3092181 (15.5%)                      ||
||    Running time : 0.02 minutes                                             ||
||                                                                            ||
|| Process BAM file 039_BXD48_CTRL_sub2.co.bam...                             ||
||    Single-end reads are included.                                          ||
||    Total alignments : 15000000                                             ||
||    Successfully assigned alignments : 2320110 (15.5%)                      ||
||    Running time : 0.02 minutes                                             ||
||                                                                            ||
|| Process BAM file 040_BXD49_CTRL_full.co.bam...                             ||
||    Single-end reads are included.                                          ||
||    Total alignments : 35659975                                             ||
||    Successfully assigned alignments : 4881674 (13.7%)                      ||
||    Running time : 0.03 minutes                                             ||
||                                                                            ||
|| Process BAM file 040_BXD49_CTRL_sub1.co.bam...                             ||
||    Single-end reads are included.                                          ||
||    Total alignments : 20000000                                             ||
||    Successfully assigned alignments : 2738171 (13.7%)                      ||
||    Running time : 0.02 minutes                                             ||
||                                                                            ||
|| Process BAM file 040_BXD49_CTRL_sub2.co.bam...                             ||
||    Single-end reads are included.                                          ||
||    Total alignments : 15000000                                             ||
||    Successfully assigned alignments : 2053919 (13.7%)                      ||
||    Running time : 0.02 minutes                                             ||
||                                                                            ||
|| Process BAM file 041_BXD50_SD_full.co.bam...                               ||
||    Single-end reads are included.                                          ||
||    Total alignments : 42111041                                             ||
||    Successfully assigned alignments : 7305977 (17.3%)                      ||
||    Running time : 0.04 minutes                                             ||
||                                                                            ||
|| Process BAM file 041_BXD50_SD_sub1.co.bam...                               ||
||    Single-end reads are included.                                          ||
||    Total alignments : 20000000                                             ||
||    Successfully assigned alignments : 3470298 (17.4%)                      ||
||    Running time : 0.02 minutes                                             ||
||                                                                            ||
|| Process BAM file 041_BXD50_SD_sub2.co.bam...                               ||
||    Single-end reads are included.                                          ||
||    Total alignments : 15000000                                             ||
||    Successfully assigned alignments : 2600317 (17.3%)                      ||
||    Running time : 0.02 minutes                                             ||
||                                                                            ||
|| Process BAM file 042_BXD50_CTRL_full.co.bam...                             ||
||    Single-end reads are included.                                          ||
||    Total alignments : 41225005                                             ||
||    Successfully assigned alignments : 6029819 (14.6%)                      ||
||    Running time : 0.04 minutes                                             ||
||                                                                            ||
|| Process BAM file 042_BXD50_CTRL_sub1.co.bam...                             ||
||    Single-end reads are included.                                          ||
||    Total alignments : 20000000                                             ||
||    Successfully assigned alignments : 2924001 (14.6%)                      ||
||    Running time : 0.02 minutes                                             ||
||                                                                            ||
|| Process BAM file 042_BXD50_CTRL_sub2.co.bam...                             ||
||    Single-end reads are included.                                          ||
||    Total alignments : 15000000                                             ||
||    Successfully assigned alignments : 2192934 (14.6%)                      ||
||    Running time : 0.02 minutes                                             ||
||                                                                            ||
|| Process BAM file 043_BXD51_SD_full.co.bam...                               ||
||    Single-end reads are included.                                          ||
||    Total alignments : 52693184                                             ||
||    Successfully assigned alignments : 9070842 (17.2%)                      ||
||    Running time : 0.05 minutes                                             ||
||                                                                            ||
|| Process BAM file 043_BXD51_SD_sub1.co.bam...                               ||
||    Single-end reads are included.                                          ||
||    Total alignments : 20000000                                             ||
||    Successfully assigned alignments : 3440279 (17.2%)                      ||
||    Running time : 0.02 minutes                                             ||
||                                                                            ||
|| Process BAM file 043_BXD51_SD_sub2.co.bam...                               ||
||    Single-end reads are included.                                          ||
||    Total alignments : 15000000                                             ||
||    Successfully assigned alignments : 2583924 (17.2%)                      ||
||    Running time : 0.02 minutes                                             ||
||                                                                            ||
|| Process BAM file 044_BXD51_CTRL_full.co.bam...                             ||
||    Single-end reads are included.                                          ||
||    Total alignments : 36413529                                             ||
||    Successfully assigned alignments : 4023601 (11.0%)                      ||
||    Running time : 0.04 minutes                                             ||
||                                                                            ||
|| Process BAM file 044_BXD51_CTRL_sub1.co.bam...                             ||
||    Single-end reads are included.                                          ||
||    Total alignments : 20000000                                             ||
||    Successfully assigned alignments : 2210280 (11.1%)                      ||
||    Running time : 0.02 minutes                                             ||
||                                                                            ||
|| Process BAM file 044_BXD51_CTRL_sub2.co.bam...                             ||
||    Single-end reads are included.                                          ||
||    Total alignments : 15000000                                             ||
||    Successfully assigned alignments : 1656545 (11.0%)                      ||
||    Running time : 0.02 minutes                                             ||
||                                                                            ||
|| Process BAM file 045_BXD56_SD_full.co.bam...                               ||
||    Single-end reads are included.                                          ||
||    Total alignments : 17358514                                             ||
||    Successfully assigned alignments : 3303356 (19.0%)                      ||
||    Running time : 0.02 minutes                                             ||
||                                                                            ||
|| Process BAM file 045_BXD56_SD_sub1.co.bam...                               ||
||    Single-end reads are included.                                          ||
||    Total alignments : 17358514                                             ||
||    Successfully assigned alignments : 3303356 (19.0%)                      ||
||    Running time : 0.02 minutes                                             ||
||                                                                            ||
|| Process BAM file 045_BXD56_SD_sub2.co.bam...                               ||
||    Single-end reads are included.                                          ||
||    Total alignments : 15000000                                             ||
||    Successfully assigned alignments : 2854794 (19.0%)                      ||
||    Running time : 0.02 minutes                                             ||
||                                                                            ||
|| Process BAM file 046_BXD56_CTRL_full.co.bam...                             ||
||    Single-end reads are included.                                          ||
||    Total alignments : 79120615                                             ||
||    Successfully assigned alignments : 12022730 (15.2%)                     ||
||    Running time : 0.07 minutes                                             ||
||                                                                            ||
|| Process BAM file 046_BXD56_CTRL_sub1.co.bam...                             ||
||    Single-end reads are included.                                          ||
||    Total alignments : 20000000                                             ||
||    Successfully assigned alignments : 3039578 (15.2%)                      ||
||    Running time : 0.02 minutes                                             ||
||                                                                            ||
|| Process BAM file 046_BXD56_CTRL_sub2.co.bam...                             ||
||    Single-end reads are included.                                          ||
||    Total alignments : 15000000                                             ||
||    Successfully assigned alignments : 2279203 (15.2%)                      ||
||    Running time : 0.02 minutes                                             ||
||                                                                            ||
|| Process BAM file 047_BXD64_SD_full.co.bam...                               ||
||    Single-end reads are included.                                          ||
||    Total alignments : 41538693                                             ||
||    Successfully assigned alignments : 5585988 (13.4%)                      ||
||    Running time : 0.04 minutes                                             ||
||                                                                            ||
|| Process BAM file 047_BXD64_SD_sub1.co.bam...                               ||
||    Single-end reads are included.                                          ||
||    Total alignments : 20000000                                             ||
||    Successfully assigned alignments : 2690985 (13.5%)                      ||
||    Running time : 0.02 minutes                                             ||
||                                                                            ||
|| Process BAM file 047_BXD64_SD_sub2.co.bam...                               ||
||    Single-end reads are included.                                          ||
||    Total alignments : 15000000                                             ||
||    Successfully assigned alignments : 2017143 (13.4%)                      ||
||    Running time : 0.02 minutes                                             ||
||                                                                            ||
|| Process BAM file 048_BXD64_CTRL_full.co.bam...                             ||
||    Single-end reads are included.                                          ||
||    Total alignments : 42591652                                             ||
||    Successfully assigned alignments : 6282607 (14.8%)                      ||
||    Running time : 0.04 minutes                                             ||
||                                                                            ||
|| Process BAM file 048_BXD64_CTRL_sub1.co.bam...                             ||
||    Single-end reads are included.                                          ||
||    Total alignments : 20000000                                             ||
||    Successfully assigned alignments : 2949076 (14.7%)                      ||
||    Running time : 0.02 minutes                                             ||
||                                                                            ||
|| Process BAM file 048_BXD64_CTRL_sub2.co.bam...                             ||
||    Single-end reads are included.                                          ||
||    Total alignments : 15000000                                             ||
||    Successfully assigned alignments : 2210910 (14.7%)                      ||
||    Running time : 0.02 minutes                                             ||
||                                                                            ||
|| Process BAM file 049_BXD65_SD_full.co.bam...                               ||
||    Single-end reads are included.                                          ||
||    Total alignments : 39631627                                             ||
||    Successfully assigned alignments : 6269762 (15.8%)                      ||
||    Running time : 0.04 minutes                                             ||
||                                                                            ||
|| Process BAM file 049_BXD65_SD_sub1.co.bam...                               ||
||    Single-end reads are included.                                          ||
||    Total alignments : 20000000                                             ||
||    Successfully assigned alignments : 3163004 (15.8%)                      ||
||    Running time : 0.02 minutes                                             ||
||                                                                            ||
|| Process BAM file 049_BXD65_SD_sub2.co.bam...                               ||
||    Single-end reads are included.                                          ||
||    Total alignments : 15000000                                             ||
||    Successfully assigned alignments : 2374261 (15.8%)                      ||
||    Running time : 0.02 minutes                                             ||
||                                                                            ||
|| Process BAM file 050_BXD65_CTRL_full.co.bam...                             ||
||    Single-end reads are included.                                          ||
||    Total alignments : 37949239                                             ||
||    Successfully assigned alignments : 5171976 (13.6%)                      ||
||    Running time : 0.04 minutes                                             ||
||                                                                            ||
|| Process BAM file 050_BXD65_CTRL_sub1.co.bam...                             ||
||    Single-end reads are included.                                          ||
||    Total alignments : 20000000                                             ||
||    Successfully assigned alignments : 2725211 (13.6%)                      ||
||    Running time : 0.02 minutes                                             ||
||                                                                            ||
|| Process BAM file 050_BXD65_CTRL_sub2.co.bam...                             ||
||    Single-end reads are included.                                          ||
||    Total alignments : 15000000                                             ||
||    Successfully assigned alignments : 2044421 (13.6%)                      ||
||    Running time : 0.02 minutes                                             ||
||                                                                            ||
|| Process BAM file 051_BXD66_SD_full.co.bam...                               ||
||    Single-end reads are included.                                          ||
||    Total alignments : 44809108                                             ||
||    Successfully assigned alignments : 7510507 (16.8%)                      ||
||    Running time : 0.04 minutes                                             ||
||                                                                            ||
|| Process BAM file 051_BXD66_SD_sub1.co.bam...                               ||
||    Single-end reads are included.                                          ||
||    Total alignments : 20000000                                             ||
||    Successfully assigned alignments : 3353038 (16.8%)                      ||
||    Running time : 0.02 minutes                                             ||
||                                                                            ||
|| Process BAM file 051_BXD66_SD_sub2.co.bam...                               ||
||    Single-end reads are included.                                          ||
||    Total alignments : 15000000                                             ||
||    Successfully assigned alignments : 2514167 (16.8%)                      ||
||    Running time : 0.02 minutes                                             ||
||                                                                            ||
|| Process BAM file 052_BXD66_CTRL_full.co.bam...                             ||
||    Single-end reads are included.                                          ||
||    Total alignments : 33932832                                             ||
||    Successfully assigned alignments : 5230647 (15.4%)                      ||
||    Running time : 0.03 minutes                                             ||
||                                                                            ||
|| Process BAM file 052_BXD66_CTRL_sub1.co.bam...                             ||
||    Single-end reads are included.                                          ||
||    Total alignments : 20000000                                             ||
||    Successfully assigned alignments : 3085155 (15.4%)                      ||
||    Running time : 0.02 minutes                                             ||
||                                                                            ||
|| Process BAM file 052_BXD66_CTRL_sub2.co.bam...                             ||
||    Single-end reads are included.                                          ||
||    Total alignments : 15000000                                             ||
||    Successfully assigned alignments : 2310483 (15.4%)                      ||
||    Running time : 0.02 minutes                                             ||
||                                                                            ||
|| Process BAM file 053_BXD71_SD_full.co.bam...                               ||
||    Single-end reads are included.                                          ||
||    Total alignments : 70290052                                             ||
||    Successfully assigned alignments : 12448368 (17.7%)                     ||
||    Running time : 0.06 minutes                                             ||
||                                                                            ||
|| Process BAM file 053_BXD71_SD_sub1.co.bam...                               ||
||    Single-end reads are included.                                          ||
||    Total alignments : 20000000                                             ||
||    Successfully assigned alignments : 3541942 (17.7%)                      ||
||    Running time : 0.02 minutes                                             ||
||                                                                            ||
|| Process BAM file 053_BXD71_SD_sub2.co.bam...                               ||
||    Single-end reads are included.                                          ||
||    Total alignments : 15000000                                             ||
||    Successfully assigned alignments : 2655549 (17.7%)                      ||
||    Running time : 0.02 minutes                                             ||
||                                                                            ||
|| Process BAM file 054_BXD71_CTRL_full.co.bam...                             ||
||    Single-end reads are included.                                          ||
||    Total alignments : 51810696                                             ||
||    Successfully assigned alignments : 9349025 (18.0%)                      ||
||    Running time : 0.05 minutes                                             ||
||                                                                            ||
|| Process BAM file 054_BXD71_CTRL_sub1.co.bam...                             ||
||    Single-end reads are included.                                          ||
||    Total alignments : 20000000                                             ||
||    Successfully assigned alignments : 3609076 (18.0%)                      ||
||    Running time : 0.02 minutes                                             ||
||                                                                            ||
|| Process BAM file 054_BXD71_CTRL_sub2.co.bam...                             ||
||    Single-end reads are included.                                          ||
||    Total alignments : 15000000                                             ||
||    Successfully assigned alignments : 2706935 (18.0%)                      ||
||    Running time : 0.02 minutes                                             ||
||                                                                            ||
|| Process BAM file 055_BXD73_SD_full.co.bam...                               ||
||    Single-end reads are included.                                          ||
||    Total alignments : 47227972                                             ||
||    Successfully assigned alignments : 6938372 (14.7%)                      ||
||    Running time : 0.05 minutes                                             ||
||                                                                            ||
|| Process BAM file 055_BXD73_SD_sub1.co.bam...                               ||
||    Single-end reads are included.                                          ||
||    Total alignments : 20000000                                             ||
||    Successfully assigned alignments : 2939031 (14.7%)                      ||
||    Running time : 0.03 minutes                                             ||
||                                                                            ||
|| Process BAM file 055_BXD73_SD_sub2.co.bam...                               ||
||    Single-end reads are included.                                          ||
||    Total alignments : 15000000                                             ||
||    Successfully assigned alignments : 2205555 (14.7%)                      ||
||    Running time : 0.02 minutes                                             ||
||                                                                            ||
|| Process BAM file 056_BXD73_CTRL_full.co.bam...                             ||
||    Single-end reads are included.                                          ||
||    Total alignments : 48871489                                             ||
||    Successfully assigned alignments : 7833566 (16.0%)                      ||
||    Running time : 0.05 minutes                                             ||
||                                                                            ||
|| Process BAM file 056_BXD73_CTRL_sub1.co.bam...                             ||
||    Single-end reads are included.                                          ||
||    Total alignments : 20000000                                             ||
||    Successfully assigned alignments : 3205737 (16.0%)                      ||
||    Running time : 0.02 minutes                                             ||
||                                                                            ||
|| Process BAM file 056_BXD73_CTRL_sub2.co.bam...                             ||
||    Single-end reads are included.                                          ||
||    Total alignments : 15000000                                             ||
||    Successfully assigned alignments : 2404720 (16.0%)                      ||
||    Running time : 0.02 minutes                                             ||
||                                                                            ||
|| Process BAM file 057_BXD75_SD_full.co.bam...                               ||
||    Single-end reads are included.                                          ||
||    Total alignments : 50499605                                             ||
||    Successfully assigned alignments : 10131679 (20.1%)                     ||
||    Running time : 0.05 minutes                                             ||
||                                                                            ||
|| Process BAM file 057_BXD75_SD_sub1.co.bam...                               ||
||    Single-end reads are included.                                          ||
||    Total alignments : 20000000                                             ||
||    Successfully assigned alignments : 4013126 (20.1%)                      ||
||    Running time : 0.03 minutes                                             ||
||                                                                            ||
|| Process BAM file 057_BXD75_SD_sub2.co.bam...                               ||
||    Single-end reads are included.                                          ||
||    Total alignments : 15000000                                             ||
||    Successfully assigned alignments : 3008805 (20.1%)                      ||
||    Running time : 0.02 minutes                                             ||
||                                                                            ||
|| Process BAM file 058_BXD75_CTRL_full.co.bam...                             ||
||    Single-end reads are included.                                          ||
||    Total alignments : 47896745                                             ||
||    Successfully assigned alignments : 8363657 (17.5%)                      ||
||    Running time : 0.05 minutes                                             ||
||                                                                            ||
|| Process BAM file 058_BXD75_CTRL_sub1.co.bam...                             ||
||    Single-end reads are included.                                          ||
||    Total alignments : 20000000                                             ||
||    Successfully assigned alignments : 3492998 (17.5%)                      ||
||    Running time : 0.02 minutes                                             ||
||                                                                            ||
|| Process BAM file 058_BXD75_CTRL_sub2.co.bam...                             ||
||    Single-end reads are included.                                          ||
||    Total alignments : 15000000                                             ||
||    Successfully assigned alignments : 2618725 (17.5%)                      ||
||    Running time : 0.02 minutes                                             ||
||                                                                            ||
|| Process BAM file 059_BXD81_SD_full.co.bam...                               ||
||    Single-end reads are included.                                          ||
||    Total alignments : 44160318                                             ||
||    Successfully assigned alignments : 7908527 (17.9%)                      ||
||    Running time : 0.04 minutes                                             ||
||                                                                            ||
|| Process BAM file 059_BXD81_SD_sub1.co.bam...                               ||
||    Single-end reads are included.                                          ||
||    Total alignments : 20000000                                             ||
||    Successfully assigned alignments : 3580296 (17.9%)                      ||
||    Running time : 0.02 minutes                                             ||
||                                                                            ||
|| Process BAM file 059_BXD81_SD_sub2.co.bam...                               ||
||    Single-end reads are included.                                          ||
||    Total alignments : 15000000                                             ||
||    Successfully assigned alignments : 2687846 (17.9%)                      ||
||    Running time : 0.02 minutes                                             ||
||                                                                            ||
|| Process BAM file 060_BXD81_CTRL_full.co.bam...                             ||
||    Single-end reads are included.                                          ||
||    Total alignments : 39183633                                             ||
||    Successfully assigned alignments : 6657762 (17.0%)                      ||
||    Running time : 0.04 minutes                                             ||
||                                                                            ||
|| Process BAM file 060_BXD81_CTRL_sub1.co.bam...                             ||
||    Single-end reads are included.                                          ||
||    Total alignments : 20000000                                             ||
||    Successfully assigned alignments : 3398061 (17.0%)                      ||
||    Running time : 0.02 minutes                                             ||
||                                                                            ||
|| Process BAM file 060_BXD81_CTRL_sub2.co.bam...                             ||
||    Single-end reads are included.                                          ||
||    Total alignments : 15000000                                             ||
||    Successfully assigned alignments : 2548744 (17.0%)                      ||
||    Running time : 0.02 minutes                                             ||
||                                                                            ||
|| Process BAM file 061_BXD90_SD_full.co.bam...                               ||
||    Single-end reads are included.                                          ||
||    Total alignments : 47534592                                             ||
||    Successfully assigned alignments : 7930979 (16.7%)                      ||
||    Running time : 0.05 minutes                                             ||
||                                                                            ||
|| Process BAM file 061_BXD90_SD_sub1.co.bam...                               ||
||    Single-end reads are included.                                          ||
||    Total alignments : 20000000                                             ||
||    Successfully assigned alignments : 3336826 (16.7%)                      ||
||    Running time : 0.02 minutes                                             ||
||                                                                            ||
|| Process BAM file 061_BXD90_SD_sub2.co.bam...                               ||
||    Single-end reads are included.                                          ||
||    Total alignments : 15000000                                             ||
||    Successfully assigned alignments : 2501464 (16.7%)                      ||
||    Running time : 0.02 minutes                                             ||
||                                                                            ||
|| Process BAM file 062_BXD90_CTRL_full.co.bam...                             ||
||    Single-end reads are included.                                          ||
||    Total alignments : 41240347                                             ||
||    Successfully assigned alignments : 7294268 (17.7%)                      ||
||    Running time : 0.04 minutes                                             ||
||                                                                            ||
|| Process BAM file 062_BXD90_CTRL_sub1.co.bam...                             ||
||    Single-end reads are included.                                          ||
||    Total alignments : 20000000                                             ||
||    Successfully assigned alignments : 3536467 (17.7%)                      ||
||    Running time : 0.02 minutes                                             ||
||                                                                            ||
|| Process BAM file 062_BXD90_CTRL_sub2.co.bam...                             ||
||    Single-end reads are included.                                          ||
||    Total alignments : 15000000                                             ||
||    Successfully assigned alignments : 2653125 (17.7%)                      ||
||    Running time : 0.02 minutes                                             ||
||                                                                            ||
|| Process BAM file 063_BXD95_SD_full.co.bam...                               ||
||    Single-end reads are included.                                          ||
||    Total alignments : 45674616                                             ||
||    Successfully assigned alignments : 7504199 (16.4%)                      ||
||    Running time : 0.04 minutes                                             ||
||                                                                            ||
|| Process BAM file 063_BXD95_SD_sub1.co.bam...                               ||
||    Single-end reads are included.                                          ||
||    Total alignments : 20000000                                             ||
||    Successfully assigned alignments : 3286984 (16.4%)                      ||
||    Running time : 0.02 minutes                                             ||
||                                                                            ||
|| Process BAM file 063_BXD95_SD_sub2.co.bam...                               ||
||    Single-end reads are included.                                          ||
||    Total alignments : 15000000                                             ||
||    Successfully assigned alignments : 2466661 (16.4%)                      ||
||    Running time : 0.02 minutes                                             ||
||                                                                            ||
|| Process BAM file 064_BXD95_CTRL_full.co.bam...                             ||
||    Single-end reads are included.                                          ||
||    Total alignments : 42426064                                             ||
||    Successfully assigned alignments : 7399736 (17.4%)                      ||
||    Running time : 0.04 minutes                                             ||
||                                                                            ||
|| Process BAM file 064_BXD95_CTRL_sub1.co.bam...                             ||
||    Single-end reads are included.                                          ||
||    Total alignments : 20000000                                             ||
||    Successfully assigned alignments : 3486405 (17.4%)                      ||
||    Running time : 0.02 minutes                                             ||
||                                                                            ||
|| Process BAM file 064_BXD95_CTRL_sub2.co.bam...                             ||
||    Single-end reads are included.                                          ||
||    Total alignments : 15000000                                             ||
||    Successfully assigned alignments : 2614721 (17.4%)                      ||
||    Running time : 0.02 minutes                                             ||
||                                                                            ||
|| Process BAM file 065_48a_SD_full.co.bam...                                 ||
||    Single-end reads are included.                                          ||
||    Total alignments : 69554540                                             ||
||    Successfully assigned alignments : 13712082 (19.7%)                     ||
||    Running time : 0.06 minutes                                             ||
||                                                                            ||
|| Process BAM file 065_48a_SD_sub1.co.bam...                                 ||
||    Single-end reads are included.                                          ||
||    Total alignments : 20000000                                             ||
||    Successfully assigned alignments : 3943902 (19.7%)                      ||
||    Running time : 0.02 minutes                                             ||
||                                                                            ||
|| Process BAM file 065_48a_SD_sub2.co.bam...                                 ||
||    Single-end reads are included.                                          ||
||    Total alignments : 15000000                                             ||
||    Successfully assigned alignments : 2957878 (19.7%)                      ||
||    Running time : 0.02 minutes                                             ||
||                                                                            ||
|| Process BAM file 066_48a_CTRL_full.co.bam...                               ||
||    Single-end reads are included.                                          ||
||    Total alignments : 56124607                                             ||
||    Successfully assigned alignments : 8699476 (15.5%)                      ||
||    Running time : 0.05 minutes                                             ||
||                                                                            ||
|| Process BAM file 066_48a_CTRL_sub1.co.bam...                               ||
||    Single-end reads are included.                                          ||
||    Total alignments : 20000000                                             ||
||    Successfully assigned alignments : 3097324 (15.5%)                      ||
||    Running time : 0.02 minutes                                             ||
||                                                                            ||
|| Process BAM file 066_48a_CTRL_sub2.co.bam...                               ||
||    Single-end reads are included.                                          ||
||    Total alignments : 15000000                                             ||
||    Successfully assigned alignments : 2326191 (15.5%)                      ||
||    Running time : 0.02 minutes                                             ||
||                                                                            ||
|| Process BAM file 067_73b_SD_full.co.bam...                                 ||
||    Single-end reads are included.                                          ||
||    Total alignments : 41615440                                             ||
||    Successfully assigned alignments : 6224423 (15.0%)                      ||
||    Running time : 0.04 minutes                                             ||
||                                                                            ||
|| Process BAM file 067_73b_SD_sub1.co.bam...                                 ||
||    Single-end reads are included.                                          ||
||    Total alignments : 20000000                                             ||
||    Successfully assigned alignments : 2993486 (15.0%)                      ||
||    Running time : 0.02 minutes                                             ||
||                                                                            ||
|| Process BAM file 067_73b_SD_sub2.co.bam...                                 ||
||    Single-end reads are included.                                          ||
||    Total alignments : 15000000                                             ||
||    Successfully assigned alignments : 2243152 (15.0%)                      ||
||    Running time : 0.02 minutes                                             ||
||                                                                            ||
|| Process BAM file 068_73b_CTRL_full.co.bam...                               ||
||    Single-end reads are included.                                          ||
||    Total alignments : 44692826                                             ||
||    Successfully assigned alignments : 6136739 (13.7%)                      ||
||    Running time : 0.04 minutes                                             ||
||                                                                            ||
|| Process BAM file 068_73b_CTRL_sub1.co.bam...                               ||
||    Single-end reads are included.                                          ||
||    Total alignments : 20000000                                             ||
||    Successfully assigned alignments : 2746712 (13.7%)                      ||
||    Running time : 0.02 minutes                                             ||
||                                                                            ||
|| Process BAM file 068_73b_CTRL_sub2.co.bam...                               ||
||    Single-end reads are included.                                          ||
||    Total alignments : 15000000                                             ||
||    Successfully assigned alignments : 2060065 (13.7%)                      ||
||    Running time : 0.02 minutes                                             ||
||                                                                            ||
|| Process BAM file 069_C57Bl6_SD_full.co.bam...                              ||
||    Single-end reads are included.                                          ||
||    Total alignments : 44167387                                             ||
||    Successfully assigned alignments : 6724705 (15.2%)                      ||
||    Running time : 0.04 minutes                                             ||
||                                                                            ||
|| Process BAM file 069_C57Bl6_SD_sub1.co.bam...                              ||
||    Single-end reads are included.                                          ||
||    Total alignments : 20000000                                             ||
||    Successfully assigned alignments : 3071009 (15.4%)                      ||
||    Running time : 0.02 minutes                                             ||
||                                                                            ||
|| Process BAM file 069_C57Bl6_SD_sub2.co.bam...                              ||
||    Single-end reads are included.                                          ||
||    Total alignments : 15000000                                             ||
||    Successfully assigned alignments : 2283622 (15.2%)                      ||
||    Running time : 0.02 minutes                                             ||
||                                                                            ||
|| Process BAM file 070_C57Bl6_CTRL_full.co.bam...                            ||
||    Single-end reads are included.                                          ||
||    Total alignments : 34333504                                             ||
||    Successfully assigned alignments : 3458662 (10.1%)                      ||
||    Running time : 0.03 minutes                                             ||
||                                                                            ||
|| Process BAM file 070_C57Bl6_CTRL_sub1.co.bam...                            ||
||    Single-end reads are included.                                          ||
||    Total alignments : 20000000                                             ||
||    Successfully assigned alignments : 2034408 (10.2%)                      ||
||    Running time : 0.02 minutes                                             ||
||                                                                            ||
|| Process BAM file 070_C57Bl6_CTRL_sub2.co.bam...                            ||
||    Single-end reads are included.                                          ||
||    Total alignments : 15000000                                             ||
||    Successfully assigned alignments : 1511638 (10.1%)                      ||
||    Running time : 0.02 minutes                                             ||
||                                                                            ||
|| Process BAM file 071_DBA_SD_full.co.bam...                                 ||
||    Single-end reads are included.                                          ||
||    Total alignments : 44950232                                             ||
||    Successfully assigned alignments : 7602335 (16.9%)                      ||
||    Running time : 0.04 minutes                                             ||
||                                                                            ||
|| Process BAM file 071_DBA_SD_sub1.co.bam...                                 ||
||    Single-end reads are included.                                          ||
||    Total alignments : 20000000                                             ||
||    Successfully assigned alignments : 3402766 (17.0%)                      ||
||    Running time : 0.03 minutes                                             ||
||                                                                            ||
|| Process BAM file 071_DBA_SD_sub2.co.bam...                                 ||
||    Single-end reads are included.                                          ||
||    Total alignments : 15000000                                             ||
||    Successfully assigned alignments : 2534980 (16.9%)                      ||
||    Running time : 0.02 minutes                                             ||
||                                                                            ||
|| Process BAM file 072_DBA_CTRL_full.co.bam...                               ||
||    Single-end reads are included.                                          ||
||    Total alignments : 42747901                                             ||
||    Successfully assigned alignments : 6391769 (15.0%)                      ||
||    Running time : 0.04 minutes                                             ||
||                                                                            ||
|| Process BAM file 072_DBA_CTRL_sub1.co.bam...                               ||
||    Single-end reads are included.                                          ||
||    Total alignments : 20000000                                             ||
||    Successfully assigned alignments : 3013156 (15.1%)                      ||
||    Running time : 0.02 minutes                                             ||
||                                                                            ||
|| Process BAM file 072_DBA_CTRL_sub2.co.bam...                               ||
||    Single-end reads are included.                                          ||
||    Total alignments : 15000000                                             ||
||    Successfully assigned alignments : 2243935 (15.0%)                      ||
||    Running time : 0.02 minutes                                             ||
||                                                                            ||
|| Process BAM file 073_BXD85_SD_full.co.bam...                               ||
||    Single-end reads are included.                                          ||
||    Total alignments : 51723624                                             ||
||    Successfully assigned alignments : 9087621 (17.6%)                      ||
||    Running time : 0.05 minutes                                             ||
||                                                                            ||
|| Process BAM file 073_BXD85_SD_sub1.co.bam...                               ||
||    Single-end reads are included.                                          ||
||    Total alignments : 20000000                                             ||
||    Successfully assigned alignments : 3513643 (17.6%)                      ||
||    Running time : 0.03 minutes                                             ||
||                                                                            ||
|| Process BAM file 073_BXD85_SD_sub2.co.bam...                               ||
||    Single-end reads are included.                                          ||
||    Total alignments : 15000000                                             ||
||    Successfully assigned alignments : 2636658 (17.6%)                      ||
||    Running time : 0.02 minutes                                             ||
||                                                                            ||
|| Process BAM file 074_BXD85_CTRL_full.co.bam...                             ||
||    Single-end reads are included.                                          ||
||    Total alignments : 56933457                                             ||
||    Successfully assigned alignments : 9798138 (17.2%)                      ||
||    Running time : 0.05 minutes                                             ||
||                                                                            ||
|| Process BAM file 074_BXD85_CTRL_sub1.co.bam...                             ||
||    Single-end reads are included.                                          ||
||    Total alignments : 20000000                                             ||
||    Successfully assigned alignments : 3441131 (17.2%)                      ||
||    Running time : 0.03 minutes                                             ||
||                                                                            ||
|| Process BAM file 074_BXD85_CTRL_sub2.co.bam...                             ||
||    Single-end reads are included.                                          ||
||    Total alignments : 15000000                                             ||
||    Successfully assigned alignments : 2580989 (17.2%)                      ||
||    Running time : 0.02 minutes                                             ||
||                                                                            ||
|| Process BAM file 075_BXD43_CTRL_full.co.bam...                             ||
||    Single-end reads are included.                                          ||
||    Total alignments : 44478060                                             ||
||    Successfully assigned alignments : 6457410 (14.5%)                      ||
||    Running time : 0.04 minutes                                             ||
||                                                                            ||
|| Process BAM file 075_BXD43_CTRL_sub1.co.bam...                             ||
||    Single-end reads are included.                                          ||
||    Total alignments : 20000000                                             ||
||    Successfully assigned alignments : 2904239 (14.5%)                      ||
||    Running time : 0.02 minutes                                             ||
||                                                                            ||
|| Process BAM file 075_BXD43_CTRL_sub2.co.bam...                             ||
||    Single-end reads are included.                                          ||
||    Total alignments : 15000000                                             ||
||    Successfully assigned alignments : 2177954 (14.5%)                      ||
||    Running time : 0.02 minutes                                             ||
||                                                                            ||
|| Process BAM file 076_BXD43_SD_full.co.bam...                               ||
||    Single-end reads are included.                                          ||
||    Total alignments : 44288262                                             ||
||    Successfully assigned alignments : 7293834 (16.5%)                      ||
||    Running time : 0.04 minutes                                             ||
||                                                                            ||
|| Process BAM file 076_BXD43_SD_sub1.co.bam...                               ||
||    Single-end reads are included.                                          ||
||    Total alignments : 20000000                                             ||
||    Successfully assigned alignments : 3292140 (16.5%)                      ||
||    Running time : 0.02 minutes                                             ||
||                                                                            ||
|| Process BAM file 076_BXD43_SD_sub2.co.bam...                               ||
||    Single-end reads are included.                                          ||
||    Total alignments : 15000000                                             ||
||    Successfully assigned alignments : 2470559 (16.5%)                      ||
||    Running time : 0.02 minutes                                             ||
||                                                                            ||
|| Process BAM file 077_BXD45_CTRL_full.co.bam...                             ||
||    Single-end reads are included.                                          ||
||    Total alignments : 84767468                                             ||
||    Successfully assigned alignments : 12579485 (14.8%)                     ||
||    Running time : 0.07 minutes                                             ||
||                                                                            ||
|| Process BAM file 077_BXD45_CTRL_sub1.co.bam...                             ||
||    Single-end reads are included.                                          ||
||    Total alignments : 20000000                                             ||
||    Successfully assigned alignments : 2965761 (14.8%)                      ||
||    Running time : 0.03 minutes                                             ||
||                                                                            ||
|| Process BAM file 077_BXD45_CTRL_sub2.co.bam...                             ||
||    Single-end reads are included.                                          ||
||    Total alignments : 15000000                                             ||
||    Successfully assigned alignments : 2225978 (14.8%)                      ||
||    Running time : 0.02 minutes                                             ||
||                                                                            ||
|| Process BAM file 078_BXD45_SD_full.co.bam...                               ||
||    Single-end reads are included.                                          ||
||    Total alignments : 46028855                                             ||
||    Successfully assigned alignments : 6872184 (14.9%)                      ||
||    Running time : 0.04 minutes                                             ||
||                                                                            ||
|| Process BAM file 078_BXD45_SD_sub1.co.bam...                               ||
||    Single-end reads are included.                                          ||
||    Total alignments : 20000000                                             ||
||    Successfully assigned alignments : 2985004 (14.9%)                      ||
||    Running time : 0.02 minutes                                             ||
||                                                                            ||
|| Process BAM file 078_BXD45_SD_sub2.co.bam...                               ||
||    Single-end reads are included.                                          ||
||    Total alignments : 15000000                                             ||
||    Successfully assigned alignments : 2240769 (14.9%)                      ||
||    Running time : 0.02 minutes                                             ||
||                                                                            ||
|| Process BAM file 079_BXD49_CTRL_full.co.bam...                             ||
||    Single-end reads are included.                                          ||
||    Total alignments : 49708185                                             ||
||    Successfully assigned alignments : 8176383 (16.4%)                      ||
||    Running time : 0.05 minutes                                             ||
||                                                                            ||
|| Process BAM file 079_BXD49_CTRL_sub1.co.bam...                             ||
||    Single-end reads are included.                                          ||
||    Total alignments : 20000000                                             ||
||    Successfully assigned alignments : 3289131 (16.4%)                      ||
||    Running time : 0.03 minutes                                             ||
||                                                                            ||
|| Process BAM file 079_BXD49_CTRL_sub2.co.bam...                             ||
||    Single-end reads are included.                                          ||
||    Total alignments : 15000000                                             ||
||    Successfully assigned alignments : 2467831 (16.5%)                      ||
||    Running time : 0.02 minutes                                             ||
||                                                                            ||
|| Process BAM file 080_BXD49_SD_full.co.bam...                               ||
||    Single-end reads are included.                                          ||
||    Total alignments : 52031749                                             ||
||    Successfully assigned alignments : 8247482 (15.9%)                      ||
||    Running time : 0.05 minutes                                             ||
||                                                                            ||
|| Process BAM file 080_BXD49_SD_sub1.co.bam...                               ||
||    Single-end reads are included.                                          ||
||    Total alignments : 20000000                                             ||
||    Successfully assigned alignments : 3171977 (15.9%)                      ||
||    Running time : 0.02 minutes                                             ||
||                                                                            ||
|| Process BAM file 080_BXD49_SD_sub2.co.bam...                               ||
||    Single-end reads are included.                                          ||
||    Total alignments : 15000000                                             ||
||    Successfully assigned alignments : 2377841 (15.9%)                      ||
||    Running time : 0.02 minutes                                             ||
||                                                                            ||
|| Process BAM file 081_BXD55_CTRL_full.co.bam...                             ||
||    Single-end reads are included.                                          ||
||    Total alignments : 44652069                                             ||
||    Successfully assigned alignments : 6924977 (15.5%)                      ||
||    Running time : 0.04 minutes                                             ||
||                                                                            ||
|| Process BAM file 081_BXD55_CTRL_sub1.co.bam...                             ||
||    Single-end reads are included.                                          ||
||    Total alignments : 20000000                                             ||
||    Successfully assigned alignments : 3102715 (15.5%)                      ||
||    Running time : 0.02 minutes                                             ||
||                                                                            ||
|| Process BAM file 081_BXD55_CTRL_sub2.co.bam...                             ||
||    Single-end reads are included.                                          ||
||    Total alignments : 15000000                                             ||
||    Successfully assigned alignments : 2326010 (15.5%)                      ||
||    Running time : 0.02 minutes                                             ||
||                                                                            ||
|| Process BAM file 082_BXD55_SD_full.co.bam...                               ||
||    Single-end reads are included.                                          ||
||    Total alignments : 52147613                                             ||
||    Successfully assigned alignments : 8216645 (15.8%)                      ||
||    Running time : 0.05 minutes                                             ||
||                                                                            ||
|| Process BAM file 082_BXD55_SD_sub1.co.bam...                               ||
||    Single-end reads are included.                                          ||
||    Total alignments : 20000000                                             ||
||    Successfully assigned alignments : 3151560 (15.8%)                      ||
||    Running time : 0.02 minutes                                             ||
||                                                                            ||
|| Process BAM file 082_BXD55_SD_sub2.co.bam...                               ||
||    Single-end reads are included.                                          ||
||    Total alignments : 15000000                                             ||
||    Successfully assigned alignments : 2364210 (15.8%)                      ||
||    Running time : 0.02 minutes                                             ||
||                                                                            ||
|| Process BAM file 083_BXD56_CTRL_full.co.bam...                             ||
||    Single-end reads are included.                                          ||
||    Total alignments : 41544197                                             ||
||    Successfully assigned alignments : 5748622 (13.8%)                      ||
||    Running time : 0.04 minutes                                             ||
||                                                                            ||
|| Process BAM file 083_BXD56_CTRL_sub1.co.bam...                             ||
||    Single-end reads are included.                                          ||
||    Total alignments : 20000000                                             ||
||    Successfully assigned alignments : 2768262 (13.8%)                      ||
||    Running time : 0.02 minutes                                             ||
||                                                                            ||
|| Process BAM file 083_BXD56_CTRL_sub2.co.bam...                             ||
||    Single-end reads are included.                                          ||
||    Total alignments : 15000000                                             ||
||    Successfully assigned alignments : 2073336 (13.8%)                      ||
||    Running time : 0.02 minutes                                             ||
||                                                                            ||
|| Process BAM file 084_BXD56_SD_full.co.bam...                               ||
||    Single-end reads are included.                                          ||
||    Total alignments : 38694959                                             ||
||    Successfully assigned alignments : 5343651 (13.8%)                      ||
||    Running time : 0.04 minutes                                             ||
||                                                                            ||
|| Process BAM file 084_BXD56_SD_sub1.co.bam...                               ||
||    Single-end reads are included.                                          ||
||    Total alignments : 20000000                                             ||
||    Successfully assigned alignments : 2762977 (13.8%)                      ||
||    Running time : 0.02 minutes                                             ||
||                                                                            ||
|| Process BAM file 084_BXD56_SD_sub2.co.bam...                               ||
||    Single-end reads are included.                                          ||
||    Total alignments : 15000000                                             ||
||    Successfully assigned alignments : 2073068 (13.8%)                      ||
||    Running time : 0.02 minutes                                             ||
||                                                                            ||
|| Process BAM file 085_BXD61_CTRL_full.co.bam...                             ||
||    Single-end reads are included.                                          ||
||    Total alignments : 43320424                                             ||
||    Successfully assigned alignments : 5527275 (12.8%)                      ||
||    Running time : 0.04 minutes                                             ||
||                                                                            ||
|| Process BAM file 085_BXD61_CTRL_sub1.co.bam...                             ||
||    Single-end reads are included.                                          ||
||    Total alignments : 20000000                                             ||
||    Successfully assigned alignments : 2551526 (12.8%)                      ||
||    Running time : 0.02 minutes                                             ||
||                                                                            ||
|| Process BAM file 085_BXD61_CTRL_sub2.co.bam...                             ||
||    Single-end reads are included.                                          ||
||    Total alignments : 15000000                                             ||
||    Successfully assigned alignments : 1914242 (12.8%)                      ||
||    Running time : 0.02 minutes                                             ||
||                                                                            ||
|| Process BAM file 086_BXD61_SD_full.co.bam...                               ||
||    Single-end reads are included.                                          ||
||    Total alignments : 54276657                                             ||
||    Successfully assigned alignments : 9456787 (17.4%)                      ||
||    Running time : 0.05 minutes                                             ||
||                                                                            ||
|| Process BAM file 086_BXD61_SD_sub1.co.bam...                               ||
||    Single-end reads are included.                                          ||
||    Total alignments : 20000000                                             ||
||    Successfully assigned alignments : 3485940 (17.4%)                      ||
||    Running time : 0.02 minutes                                             ||
||                                                                            ||
|| Process BAM file 086_BXD61_SD_sub2.co.bam...                               ||
||    Single-end reads are included.                                          ||
||    Total alignments : 15000000                                             ||
||    Successfully assigned alignments : 2611706 (17.4%)                      ||
||    Running time : 0.02 minutes                                             ||
||                                                                            ||
|| Process BAM file 087_BXD66_CTRL_full.co.bam...                             ||
||    Single-end reads are included.                                          ||
||    Total alignments : 38173695                                             ||
||    Successfully assigned alignments : 4997692 (13.1%)                      ||
||    Running time : 0.04 minutes                                             ||
||                                                                            ||
|| Process BAM file 087_BXD66_CTRL_sub1.co.bam...                             ||
||    Single-end reads are included.                                          ||
||    Total alignments : 20000000                                             ||
||    Successfully assigned alignments : 2619654 (13.1%)                      ||
||    Running time : 0.02 minutes                                             ||
||                                                                            ||
|| Process BAM file 087_BXD66_CTRL_sub2.co.bam...                             ||
||    Single-end reads are included.                                          ||
||    Total alignments : 15000000                                             ||
||    Successfully assigned alignments : 1963467 (13.1%)                      ||
||    Running time : 0.02 minutes                                             ||
||                                                                            ||
|| Process BAM file 088_BXD66_SD_full.co.bam...                               ||
||    Single-end reads are included.                                          ||
||    Total alignments : 33585420                                             ||
||    Successfully assigned alignments : 3371683 (10.0%)                      ||
||    Running time : 0.03 minutes                                             ||
||                                                                            ||
|| Process BAM file 088_BXD66_SD_sub1.co.bam...                               ||
||    Single-end reads are included.                                          ||
||    Total alignments : 20000000                                             ||
||    Successfully assigned alignments : 2008074 (10.0%)                      ||
||    Running time : 0.02 minutes                                             ||
||                                                                            ||
|| Process BAM file 088_BXD66_SD_sub2.co.bam...                               ||
||    Single-end reads are included.                                          ||
||    Total alignments : 15000000                                             ||
||    Successfully assigned alignments : 1506042 (10.0%)                      ||
||    Running time : 0.02 minutes                                             ||
||                                                                            ||
|| Process BAM file 089_BXD67_CTRL_full.co.bam...                             ||
||    Single-end reads are included.                                          ||
||    Total alignments : 46931918                                             ||
||    Successfully assigned alignments : 9435583 (20.1%)                      ||
||    Running time : 0.05 minutes                                             ||
||                                                                            ||
|| Process BAM file 089_BXD67_CTRL_sub1.co.bam...                             ||
||    Single-end reads are included.                                          ||
||    Total alignments : 20000000                                             ||
||    Successfully assigned alignments : 4019732 (20.1%)                      ||
||    Running time : 0.02 minutes                                             ||
||                                                                            ||
|| Process BAM file 089_BXD67_CTRL_sub2.co.bam...                             ||
||    Single-end reads are included.                                          ||
||    Total alignments : 15000000                                             ||
||    Successfully assigned alignments : 3016089 (20.1%)                      ||
||    Running time : 0.02 minutes                                             ||
||                                                                            ||
|| Process BAM file 090_BXD67_SD_full.co.bam...                               ||
||    Single-end reads are included.                                          ||
||    Total alignments : 49349377                                             ||
||    Successfully assigned alignments : 9223900 (18.7%)                      ||
||    Running time : 0.05 minutes                                             ||
||                                                                            ||
|| Process BAM file 090_BXD67_SD_sub1.co.bam...                               ||
||    Single-end reads are included.                                          ||
||    Total alignments : 20000000                                             ||
||    Successfully assigned alignments : 3736724 (18.7%)                      ||
||    Running time : 0.03 minutes                                             ||
||                                                                            ||
|| Process BAM file 090_BXD67_SD_sub2.co.bam...                               ||
||    Single-end reads are included.                                          ||
||    Total alignments : 15000000                                             ||
||    Successfully assigned alignments : 2803771 (18.7%)                      ||
||    Running time : 0.02 minutes                                             ||
||                                                                            ||
|| Process BAM file 091_BXD70_CTRL_full.co.bam...                             ||
||    Single-end reads are included.                                          ||
||    Total alignments : 48917956                                             ||
||    Successfully assigned alignments : 9336022 (19.1%)                      ||
||    Running time : 0.05 minutes                                             ||
||                                                                            ||
|| Process BAM file 091_BXD70_CTRL_sub1.co.bam...                             ||
||    Single-end reads are included.                                          ||
||    Total alignments : 20000000                                             ||
||    Successfully assigned alignments : 3815219 (19.1%)                      ||
||    Running time : 0.03 minutes                                             ||
||                                                                            ||
|| Process BAM file 091_BXD70_CTRL_sub2.co.bam...                             ||
||    Single-end reads are included.                                          ||
||    Total alignments : 15000000                                             ||
||    Successfully assigned alignments : 2862607 (19.1%)                      ||
||    Running time : 0.02 minutes                                             ||
||                                                                            ||
|| Process BAM file 092_BXD70_SD_full.co.bam...                               ||
||    Single-end reads are included.                                          ||
||    Total alignments : 44547344                                             ||
||    Successfully assigned alignments : 6270094 (14.1%)                      ||
||    Running time : 0.04 minutes                                             ||
||                                                                            ||
|| Process BAM file 092_BXD70_SD_sub1.co.bam...                               ||
||    Single-end reads are included.                                          ||
||    Total alignments : 20000000                                             ||
||    Successfully assigned alignments : 2814623 (14.1%)                      ||
||    Running time : 0.02 minutes                                             ||
||                                                                            ||
|| Process BAM file 092_BXD70_SD_sub2.co.bam...                               ||
||    Single-end reads are included.                                          ||
||    Total alignments : 15000000                                             ||
||    Successfully assigned alignments : 2110362 (14.1%)                      ||
||    Running time : 0.02 minutes                                             ||
||                                                                            ||
|| Process BAM file 093_BXD73_CTRL_full.co.bam...                             ||
||    Single-end reads are included.                                          ||
||    Total alignments : 49069277                                             ||
||    Successfully assigned alignments : 8051209 (16.4%)                      ||
||    Running time : 0.05 minutes                                             ||
||                                                                            ||
|| Process BAM file 093_BXD73_CTRL_sub1.co.bam...                             ||
||    Single-end reads are included.                                          ||
||    Total alignments : 20000000                                             ||
||    Successfully assigned alignments : 3281918 (16.4%)                      ||
||    Running time : 0.03 minutes                                             ||
||                                                                            ||
|| Process BAM file 093_BXD73_CTRL_sub2.co.bam...                             ||
||    Single-end reads are included.                                          ||
||    Total alignments : 15000000                                             ||
||    Successfully assigned alignments : 2462309 (16.4%)                      ||
||    Running time : 0.02 minutes                                             ||
||                                                                            ||
|| Process BAM file 094_BXD73_SD_full.co.bam...                               ||
||    Single-end reads are included.                                          ||
||    Total alignments : 48504716                                             ||
||    Successfully assigned alignments : 7655101 (15.8%)                      ||
||    Running time : 0.05 minutes                                             ||
||                                                                            ||
|| Process BAM file 094_BXD73_SD_sub1.co.bam...                               ||
||    Single-end reads are included.                                          ||
||    Total alignments : 20000000                                             ||
||    Successfully assigned alignments : 3155961 (15.8%)                      ||
||    Running time : 0.03 minutes                                             ||
||                                                                            ||
|| Process BAM file 094_BXD73_SD_sub2.co.bam...                               ||
||    Single-end reads are included.                                          ||
||    Total alignments : 15000000                                             ||
||    Successfully assigned alignments : 2367388 (15.8%)                      ||
||    Running time : 0.02 minutes                                             ||
||                                                                            ||
|| Process BAM file 095_BXD75_CTRL_full.co.bam...                             ||
||    Single-end reads are included.                                          ||
||    Total alignments : 51218805                                             ||
||    Successfully assigned alignments : 8590077 (16.8%)                      ||
||    Running time : 0.05 minutes                                             ||
||                                                                            ||
|| Process BAM file 095_BXD75_CTRL_sub1.co.bam...                             ||
||    Single-end reads are included.                                          ||
||    Total alignments : 20000000                                             ||
||    Successfully assigned alignments : 3355325 (16.8%)                      ||
||    Running time : 0.02 minutes                                             ||
||                                                                            ||
|| Process BAM file 095_BXD75_CTRL_sub2.co.bam...                             ||
||    Single-end reads are included.                                          ||
||    Total alignments : 15000000                                             ||
||    Successfully assigned alignments : 2514953 (16.8%)                      ||
||    Running time : 0.02 minutes                                             ||
||                                                                            ||
|| Process BAM file 096_BXD75_SD_full.co.bam...                               ||
||    Single-end reads are included.                                          ||
||    Total alignments : 48165573                                             ||
||    Successfully assigned alignments : 7934383 (16.5%)                      ||
||    Running time : 0.05 minutes                                             ||
||                                                                            ||
|| Process BAM file 096_BXD75_SD_sub1.co.bam...                               ||
||    Single-end reads are included.                                          ||
||    Total alignments : 20000000                                             ||
||    Successfully assigned alignments : 3295036 (16.5%)                      ||
||    Running time : 0.02 minutes                                             ||
||                                                                            ||
|| Process BAM file 096_BXD75_SD_sub2.co.bam...                               ||
||    Single-end reads are included.                                          ||
||    Total alignments : 15000000                                             ||
||    Successfully assigned alignments : 2470727 (16.5%)                      ||
||    Running time : 0.02 minutes                                             ||
||                                                                            ||
|| Process BAM file 097_BXD79_CTRL_full.co.bam...                             ||
||    Single-end reads are included.                                          ||
||    Total alignments : 48655389                                             ||
||    Successfully assigned alignments : 7966360 (16.4%)                      ||
||    Running time : 0.05 minutes                                             ||
||                                                                            ||
|| Process BAM file 097_BXD79_CTRL_sub1.co.bam...                             ||
||    Single-end reads are included.                                          ||
||    Total alignments : 20000000                                             ||
||    Successfully assigned alignments : 3274519 (16.4%)                      ||
||    Running time : 0.02 minutes                                             ||
||                                                                            ||
|| Process BAM file 097_BXD79_CTRL_sub2.co.bam...                             ||
||    Single-end reads are included.                                          ||
||    Total alignments : 15000000                                             ||
||    Successfully assigned alignments : 2456934 (16.4%)                      ||
||    Running time : 0.02 minutes                                             ||
||                                                                            ||
|| Process BAM file 098_BXD79_SD_full.co.bam...                               ||
||    Single-end reads are included.                                          ||
||    Total alignments : 50410278                                             ||
||    Successfully assigned alignments : 8399213 (16.7%)                      ||
||    Running time : 0.05 minutes                                             ||
||                                                                            ||
|| Process BAM file 098_BXD79_SD_sub1.co.bam...                               ||
||    Single-end reads are included.                                          ||
||    Total alignments : 20000000                                             ||
||    Successfully assigned alignments : 3331142 (16.7%)                      ||
||    Running time : 0.02 minutes                                             ||
||                                                                            ||
|| Process BAM file 098_BXD79_SD_sub2.co.bam...                               ||
||    Single-end reads are included.                                          ||
||    Total alignments : 15000000                                             ||
||    Successfully assigned alignments : 2500987 (16.7%)                      ||
||    Running time : 0.02 minutes                                             ||
||                                                                            ||
|| Process BAM file 099_BXD83_CTRL_full.co.bam...                             ||
||    Single-end reads are included.                                          ||
||    Total alignments : 46089557                                             ||
||    Successfully assigned alignments : 6548301 (14.2%)                      ||
||    Running time : 0.04 minutes                                             ||
||                                                                            ||
|| Process BAM file 099_BXD83_CTRL_sub1.co.bam...                             ||
||    Single-end reads are included.                                          ||
||    Total alignments : 20000000                                             ||
||    Successfully assigned alignments : 2841863 (14.2%)                      ||
||    Running time : 0.02 minutes                                             ||
||                                                                            ||
|| Process BAM file 099_BXD83_CTRL_sub2.co.bam...                             ||
||    Single-end reads are included.                                          ||
||    Total alignments : 15000000                                             ||
||    Successfully assigned alignments : 2131018 (14.2%)                      ||
||    Running time : 0.02 minutes                                             ||
||                                                                            ||
|| Process BAM file 100_BXD83_SD_full.co.bam...                               ||
||    Single-end reads are included.                                          ||
||    Total alignments : 42730832                                             ||
||    Successfully assigned alignments : 7001303 (16.4%)                      ||
||    Running time : 0.04 minutes                                             ||
||                                                                            ||
|| Process BAM file 100_BXD83_SD_sub1.co.bam...                               ||
||    Single-end reads are included.                                          ||
||    Total alignments : 20000000                                             ||
||    Successfully assigned alignments : 3275818 (16.4%)                      ||
||    Running time : 0.02 minutes                                             ||
||                                                                            ||
|| Process BAM file 100_BXD83_SD_sub2.co.bam...                               ||
||    Single-end reads are included.                                          ||
||    Total alignments : 15000000                                             ||
||    Successfully assigned alignments : 2457027 (16.4%)                      ||
||    Running time : 0.02 minutes                                             ||
||                                                                            ||
|| Process BAM file 101_BXD84_CTRL_full.co.bam...                             ||
||    Single-end reads are included.                                          ||
||    Total alignments : 40430748                                             ||
||    Successfully assigned alignments : 5461523 (13.5%)                      ||
||    Running time : 0.04 minutes                                             ||
||                                                                            ||
|| Process BAM file 101_BXD84_CTRL_sub1.co.bam...                             ||
||    Single-end reads are included.                                          ||
||    Total alignments : 20000000                                             ||
||    Successfully assigned alignments : 2700630 (13.5%)                      ||
||    Running time : 0.02 minutes                                             ||
||                                                                            ||
|| Process BAM file 101_BXD84_CTRL_sub2.co.bam...                             ||
||    Single-end reads are included.                                          ||
||    Total alignments : 15000000                                             ||
||    Successfully assigned alignments : 2026885 (13.5%)                      ||
||    Running time : 0.02 minutes                                             ||
||                                                                            ||
|| Process BAM file 102_BXD84_SD_full.co.bam...                               ||
||    Single-end reads are included.                                          ||
||    Total alignments : 48296495                                             ||
||    Successfully assigned alignments : 8170414 (16.9%)                      ||
||    Running time : 0.05 minutes                                             ||
||                                                                            ||
|| Process BAM file 102_BXD84_SD_sub1.co.bam...                               ||
||    Single-end reads are included.                                          ||
||    Total alignments : 20000000                                             ||
||    Successfully assigned alignments : 3385676 (16.9%)                      ||
||    Running time : 0.02 minutes                                             ||
||                                                                            ||
|| Process BAM file 102_BXD84_SD_sub2.co.bam...                               ||
||    Single-end reads are included.                                          ||
||    Total alignments : 15000000                                             ||
||    Successfully assigned alignments : 2536897 (16.9%)                      ||
||    Running time : 0.02 minutes                                             ||
||                                                                            ||
|| Process BAM file 103_BXD90_CTRL_full.co.bam...                             ||
||    Single-end reads are included.                                          ||
||    Total alignments : 46377587                                             ||
||    Successfully assigned alignments : 7617032 (16.4%)                      ||
||    Running time : 0.05 minutes                                             ||
||                                                                            ||
|| Process BAM file 103_BXD90_CTRL_sub1.co.bam...                             ||
||    Single-end reads are included.                                          ||
||    Total alignments : 20000000                                             ||
||    Successfully assigned alignments : 3284873 (16.4%)                      ||
||    Running time : 0.02 minutes                                             ||
||                                                                            ||
|| Process BAM file 103_BXD90_CTRL_sub2.co.bam...                             ||
||    Single-end reads are included.                                          ||
||    Total alignments : 15000000                                             ||
||    Successfully assigned alignments : 2461803 (16.4%)                      ||
||    Running time : 0.02 minutes                                             ||
||                                                                            ||
|| Process BAM file 104_BXD90_SD_full.co.bam...                               ||
||    Single-end reads are included.                                          ||
||    Total alignments : 50746490                                             ||
||    Successfully assigned alignments : 8429243 (16.6%)                      ||
||    Running time : 0.05 minutes                                             ||
||                                                                            ||
|| Process BAM file 104_BXD90_SD_sub1.co.bam...                               ||
||    Single-end reads are included.                                          ||
||    Total alignments : 20000000                                             ||
||    Successfully assigned alignments : 3322100 (16.6%)                      ||
||    Running time : 0.02 minutes                                             ||
||                                                                            ||
|| Process BAM file 104_BXD90_SD_sub2.co.bam...                               ||
||    Single-end reads are included.                                          ||
||    Total alignments : 15000000                                             ||
||    Successfully assigned alignments : 2493314 (16.6%)                      ||
||    Running time : 0.02 minutes                                             ||
||                                                                            ||
|| Process BAM file 105_48a_CTRL_full.co.bam...                               ||
||    Single-end reads are included.                                          ||
||    Total alignments : 41295929                                             ||
||    Successfully assigned alignments : 5775657 (14.0%)                      ||
||    Running time : 0.04 minutes                                             ||
||                                                                            ||
|| Process BAM file 105_48a_CTRL_sub1.co.bam...                               ||
||    Single-end reads are included.                                          ||
||    Total alignments : 20000000                                             ||
||    Successfully assigned alignments : 2796373 (14.0%)                      ||
||    Running time : 0.02 minutes                                             ||
||                                                                            ||
|| Process BAM file 105_48a_CTRL_sub2.co.bam...                               ||
||    Single-end reads are included.                                          ||
||    Total alignments : 15000000                                             ||
||    Successfully assigned alignments : 2097717 (14.0%)                      ||
||    Running time : 0.02 minutes                                             ||
||                                                                            ||
|| Process BAM file 106_48a_SD_full.co.bam...                                 ||
||    Single-end reads are included.                                          ||
||    Total alignments : 43220072                                             ||
||    Successfully assigned alignments : 8245038 (19.1%)                      ||
||    Running time : 0.04 minutes                                             ||
||                                                                            ||
|| Process BAM file 106_48a_SD_sub1.co.bam...                                 ||
||    Single-end reads are included.                                          ||
||    Total alignments : 20000000                                             ||
||    Successfully assigned alignments : 3816265 (19.1%)                      ||
||    Running time : 0.02 minutes                                             ||
||                                                                            ||
|| Process BAM file 106_48a_SD_sub2.co.bam...                                 ||
||    Single-end reads are included.                                          ||
||    Total alignments : 15000000                                             ||
||    Successfully assigned alignments : 2861399 (19.1%)                      ||
||    Running time : 0.02 minutes                                             ||
||                                                                            ||
|| Process BAM file 107_BXD100_CTRL_full.co.bam...                            ||
||    Single-end reads are included.                                          ||
||    Total alignments : 54398887                                             ||
||    Successfully assigned alignments : 11459962 (21.1%)                     ||
||    Running time : 0.05 minutes                                             ||
||                                                                            ||
|| Process BAM file 107_BXD100_CTRL_sub1.co.bam...                            ||
||    Single-end reads are included.                                          ||
||    Total alignments : 20000000                                             ||
||    Successfully assigned alignments : 4212385 (21.1%)                      ||
||    Running time : 0.02 minutes                                             ||
||                                                                            ||
|| Process BAM file 107_BXD100_CTRL_sub2.co.bam...                            ||
||    Single-end reads are included.                                          ||
||    Total alignments : 15000000                                             ||
||    Successfully assigned alignments : 3162745 (21.1%)                      ||
||    Running time : 0.02 minutes                                             ||
||                                                                            ||
|| Process BAM file 108_BXD100_SD_full.co.bam...                              ||
||    Single-end reads are included.                                          ||
||    Total alignments : 45654328                                             ||
||    Successfully assigned alignments : 5932574 (13.0%)                      ||
||    Running time : 0.04 minutes                                             ||
||                                                                            ||
|| Process BAM file 108_BXD100_SD_sub1.co.bam...                              ||
||    Single-end reads are included.                                          ||
||    Total alignments : 20000000                                             ||
||    Successfully assigned alignments : 2597617 (13.0%)                      ||
||    Running time : 0.02 minutes                                             ||
||                                                                            ||
|| Process BAM file 108_BXD100_SD_sub2.co.bam...                              ||
||    Single-end reads are included.                                          ||
||    Total alignments : 15000000                                             ||
||    Successfully assigned alignments : 1949111 (13.0%)                      ||
||    Running time : 0.02 minutes                                             ||
||                                                                            ||
|| Process BAM file 109_C57Bl6_CTRL_full.co.bam...                            ||
||    Single-end reads are included.                                          ||
||    Total alignments : 42795666                                             ||
||    Successfully assigned alignments : 6488076 (15.2%)                      ||
||    Running time : 0.04 minutes                                             ||
||                                                                            ||
|| Process BAM file 109_C57Bl6_CTRL_sub1.co.bam...                            ||
||    Single-end reads are included.                                          ||
||    Total alignments : 20000000                                             ||
||    Successfully assigned alignments : 3059351 (15.3%)                      ||
||    Running time : 0.02 minutes                                             ||
||                                                                            ||
|| Process BAM file 109_C57Bl6_CTRL_sub2.co.bam...                            ||
||    Single-end reads are included.                                          ||
||    Total alignments : 15000000                                             ||
||    Successfully assigned alignments : 2272683 (15.2%)                      ||
||    Running time : 0.02 minutes                                             ||
||                                                                            ||
|| Process BAM file 110_C57Bl6_SD_full.co.bam...                              ||
||    Single-end reads are included.                                          ||
||    Total alignments : 43356231                                             ||
||    Successfully assigned alignments : 7215960 (16.6%)                      ||
||    Running time : 0.04 minutes                                             ||
||                                                                            ||
|| Process BAM file 110_C57Bl6_SD_sub1.co.bam...                              ||
||    Single-end reads are included.                                          ||
||    Total alignments : 20000000                                             ||
||    Successfully assigned alignments : 3353475 (16.8%)                      ||
||    Running time : 0.02 minutes                                             ||
||                                                                            ||
|| Process BAM file 110_C57Bl6_SD_sub2.co.bam...                              ||
||    Single-end reads are included.                                          ||
||    Total alignments : 15000000                                             ||
||    Successfully assigned alignments : 2496045 (16.6%)                      ||
||    Running time : 0.02 minutes                                             ||
||                                                                            ||
|| Process BAM file 111_DBA_CTRL_full.co.bam...                               ||
||    Single-end reads are included.                                          ||
||    Total alignments : 48512902                                             ||
||    Successfully assigned alignments : 6472248 (13.3%)                      ||
||    Running time : 0.05 minutes                                             ||
||                                                                            ||
|| Process BAM file 111_DBA_CTRL_sub1.co.bam...                               ||
||    Single-end reads are included.                                          ||
||    Total alignments : 20000000                                             ||
||    Successfully assigned alignments : 2692437 (13.5%)                      ||
||    Running time : 0.03 minutes                                             ||
||                                                                            ||
|| Process BAM file 111_DBA_CTRL_sub2.co.bam...                               ||
||    Single-end reads are included.                                          ||
||    Total alignments : 15000000                                             ||
||    Successfully assigned alignments : 2001787 (13.3%)                      ||
||    Running time : 0.02 minutes                                             ||
||                                                                            ||
|| Process BAM file 112_DBA_CTRL_full.co.bam...                               ||
||    Single-end reads are included.                                          ||
||    Total alignments : 48883231                                             ||
||    Successfully assigned alignments : 7183491 (14.7%)                      ||
||    Running time : 0.05 minutes                                             ||
||                                                                            ||
|| Process BAM file 112_DBA_CTRL_sub1.co.bam...                               ||
||    Single-end reads are included.                                          ||
||    Total alignments : 20000000                                             ||
||    Successfully assigned alignments : 2960881 (14.8%)                      ||
||    Running time : 0.02 minutes                                             ||
||                                                                            ||
|| Process BAM file 112_DBA_CTRL_sub2.co.bam...                               ||
||    Single-end reads are included.                                          ||
||    Total alignments : 15000000                                             ||
||    Successfully assigned alignments : 2204452 (14.7%)                      ||
||    Running time : 0.02 minutes                                             ||
||                                                                            ||
|| Process BAM file 113_DBA_SD_full.co.bam...                                 ||
||    Single-end reads are included.                                          ||
||    Total alignments : 41844256                                             ||
||    Successfully assigned alignments : 7873539 (18.8%)                      ||
||    Running time : 0.04 minutes                                             ||
||                                                                            ||
|| Process BAM file 113_DBA_SD_sub1.co.bam...                                 ||
||    Single-end reads are included.                                          ||
||    Total alignments : 20000000                                             ||
||    Successfully assigned alignments : 3784850 (18.9%)                      ||
||    Running time : 0.02 minutes                                             ||
||                                                                            ||
|| Process BAM file 113_DBA_SD_sub2.co.bam...                                 ||
||    Single-end reads are included.                                          ||
||    Total alignments : 15000000                                             ||
||    Successfully assigned alignments : 2822404 (18.8%)                      ||
||    Running time : 0.02 minutes                                             ||
||                                                                            ||
|| Process BAM file 114_BXD48_CTRL_full.co.bam...                             ||
||    Single-end reads are included.                                          ||
||    Total alignments : 40583146                                             ||
||    Successfully assigned alignments : 6577323 (16.2%)                      ||
||    Running time : 0.04 minutes                                             ||
||                                                                            ||
|| Process BAM file 114_BXD48_CTRL_sub1.co.bam...                             ||
||    Single-end reads are included.                                          ||
||    Total alignments : 20000000                                             ||
||    Successfully assigned alignments : 3243070 (16.2%)                      ||
||    Running time : 0.02 minutes                                             ||
||                                                                            ||
|| Process BAM file 114_BXD48_CTRL_sub2.co.bam...                             ||
||    Single-end reads are included.                                          ||
||    Total alignments : 15000000                                             ||
||    Successfully assigned alignments : 2429645 (16.2%)                      ||
||    Running time : 0.02 minutes                                             ||
||                                                                            ||
|| Process BAM file 115_BXD48_SD_full.co.bam...                               ||
||    Single-end reads are included.                                          ||
||    Total alignments : 38610683                                             ||
||    Successfully assigned alignments : 5054168 (13.1%)                      ||
||    Running time : 0.04 minutes                                             ||
||                                                                            ||
|| Process BAM file 115_BXD48_SD_sub1.co.bam...                               ||
||    Single-end reads are included.                                          ||
||    Total alignments : 20000000                                             ||
||    Successfully assigned alignments : 2618558 (13.1%)                      ||
||    Running time : 0.02 minutes                                             ||
||                                                                            ||
|| Process BAM file 115_BXD48_SD_sub2.co.bam...                               ||
||    Single-end reads are included.                                          ||
||    Total alignments : 15000000                                             ||
||    Successfully assigned alignments : 1963276 (13.1%)                      ||
||    Running time : 0.02 minutes                                             ||
||                                                                            ||
|| Process BAM file 116_BXD49_CTRL_full.co.bam...                             ||
||    Single-end reads are included.                                          ||
||    Total alignments : 43691877                                             ||
||    Successfully assigned alignments : 6751812 (15.5%)                      ||
||    Running time : 0.04 minutes                                             ||
||                                                                            ||
|| Process BAM file 116_BXD49_CTRL_sub1.co.bam...                             ||
||    Single-end reads are included.                                          ||
||    Total alignments : 20000000                                             ||
||    Successfully assigned alignments : 3092024 (15.5%)                      ||
||    Running time : 0.03 minutes                                             ||
||                                                                            ||
|| Process BAM file 116_BXD49_CTRL_sub2.co.bam...                             ||
||    Single-end reads are included.                                          ||
||    Total alignments : 15000000                                             ||
||    Successfully assigned alignments : 2316876 (15.4%)                      ||
||    Running time : 0.02 minutes                                             ||
||                                                                            ||
|| Process BAM file 117_BXD49_SD_full.co.bam...                               ||
||    Single-end reads are included.                                          ||
||    Total alignments : 43244637                                             ||
||    Successfully assigned alignments : 7164019 (16.6%)                      ||
||    Running time : 0.04 minutes                                             ||
||                                                                            ||
|| Process BAM file 117_BXD49_SD_sub1.co.bam...                               ||
||    Single-end reads are included.                                          ||
||    Total alignments : 20000000                                             ||
||    Successfully assigned alignments : 3311671 (16.6%)                      ||
||    Running time : 0.02 minutes                                             ||
||                                                                            ||
|| Process BAM file 117_BXD49_SD_sub2.co.bam...                               ||
||    Single-end reads are included.                                          ||
||    Total alignments : 15000000                                             ||
||    Successfully assigned alignments : 2484549 (16.6%)                      ||
||    Running time : 0.02 minutes                                             ||
||                                                                            ||
|| Process BAM file 118_BXD51_CTRL_full.co.bam...                             ||
||    Single-end reads are included.                                          ||
||    Total alignments : 49936771                                             ||
||    Successfully assigned alignments : 9033949 (18.1%)                      ||
||    Running time : 0.05 minutes                                             ||
||                                                                            ||
|| Process BAM file 118_BXD51_CTRL_sub1.co.bam...                             ||
||    Single-end reads are included.                                          ||
||    Total alignments : 20000000                                             ||
||    Successfully assigned alignments : 3616117 (18.1%)                      ||
||    Running time : 0.02 minutes                                             ||
||                                                                            ||
|| Process BAM file 118_BXD51_CTRL_sub2.co.bam...                             ||
||    Single-end reads are included.                                          ||
||    Total alignments : 15000000                                             ||
||    Successfully assigned alignments : 2712438 (18.1%)                      ||
||    Running time : 0.02 minutes                                             ||
||                                                                            ||
|| Process BAM file 119_BXD51_SD_full.co.bam...                               ||
||    Single-end reads are included.                                          ||
||    Total alignments : 34794731                                             ||
||    Successfully assigned alignments : 4255958 (12.2%)                      ||
||    Running time : 0.03 minutes                                             ||
||                                                                            ||
|| Process BAM file 119_BXD51_SD_sub1.co.bam...                               ||
||    Single-end reads are included.                                          ||
||    Total alignments : 20000000                                             ||
||    Successfully assigned alignments : 2447113 (12.2%)                      ||
||    Running time : 0.02 minutes                                             ||
||                                                                            ||
|| Process BAM file 119_BXD51_SD_sub2.co.bam...                               ||
||    Single-end reads are included.                                          ||
||    Total alignments : 15000000                                             ||
||    Successfully assigned alignments : 1834543 (12.2%)                      ||
||    Running time : 0.02 minutes                                             ||
||                                                                            ||
|| Process BAM file 120_BXD55_CTRL_full.co.bam...                             ||
||    Single-end reads are included.                                          ||
||    Total alignments : 49239098                                             ||
||    Successfully assigned alignments : 6189327 (12.6%)                      ||
||    Running time : 0.05 minutes                                             ||
||                                                                            ||
|| Process BAM file 120_BXD55_CTRL_sub1.co.bam...                             ||
||    Single-end reads are included.                                          ||
||    Total alignments : 20000000                                             ||
||    Successfully assigned alignments : 2513380 (12.6%)                      ||
||    Running time : 0.02 minutes                                             ||
||                                                                            ||
|| Process BAM file 120_BXD55_CTRL_sub2.co.bam...                             ||
||    Single-end reads are included.                                          ||
||    Total alignments : 15000000                                             ||
||    Successfully assigned alignments : 1887417 (12.6%)                      ||
||    Running time : 0.02 minutes                                             ||
||                                                                            ||
|| Process BAM file 121_BXD55_SD_full.co.bam...                               ||
||    Single-end reads are included.                                          ||
||    Total alignments : 49316300                                             ||
||    Successfully assigned alignments : 8649678 (17.5%)                      ||
||    Running time : 0.05 minutes                                             ||
||                                                                            ||
|| Process BAM file 121_BXD55_SD_sub1.co.bam...                               ||
||    Single-end reads are included.                                          ||
||    Total alignments : 20000000                                             ||
||    Successfully assigned alignments : 3507973 (17.5%)                      ||
||    Running time : 0.02 minutes                                             ||
||                                                                            ||
|| Process BAM file 121_BXD55_SD_sub2.co.bam...                               ||
||    Single-end reads are included.                                          ||
||    Total alignments : 15000000                                             ||
||    Successfully assigned alignments : 2630450 (17.5%)                      ||
||    Running time : 0.02 minutes                                             ||
||                                                                            ||
|| Process BAM file 122_BXD64_CTRL_full.co.bam...                             ||
||    Single-end reads are included.                                          ||
||    Total alignments : 55130299                                             ||
||    Successfully assigned alignments : 8963978 (16.3%)                      ||
||    Running time : 0.05 minutes                                             ||
||                                                                            ||
|| Process BAM file 122_BXD64_CTRL_sub1.co.bam...                             ||
||    Single-end reads are included.                                          ||
||    Total alignments : 20000000                                             ||
||    Successfully assigned alignments : 3252101 (16.3%)                      ||
||    Running time : 0.03 minutes                                             ||
||                                                                            ||
|| Process BAM file 122_BXD64_CTRL_sub2.co.bam...                             ||
||    Single-end reads are included.                                          ||
||    Total alignments : 15000000                                             ||
||    Successfully assigned alignments : 2439869 (16.3%)                      ||
||    Running time : 0.02 minutes                                             ||
||                                                                            ||
|| Process BAM file 123_BXD64_SD_full.co.bam...                               ||
||    Single-end reads are included.                                          ||
||    Total alignments : 47498703                                             ||
||    Successfully assigned alignments : 7035162 (14.8%)                      ||
||    Running time : 0.05 minutes                                             ||
||                                                                            ||
|| Process BAM file 123_BXD64_SD_sub1.co.bam...                               ||
||    Single-end reads are included.                                          ||
||    Total alignments : 20000000                                             ||
||    Successfully assigned alignments : 2961493 (14.8%)                      ||
||    Running time : 0.03 minutes                                             ||
||                                                                            ||
|| Process BAM file 123_BXD64_SD_sub2.co.bam...                               ||
||    Single-end reads are included.                                          ||
||    Total alignments : 15000000                                             ||
||    Successfully assigned alignments : 2221427 (14.8%)                      ||
||    Running time : 0.02 minutes                                             ||
||                                                                            ||
|| Process BAM file 124_BXD81_CTRL_full.co.bam...                             ||
||    Single-end reads are included.                                          ||
||    Total alignments : 43057757                                             ||
||    Successfully assigned alignments : 6472116 (15.0%)                      ||
||    Running time : 0.04 minutes                                             ||
||                                                                            ||
|| Process BAM file 124_BXD81_CTRL_sub1.co.bam...                             ||
||    Single-end reads are included.                                          ||
||    Total alignments : 20000000                                             ||
||    Successfully assigned alignments : 3004653 (15.0%)                      ||
||    Running time : 0.03 minutes                                             ||
||                                                                            ||
|| Process BAM file 124_BXD81_CTRL_sub2.co.bam...                             ||
||    Single-end reads are included.                                          ||
||    Total alignments : 15000000                                             ||
||    Successfully assigned alignments : 2255470 (15.0%)                      ||
||    Running time : 0.02 minutes                                             ||
||                                                                            ||
|| Process BAM file 125_BXD81_SD_full.co.bam...                               ||
||    Single-end reads are included.                                          ||
||    Total alignments : 45942918                                             ||
||    Successfully assigned alignments : 6671575 (14.5%)                      ||
||    Running time : 0.05 minutes                                             ||
||                                                                            ||
|| Process BAM file 125_BXD81_SD_sub1.co.bam...                               ||
||    Single-end reads are included.                                          ||
||    Total alignments : 20000000                                             ||
||    Successfully assigned alignments : 2905435 (14.5%)                      ||
||    Running time : 0.03 minutes                                             ||
||                                                                            ||
|| Process BAM file 125_BXD81_SD_sub2.co.bam...                               ||
||    Single-end reads are included.                                          ||
||    Total alignments : 15000000                                             ||
||    Successfully assigned alignments : 2180706 (14.5%)                      ||
||    Running time : 0.02 minutes                                             ||
||                                                                            ||
|| Process BAM file 126_BXD83_CTRL_full.co.bam...                             ||
||    Single-end reads are included.                                          ||
||    Total alignments : 48366070                                             ||
||    Successfully assigned alignments : 6886020 (14.2%)                      ||
||    Running time : 0.05 minutes                                             ||
||                                                                            ||
|| Process BAM file 126_BXD83_CTRL_sub1.co.bam...                             ||
||    Single-end reads are included.                                          ||
||    Total alignments : 20000000                                             ||
||    Successfully assigned alignments : 2849898 (14.2%)                      ||
||    Running time : 0.03 minutes                                             ||
||                                                                            ||
|| Process BAM file 126_BXD83_CTRL_sub2.co.bam...                             ||
||    Single-end reads are included.                                          ||
||    Total alignments : 15000000                                             ||
||    Successfully assigned alignments : 2136099 (14.2%)                      ||
||    Running time : 0.02 minutes                                             ||
||                                                                            ||
|| Process BAM file 127_BXD83_SD_full.co.bam...                               ||
||    Single-end reads are included.                                          ||
||    Total alignments : 51713470                                             ||
||    Successfully assigned alignments : 7878115 (15.2%)                      ||
||    Running time : 0.05 minutes                                             ||
||                                                                            ||
|| Process BAM file 127_BXD83_SD_sub1.co.bam...                               ||
||    Single-end reads are included.                                          ||
||    Total alignments : 20000000                                             ||
||    Successfully assigned alignments : 3046419 (15.2%)                      ||
||    Running time : 0.03 minutes                                             ||
||                                                                            ||
|| Process BAM file 127_BXD83_SD_sub2.co.bam...                               ||
||    Single-end reads are included.                                          ||
||    Total alignments : 15000000                                             ||
||    Successfully assigned alignments : 2282630 (15.2%)                      ||
||    Running time : 0.02 minutes                                             ||
||                                                                            ||
|| Process BAM file 128_BXD84_CTRL_full.co.bam...                             ||
||    Single-end reads are included.                                          ||
||    Total alignments : 44110731                                             ||
||    Successfully assigned alignments : 6895558 (15.6%)                      ||
||    Running time : 0.05 minutes                                             ||
||                                                                            ||
|| Process BAM file 128_BXD84_CTRL_sub1.co.bam...                             ||
||    Single-end reads are included.                                          ||
||    Total alignments : 20000000                                             ||
||    Successfully assigned alignments : 3127207 (15.6%)                      ||
||    Running time : 0.03 minutes                                             ||
||                                                                            ||
|| Process BAM file 128_BXD84_CTRL_sub2.co.bam...                             ||
||    Single-end reads are included.                                          ||
||    Total alignments : 15000000                                             ||
||    Successfully assigned alignments : 2346686 (15.6%)                      ||
||    Running time : 0.02 minutes                                             ||
||                                                                            ||
|| Process BAM file 129_BXD84_SD_full.co.bam...                               ||
||    Single-end reads are included.                                          ||
||    Total alignments : 42203428                                             ||
||    Successfully assigned alignments : 7466182 (17.7%)                      ||
||    Running time : 0.04 minutes                                             ||
||                                                                            ||
|| Process BAM file 129_BXD84_SD_sub1.co.bam...                               ||
||    Single-end reads are included.                                          ||
||    Total alignments : 20000000                                             ||
||    Successfully assigned alignments : 3536935 (17.7%)                      ||
||    Running time : 0.03 minutes                                             ||
||                                                                            ||
|| Process BAM file 129_BXD84_SD_sub2.co.bam...                               ||
||    Single-end reads are included.                                          ||
||    Total alignments : 15000000                                             ||
||    Successfully assigned alignments : 2653002 (17.7%)                      ||
||    Running time : 0.02 minutes                                             ||
||                                                                            ||
|| Process BAM file 130_BXD85_CTRL_full.co.bam...                             ||
||    Single-end reads are included.                                          ||
||    Total alignments : 33790245                                             ||
||    Successfully assigned alignments : 3221534 (9.5%)                       ||
||    Running time : 0.04 minutes                                             ||
||                                                                            ||
|| Process BAM file 130_BXD85_CTRL_sub1.co.bam...                             ||
||    Single-end reads are included.                                          ||
||    Total alignments : 20000000                                             ||
||    Successfully assigned alignments : 1907340 (9.5%)                       ||
||    Running time : 0.02 minutes                                             ||
||                                                                            ||
|| Process BAM file 130_BXD85_CTRL_sub2.co.bam...                             ||
||    Single-end reads are included.                                          ||
||    Total alignments : 15000000                                             ||
||    Successfully assigned alignments : 1429415 (9.5%)                       ||
||    Running time : 0.02 minutes                                             ||
||                                                                            ||
|| Process BAM file 131_BXD85_SD_full.co.bam...                               ||
||    Single-end reads are included.                                          ||
||    Total alignments : 44728059                                             ||
||    Successfully assigned alignments : 5752253 (12.9%)                      ||
||    Running time : 0.04 minutes                                             ||
||                                                                            ||
|| Process BAM file 131_BXD85_SD_sub1.co.bam...                               ||
||    Single-end reads are included.                                          ||
||    Total alignments : 20000000                                             ||
||    Successfully assigned alignments : 2572621 (12.9%)                      ||
||    Running time : 0.03 minutes                                             ||
||                                                                            ||
|| Process BAM file 131_BXD85_SD_sub2.co.bam...                               ||
||    Single-end reads are included.                                          ||
||    Total alignments : 15000000                                             ||
||    Successfully assigned alignments : 1928998 (12.9%)                      ||
||    Running time : 0.02 minutes                                             ||
||                                                                            ||
|| Process BAM file 132_BXD89_CTRL_full.co.bam...                             ||
||    Single-end reads are included.                                          ||
||    Total alignments : 44782674                                             ||
||    Successfully assigned alignments : 6988997 (15.6%)                      ||
||    Running time : 0.04 minutes                                             ||
||                                                                            ||
|| Process BAM file 132_BXD89_CTRL_sub1.co.bam...                             ||
||    Single-end reads are included.                                          ||
||    Total alignments : 20000000                                             ||
||    Successfully assigned alignments : 3122779 (15.6%)                      ||
||    Running time : 0.02 minutes                                             ||
||                                                                            ||
|| Process BAM file 132_BXD89_CTRL_sub2.co.bam...                             ||
||    Single-end reads are included.                                          ||
||    Total alignments : 15000000                                             ||
||    Successfully assigned alignments : 2338769 (15.6%)                      ||
||    Running time : 0.02 minutes                                             ||
||                                                                            ||
|| Process BAM file 133_BXD89_SD_full.co.bam...                               ||
||    Single-end reads are included.                                          ||
||    Total alignments : 56040022                                             ||
||    Successfully assigned alignments : 9975107 (17.8%)                      ||
||    Running time : 0.05 minutes                                             ||
||                                                                            ||
|| Process BAM file 133_BXD89_SD_sub1.co.bam...                               ||
||    Single-end reads are included.                                          ||
||    Total alignments : 20000000                                             ||
||    Successfully assigned alignments : 3559212 (17.8%)                      ||
||    Running time : 0.03 minutes                                             ||
||                                                                            ||
|| Process BAM file 133_BXD89_SD_sub2.co.bam...                               ||
||    Single-end reads are included.                                          ||
||    Total alignments : 15000000                                             ||
||    Successfully assigned alignments : 2669430 (17.8%)                      ||
||    Running time : 0.02 minutes                                             ||
||                                                                            ||
|| Process BAM file 134_BXD95_CTRL_full.co.bam...                             ||
||    Single-end reads are included.                                          ||
||    Total alignments : 47961847                                             ||
||    Successfully assigned alignments : 8039298 (16.8%)                      ||
||    Running time : 0.05 minutes                                             ||
||                                                                            ||
|| Process BAM file 134_BXD95_CTRL_sub1.co.bam...                             ||
||    Single-end reads are included.                                          ||
||    Total alignments : 20000000                                             ||
||    Successfully assigned alignments : 3350978 (16.8%)                      ||
||    Running time : 0.03 minutes                                             ||
||                                                                            ||
|| Process BAM file 134_BXD95_CTRL_sub2.co.bam...                             ||
||    Single-end reads are included.                                          ||
||    Total alignments : 15000000                                             ||
||    Successfully assigned alignments : 2513153 (16.8%)                      ||
||    Running time : 0.02 minutes                                             ||
||                                                                            ||
|| Process BAM file 135_BXD95_SD_full.co.bam...                               ||
||    Single-end reads are included.                                          ||
||    Total alignments : 49528567                                             ||
||    Successfully assigned alignments : 7766236 (15.7%)                      ||
||    Running time : 0.05 minutes                                             ||
||                                                                            ||
|| Process BAM file 135_BXD95_SD_sub1.co.bam...                               ||
||    Single-end reads are included.                                          ||
||    Total alignments : 20000000                                             ||
||    Successfully assigned alignments : 3135903 (15.7%)                      ||
||    Running time : 0.03 minutes                                             ||
||                                                                            ||
|| Process BAM file 135_BXD95_SD_sub2.co.bam...                               ||
||    Single-end reads are included.                                          ||
||    Total alignments : 15000000                                             ||
||    Successfully assigned alignments : 2352957 (15.7%)                      ||
||    Running time : 0.02 minutes                                             ||
||                                                                            ||
|| Process BAM file 136_48a_CTRL_full.co.bam...                               ||
||    Single-end reads are included.                                          ||
||    Total alignments : 48144966                                             ||
||    Successfully assigned alignments : 6429116 (13.4%)                      ||
||    Running time : 0.05 minutes                                             ||
||                                                                            ||
|| Process BAM file 136_48a_CTRL_sub1.co.bam...                               ||
||    Single-end reads are included.                                          ||
||    Total alignments : 20000000                                             ||
||    Successfully assigned alignments : 2673647 (13.4%)                      ||
||    Running time : 0.02 minutes                                             ||
||                                                                            ||
|| Process BAM file 136_48a_CTRL_sub2.co.bam...                               ||
||    Single-end reads are included.                                          ||
||    Total alignments : 15000000                                             ||
||    Successfully assigned alignments : 2003990 (13.4%)                      ||
||    Running time : 0.02 minutes                                             ||
||                                                                            ||
|| Process BAM file 137_48a_SD_full.co.bam...                                 ||
||    Single-end reads are included.                                          ||
||    Total alignments : 34705485                                             ||
||    Successfully assigned alignments : 4171441 (12.0%)                      ||
||    Running time : 0.03 minutes                                             ||
||                                                                            ||
|| Process BAM file 137_48a_SD_sub1.co.bam...                                 ||
||    Single-end reads are included.                                          ||
||    Total alignments : 20000000                                             ||
||    Successfully assigned alignments : 2402343 (12.0%)                      ||
||    Running time : 0.02 minutes                                             ||
||                                                                            ||
|| Process BAM file 137_48a_SD_sub2.co.bam...                                 ||
||    Single-end reads are included.                                          ||
||    Total alignments : 15000000                                             ||
||    Successfully assigned alignments : 1803337 (12.0%)                      ||
||    Running time : 0.02 minutes                                             ||
||                                                                            ||
|| Process BAM file 138_65a_CTRL_full.co.bam...                               ||
||    Single-end reads are included.                                          ||
||    Total alignments : 33446210                                             ||
||    Successfully assigned alignments : 4878492 (14.6%)                      ||
||    Running time : 0.03 minutes                                             ||
||                                                                            ||
|| Process BAM file 138_65a_CTRL_sub1.co.bam...                               ||
||    Single-end reads are included.                                          ||
||    Total alignments : 20000000                                             ||
||    Successfully assigned alignments : 2919132 (14.6%)                      ||
||    Running time : 0.02 minutes                                             ||
||                                                                            ||
|| Process BAM file 138_65a_CTRL_sub2.co.bam...                               ||
||    Single-end reads are included.                                          ||
||    Total alignments : 15000000                                             ||
||    Successfully assigned alignments : 2188722 (14.6%)                      ||
||    Running time : 0.02 minutes                                             ||
||                                                                            ||
|| Process BAM file 139_65a_SD_full.co.bam...                                 ||
||    Single-end reads are included.                                          ||
||    Total alignments : 30468267                                             ||
||    Successfully assigned alignments : 3856011 (12.7%)                      ||
||    Running time : 0.03 minutes                                             ||
||                                                                            ||
|| Process BAM file 139_65a_SD_sub1.co.bam...                                 ||
||    Single-end reads are included.                                          ||
||    Total alignments : 20000000                                             ||
||    Successfully assigned alignments : 2531350 (12.7%)                      ||
||    Running time : 0.02 minutes                                             ||
||                                                                            ||
|| Process BAM file 139_65a_SD_sub2.co.bam...                                 ||
||    Single-end reads are included.                                          ||
||    Total alignments : 15000000                                             ||
||    Successfully assigned alignments : 1898796 (12.7%)                      ||
||    Running time : 0.02 minutes                                             ||
||                                                                            ||
|| Process BAM file 140_BXD98_CTRL_full.co.bam...                             ||
||    Single-end reads are included.                                          ||
||    Total alignments : 32550629                                             ||
||    Successfully assigned alignments : 2944187 (9.0%)                       ||
||    Running time : 0.03 minutes                                             ||
||                                                                            ||
|| Process BAM file 140_BXD98_CTRL_sub1.co.bam...                             ||
||    Single-end reads are included.                                          ||
||    Total alignments : 20000000                                             ||
||    Successfully assigned alignments : 1808538 (9.0%)                       ||
||    Running time : 0.02 minutes                                             ||
||                                                                            ||
|| Process BAM file 140_BXD98_CTRL_sub2.co.bam...                             ||
||    Single-end reads are included.                                          ||
||    Total alignments : 15000000                                             ||
||    Successfully assigned alignments : 1356776 (9.0%)                       ||
||    Running time : 0.02 minutes                                             ||
||                                                                            ||
|| Process BAM file 141_BXD98_SD_full.co.bam...                               ||
||    Single-end reads are included.                                          ||
||    Total alignments : 33192646                                             ||
||    Successfully assigned alignments : 3356460 (10.1%)                      ||
||    Running time : 0.03 minutes                                             ||
||                                                                            ||
|| Process BAM file 141_BXD98_SD_sub1.co.bam...                               ||
||    Single-end reads are included.                                          ||
||    Total alignments : 20000000                                             ||
||    Successfully assigned alignments : 2023831 (10.1%)                      ||
||    Running time : 0.02 minutes                                             ||
||                                                                            ||
|| Process BAM file 141_BXD98_SD_sub2.co.bam...                               ||
||    Single-end reads are included.                                          ||
||    Total alignments : 15000000                                             ||
||    Successfully assigned alignments : 1517352 (10.1%)                      ||
||    Running time : 0.02 minutes                                             ||
||                                                                            ||
|| Process BAM file 142_BXD101_CTRL_full.co.bam...                            ||
||    Single-end reads are included.                                          ||
||    Total alignments : 39377765                                             ||
||    Successfully assigned alignments : 5195304 (13.2%)                      ||
||    Running time : 0.04 minutes                                             ||
||                                                                            ||
|| Process BAM file 142_BXD101_CTRL_sub1.co.bam...                            ||
||    Single-end reads are included.                                          ||
||    Total alignments : 20000000                                             ||
||    Successfully assigned alignments : 2636993 (13.2%)                      ||
||    Running time : 0.02 minutes                                             ||
||                                                                            ||
|| Process BAM file 142_BXD101_CTRL_sub2.co.bam...                            ||
||    Single-end reads are included.                                          ||
||    Total alignments : 15000000                                             ||
||    Successfully assigned alignments : 1979441 (13.2%)                      ||
||    Running time : 0.02 minutes                                             ||
||                                                                            ||
|| Process BAM file 143_BXD101_SD_full.co.bam...                              ||
||    Single-end reads are included.                                          ||
||    Total alignments : 40149785                                             ||
||    Successfully assigned alignments : 5288978 (13.2%)                      ||
||    Running time : 0.04 minutes                                             ||
||                                                                            ||
|| Process BAM file 143_BXD101_SD_sub1.co.bam...                              ||
||    Single-end reads are included.                                          ||
||    Total alignments : 20000000                                             ||
||    Successfully assigned alignments : 2636696 (13.2%)                      ||
||    Running time : 0.02 minutes                                             ||
||                                                                            ||
|| Process BAM file 143_BXD101_SD_sub2.co.bam...                              ||
||    Single-end reads are included.                                          ||
||    Total alignments : 15000000                                             ||
||    Successfully assigned alignments : 1973776 (13.2%)                      ||
||    Running time : 0.02 minutes                                             ||
||                                                                            ||
|| Process BAM file 144_73b_CTRL_full.co.bam...                               ||
||    Single-end reads are included.                                          ||
||    Total alignments : 54453327                                             ||
||    Successfully assigned alignments : 11713471 (21.5%)                     ||
||    Running time : 0.05 minutes                                             ||
||                                                                            ||
|| Process BAM file 144_73b_CTRL_sub1.co.bam...                               ||
||    Single-end reads are included.                                          ||
||    Total alignments : 20000000                                             ||
||    Successfully assigned alignments : 4301434 (21.5%)                      ||
||    Running time : 0.03 minutes                                             ||
||                                                                            ||
|| Process BAM file 144_73b_CTRL_sub2.co.bam...                               ||
||    Single-end reads are included.                                          ||
||    Total alignments : 15000000                                             ||
||    Successfully assigned alignments : 3227179 (21.5%)                      ||
||    Running time : 0.02 minutes                                             ||
||                                                                            ||
|| Process BAM file 145_73b_SD_full.co.bam...                                 ||
||    Single-end reads are included.                                          ||
||    Total alignments : 52103668                                             ||
||    Successfully assigned alignments : 8643728 (16.6%)                      ||
||    Running time : 0.05 minutes                                             ||
||                                                                            ||
|| Process BAM file 145_73b_SD_sub1.co.bam...                                 ||
||    Single-end reads are included.                                          ||
||    Total alignments : 20000000                                             ||
||    Successfully assigned alignments : 3319211 (16.6%)                      ||
||    Running time : 0.03 minutes                                             ||
||                                                                            ||
|| Process BAM file 145_73b_SD_sub2.co.bam...                                 ||
||    Single-end reads are included.                                          ||
||    Total alignments : 15000000                                             ||
||    Successfully assigned alignments : 2490524 (16.6%)                      ||
||    Running time : 0.02 minutes                                             ||
||                                                                            ||
|| Process BAM file 146_C57Bl6_CTRL_full.co.bam...                            ||
||    Single-end reads are included.                                          ||
||    Total alignments : 47156114                                             ||
||    Successfully assigned alignments : 8616487 (18.3%)                      ||
||    Running time : 0.05 minutes                                             ||
||                                                                            ||
|| Process BAM file 146_C57Bl6_CTRL_sub1.co.bam...                            ||
||    Single-end reads are included.                                          ||
||    Total alignments : 20000000                                             ||
||    Successfully assigned alignments : 3683351 (18.4%)                      ||
||    Running time : 0.03 minutes                                             ||
||                                                                            ||
|| Process BAM file 146_C57Bl6_CTRL_sub2.co.bam...                            ||
||    Single-end reads are included.                                          ||
||    Total alignments : 15000000                                             ||
||    Successfully assigned alignments : 2742326 (18.3%)                      ||
||    Running time : 0.02 minutes                                             ||
||                                                                            ||
|| Process BAM file 147_C57Bl6_SD_full.co.bam...                              ||
||    Single-end reads are included.                                          ||
||    Total alignments : 38670497                                             ||
||    Successfully assigned alignments : 5448974 (14.1%)                      ||
||    Running time : 0.04 minutes                                             ||
||                                                                            ||
|| Process BAM file 147_C57Bl6_SD_sub1.co.bam...                              ||
||    Single-end reads are included.                                          ||
||    Total alignments : 20000000                                             ||
||    Successfully assigned alignments : 2839031 (14.2%)                      ||
||    Running time : 0.02 minutes                                             ||
||                                                                            ||
|| Process BAM file 147_C57Bl6_SD_sub2.co.bam...                              ||
||    Single-end reads are included.                                          ||
||    Total alignments : 15000000                                             ||
||    Successfully assigned alignments : 2111812 (14.1%)                      ||
||    Running time : 0.02 minutes                                             ||
||                                                                            ||
|| Process BAM file 148_BXD43_CTRL_full.co.bam...                             ||
||    Single-end reads are included.                                          ||
||    Total alignments : 42631771                                             ||
||    Successfully assigned alignments : 6393005 (15.0%)                      ||
||    Running time : 0.04 minutes                                             ||
||                                                                            ||
|| Process BAM file 148_BXD43_CTRL_sub1.co.bam...                             ||
||    Single-end reads are included.                                          ||
||    Total alignments : 20000000                                             ||
||    Successfully assigned alignments : 3000281 (15.0%)                      ||
||    Running time : 0.02 minutes                                             ||
||                                                                            ||
|| Process BAM file 148_BXD43_CTRL_sub2.co.bam...                             ||
||    Single-end reads are included.                                          ||
||    Total alignments : 15000000                                             ||
||    Successfully assigned alignments : 2249876 (15.0%)                      ||
||    Running time : 0.02 minutes                                             ||
||                                                                            ||
|| Process BAM file 149_BXD43_SD_full.co.bam...                               ||
||    Single-end reads are included.                                          ||
||    Total alignments : 49678594                                             ||
||    Successfully assigned alignments : 7909395 (15.9%)                      ||
||    Running time : 0.05 minutes                                             ||
||                                                                            ||
|| Process BAM file 149_BXD43_SD_sub1.co.bam...                               ||
||    Single-end reads are included.                                          ||
||    Total alignments : 20000000                                             ||
||    Successfully assigned alignments : 3183650 (15.9%)                      ||
||    Running time : 0.03 minutes                                             ||
||                                                                            ||
|| Process BAM file 149_BXD43_SD_sub2.co.bam...                               ||
||    Single-end reads are included.                                          ||
||    Total alignments : 15000000                                             ||
||    Successfully assigned alignments : 2386653 (15.9%)                      ||
||    Running time : 0.02 minutes                                             ||
||                                                                            ||
|| Process BAM file 150_BXD45_CTRL_full.co.bam...                             ||
||    Single-end reads are included.                                          ||
||    Total alignments : 53722609                                             ||
||    Successfully assigned alignments : 7709327 (14.4%)                      ||
||    Running time : 0.05 minutes                                             ||
||                                                                            ||
|| Process BAM file 150_BXD45_CTRL_sub1.co.bam...                             ||
||    Single-end reads are included.                                          ||
||    Total alignments : 20000000                                             ||
||    Successfully assigned alignments : 2869230 (14.3%)                      ||
||    Running time : 0.02 minutes                                             ||
||                                                                            ||
|| Process BAM file 150_BXD45_CTRL_sub2.co.bam...                             ||
||    Single-end reads are included.                                          ||
||    Total alignments : 15000000                                             ||
||    Successfully assigned alignments : 2151438 (14.3%)                      ||
||    Running time : 0.02 minutes                                             ||
||                                                                            ||
|| Process BAM file 151_BXD45_SD_full.co.bam...                               ||
||    Single-end reads are included.                                          ||
||    Total alignments : 49787661                                             ||
||    Successfully assigned alignments : 7255006 (14.6%)                      ||
||    Running time : 0.05 minutes                                             ||
||                                                                            ||
|| Process BAM file 151_BXD45_SD_sub1.co.bam...                               ||
||    Single-end reads are included.                                          ||
||    Total alignments : 20000000                                             ||
||    Successfully assigned alignments : 2913468 (14.6%)                      ||
||    Running time : 0.03 minutes                                             ||
||                                                                            ||
|| Process BAM file 151_BXD45_SD_sub2.co.bam...                               ||
||    Single-end reads are included.                                          ||
||    Total alignments : 15000000                                             ||
||    Successfully assigned alignments : 2186622 (14.6%)                      ||
||    Running time : 0.02 minutes                                             ||
||                                                                            ||
|| Process BAM file 152_BXD48_CTRL_full.co.bam...                             ||
||    Single-end reads are included.                                          ||
||    Total alignments : 84581192                                             ||
||    Successfully assigned alignments : 13631808 (16.1%)                     ||
||    Running time : 0.08 minutes                                             ||
||                                                                            ||
|| Process BAM file 152_BXD48_CTRL_sub1.co.bam...                             ||
||    Single-end reads are included.                                          ||
||    Total alignments : 20000000                                             ||
||    Successfully assigned alignments : 3224434 (16.1%)                      ||
||    Running time : 0.03 minutes                                             ||
||                                                                            ||
|| Process BAM file 152_BXD48_CTRL_sub2.co.bam...                             ||
||    Single-end reads are included.                                          ||
||    Total alignments : 15000000                                             ||
||    Successfully assigned alignments : 2416645 (16.1%)                      ||
||    Running time : 0.02 minutes                                             ||
||                                                                            ||
|| Process BAM file 153_BXD48_SD_full.co.bam...                               ||
||    Single-end reads are included.                                          ||
||    Total alignments : 47618712                                             ||
||    Successfully assigned alignments : 8065859 (16.9%)                      ||
||    Running time : 0.05 minutes                                             ||
||                                                                            ||
|| Process BAM file 153_BXD48_SD_sub1.co.bam...                               ||
||    Single-end reads are included.                                          ||
||    Total alignments : 20000000                                             ||
||    Successfully assigned alignments : 3387683 (16.9%)                      ||
||    Running time : 0.03 minutes                                             ||
||                                                                            ||
|| Process BAM file 153_BXD48_SD_sub2.co.bam...                               ||
||    Single-end reads are included.                                          ||
||    Total alignments : 15000000                                             ||
||    Successfully assigned alignments : 2540483 (16.9%)                      ||
||    Running time : 0.02 minutes                                             ||
||                                                                            ||
|| Process BAM file 154_BXD50_CTRL_full.co.bam...                             ||
||    Single-end reads are included.                                          ||
||    Total alignments : 52918654                                             ||
||    Successfully assigned alignments : 8320403 (15.7%)                      ||
||    Running time : 0.05 minutes                                             ||
||                                                                            ||
|| Process BAM file 154_BXD50_CTRL_sub1.co.bam...                             ||
||    Single-end reads are included.                                          ||
||    Total alignments : 20000000                                             ||
||    Successfully assigned alignments : 3143285 (15.7%)                      ||
||    Running time : 0.03 minutes                                             ||
||                                                                            ||
|| Process BAM file 154_BXD50_CTRL_sub2.co.bam...                             ||
||    Single-end reads are included.                                          ||
||    Total alignments : 15000000                                             ||
||    Successfully assigned alignments : 2357996 (15.7%)                      ||
||    Running time : 0.02 minutes                                             ||
||                                                                            ||
|| Process BAM file 155_BXD50_SD_full.co.bam...                               ||
||    Single-end reads are included.                                          ||
||    Total alignments : 57944661                                             ||
||    Successfully assigned alignments : 9422311 (16.3%)                      ||
||    Running time : 0.06 minutes                                             ||
||                                                                            ||
|| Process BAM file 155_BXD50_SD_sub1.co.bam...                               ||
||    Single-end reads are included.                                          ||
||    Total alignments : 20000000                                             ||
||    Successfully assigned alignments : 3251664 (16.3%)                      ||
||    Running time : 0.03 minutes                                             ||
||                                                                            ||
|| Process BAM file 155_BXD50_SD_sub2.co.bam...                               ||
||    Single-end reads are included.                                          ||
||    Total alignments : 15000000                                             ||
||    Successfully assigned alignments : 2439270 (16.3%)                      ||
||    Running time : 0.02 minutes                                             ||
||                                                                            ||
|| Process BAM file 156_BXD61_CTRL_full.co.bam...                             ||
||    Single-end reads are included.                                          ||
||    Total alignments : 46129873                                             ||
||    Successfully assigned alignments : 7563154 (16.4%)                      ||
||    Running time : 0.05 minutes                                             ||
||                                                                            ||
|| Process BAM file 156_BXD61_CTRL_sub1.co.bam...                             ||
||    Single-end reads are included.                                          ||
||    Total alignments : 20000000                                             ||
||    Successfully assigned alignments : 3279301 (16.4%)                      ||
||    Running time : 0.03 minutes                                             ||
||                                                                            ||
|| Process BAM file 156_BXD61_CTRL_sub2.co.bam...                             ||
||    Single-end reads are included.                                          ||
||    Total alignments : 15000000                                             ||
||    Successfully assigned alignments : 2460847 (16.4%)                      ||
||    Running time : 0.02 minutes                                             ||
||                                                                            ||
|| Process BAM file 157_BXD61_SD_full.co.bam...                               ||
||    Single-end reads are included.                                          ||
||    Total alignments : 63354237                                             ||
||    Successfully assigned alignments : 10010585 (15.8%)                     ||
||    Running time : 0.06 minutes                                             ||
||                                                                            ||
|| Process BAM file 157_BXD61_SD_sub1.co.bam...                               ||
||    Single-end reads are included.                                          ||
||    Total alignments : 20000000                                             ||
||    Successfully assigned alignments : 3162738 (15.8%)                      ||
||    Running time : 0.03 minutes                                             ||
||                                                                            ||
|| Process BAM file 157_BXD61_SD_sub2.co.bam...                               ||
||    Single-end reads are included.                                          ||
||    Total alignments : 15000000                                             ||
||    Successfully assigned alignments : 2371114 (15.8%)                      ||
||    Running time : 0.02 minutes                                             ||
||                                                                            ||
|| Process BAM file 158_BXD64_CTRL_full.co.bam...                             ||
||    Single-end reads are included.                                          ||
||    Total alignments : 46218444                                             ||
||    Successfully assigned alignments : 6576757 (14.2%)                      ||
||    Running time : 0.05 minutes                                             ||
||                                                                            ||
|| Process BAM file 158_BXD64_CTRL_sub1.co.bam...                             ||
||    Single-end reads are included.                                          ||
||    Total alignments : 20000000                                             ||
||    Successfully assigned alignments : 2844473 (14.2%)                      ||
||    Running time : 0.02 minutes                                             ||
||                                                                            ||
|| Process BAM file 158_BXD64_CTRL_sub2.co.bam...                             ||
||    Single-end reads are included.                                          ||
||    Total alignments : 15000000                                             ||
||    Successfully assigned alignments : 2135373 (14.2%)                      ||
||    Running time : 0.02 minutes                                             ||
||                                                                            ||
|| Process BAM file 159_BXD64_SD_full.co.bam...                               ||
||    Single-end reads are included.                                          ||
||    Total alignments : 42724542                                             ||
||    Successfully assigned alignments : 5973770 (14.0%)                      ||
||    Running time : 0.04 minutes                                             ||
||                                                                            ||
|| Process BAM file 159_BXD64_SD_sub1.co.bam...                               ||
||    Single-end reads are included.                                          ||
||    Total alignments : 20000000                                             ||
||    Successfully assigned alignments : 2796696 (14.0%)                      ||
||    Running time : 0.02 minutes                                             ||
||                                                                            ||
|| Process BAM file 159_BXD64_SD_sub2.co.bam...                               ||
||    Single-end reads are included.                                          ||
||    Total alignments : 15000000                                             ||
||    Successfully assigned alignments : 2098785 (14.0%)                      ||
||    Running time : 0.02 minutes                                             ||
||                                                                            ||
|| Process BAM file 160_BXD65_CTRL_full.co.bam...                             ||
||    Single-end reads are included.                                          ||
||    Total alignments : 68620513                                             ||
||    Successfully assigned alignments : 11270629 (16.4%)                     ||
||    Running time : 0.06 minutes                                             ||
||                                                                            ||
|| Process BAM file 160_BXD65_CTRL_sub1.co.bam...                             ||
||    Single-end reads are included.                                          ||
||    Total alignments : 20000000                                             ||
||    Successfully assigned alignments : 3287616 (16.4%)                      ||
||    Running time : 0.03 minutes                                             ||
||                                                                            ||
|| Process BAM file 160_BXD65_CTRL_sub2.co.bam...                             ||
||    Single-end reads are included.                                          ||
||    Total alignments : 15000000                                             ||
||    Successfully assigned alignments : 2463495 (16.4%)                      ||
||    Running time : 0.02 minutes                                             ||
||                                                                            ||
|| Process BAM file 161_BXD65_SD_full.co.bam...                               ||
||    Single-end reads are included.                                          ||
||    Total alignments : 48612474                                             ||
||    Successfully assigned alignments : 7796412 (16.0%)                      ||
||    Running time : 0.05 minutes                                             ||
||                                                                            ||
|| Process BAM file 161_BXD65_SD_sub1.co.bam...                               ||
||    Single-end reads are included.                                          ||
||    Total alignments : 20000000                                             ||
||    Successfully assigned alignments : 3207093 (16.0%)                      ||
||    Running time : 0.03 minutes                                             ||
||                                                                            ||
|| Process BAM file 161_BXD65_SD_sub2.co.bam...                               ||
||    Single-end reads are included.                                          ||
||    Total alignments : 15000000                                             ||
||    Successfully assigned alignments : 2408002 (16.1%)                      ||
||    Running time : 0.02 minutes                                             ||
||                                                                            ||
|| Process BAM file 162_BXD67_CTRL_full.co.bam...                             ||
||    Single-end reads are included.                                          ||
||    Total alignments : 44194451                                             ||
||    Successfully assigned alignments : 6756516 (15.3%)                      ||
||    Running time : 0.04 minutes                                             ||
||                                                                            ||
|| Process BAM file 162_BXD67_CTRL_sub1.co.bam...                             ||
||    Single-end reads are included.                                          ||
||    Total alignments : 20000000                                             ||
||    Successfully assigned alignments : 3058547 (15.3%)                      ||
||    Running time : 0.02 minutes                                             ||
||                                                                            ||
|| Process BAM file 162_BXD67_CTRL_sub2.co.bam...                             ||
||    Single-end reads are included.                                          ||
||    Total alignments : 15000000                                             ||
||    Successfully assigned alignments : 2293704 (15.3%)                      ||
||    Running time : 0.02 minutes                                             ||
||                                                                            ||
|| Process BAM file 163_BXD67_SD_full.co.bam...                               ||
||    Single-end reads are included.                                          ||
||    Total alignments : 40693428                                             ||
||    Successfully assigned alignments : 5845667 (14.4%)                      ||
||    Running time : 0.04 minutes                                             ||
||                                                                            ||
|| Process BAM file 163_BXD67_SD_sub1.co.bam...                               ||
||    Single-end reads are included.                                          ||
||    Total alignments : 20000000                                             ||
||    Successfully assigned alignments : 2871833 (14.4%)                      ||
||    Running time : 0.02 minutes                                             ||
||                                                                            ||
|| Process BAM file 163_BXD67_SD_sub2.co.bam...                               ||
||    Single-end reads are included.                                          ||
||    Total alignments : 15000000                                             ||
||    Successfully assigned alignments : 2154956 (14.4%)                      ||
||    Running time : 0.02 minutes                                             ||
||                                                                            ||
|| Process BAM file 164_BXD70_CTRL_full.co.bam...                             ||
||    Single-end reads are included.                                          ||
||    Total alignments : 46233107                                             ||
||    Successfully assigned alignments : 7827165 (16.9%)                      ||
||    Running time : 0.05 minutes                                             ||
||                                                                            ||
|| Process BAM file 164_BXD70_CTRL_sub1.co.bam...                             ||
||    Single-end reads are included.                                          ||
||    Total alignments : 20000000                                             ||
||    Successfully assigned alignments : 3385835 (16.9%)                      ||
||    Running time : 0.02 minutes                                             ||
||                                                                            ||
|| Process BAM file 164_BXD70_CTRL_sub2.co.bam...                             ||
||    Single-end reads are included.                                          ||
||    Total alignments : 15000000                                             ||
||    Successfully assigned alignments : 2537084 (16.9%)                      ||
||    Running time : 0.02 minutes                                             ||
||                                                                            ||
|| Process BAM file 165_BXD70_SD_full.co.bam...                               ||
||    Single-end reads are included.                                          ||
||    Total alignments : 46863185                                             ||
||    Successfully assigned alignments : 7611507 (16.2%)                      ||
||    Running time : 0.05 minutes                                             ||
||                                                                            ||
|| Process BAM file 165_BXD70_SD_sub1.co.bam...                               ||
||    Single-end reads are included.                                          ||
||    Total alignments : 20000000                                             ||
||    Successfully assigned alignments : 3247983 (16.2%)                      ||
||    Running time : 0.02 minutes                                             ||
||                                                                            ||
|| Process BAM file 165_BXD70_SD_sub2.co.bam...                               ||
||    Single-end reads are included.                                          ||
||    Total alignments : 15000000                                             ||
||    Successfully assigned alignments : 2436048 (16.2%)                      ||
||    Running time : 0.02 minutes                                             ||
||                                                                            ||
|| Process BAM file 166_BXD79_CTRL_full.co.bam...                             ||
||    Single-end reads are included.                                          ||
||    Total alignments : 46483117                                             ||
||    Successfully assigned alignments : 7073230 (15.2%)                      ||
||    Running time : 0.05 minutes                                             ||
||                                                                            ||
|| Process BAM file 166_BXD79_CTRL_sub1.co.bam...                             ||
||    Single-end reads are included.                                          ||
||    Total alignments : 20000000                                             ||
||    Successfully assigned alignments : 3043796 (15.2%)                      ||
||    Running time : 0.02 minutes                                             ||
||                                                                            ||
|| Process BAM file 166_BXD79_CTRL_sub2.co.bam...                             ||
||    Single-end reads are included.                                          ||
||    Total alignments : 15000000                                             ||
||    Successfully assigned alignments : 2282834 (15.2%)                      ||
||    Running time : 0.02 minutes                                             ||
||                                                                            ||
|| Process BAM file 167_BXD79_SD_full.co.bam...                               ||
||    Single-end reads are included.                                          ||
||    Total alignments : 46879622                                             ||
||    Successfully assigned alignments : 7467485 (15.9%)                      ||
||    Running time : 0.05 minutes                                             ||
||                                                                            ||
|| Process BAM file 167_BXD79_SD_sub1.co.bam...                               ||
||    Single-end reads are included.                                          ||
||    Total alignments : 20000000                                             ||
||    Successfully assigned alignments : 3187850 (15.9%)                      ||
||    Running time : 0.03 minutes                                             ||
||                                                                            ||
|| Process BAM file 167_BXD79_SD_sub2.co.bam...                               ||
||    Single-end reads are included.                                          ||
||    Total alignments : 15000000                                             ||
||    Successfully assigned alignments : 2390004 (15.9%)                      ||
||    Running time : 0.02 minutes                                             ||
||                                                                            ||
|| Process BAM file 168_BXD81_CTRL_full.co.bam...                             ||
||    Single-end reads are included.                                          ||
||    Total alignments : 38816911                                             ||
||    Successfully assigned alignments : 5797349 (14.9%)                      ||
||    Running time : 0.04 minutes                                             ||
||                                                                            ||
|| Process BAM file 168_BXD81_CTRL_sub1.co.bam...                             ||
||    Single-end reads are included.                                          ||
||    Total alignments : 20000000                                             ||
||    Successfully assigned alignments : 2986990 (14.9%)                      ||
||    Running time : 0.02 minutes                                             ||
||                                                                            ||
|| Process BAM file 168_BXD81_CTRL_sub2.co.bam...                             ||
||    Single-end reads are included.                                          ||
||    Total alignments : 15000000                                             ||
||    Successfully assigned alignments : 2241244 (14.9%)                      ||
||    Running time : 0.02 minutes                                             ||
||                                                                            ||
|| Process BAM file 169_BXD81_SD_full.co.bam...                               ||
||    Single-end reads are included.                                          ||
||    Total alignments : 43335437                                             ||
||    Successfully assigned alignments : 7856674 (18.1%)                      ||
||    Running time : 0.04 minutes                                             ||
||                                                                            ||
|| Process BAM file 169_BXD81_SD_sub1.co.bam...                               ||
||    Single-end reads are included.                                          ||
||    Total alignments : 20000000                                             ||
||    Successfully assigned alignments : 3628183 (18.1%)                      ||
||    Running time : 0.03 minutes                                             ||
||                                                                            ||
|| Process BAM file 169_BXD81_SD_sub2.co.bam...                               ||
||    Single-end reads are included.                                          ||
||    Total alignments : 15000000                                             ||
||    Successfully assigned alignments : 2720336 (18.1%)                      ||
||    Running time : 0.02 minutes                                             ||
||                                                                            ||
|| Process BAM file 170_BXD85_CTRL_full.co.bam...                             ||
||    Single-end reads are included.                                          ||
||    Total alignments : 47294224                                             ||
||    Successfully assigned alignments : 7649402 (16.2%)                      ||
||    Running time : 0.05 minutes                                             ||
||                                                                            ||
|| Process BAM file 170_BXD85_CTRL_sub1.co.bam...                             ||
||    Single-end reads are included.                                          ||
||    Total alignments : 20000000                                             ||
||    Successfully assigned alignments : 3236240 (16.2%)                      ||
||    Running time : 0.03 minutes                                             ||
||                                                                            ||
|| Process BAM file 170_BXD85_CTRL_sub2.co.bam...                             ||
||    Single-end reads are included.                                          ||
||    Total alignments : 15000000                                             ||
||    Successfully assigned alignments : 2425495 (16.2%)                      ||
||    Running time : 0.02 minutes                                             ||
||                                                                            ||
|| Process BAM file 171_BXD85_SD_full.co.bam...                               ||
||    Single-end reads are included.                                          ||
||    Total alignments : 42083634                                             ||
||    Successfully assigned alignments : 6945010 (16.5%)                      ||
||    Running time : 0.04 minutes                                             ||
||                                                                            ||
|| Process BAM file 171_BXD85_SD_sub1.co.bam...                               ||
||    Single-end reads are included.                                          ||
||    Total alignments : 20000000                                             ||
||    Successfully assigned alignments : 3299848 (16.5%)                      ||
||    Running time : 0.03 minutes                                             ||
||                                                                            ||
|| Process BAM file 171_BXD85_SD_sub2.co.bam...                               ||
||    Single-end reads are included.                                          ||
||    Total alignments : 15000000                                             ||
||    Successfully assigned alignments : 2475385 (16.5%)                      ||
||    Running time : 0.02 minutes                                             ||
||                                                                            ||
|| Process BAM file 174_BXD89_CTRL_full.co.bam...                             ||
||    Single-end reads are included.                                          ||
||    Total alignments : 46397110                                             ||
||    Successfully assigned alignments : 6974853 (15.0%)                      ||
||    Running time : 0.04 minutes                                             ||
||                                                                            ||
|| Process BAM file 174_BXD89_CTRL_sub1.co.bam...                             ||
||    Single-end reads are included.                                          ||
||    Total alignments : 20000000                                             ||
||    Successfully assigned alignments : 3005722 (15.0%)                      ||
||    Running time : 0.02 minutes                                             ||
||                                                                            ||
|| Process BAM file 174_BXD89_CTRL_sub2.co.bam...                             ||
||    Single-end reads are included.                                          ||
||    Total alignments : 15000000                                             ||
||    Successfully assigned alignments : 2254775 (15.0%)                      ||
||    Running time : 0.02 minutes                                             ||
||                                                                            ||
|| Process BAM file 175_BXD89_SD_full.co.bam...                               ||
||    Single-end reads are included.                                          ||
||    Total alignments : 48754219                                             ||
||    Successfully assigned alignments : 8226292 (16.9%)                      ||
||    Running time : 0.05 minutes                                             ||
||                                                                            ||
|| Process BAM file 175_BXD89_SD_sub1.co.bam...                               ||
||    Single-end reads are included.                                          ||
||    Total alignments : 20000000                                             ||
||    Successfully assigned alignments : 3372312 (16.9%)                      ||
||    Running time : 0.02 minutes                                             ||
||                                                                            ||
|| Process BAM file 175_BXD89_SD_sub2.co.bam...                               ||
||    Single-end reads are included.                                          ||
||    Total alignments : 15000000                                             ||
||    Successfully assigned alignments : 2530270 (16.9%)                      ||
||    Running time : 0.02 minutes                                             ||
||                                                                            ||
|| Process BAM file 176_BXD90_CTRL_full.co.bam...                             ||
||    Single-end reads are included.                                          ||
||    Total alignments : 50411799                                             ||
||    Successfully assigned alignments : 8011936 (15.9%)                      ||
||    Running time : 0.05 minutes                                             ||
||                                                                            ||
|| Process BAM file 176_BXD90_CTRL_sub1.co.bam...                             ||
||    Single-end reads are included.                                          ||
||    Total alignments : 20000000                                             ||
||    Successfully assigned alignments : 3178908 (15.9%)                      ||
||    Running time : 0.03 minutes                                             ||
||                                                                            ||
|| Process BAM file 176_BXD90_CTRL_sub2.co.bam...                             ||
||    Single-end reads are included.                                          ||
||    Total alignments : 15000000                                             ||
||    Successfully assigned alignments : 2386679 (15.9%)                      ||
||    Running time : 0.02 minutes                                             ||
||                                                                            ||
|| Process BAM file 177_BXD90_SD_full.co.bam...                               ||
||    Single-end reads are included.                                          ||
||    Total alignments : 61933907                                             ||
||    Successfully assigned alignments : 8908138 (14.4%)                      ||
||    Running time : 0.06 minutes                                             ||
||                                                                            ||
|| Process BAM file 177_BXD90_SD_sub1.co.bam...                               ||
||    Single-end reads are included.                                          ||
||    Total alignments : 20000000                                             ||
||    Successfully assigned alignments : 2877265 (14.4%)                      ||
||    Running time : 0.02 minutes                                             ||
||                                                                            ||
|| Process BAM file 177_BXD90_SD_sub2.co.bam...                               ||
||    Single-end reads are included.                                          ||
||    Total alignments : 15000000                                             ||
||    Successfully assigned alignments : 2157919 (14.4%)                      ||
||    Running time : 0.02 minutes                                             ||
||                                                                            ||
|| Process BAM file 178_BXD95_CTRL_full.co.bam...                             ||
||    Single-end reads are included.                                          ||
||    Total alignments : 69438199                                             ||
||    Successfully assigned alignments : 11232400 (16.2%)                     ||
||    Running time : 0.06 minutes                                             ||
||                                                                            ||
|| Process BAM file 178_BXD95_CTRL_sub1.co.bam...                             ||
||    Single-end reads are included.                                          ||
||    Total alignments : 20000000                                             ||
||    Successfully assigned alignments : 3232411 (16.2%)                      ||
||    Running time : 0.03 minutes                                             ||
||                                                                            ||
|| Process BAM file 178_BXD95_CTRL_sub2.co.bam...                             ||
||    Single-end reads are included.                                          ||
||    Total alignments : 15000000                                             ||
||    Successfully assigned alignments : 2428043 (16.2%)                      ||
||    Running time : 0.02 minutes                                             ||
||                                                                            ||
|| Process BAM file 179_BXD95_SD_full.co.bam...                               ||
||    Single-end reads are included.                                          ||
||    Total alignments : 70028017                                             ||
||    Successfully assigned alignments : 12814380 (18.3%)                     ||
||    Running time : 0.06 minutes                                             ||
||                                                                            ||
|| Process BAM file 179_BXD95_SD_sub1.co.bam...                               ||
||    Single-end reads are included.                                          ||
||    Total alignments : 20000000                                             ||
||    Successfully assigned alignments : 3660660 (18.3%)                      ||
||    Running time : 0.03 minutes                                             ||
||                                                                            ||
|| Process BAM file 179_BXD95_SD_sub2.co.bam...                               ||
||    Single-end reads are included.                                          ||
||    Total alignments : 15000000                                             ||
||    Successfully assigned alignments : 2745785 (18.3%)                      ||
||    Running time : 0.02 minutes                                             ||
||                                                                            ||
|| Process BAM file 180_C57Bl6_CTRL_full.co.bam...                            ||
||    Single-end reads are included.                                          ||
||    Total alignments : 49135596                                             ||
||    Successfully assigned alignments : 8360564 (17.0%)                      ||
||    Running time : 0.05 minutes                                             ||
||                                                                            ||
|| Process BAM file 180_C57Bl6_CTRL_sub1.co.bam...                            ||
||    Single-end reads are included.                                          ||
||    Total alignments : 20000000                                             ||
||    Successfully assigned alignments : 3432132 (17.2%)                      ||
||    Running time : 0.02 minutes                                             ||
||                                                                            ||
|| Process BAM file 180_C57Bl6_CTRL_sub2.co.bam...                            ||
||    Single-end reads are included.                                          ||
||    Total alignments : 15000000                                             ||
||    Successfully assigned alignments : 2551529 (17.0%)                      ||
||    Running time : 0.02 minutes                                             ||
||                                                                            ||
|| Process BAM file 181_C57Bl6_SD_full.co.bam...                              ||
||    Single-end reads are included.                                          ||
||    Total alignments : 43499437                                             ||
||    Successfully assigned alignments : 6183052 (14.2%)                      ||
||    Running time : 0.04 minutes                                             ||
||                                                                            ||
|| Process BAM file 181_C57Bl6_SD_sub1.co.bam...                              ||
||    Single-end reads are included.                                          ||
||    Total alignments : 20000000                                             ||
||    Successfully assigned alignments : 2871358 (14.4%)                      ||
||    Running time : 0.02 minutes                                             ||
||                                                                            ||
|| Process BAM file 181_C57Bl6_SD_sub2.co.bam...                              ||
||    Single-end reads are included.                                          ||
||    Total alignments : 15000000                                             ||
||    Successfully assigned alignments : 2132060 (14.2%)                      ||
||    Running time : 0.02 minutes                                             ||
||                                                                            ||
|| Process BAM file 182_DBA_CTRL_full.co.bam...                               ||
||    Single-end reads are included.                                          ||
||    Total alignments : 43651939                                             ||
||    Successfully assigned alignments : 7070221 (16.2%)                      ||
||    Running time : 0.04 minutes                                             ||
||                                                                            ||
|| Process BAM file 182_DBA_CTRL_sub1.co.bam...                               ||
||    Single-end reads are included.                                          ||
||    Total alignments : 20000000                                             ||
||    Successfully assigned alignments : 3263904 (16.3%)                      ||
||    Running time : 0.02 minutes                                             ||
||                                                                            ||
|| Process BAM file 182_DBA_CTRL_sub2.co.bam...                               ||
||    Single-end reads are included.                                          ||
||    Total alignments : 15000000                                             ||
||    Successfully assigned alignments : 2429831 (16.2%)                      ||
||    Running time : 0.02 minutes                                             ||
||                                                                            ||
|| Process BAM file 183_DBA_SD_full.co.bam...                                 ||
||    Single-end reads are included.                                          ||
||    Total alignments : 56761801                                             ||
||    Successfully assigned alignments : 9511688 (16.8%)                      ||
||    Running time : 0.05 minutes                                             ||
||                                                                            ||
|| Process BAM file 183_DBA_SD_sub1.co.bam...                                 ||
||    Single-end reads are included.                                          ||
||    Total alignments : 20000000                                             ||
||    Successfully assigned alignments : 3375165 (16.9%)                      ||
||    Running time : 0.02 minutes                                             ||
||                                                                            ||
|| Process BAM file 183_DBA_SD_sub2.co.bam...                                 ||
||    Single-end reads are included.                                          ||
||    Total alignments : 15000000                                             ||
||    Successfully assigned alignments : 2514019 (16.8%)                      ||
||    Running time : 0.02 minutes                                             ||
||                                                                            ||
|| Process BAM file 184_BXD43_CTRL_full.co.bam...                             ||
||    Single-end reads are included.                                          ||
||    Total alignments : 40379615                                             ||
||    Successfully assigned alignments : 4731189 (11.7%)                      ||
||    Running time : 0.04 minutes                                             ||
||                                                                            ||
|| Process BAM file 184_BXD43_CTRL_sub1.co.bam...                             ||
||    Single-end reads are included.                                          ||
||    Total alignments : 20000000                                             ||
||    Successfully assigned alignments : 2343820 (11.7%)                      ||
||    Running time : 0.02 minutes                                             ||
||                                                                            ||
|| Process BAM file 184_BXD43_CTRL_sub2.co.bam...                             ||
||    Single-end reads are included.                                          ||
||    Total alignments : 15000000                                             ||
||    Successfully assigned alignments : 1757058 (11.7%)                      ||
||    Running time : 0.02 minutes                                             ||
||                                                                            ||
|| Process BAM file 185_BXD43_SD_full.co.bam...                               ||
||    Single-end reads are included.                                          ||
||    Total alignments : 101887950                                            ||
||    Successfully assigned alignments : 16258138 (16.0%)                     ||
||    Running time : 0.09 minutes                                             ||
||                                                                            ||
|| Process BAM file 185_BXD43_SD_sub1.co.bam...                               ||
||    Single-end reads are included.                                          ||
||    Total alignments : 20000000                                             ||
||    Successfully assigned alignments : 3192672 (16.0%)                      ||
||    Running time : 0.02 minutes                                             ||
||                                                                            ||
|| Process BAM file 185_BXD43_SD_sub2.co.bam...                               ||
||    Single-end reads are included.                                          ||
||    Total alignments : 15000000                                             ||
||    Successfully assigned alignments : 2393251 (16.0%)                      ||
||    Running time : 0.02 minutes                                             ||
||                                                                            ||
|| Process BAM file 186_BXD50_CTRL_full.co.bam...                             ||
||    Single-end reads are included.                                          ||
||    Total alignments : 40263749                                             ||
||    Successfully assigned alignments : 4811932 (12.0%)                      ||
||    Running time : 0.04 minutes                                             ||
||                                                                            ||
|| Process BAM file 186_BXD50_CTRL_sub1.co.bam...                             ||
||    Single-end reads are included.                                          ||
||    Total alignments : 20000000                                             ||
||    Successfully assigned alignments : 2390522 (12.0%)                      ||
||    Running time : 0.02 minutes                                             ||
||                                                                            ||
|| Process BAM file 186_BXD50_CTRL_sub2.co.bam...                             ||
||    Single-end reads are included.                                          ||
||    Total alignments : 15000000                                             ||
||    Successfully assigned alignments : 1790719 (11.9%)                      ||
||    Running time : 0.02 minutes                                             ||
||                                                                            ||
|| Process BAM file 187_BXD50_SD_full.co.bam...                               ||
||    Single-end reads are included.                                          ||
||    Total alignments : 55794297                                             ||
||    Successfully assigned alignments : 9718595 (17.4%)                      ||
||    Running time : 0.05 minutes                                             ||
||                                                                            ||
|| Process BAM file 187_BXD50_SD_sub1.co.bam...                               ||
||    Single-end reads are included.                                          ||
||    Total alignments : 20000000                                             ||
||    Successfully assigned alignments : 3485688 (17.4%)                      ||
||    Running time : 0.02 minutes                                             ||
||                                                                            ||
|| Process BAM file 187_BXD50_SD_sub2.co.bam...                               ||
||    Single-end reads are included.                                          ||
||    Total alignments : 15000000                                             ||
||    Successfully assigned alignments : 2611636 (17.4%)                      ||
||    Running time : 0.02 minutes                                             ||
||                                                                            ||
|| Process BAM file 188_BXD65_CTRL_full.co.bam...                             ||
||    Single-end reads are included.                                          ||
||    Total alignments : 44960971                                             ||
||    Successfully assigned alignments : 6739350 (15.0%)                      ||
||    Running time : 0.04 minutes                                             ||
||                                                                            ||
|| Process BAM file 188_BXD65_CTRL_sub1.co.bam...                             ||
||    Single-end reads are included.                                          ||
||    Total alignments : 20000000                                             ||
||    Successfully assigned alignments : 2997973 (15.0%)                      ||
||    Running time : 0.02 minutes                                             ||
||                                                                            ||
|| Process BAM file 188_BXD65_CTRL_sub2.co.bam...                             ||
||    Single-end reads are included.                                          ||
||    Total alignments : 15000000                                             ||
||    Successfully assigned alignments : 2247453 (15.0%)                      ||
||    Running time : 0.02 minutes                                             ||
||                                                                            ||
|| Process BAM file 189_BXD65_SD_full.co.bam...                               ||
||    Single-end reads are included.                                          ||
||    Total alignments : 48176095                                             ||
||    Successfully assigned alignments : 7655067 (15.9%)                      ||
||    Running time : 0.05 minutes                                             ||
||                                                                            ||
|| Process BAM file 189_BXD65_SD_sub1.co.bam...                               ||
||    Single-end reads are included.                                          ||
||    Total alignments : 20000000                                             ||
||    Successfully assigned alignments : 3178793 (15.9%)                      ||
||    Running time : 0.02 minutes                                             ||
||                                                                            ||
|| Process BAM file 189_BXD65_SD_sub2.co.bam...                               ||
||    Single-end reads are included.                                          ||
||    Total alignments : 15000000                                             ||
||    Successfully assigned alignments : 2381537 (15.9%)                      ||
||    Running time : 0.02 minutes                                             ||
||                                                                            ||
|| Process BAM file 190_65a_CTRL_full.co.bam...                               ||
||    Single-end reads are included.                                          ||
||    Total alignments : 49412201                                             ||
||    Successfully assigned alignments : 6608680 (13.4%)                      ||
||    Running time : 0.05 minutes                                             ||
||                                                                            ||
|| Process BAM file 190_65a_CTRL_sub1.co.bam...                               ||
||    Single-end reads are included.                                          ||
||    Total alignments : 20000000                                             ||
||    Successfully assigned alignments : 2675262 (13.4%)                      ||
||    Running time : 0.03 minutes                                             ||
||                                                                            ||
|| Process BAM file 190_65a_CTRL_sub2.co.bam...                               ||
||    Single-end reads are included.                                          ||
||    Total alignments : 15000000                                             ||
||    Successfully assigned alignments : 2009197 (13.4%)                      ||
||    Running time : 0.02 minutes                                             ||
||                                                                            ||
|| Process BAM file 192_BXD98_CTRL_full.co.bam...                             ||
||    Single-end reads are included.                                          ||
||    Total alignments : 61145733                                             ||
||    Successfully assigned alignments : 9804706 (16.0%)                      ||
||    Running time : 0.06 minutes                                             ||
||                                                                            ||
|| Process BAM file 192_BXD98_CTRL_sub1.co.bam...                             ||
||    Single-end reads are included.                                          ||
||    Total alignments : 20000000                                             ||
||    Successfully assigned alignments : 3209051 (16.0%)                      ||
||    Running time : 0.03 minutes                                             ||
||                                                                            ||
|| Process BAM file 192_BXD98_CTRL_sub2.co.bam...                             ||
||    Single-end reads are included.                                          ||
||    Total alignments : 15000000                                             ||
||    Successfully assigned alignments : 2406477 (16.0%)                      ||
||    Running time : 0.02 minutes                                             ||
||                                                                            ||
|| Process BAM file 193_BXD98_SD_full.co.bam...                               ||
||    Single-end reads are included.                                          ||
||    Total alignments : 94157238                                             ||
||    Successfully assigned alignments : 16977609 (18.0%)                     ||
||    Running time : 0.08 minutes                                             ||
||                                                                            ||
|| Process BAM file 193_BXD98_SD_sub1.co.bam...                               ||
||    Single-end reads are included.                                          ||
||    Total alignments : 20000000                                             ||
||    Successfully assigned alignments : 3607138 (18.0%)                      ||
||    Running time : 0.03 minutes                                             ||
||                                                                            ||
|| Process BAM file 193_BXD98_SD_sub2.co.bam...                               ||
||    Single-end reads are included.                                          ||
||    Total alignments : 15000000                                             ||
||    Successfully assigned alignments : 2704098 (18.0%)                      ||
||    Running time : 0.02 minutes                                             ||
||                                                                            ||
|| Process BAM file 194_BXD98_CTRL_full.co.bam...                             ||
||    Single-end reads are included.                                          ||
||    Total alignments : 80800800                                             ||
||    Successfully assigned alignments : 12733908 (15.8%)                     ||
||    Running time : 0.07 minutes                                             ||
||                                                                            ||
|| Process BAM file 194_BXD98_CTRL_sub1.co.bam...                             ||
||    Single-end reads are included.                                          ||
||    Total alignments : 20000000                                             ||
||    Successfully assigned alignments : 3151845 (15.8%)                      ||
||    Running time : 0.02 minutes                                             ||
||                                                                            ||
|| Process BAM file 194_BXD98_CTRL_sub2.co.bam...                             ||
||    Single-end reads are included.                                          ||
||    Total alignments : 15000000                                             ||
||    Successfully assigned alignments : 2363882 (15.8%)                      ||
||    Running time : 0.02 minutes                                             ||
||                                                                            ||
|| Process BAM file 195_BXD98_SD_full.co.bam...                               ||
||    Single-end reads are included.                                          ||
||    Total alignments : 45359989                                             ||
||    Successfully assigned alignments : 6837079 (15.1%)                      ||
||    Running time : 0.04 minutes                                             ||
||                                                                            ||
|| Process BAM file 195_BXD98_SD_sub1.co.bam...                               ||
||    Single-end reads are included.                                          ||
||    Total alignments : 20000000                                             ||
||    Successfully assigned alignments : 3015953 (15.1%)                      ||
||    Running time : 0.02 minutes                                             ||
||                                                                            ||
|| Process BAM file 195_BXD98_SD_sub2.co.bam...                               ||
||    Single-end reads are included.                                          ||
||    Total alignments : 15000000                                             ||
||    Successfully assigned alignments : 2260509 (15.1%)                      ||
||    Running time : 0.02 minutes                                             ||
||                                                                            ||
|| Process BAM file 196_BXD100_CTRL_full.co.bam...                            ||
||    Single-end reads are included.                                          ||
||    Total alignments : 52205737                                             ||
||    Successfully assigned alignments : 7475988 (14.3%)                      ||
||    Running time : 0.05 minutes                                             ||
||                                                                            ||
|| Process BAM file 196_BXD100_CTRL_sub1.co.bam...                            ||
||    Single-end reads are included.                                          ||
||    Total alignments : 20000000                                             ||
||    Successfully assigned alignments : 2862293 (14.3%)                      ||
||    Running time : 0.03 minutes                                             ||
||                                                                            ||
|| Process BAM file 196_BXD100_CTRL_sub2.co.bam...                            ||
||    Single-end reads are included.                                          ||
||    Total alignments : 15000000                                             ||
||    Successfully assigned alignments : 2148778 (14.3%)                      ||
||    Running time : 0.02 minutes                                             ||
||                                                                            ||
|| Process BAM file 197_BXD100_SD_full.co.bam...                              ||
||    Single-end reads are included.                                          ||
||    Total alignments : 108709144                                            ||
||    Successfully assigned alignments : 16531819 (15.2%)                     ||
||    Running time : 0.09 minutes                                             ||
||                                                                            ||
|| Process BAM file 197_BXD100_SD_sub1.co.bam...                              ||
||    Single-end reads are included.                                          ||
||    Total alignments : 20000000                                             ||
||    Successfully assigned alignments : 3041747 (15.2%)                      ||
||    Running time : 0.03 minutes                                             ||
||                                                                            ||
|| Process BAM file 197_BXD100_SD_sub2.co.bam...                              ||
||    Single-end reads are included.                                          ||
||    Total alignments : 15000000                                             ||
||    Successfully assigned alignments : 2279281 (15.2%)                      ||
||    Running time : 0.02 minutes                                             ||
||                                                                            ||
|| Process BAM file 198_73b_CTRL_full.co.bam...                               ||
||    Single-end reads are included.                                          ||
||    Total alignments : 50962578                                             ||
||    Successfully assigned alignments : 8076553 (15.8%)                      ||
||    Running time : 0.05 minutes                                             ||
||                                                                            ||
|| Process BAM file 198_73b_CTRL_sub1.co.bam...                               ||
||    Single-end reads are included.                                          ||
||    Total alignments : 20000000                                             ||
||    Successfully assigned alignments : 3167717 (15.8%)                      ||
||    Running time : 0.02 minutes                                             ||
||                                                                            ||
|| Process BAM file 198_73b_CTRL_sub2.co.bam...                               ||
||    Single-end reads are included.                                          ||
||    Total alignments : 15000000                                             ||
||    Successfully assigned alignments : 2375764 (15.8%)                      ||
||    Running time : 0.02 minutes                                             ||
||                                                                            ||
|| Process BAM file 199_73b_SD_full.co.bam...                                 ||
||    Single-end reads are included.                                          ||
||    Total alignments : 45806394                                             ||
||    Successfully assigned alignments : 5838934 (12.7%)                      ||
||    Running time : 0.04 minutes                                             ||
||                                                                            ||
|| Process BAM file 199_73b_SD_sub1.co.bam...                                 ||
||    Single-end reads are included.                                          ||
||    Total alignments : 20000000                                             ||
||    Successfully assigned alignments : 2550097 (12.8%)                      ||
||    Running time : 0.02 minutes                                             ||
||                                                                            ||
|| Process BAM file 199_73b_SD_sub2.co.bam...                                 ||
||    Single-end reads are included.                                          ||
||    Total alignments : 15000000                                             ||
||    Successfully assigned alignments : 1911707 (12.7%)                      ||
||    Running time : 0.02 minutes                                             ||
||                                                                            ||
|| Process BAM file 200_C57Bl6_CTRL_full.co.bam...                            ||
||    Single-end reads are included.                                          ||
||    Total alignments : 49847225                                             ||
||    Successfully assigned alignments : 6431708 (12.9%)                      ||
||    Running time : 0.05 minutes                                             ||
||                                                                            ||
|| Process BAM file 200_C57Bl6_CTRL_sub1.co.bam...                            ||
||    Single-end reads are included.                                          ||
||    Total alignments : 20000000                                             ||
||    Successfully assigned alignments : 2608778 (13.0%)                      ||
||    Running time : 0.02 minutes                                             ||
||                                                                            ||
|| Process BAM file 200_C57Bl6_CTRL_sub2.co.bam...                            ||
||    Single-end reads are included.                                          ||
||    Total alignments : 15000000                                             ||
||    Successfully assigned alignments : 1934318 (12.9%)                      ||
||    Running time : 0.02 minutes                                             ||
||                                                                            ||
|| Process BAM file 201_C57Bl6_SD_full.co.bam...                              ||
||    Single-end reads are included.                                          ||
||    Total alignments : 36951368                                             ||
||    Successfully assigned alignments : 5544569 (15.0%)                      ||
||    Running time : 0.04 minutes                                             ||
||                                                                            ||
|| Process BAM file 201_C57Bl6_SD_sub1.co.bam...                              ||
||    Single-end reads are included.                                          ||
||    Total alignments : 20000000                                             ||
||    Successfully assigned alignments : 3023167 (15.1%)                      ||
||    Running time : 0.02 minutes                                             ||
||                                                                            ||
|| Process BAM file 201_C57Bl6_SD_sub2.co.bam...                              ||
||    Single-end reads are included.                                          ||
||    Total alignments : 15000000                                             ||
||    Successfully assigned alignments : 2250753 (15.0%)                      ||
||    Running time : 0.02 minutes                                             ||
||                                                                            ||
|| Process BAM file 202_DBA_CTRL_full.co.bam...                               ||
||    Single-end reads are included.                                          ||
||    Total alignments : 39692374                                             ||
||    Successfully assigned alignments : 5310363 (13.4%)                      ||
||    Running time : 0.04 minutes                                             ||
||                                                                            ||
|| Process BAM file 202_DBA_CTRL_sub1.co.bam...                               ||
||    Single-end reads are included.                                          ||
||    Total alignments : 20000000                                             ||
||    Successfully assigned alignments : 2699146 (13.5%)                      ||
||    Running time : 0.02 minutes                                             ||
||                                                                            ||
|| Process BAM file 202_DBA_CTRL_sub2.co.bam...                               ||
||    Single-end reads are included.                                          ||
||    Total alignments : 15000000                                             ||
||    Successfully assigned alignments : 2005892 (13.4%)                      ||
||    Running time : 0.02 minutes                                             ||
||                                                                            ||
|| Process BAM file 203_DBA_SD_full.co.bam...                                 ||
||    Single-end reads are included.                                          ||
||    Total alignments : 57827621                                             ||
||    Successfully assigned alignments : 8652812 (15.0%)                      ||
||    Running time : 0.05 minutes                                             ||
||                                                                            ||
|| Process BAM file 203_DBA_SD_sub1.co.bam...                                 ||
||    Single-end reads are included.                                          ||
||    Total alignments : 20000000                                             ||
||    Successfully assigned alignments : 3018712 (15.1%)                      ||
||    Running time : 0.02 minutes                                             ||
||                                                                            ||
|| Process BAM file 203_DBA_SD_sub2.co.bam...                                 ||
||    Single-end reads are included.                                          ||
||    Total alignments : 15000000                                             ||
||    Successfully assigned alignments : 2244236 (15.0%)                      ||
||    Running time : 0.02 minutes                                             ||
||                                                                            ||
|| Process BAM file 204_BXD44_CTRL_full.co.bam...                             ||
||    Single-end reads are included.                                          ||
||    Total alignments : 43907503                                             ||
||    Successfully assigned alignments : 5706590 (13.0%)                      ||
||    Running time : 0.04 minutes                                             ||
||                                                                            ||
|| Process BAM file 204_BXD44_CTRL_sub1.co.bam...                             ||
||    Single-end reads are included.                                          ||
||    Total alignments : 20000000                                             ||
||    Successfully assigned alignments : 2597971 (13.0%)                      ||
||    Running time : 0.02 minutes                                             ||
||                                                                            ||
|| Process BAM file 204_BXD44_CTRL_sub2.co.bam...                             ||
||    Single-end reads are included.                                          ||
||    Total alignments : 15000000                                             ||
||    Successfully assigned alignments : 1950639 (13.0%)                      ||
||    Running time : 0.02 minutes                                             ||
||                                                                            ||
|| Process BAM file 205_BXD44_SD_full.co.bam...                               ||
||    Single-end reads are included.                                          ||
||    Total alignments : 49865198                                             ||
||    Successfully assigned alignments : 7986022 (16.0%)                      ||
||    Running time : 0.05 minutes                                             ||
||                                                                            ||
|| Process BAM file 205_BXD44_SD_sub1.co.bam...                               ||
||    Single-end reads are included.                                          ||
||    Total alignments : 20000000                                             ||
||    Successfully assigned alignments : 3203816 (16.0%)                      ||
||    Running time : 0.02 minutes                                             ||
||                                                                            ||
|| Process BAM file 205_BXD44_SD_sub2.co.bam...                               ||
||    Single-end reads are included.                                          ||
||    Total alignments : 15000000                                             ||
||    Successfully assigned alignments : 2403032 (16.0%)                      ||
||    Running time : 0.02 minutes                                             ||
||                                                                            ||
|| Process BAM file 206_BXD44_CTRL_full.co.bam...                             ||
||    Single-end reads are included.                                          ||
||    Total alignments : 62919762                                             ||
||    Successfully assigned alignments : 9915677 (15.8%)                      ||
||    Running time : 0.06 minutes                                             ||
||                                                                            ||
|| Process BAM file 206_BXD44_CTRL_sub1.co.bam...                             ||
||    Single-end reads are included.                                          ||
||    Total alignments : 20000000                                             ||
||    Successfully assigned alignments : 3151922 (15.8%)                      ||
||    Running time : 0.02 minutes                                             ||
||                                                                            ||
|| Process BAM file 206_BXD44_CTRL_sub2.co.bam...                             ||
||    Single-end reads are included.                                          ||
||    Total alignments : 15000000                                             ||
||    Successfully assigned alignments : 2364323 (15.8%)                      ||
||    Running time : 0.02 minutes                                             ||
||                                                                            ||
|| Process BAM file 207_BXD44_SD_full.co.bam...                               ||
||    Single-end reads are included.                                          ||
||    Total alignments : 61371660                                             ||
||    Successfully assigned alignments : 9145312 (14.9%)                      ||
||    Running time : 0.06 minutes                                             ||
||                                                                            ||
|| Process BAM file 207_BXD44_SD_sub1.co.bam...                               ||
||    Single-end reads are included.                                          ||
||    Total alignments : 20000000                                             ||
||    Successfully assigned alignments : 2981660 (14.9%)                      ||
||    Running time : 0.03 minutes                                             ||
||                                                                            ||
|| Process BAM file 207_BXD44_SD_sub2.co.bam...                               ||
||    Single-end reads are included.                                          ||
||    Total alignments : 15000000                                             ||
||    Successfully assigned alignments : 2235669 (14.9%)                      ||
||    Running time : 0.02 minutes                                             ||
||                                                                            ||
|| Process BAM file 208_BXD44_CTRL_full.co.bam...                             ||
||    Single-end reads are included.                                          ||
||    Total alignments : 57247924                                             ||
||    Successfully assigned alignments : 10272516 (17.9%)                     ||
||    Running time : 0.05 minutes                                             ||
||                                                                            ||
|| Process BAM file 208_BXD44_CTRL_sub1.co.bam...                             ||
||    Single-end reads are included.                                          ||
||    Total alignments : 20000000                                             ||
||    Successfully assigned alignments : 3588697 (17.9%)                      ||
||    Running time : 0.02 minutes                                             ||
||                                                                            ||
|| Process BAM file 208_BXD44_CTRL_sub2.co.bam...                             ||
||    Single-end reads are included.                                          ||
||    Total alignments : 15000000                                             ||
||    Successfully assigned alignments : 2691320 (17.9%)                      ||
||    Running time : 0.02 minutes                                             ||
||                                                                            ||
|| Process BAM file 209_BXD44_SD_full.co.bam...                               ||
||    Single-end reads are included.                                          ||
||    Total alignments : 49777641                                             ||
||    Successfully assigned alignments : 8105182 (16.3%)                      ||
||    Running time : 0.05 minutes                                             ||
||                                                                            ||
|| Process BAM file 209_BXD44_SD_sub1.co.bam...                               ||
||    Single-end reads are included.                                          ||
||    Total alignments : 20000000                                             ||
||    Successfully assigned alignments : 3256953 (16.3%)                      ||
||    Running time : 0.03 minutes                                             ||
||                                                                            ||
|| Process BAM file 209_BXD44_SD_sub2.co.bam...                               ||
||    Single-end reads are included.                                          ||
||    Total alignments : 15000000                                             ||
||    Successfully assigned alignments : 2443946 (16.3%)                      ||
||    Running time : 0.02 minutes                                             ||
||                                                                            ||
|| Process BAM file 210_BXD79_CTRL_full.co.bam...                             ||
||    Single-end reads are included.                                          ||
||    Total alignments : 50355147                                             ||
||    Successfully assigned alignments : 8746245 (17.4%)                      ||
||    Running time : 0.05 minutes                                             ||
||                                                                            ||
|| Process BAM file 210_BXD79_CTRL_sub1.co.bam...                             ||
||    Single-end reads are included.                                          ||
||    Total alignments : 20000000                                             ||
||    Successfully assigned alignments : 3476307 (17.4%)                      ||
||    Running time : 0.02 minutes                                             ||
||                                                                            ||
|| Process BAM file 210_BXD79_CTRL_sub2.co.bam...                             ||
||    Single-end reads are included.                                          ||
||    Total alignments : 15000000                                             ||
||    Successfully assigned alignments : 2605842 (17.4%)                      ||
||    Running time : 0.02 minutes                                             ||
||                                                                            ||
|| Process BAM file 211_BXD79_SD_full.co.bam...                               ||
||    Single-end reads are included.                                          ||
||    Total alignments : 55902580                                             ||
||    Successfully assigned alignments : 8957853 (16.0%)                      ||
||    Running time : 0.05 minutes                                             ||
||                                                                            ||
|| Process BAM file 211_BXD79_SD_sub1.co.bam...                               ||
||    Single-end reads are included.                                          ||
||    Total alignments : 20000000                                             ||
||    Successfully assigned alignments : 3204941 (16.0%)                      ||
||    Running time : 0.03 minutes                                             ||
||                                                                            ||
|| Process BAM file 211_BXD79_SD_sub2.co.bam...                               ||
||    Single-end reads are included.                                          ||
||    Total alignments : 15000000                                             ||
||    Successfully assigned alignments : 2404267 (16.0%)                      ||
||    Running time : 0.02 minutes                                             ||
||                                                                            ||
|| Process BAM file 212_BXD79_CTRL_full.co.bam...                             ||
||    Single-end reads are included.                                          ||
||    Total alignments : 45844430                                             ||
||    Successfully assigned alignments : 7440724 (16.2%)                      ||
||    Running time : 0.05 minutes                                             ||
||                                                                            ||
|| Process BAM file 212_BXD79_CTRL_sub1.co.bam...                             ||
||    Single-end reads are included.                                          ||
||    Total alignments : 20000000                                             ||
||    Successfully assigned alignments : 3244968 (16.2%)                      ||
||    Running time : 0.03 minutes                                             ||
||                                                                            ||
|| Process BAM file 212_BXD79_CTRL_sub2.co.bam...                             ||
||    Single-end reads are included.                                          ||
||    Total alignments : 15000000                                             ||
||    Successfully assigned alignments : 2434781 (16.2%)                      ||
||    Running time : 0.02 minutes                                             ||
||                                                                            ||
|| Process BAM file 213_BXD79_SD_full.co.bam...                               ||
||    Single-end reads are included.                                          ||
||    Total alignments : 36603716                                             ||
||    Successfully assigned alignments : 5755042 (15.7%)                      ||
||    Running time : 0.04 minutes                                             ||
||                                                                            ||
|| Process BAM file 213_BXD79_SD_sub1.co.bam...                               ||
||    Single-end reads are included.                                          ||
||    Total alignments : 20000000                                             ||
||    Successfully assigned alignments : 3144498 (15.7%)                      ||
||    Running time : 0.03 minutes                                             ||
||                                                                            ||
|| Process BAM file 213_BXD79_SD_sub2.co.bam...                               ||
||    Single-end reads are included.                                          ||
||    Total alignments : 15000000                                             ||
||    Successfully assigned alignments : 2358193 (15.7%)                      ||
||    Running time : 0.02 minutes                                             ||
||                                                                            ||
|| Process BAM file 214_65a_CTRL_full.co.bam...                               ||
||    Single-end reads are included.                                          ||
||    Total alignments : 50504154                                             ||
||    Successfully assigned alignments : 8099901 (16.0%)                      ||
||    Running time : 0.05 minutes                                             ||
||                                                                            ||
|| Process BAM file 214_65a_CTRL_sub1.co.bam...                               ||
||    Single-end reads are included.                                          ||
||    Total alignments : 20000000                                             ||
||    Successfully assigned alignments : 3207223 (16.0%)                      ||
||    Running time : 0.03 minutes                                             ||
||                                                                            ||
|| Process BAM file 214_65a_CTRL_sub2.co.bam...                               ||
||    Single-end reads are included.                                          ||
||    Total alignments : 15000000                                             ||
||    Successfully assigned alignments : 2407557 (16.1%)                      ||
||    Running time : 0.02 minutes                                             ||
||                                                                            ||
|| Process BAM file 215_65a_SD_full.co.bam...                                 ||
||    Single-end reads are included.                                          ||
||    Total alignments : 77393387                                             ||
||    Successfully assigned alignments : 12549078 (16.2%)                     ||
||    Running time : 0.07 minutes                                             ||
||                                                                            ||
|| Process BAM file 215_65a_SD_sub1.co.bam...                                 ||
||    Single-end reads are included.                                          ||
||    Total alignments : 20000000                                             ||
||    Successfully assigned alignments : 3242341 (16.2%)                      ||
||    Running time : 0.03 minutes                                             ||
||                                                                            ||
|| Process BAM file 215_65a_SD_sub2.co.bam...                                 ||
||    Single-end reads are included.                                          ||
||    Total alignments : 15000000                                             ||
||    Successfully assigned alignments : 2433067 (16.2%)                      ||
||    Running time : 0.02 minutes                                             ||
||                                                                            ||
|| Process BAM file 216_C57Bl6_CTRL_full.co.bam...                            ||
||    Single-end reads are included.                                          ||
||    Total alignments : 47562979                                             ||
||    Successfully assigned alignments : 7808012 (16.4%)                      ||
||    Running time : 0.05 minutes                                             ||
||                                                                            ||
|| Process BAM file 216_C57Bl6_CTRL_sub1.co.bam...                            ||
||    Single-end reads are included.                                          ||
||    Total alignments : 20000000                                             ||
||    Successfully assigned alignments : 3316463 (16.6%)                      ||
||    Running time : 0.02 minutes                                             ||
||                                                                            ||
|| Process BAM file 216_C57Bl6_CTRL_sub2.co.bam...                            ||
||    Single-end reads are included.                                          ||
||    Total alignments : 15000000                                             ||
||    Successfully assigned alignments : 2462972 (16.4%)                      ||
||    Running time : 0.02 minutes                                             ||
||                                                                            ||
|| Process BAM file 217_C57Bl6_SD_full.co.bam...                              ||
||    Single-end reads are included.                                          ||
||    Total alignments : 49319826                                             ||
||    Successfully assigned alignments : 8547009 (17.3%)                      ||
||    Running time : 0.05 minutes                                             ||
||                                                                            ||
|| Process BAM file 217_C57Bl6_SD_sub1.co.bam...                              ||
||    Single-end reads are included.                                          ||
||    Total alignments : 20000000                                             ||
||    Successfully assigned alignments : 3494640 (17.5%)                      ||
||    Running time : 0.02 minutes                                             ||
||                                                                            ||
|| Process BAM file 217_C57Bl6_SD_sub2.co.bam...                              ||
||    Single-end reads are included.                                          ||
||    Total alignments : 15000000                                             ||
||    Successfully assigned alignments : 2600765 (17.3%)                      ||
||    Running time : 0.02 minutes                                             ||
||                                                                            ||
|| Process BAM file 218_DBA_CTRL_full.co.bam...                               ||
||    Single-end reads are included.                                          ||
||    Total alignments : 43639981                                             ||
||    Successfully assigned alignments : 7484902 (17.2%)                      ||
||    Running time : 0.04 minutes                                             ||
||                                                                            ||
|| Process BAM file 218_DBA_CTRL_sub1.co.bam...                               ||
||    Single-end reads are included.                                          ||
||    Total alignments : 20000000                                             ||
||    Successfully assigned alignments : 3455247 (17.3%)                      ||
||    Running time : 0.03 minutes                                             ||
||                                                                            ||
|| Process BAM file 218_DBA_CTRL_sub2.co.bam...                               ||
||    Single-end reads are included.                                          ||
||    Total alignments : 15000000                                             ||
||    Successfully assigned alignments : 2573407 (17.2%)                      ||
||    Running time : 0.02 minutes                                             ||
||                                                                            ||
|| Process BAM file 219_DBA_SD_full.co.bam...                                 ||
||    Single-end reads are included.                                          ||
||    Total alignments : 41795118                                             ||
||    Successfully assigned alignments : 6660376 (15.9%)                      ||
||    Running time : 0.04 minutes                                             ||
||                                                                            ||
|| Process BAM file 219_DBA_SD_sub1.co.bam...                                 ||
||    Single-end reads are included.                                          ||
||    Total alignments : 20000000                                             ||
||    Successfully assigned alignments : 3206691 (16.0%)                      ||
||    Running time : 0.02 minutes                                             ||
||                                                                            ||
|| Process BAM file 219_DBA_SD_sub2.co.bam...                                 ||
||    Single-end reads are included.                                          ||
||    Total alignments : 15000000                                             ||
||    Successfully assigned alignments : 2389751 (15.9%)                      ||
||    Running time : 0.02 minutes                                             ||
||                                                                            ||
|| Process BAM file 220_BXD71_CTRL_full.co.bam...                             ||
||    Single-end reads are included.                                          ||
||    Total alignments : 43362132                                             ||
||    Successfully assigned alignments : 7091062 (16.4%)                      ||
||    Running time : 0.04 minutes                                             ||
||                                                                            ||
|| Process BAM file 220_BXD71_CTRL_sub1.co.bam...                             ||
||    Single-end reads are included.                                          ||
||    Total alignments : 20000000                                             ||
||    Successfully assigned alignments : 3270811 (16.4%)                      ||
||    Running time : 0.02 minutes                                             ||
||                                                                            ||
|| Process BAM file 220_BXD71_CTRL_sub2.co.bam...                             ||
||    Single-end reads are included.                                          ||
||    Total alignments : 15000000                                             ||
||    Successfully assigned alignments : 2451699 (16.3%)                      ||
||    Running time : 0.02 minutes                                             ||
||                                                                            ||
|| Process BAM file 221_BXD71_SD_full.co.bam...                               ||
||    Single-end reads are included.                                          ||
||    Total alignments : 47112597                                             ||
||    Successfully assigned alignments : 7948433 (16.9%)                      ||
||    Running time : 0.05 minutes                                             ||
||                                                                            ||
|| Process BAM file 221_BXD71_SD_sub1.co.bam...                               ||
||    Single-end reads are included.                                          ||
||    Total alignments : 20000000                                             ||
||    Successfully assigned alignments : 3374198 (16.9%)                      ||
||    Running time : 0.02 minutes                                             ||
||                                                                            ||
|| Process BAM file 221_BXD71_SD_sub2.co.bam...                               ||
||    Single-end reads are included.                                          ||
||    Total alignments : 15000000                                             ||
||    Successfully assigned alignments : 2531583 (16.9%)                      ||
||    Running time : 0.02 minutes                                             ||
||                                                                            ||
|| Process BAM file 222_BXD101_CTRL_full.co.bam...                            ||
||    Single-end reads are included.                                          ||
||    Total alignments : 43657930                                             ||
||    Successfully assigned alignments : 7225124 (16.5%)                      ||
||    Running time : 0.04 minutes                                             ||
||                                                                            ||
|| Process BAM file 222_BXD101_CTRL_sub1.co.bam...                            ||
||    Single-end reads are included.                                          ||
||    Total alignments : 20000000                                             ||
||    Successfully assigned alignments : 3312015 (16.6%)                      ||
||    Running time : 0.03 minutes                                             ||
||                                                                            ||
|| Process BAM file 222_BXD101_CTRL_sub2.co.bam...                            ||
||    Single-end reads are included.                                          ||
||    Total alignments : 15000000                                             ||
||    Successfully assigned alignments : 2483205 (16.6%)                      ||
||    Running time : 0.02 minutes                                             ||
||                                                                            ||
|| Process BAM file 223_BXD101_SD_full.co.bam...                              ||
||    Single-end reads are included.                                          ||
||    Total alignments : 66654028                                             ||
||    Successfully assigned alignments : 11876355 (17.8%)                     ||
||    Running time : 0.06 minutes                                             ||
||                                                                            ||
|| Process BAM file 223_BXD101_SD_sub1.co.bam...                              ||
||    Single-end reads are included.                                          ||
||    Total alignments : 20000000                                             ||
||    Successfully assigned alignments : 3562467 (17.8%)                      ||
||    Running time : 0.03 minutes                                             ||
||                                                                            ||
|| Process BAM file 223_BXD101_SD_sub2.co.bam...                              ||
||    Single-end reads are included.                                          ||
||    Total alignments : 15000000                                             ||
||    Successfully assigned alignments : 2673842 (17.8%)                      ||
||    Running time : 0.02 minutes                                             ||
||                                                                            ||
|| Process BAM file 224_BXD71_CTRL_full.co.bam...                             ||
||    Single-end reads are included.                                          ||
||    Total alignments : 43585484                                             ||
||    Successfully assigned alignments : 6852089 (15.7%)                      ||
||    Running time : 0.04 minutes                                             ||
||                                                                            ||
|| Process BAM file 224_BXD71_CTRL_sub1.co.bam...                             ||
||    Single-end reads are included.                                          ||
||    Total alignments : 20000000                                             ||
||    Successfully assigned alignments : 3145750 (15.7%)                      ||
||    Running time : 0.02 minutes                                             ||
||                                                                            ||
|| Process BAM file 224_BXD71_CTRL_sub2.co.bam...                             ||
||    Single-end reads are included.                                          ||
||    Total alignments : 15000000                                             ||
||    Successfully assigned alignments : 2357206 (15.7%)                      ||
||    Running time : 0.02 minutes                                             ||
||                                                                            ||
|| Process BAM file 225_BXD71_SD_full.co.bam...                               ||
||    Single-end reads are included.                                          ||
||    Total alignments : 45694943                                             ||
||    Successfully assigned alignments : 8048055 (17.6%)                      ||
||    Running time : 0.04 minutes                                             ||
||                                                                            ||
|| Process BAM file 225_BXD71_SD_sub1.co.bam...                               ||
||    Single-end reads are included.                                          ||
||    Total alignments : 20000000                                             ||
||    Successfully assigned alignments : 3522156 (17.6%)                      ||
||    Running time : 0.02 minutes                                             ||
||                                                                            ||
|| Process BAM file 225_BXD71_SD_sub2.co.bam...                               ||
||    Single-end reads are included.                                          ||
||    Total alignments : 15000000                                             ||
||    Successfully assigned alignments : 2642125 (17.6%)                      ||
||    Running time : 0.02 minutes                                             ||
||                                                                            ||
|| Process BAM file 226_C57Bl6_CTRL_full.co.bam...                            ||
||    Single-end reads are included.                                          ||
||    Total alignments : 77813205                                             ||
||    Successfully assigned alignments : 14813952 (19.0%)                     ||
||    Running time : 0.07 minutes                                             ||
||                                                                            ||
|| Process BAM file 226_C57Bl6_CTRL_sub1.co.bam...                            ||
||    Single-end reads are included.                                          ||
||    Total alignments : 20000000                                             ||
||    Successfully assigned alignments : 3847496 (19.2%)                      ||
||    Running time : 0.03 minutes                                             ||
||                                                                            ||
|| Process BAM file 226_C57Bl6_CTRL_sub2.co.bam...                            ||
||    Single-end reads are included.                                          ||
||    Total alignments : 15000000                                             ||
||    Successfully assigned alignments : 2856576 (19.0%)                      ||
||    Running time : 0.02 minutes                                             ||
||                                                                            ||
|| Process BAM file 227_C57Bl6_SD_full.co.bam...                              ||
||    Single-end reads are included.                                          ||
||    Total alignments : 50437313                                             ||
||    Successfully assigned alignments : 9271098 (18.4%)                      ||
||    Running time : 0.05 minutes                                             ||
||                                                                            ||
|| Process BAM file 227_C57Bl6_SD_sub1.co.bam...                              ||
||    Single-end reads are included.                                          ||
||    Total alignments : 20000000                                             ||
||    Successfully assigned alignments : 3706977 (18.5%)                      ||
||    Running time : 0.02 minutes                                             ||
||                                                                            ||
|| Process BAM file 227_C57Bl6_SD_sub2.co.bam...                              ||
||    Single-end reads are included.                                          ||
||    Total alignments : 15000000                                             ||
||    Successfully assigned alignments : 2755303 (18.4%)                      ||
||    Running time : 0.02 minutes                                             ||
||                                                                            ||
|| Process BAM file 228_DBA_CTRL_full.co.bam...                               ||
||    Single-end reads are included.                                          ||
||    Total alignments : 66510615                                             ||
||    Successfully assigned alignments : 11762751 (17.7%)                     ||
||    Running time : 0.06 minutes                                             ||
||                                                                            ||
|| Process BAM file 228_DBA_CTRL_sub1.co.bam...                               ||
||    Single-end reads are included.                                          ||
||    Total alignments : 20000000                                             ||
||    Successfully assigned alignments : 3569585 (17.8%)                      ||
||    Running time : 0.03 minutes                                             ||
||                                                                            ||
|| Process BAM file 228_DBA_CTRL_sub2.co.bam...                               ||
||    Single-end reads are included.                                          ||
||    Total alignments : 15000000                                             ||
||    Successfully assigned alignments : 2652979 (17.7%)                      ||
||    Running time : 0.02 minutes                                             ||
||                                                                            ||
|| Process BAM file 229_DBA_SD_full.co.bam...                                 ||
||    Single-end reads are included.                                          ||
||    Total alignments : 74476797                                             ||
||    Successfully assigned alignments : 12327370 (16.6%)                     ||
||    Running time : 0.07 minutes                                             ||
||                                                                            ||
|| Process BAM file 229_DBA_SD_sub1.co.bam...                                 ||
||    Single-end reads are included.                                          ||
||    Total alignments : 20000000                                             ||
||    Successfully assigned alignments : 3338532 (16.7%)                      ||
||    Running time : 0.02 minutes                                             ||
||                                                                            ||
|| Process BAM file 229_DBA_SD_sub2.co.bam...                                 ||
||    Single-end reads are included.                                          ||
||    Total alignments : 15000000                                             ||
||    Successfully assigned alignments : 2481911 (16.5%)                      ||
||    Running time : 0.02 minutes                                             ||
||                                                                            ||
|| Write the final count table.                                               ||
|| Write the read assignment summary.                                         ||
||                                                                            ||
\\============================================================================//

R version 4.5.2 (2025-10-31)
Platform: x86_64-pc-linux-gnu
Running under: Ubuntu 22.04.5 LTS

Matrix products: default
BLAS/LAPACK: /usr/lib/x86_64-linux-gnu/openblas-pthread/libopenblasp-r0.3.20.so;  LAPACK version 3.10.0

locale:
 [1] LC_CTYPE=C.UTF-8       LC_NUMERIC=C           LC_TIME=C.UTF-8       
 [4] LC_COLLATE=C.UTF-8     LC_MONETARY=C.UTF-8    LC_MESSAGES=C.UTF-8   
 [7] LC_PAPER=C.UTF-8       LC_NAME=C              LC_ADDRESS=C          
[10] LC_TELEPHONE=C         LC_MEASUREMENT=C.UTF-8 LC_IDENTIFICATION=C   

time zone: Etc/UTC
tzcode source: system (glibc)

attached base packages:
[1] stats     graphics  grDevices utils     datasets  methods   base     

other attached packages:
[1] optparse_1.8.2  Rsubread_2.24.0

loaded via a namespace (and not attached):
[1] compiler_4.5.2 Matrix_1.7-4   grid_4.5.2     lattice_0.22-7
