
        ==========     _____ _    _ ____  _____  ______          _____  
        =====         / ____| |  | |  _ \|  __ \|  ____|   /\   |  __ \ 
          =====      | (___ | |  | | |_) | |__) | |__     /  \  | |  | |
            ====      \___ \| |  | |  _ <|  _  /|  __|   / /\ \ | |  | |
              ====    ____) | |__| | |_) | | \ \| |____ / ____ \| |__| |
        ==========   |_____/ \____/|____/|_|  \_\______/_/    \_\_____/
       Rsubread 2.24.0

//========================== featureCounts setting ===========================\\
||                                                                            ||
||             Input files : 678 BAM files                                    ||
||                                                                            ||
||                           001_BXD45_SD_full.co.bam                         ||
||                           001_BXD45_SD_sub1.co.bam                         ||
||                           001_BXD45_SD_sub2.co.bam                         ||
||                           002_BXD45_CTRL_full.co.bam                       ||
||                           002_BXD45_CTRL_sub1.co.bam                       ||
||                           002_BXD45_CTRL_sub2.co.bam                       ||
||                           003_BXD51_SD_full.co.bam                         ||
||                           003_BXD51_SD_sub1.co.bam                         ||
||                           003_BXD51_SD_sub2.co.bam                         ||
||                           004_BXD51_CTRL_full.co.bam                       ||
||                           004_BXD51_CTRL_sub1.co.bam                       ||
||                           004_BXD51_CTRL_sub2.co.bam                       ||
||                           005_BXD55_SD_full.co.bam                         ||
||                           005_BXD55_SD_sub1.co.bam                         ||
||                           005_BXD55_SD_sub2.co.bam                         ||
||                           006_BXD55_CTRL_full.co.bam                       ||
||                           006_BXD55_CTRL_sub1.co.bam                       ||
||                           006_BXD55_CTRL_sub2.co.bam                       ||
||                           007_BXD56_SD_full.co.bam                         ||
||                           007_BXD56_SD_sub1.co.bam                         ||
||                           007_BXD56_SD_sub2.co.bam                         ||
||                           008_BXD56_CTRL_full.co.bam                       ||
||                           008_BXD56_CTRL_sub1.co.bam                       ||
||                           008_BXD56_CTRL_sub2.co.bam                       ||
||                           009_BXD61_SD_full.co.bam                         ||
||                           009_BXD61_SD_sub1.co.bam                         ||
||                           009_BXD61_SD_sub2.co.bam                         ||
||                           010_BXD61_CTRL_full.co.bam                       ||
||                           010_BXD61_CTRL_sub1.co.bam                       ||
||                           010_BXD61_CTRL_sub2.co.bam                       ||
||                           011_BXD66_SD_full.co.bam                         ||
||                           011_BXD66_SD_sub1.co.bam                         ||
||                           011_BXD66_SD_sub2.co.bam                         ||
||                           012_BXD66_CTRL_full.co.bam                       ||
||                           012_BXD66_CTRL_sub1.co.bam                       ||
||                           012_BXD66_CTRL_sub2.co.bam                       ||
||                           013_BXD67_SD_full.co.bam                         ||
||                           013_BXD67_SD_sub1.co.bam                         ||
||                           013_BXD67_SD_sub2.co.bam                         ||
||                           014_BXD67_CTRL_full.co.bam                       ||
||                           014_BXD67_CTRL_sub1.co.bam                       ||
||                           014_BXD67_CTRL_sub2.co.bam                       ||
||                           015_BXD70_SD_full.co.bam                         ||
||                           015_BXD70_SD_sub1.co.bam                         ||
||                           015_BXD70_SD_sub2.co.bam                         ||
||                           016_BXD70_CTRL_full.co.bam                       ||
||                           016_BXD70_CTRL_sub1.co.bam                       ||
||                           016_BXD70_CTRL_sub2.co.bam                       ||
||                           017_BXD73_SD_full.co.bam                         ||
||                           017_BXD73_SD_sub1.co.bam                         ||
||                           017_BXD73_SD_sub2.co.bam                         ||
||                           018_BXD73_CTRL_full.co.bam                       ||
||                           018_BXD73_CTRL_sub1.co.bam                       ||
||                           018_BXD73_CTRL_sub2.co.bam                       ||
||                           019_BXD75_SD_full.co.bam                         ||
||                           019_BXD75_SD_sub1.co.bam                         ||
||                           019_BXD75_SD_sub2.co.bam                         ||
||                           020_BXD75_CTRL_full.co.bam                       ||
||                           020_BXD75_CTRL_sub1.co.bam                       ||
||                           020_BXD75_CTRL_sub2.co.bam                       ||
||                           021_BXD83_SD_full.co.bam                         ||
||                           021_BXD83_SD_sub1.co.bam                         ||
||                           021_BXD83_SD_sub2.co.bam                         ||
||                           022_BXD83_CTRL_full.co.bam                       ||
||                           022_BXD83_CTRL_sub1.co.bam                       ||
||                           022_BXD83_CTRL_sub2.co.bam                       ||
||                           023_BXD84_SD_full.co.bam                         ||
||                           023_BXD84_SD_sub1.co.bam                         ||
||                           023_BXD84_SD_sub2.co.bam                         ||
||                           024_BXD84_CTRL_full.co.bam                       ||
||                           024_BXD84_CTRL_sub1.co.bam                       ||
||                           024_BXD84_CTRL_sub2.co.bam                       ||
||                           025_BXD89_SD_full.co.bam                         ||
||                           025_BXD89_SD_sub1.co.bam                         ||
||                           025_BXD89_SD_sub2.co.bam                         ||
||                           026_BXD89_CTRL_full.co.bam                       ||
||                           026_BXD89_CTRL_sub1.co.bam                       ||
||                           026_BXD89_CTRL_sub2.co.bam                       ||
||                           027_65a_SD_full.co.bam                           ||
||                           027_65a_SD_sub1.co.bam                           ||
||                           027_65a_SD_sub2.co.bam                           ||
||                           028_65a_CTRL_full.co.bam                         ||
||                           028_65a_CTRL_sub1.co.bam                         ||
||                           028_65a_CTRL_sub2.co.bam                         ||
||                           029_BXD100_SD_full.co.bam                        ||
||                           029_BXD100_SD_sub1.co.bam                        ||
||                           029_BXD100_SD_sub2.co.bam                        ||
||                           030_BXD100_CTRL_full.co.bam                      ||
||                           030_BXD100_CTRL_sub1.co.bam                      ||
||                           030_BXD100_CTRL_sub2.co.bam                      ||
||                           031_BXD101_SD_full.co.bam                        ||
||                           031_BXD101_SD_sub1.co.bam                        ||
||                           031_BXD101_SD_sub2.co.bam                        ||
||                           032_BXD101_CTRL_full.co.bam                      ||
||                           032_BXD101_CTRL_sub1.co.bam                      ||
||                           032_BXD101_CTRL_sub2.co.bam                      ||
||                           033_C57Bl6_SD_full.co.bam                        ||
||                           033_C57Bl6_SD_sub1.co.bam                        ||
||                           033_C57Bl6_SD_sub2.co.bam                        ||
||                           034_C57Bl6_CTRL_full.co.bam                      ||
||                           034_C57Bl6_CTRL_sub1.co.bam                      ||
||                           034_C57Bl6_CTRL_sub2.co.bam                      ||
||                           035_DBA_SD_full.co.bam                           ||
||                           035_DBA_SD_sub1.co.bam                           ||
||                           035_DBA_SD_sub2.co.bam                           ||
||                           036_DBA_CTRL_full.co.bam                         ||
||                           036_DBA_CTRL_sub1.co.bam                         ||
||                           036_DBA_CTRL_sub2.co.bam                         ||
||                           037_BXD48_SD_full.co.bam                         ||
||                           037_BXD48_SD_sub1.co.bam                         ||
||                           037_BXD48_SD_sub2.co.bam                         ||
||                           038_BXD49_SD_full.co.bam                         ||
||                           038_BXD49_SD_sub1.co.bam                         ||
||                           038_BXD49_SD_sub2.co.bam                         ||
||                           039_BXD48_CTRL_full.co.bam                       ||
||                           039_BXD48_CTRL_sub1.co.bam                       ||
||                           039_BXD48_CTRL_sub2.co.bam                       ||
||                           040_BXD49_CTRL_full.co.bam                       ||
||                           040_BXD49_CTRL_sub1.co.bam                       ||
||                           040_BXD49_CTRL_sub2.co.bam                       ||
||                           041_BXD50_SD_full.co.bam                         ||
||                           041_BXD50_SD_sub1.co.bam                         ||
||                           041_BXD50_SD_sub2.co.bam                         ||
||                           042_BXD50_CTRL_full.co.bam                       ||
||                           042_BXD50_CTRL_sub1.co.bam                       ||
||                           042_BXD50_CTRL_sub2.co.bam                       ||
||                           043_BXD51_SD_full.co.bam                         ||
||                           043_BXD51_SD_sub1.co.bam                         ||
||                           043_BXD51_SD_sub2.co.bam                         ||
||                           044_BXD51_CTRL_full.co.bam                       ||
||                           044_BXD51_CTRL_sub1.co.bam                       ||
||                           044_BXD51_CTRL_sub2.co.bam                       ||
||                           045_BXD56_SD_full.co.bam                         ||
||                           045_BXD56_SD_sub1.co.bam                         ||
||                           045_BXD56_SD_sub2.co.bam                         ||
||                           046_BXD56_CTRL_full.co.bam                       ||
||                           046_BXD56_CTRL_sub1.co.bam                       ||
||                           046_BXD56_CTRL_sub2.co.bam                       ||
||                           047_BXD64_SD_full.co.bam                         ||
||                           047_BXD64_SD_sub1.co.bam                         ||
||                           047_BXD64_SD_sub2.co.bam                         ||
||                           048_BXD64_CTRL_full.co.bam                       ||
||                           048_BXD64_CTRL_sub1.co.bam                       ||
||                           048_BXD64_CTRL_sub2.co.bam                       ||
||                           049_BXD65_SD_full.co.bam                         ||
||                           049_BXD65_SD_sub1.co.bam                         ||
||                           049_BXD65_SD_sub2.co.bam                         ||
||                           050_BXD65_CTRL_full.co.bam                       ||
||                           050_BXD65_CTRL_sub1.co.bam                       ||
||                           050_BXD65_CTRL_sub2.co.bam                       ||
||                           051_BXD66_SD_full.co.bam                         ||
||                           051_BXD66_SD_sub1.co.bam                         ||
||                           051_BXD66_SD_sub2.co.bam                         ||
||                           052_BXD66_CTRL_full.co.bam                       ||
||                           052_BXD66_CTRL_sub1.co.bam                       ||
||                           052_BXD66_CTRL_sub2.co.bam                       ||
||                           053_BXD71_SD_full.co.bam                         ||
||                           053_BXD71_SD_sub1.co.bam                         ||
||                           053_BXD71_SD_sub2.co.bam                         ||
||                           054_BXD71_CTRL_full.co.bam                       ||
||                           054_BXD71_CTRL_sub1.co.bam                       ||
||                           054_BXD71_CTRL_sub2.co.bam                       ||
||                           055_BXD73_SD_full.co.bam                         ||
||                           055_BXD73_SD_sub1.co.bam                         ||
||                           055_BXD73_SD_sub2.co.bam                         ||
||                           056_BXD73_CTRL_full.co.bam                       ||
||                           056_BXD73_CTRL_sub1.co.bam                       ||
||                           056_BXD73_CTRL_sub2.co.bam                       ||
||                           057_BXD75_SD_full.co.bam                         ||
||                           057_BXD75_SD_sub1.co.bam                         ||
||                           057_BXD75_SD_sub2.co.bam                         ||
||                           058_BXD75_CTRL_full.co.bam                       ||
||                           058_BXD75_CTRL_sub1.co.bam                       ||
||                           058_BXD75_CTRL_sub2.co.bam                       ||
||                           059_BXD81_SD_full.co.bam                         ||
||                           059_BXD81_SD_sub1.co.bam                         ||
||                           059_BXD81_SD_sub2.co.bam                         ||
||                           060_BXD81_CTRL_full.co.bam                       ||
||                           060_BXD81_CTRL_sub1.co.bam                       ||
||                           060_BXD81_CTRL_sub2.co.bam                       ||
||                           061_BXD90_SD_full.co.bam                         ||
||                           061_BXD90_SD_sub1.co.bam                         ||
||                           061_BXD90_SD_sub2.co.bam                         ||
||                           062_BXD90_CTRL_full.co.bam                       ||
||                           062_BXD90_CTRL_sub1.co.bam                       ||
||                           062_BXD90_CTRL_sub2.co.bam                       ||
||                           063_BXD95_SD_full.co.bam                         ||
||                           063_BXD95_SD_sub1.co.bam                         ||
||                           063_BXD95_SD_sub2.co.bam                         ||
||                           064_BXD95_CTRL_full.co.bam                       ||
||                           064_BXD95_CTRL_sub1.co.bam                       ||
||                           064_BXD95_CTRL_sub2.co.bam                       ||
||                           065_48a_SD_full.co.bam                           ||
||                           065_48a_SD_sub1.co.bam                           ||
||                           065_48a_SD_sub2.co.bam                           ||
||                           066_48a_CTRL_full.co.bam                         ||
||                           066_48a_CTRL_sub1.co.bam                         ||
||                           066_48a_CTRL_sub2.co.bam                         ||
||                           067_73b_SD_full.co.bam                           ||
||                           067_73b_SD_sub1.co.bam                           ||
||                           067_73b_SD_sub2.co.bam                           ||
||                           068_73b_CTRL_full.co.bam                         ||
||                           068_73b_CTRL_sub1.co.bam                         ||
||                           068_73b_CTRL_sub2.co.bam                         ||
||                           069_C57Bl6_SD_full.co.bam                        ||
||                           069_C57Bl6_SD_sub1.co.bam                        ||
||                           069_C57Bl6_SD_sub2.co.bam                        ||
||                           070_C57Bl6_CTRL_full.co.bam                      ||
||                           070_C57Bl6_CTRL_sub1.co.bam                      ||
||                           070_C57Bl6_CTRL_sub2.co.bam                      ||
||                           071_DBA_SD_full.co.bam                           ||
||                           071_DBA_SD_sub1.co.bam                           ||
||                           071_DBA_SD_sub2.co.bam                           ||
||                           072_DBA_CTRL_full.co.bam                         ||
||                           072_DBA_CTRL_sub1.co.bam                         ||
||                           072_DBA_CTRL_sub2.co.bam                         ||
||                           073_BXD85_SD_full.co.bam                         ||
||                           073_BXD85_SD_sub1.co.bam                         ||
||                           073_BXD85_SD_sub2.co.bam                         ||
||                           074_BXD85_CTRL_full.co.bam                       ||
||                           074_BXD85_CTRL_sub1.co.bam                       ||
||                           074_BXD85_CTRL_sub2.co.bam                       ||
||                           075_BXD43_CTRL_full.co.bam                       ||
||                           075_BXD43_CTRL_sub1.co.bam                       ||
||                           075_BXD43_CTRL_sub2.co.bam                       ||
||                           076_BXD43_SD_full.co.bam                         ||
||                           076_BXD43_SD_sub1.co.bam                         ||
||                           076_BXD43_SD_sub2.co.bam                         ||
||                           077_BXD45_CTRL_full.co.bam                       ||
||                           077_BXD45_CTRL_sub1.co.bam                       ||
||                           077_BXD45_CTRL_sub2.co.bam                       ||
||                           078_BXD45_SD_full.co.bam                         ||
||                           078_BXD45_SD_sub1.co.bam                         ||
||                           078_BXD45_SD_sub2.co.bam                         ||
||                           079_BXD49_CTRL_full.co.bam                       ||
||                           079_BXD49_CTRL_sub1.co.bam                       ||
||                           079_BXD49_CTRL_sub2.co.bam                       ||
||                           080_BXD49_SD_full.co.bam                         ||
||                           080_BXD49_SD_sub1.co.bam                         ||
||                           080_BXD49_SD_sub2.co.bam                         ||
||                           081_BXD55_CTRL_full.co.bam                       ||
||                           081_BXD55_CTRL_sub1.co.bam                       ||
||                           081_BXD55_CTRL_sub2.co.bam                       ||
||                           082_BXD55_SD_full.co.bam                         ||
||                           082_BXD55_SD_sub1.co.bam                         ||
||                           082_BXD55_SD_sub2.co.bam                         ||
||                           083_BXD56_CTRL_full.co.bam                       ||
||                           083_BXD56_CTRL_sub1.co.bam                       ||
||                           083_BXD56_CTRL_sub2.co.bam                       ||
||                           084_BXD56_SD_full.co.bam                         ||
||                           084_BXD56_SD_sub1.co.bam                         ||
||                           084_BXD56_SD_sub2.co.bam                         ||
||                           085_BXD61_CTRL_full.co.bam                       ||
||                           085_BXD61_CTRL_sub1.co.bam                       ||
||                           085_BXD61_CTRL_sub2.co.bam                       ||
||                           086_BXD61_SD_full.co.bam                         ||
||                           086_BXD61_SD_sub1.co.bam                         ||
||                           086_BXD61_SD_sub2.co.bam                         ||
||                           087_BXD66_CTRL_full.co.bam                       ||
||                           087_BXD66_CTRL_sub1.co.bam                       ||
||                           087_BXD66_CTRL_sub2.co.bam                       ||
||                           088_BXD66_SD_full.co.bam                         ||
||                           088_BXD66_SD_sub1.co.bam                         ||
||                           088_BXD66_SD_sub2.co.bam                         ||
||                           089_BXD67_CTRL_full.co.bam                       ||
||                           089_BXD67_CTRL_sub1.co.bam                       ||
||                           089_BXD67_CTRL_sub2.co.bam                       ||
||                           090_BXD67_SD_full.co.bam                         ||
||                           090_BXD67_SD_sub1.co.bam                         ||
||                           090_BXD67_SD_sub2.co.bam                         ||
||                           091_BXD70_CTRL_full.co.bam                       ||
||                           091_BXD70_CTRL_sub1.co.bam                       ||
||                           091_BXD70_CTRL_sub2.co.bam                       ||
||                           092_BXD70_SD_full.co.bam                         ||
||                           092_BXD70_SD_sub1.co.bam                         ||
||                           092_BXD70_SD_sub2.co.bam                         ||
||                           093_BXD73_CTRL_full.co.bam                       ||
||                           093_BXD73_CTRL_sub1.co.bam                       ||
||                           093_BXD73_CTRL_sub2.co.bam                       ||
||                           094_BXD73_SD_full.co.bam                         ||
||                           094_BXD73_SD_sub1.co.bam                         ||
||                           094_BXD73_SD_sub2.co.bam                         ||
||                           095_BXD75_CTRL_full.co.bam                       ||
||                           095_BXD75_CTRL_sub1.co.bam                       ||
||                           095_BXD75_CTRL_sub2.co.bam                       ||
||                           096_BXD75_SD_full.co.bam                         ||
||                           096_BXD75_SD_sub1.co.bam                         ||
||                           096_BXD75_SD_sub2.co.bam                         ||
||                           097_BXD79_CTRL_full.co.bam                       ||
||                           097_BXD79_CTRL_sub1.co.bam                       ||
||                           097_BXD79_CTRL_sub2.co.bam                       ||
||                           098_BXD79_SD_full.co.bam                         ||
||                           098_BXD79_SD_sub1.co.bam                         ||
||                           098_BXD79_SD_sub2.co.bam                         ||
||                           099_BXD83_CTRL_full.co.bam                       ||
||                           099_BXD83_CTRL_sub1.co.bam                       ||
||                           099_BXD83_CTRL_sub2.co.bam                       ||
||                           100_BXD83_SD_full.co.bam                         ||
||                           100_BXD83_SD_sub1.co.bam                         ||
||                           100_BXD83_SD_sub2.co.bam                         ||
||                           101_BXD84_CTRL_full.co.bam                       ||
||                           101_BXD84_CTRL_sub1.co.bam                       ||
||                           101_BXD84_CTRL_sub2.co.bam                       ||
||                           102_BXD84_SD_full.co.bam                         ||
||                           102_BXD84_SD_sub1.co.bam                         ||
||                           102_BXD84_SD_sub2.co.bam                         ||
||                           103_BXD90_CTRL_full.co.bam                       ||
||                           103_BXD90_CTRL_sub1.co.bam                       ||
||                           103_BXD90_CTRL_sub2.co.bam                       ||
||                           104_BXD90_SD_full.co.bam                         ||
||                           104_BXD90_SD_sub1.co.bam                         ||
||                           104_BXD90_SD_sub2.co.bam                         ||
||                           105_48a_CTRL_full.co.bam                         ||
||                           105_48a_CTRL_sub1.co.bam                         ||
||                           105_48a_CTRL_sub2.co.bam                         ||
||                           106_48a_SD_full.co.bam                           ||
||                           106_48a_SD_sub1.co.bam                           ||
||                           106_48a_SD_sub2.co.bam                           ||
||                           107_BXD100_CTRL_full.co.bam                      ||
||                           107_BXD100_CTRL_sub1.co.bam                      ||
||                           107_BXD100_CTRL_sub2.co.bam                      ||
||                           108_BXD100_SD_full.co.bam                        ||
||                           108_BXD100_SD_sub1.co.bam                        ||
||                           108_BXD100_SD_sub2.co.bam                        ||
||                           109_C57Bl6_CTRL_full.co.bam                      ||
||                           109_C57Bl6_CTRL_sub1.co.bam                      ||
||                           109_C57Bl6_CTRL_sub2.co.bam                      ||
||                           110_C57Bl6_SD_full.co.bam                        ||
||                           110_C57Bl6_SD_sub1.co.bam                        ||
||                           110_C57Bl6_SD_sub2.co.bam                        ||
||                           111_DBA_CTRL_full.co.bam                         ||
||                           111_DBA_CTRL_sub1.co.bam                         ||
||                           111_DBA_CTRL_sub2.co.bam                         ||
||                           112_DBA_CTRL_full.co.bam                         ||
||                           112_DBA_CTRL_sub1.co.bam                         ||
||                           112_DBA_CTRL_sub2.co.bam                         ||
||                           113_DBA_SD_full.co.bam                           ||
||                           113_DBA_SD_sub1.co.bam                           ||
||                           113_DBA_SD_sub2.co.bam                           ||
||                           114_BXD48_CTRL_full.co.bam                       ||
||                           114_BXD48_CTRL_sub1.co.bam                       ||
||                           114_BXD48_CTRL_sub2.co.bam                       ||
||                           115_BXD48_SD_full.co.bam                         ||
||                           115_BXD48_SD_sub1.co.bam                         ||
||                           115_BXD48_SD_sub2.co.bam                         ||
||                           116_BXD49_CTRL_full.co.bam                       ||
||                           116_BXD49_CTRL_sub1.co.bam                       ||
||                           116_BXD49_CTRL_sub2.co.bam                       ||
||                           117_BXD49_SD_full.co.bam                         ||
||                           117_BXD49_SD_sub1.co.bam                         ||
||                           117_BXD49_SD_sub2.co.bam                         ||
||                           118_BXD51_CTRL_full.co.bam                       ||
||                           118_BXD51_CTRL_sub1.co.bam                       ||
||                           118_BXD51_CTRL_sub2.co.bam                       ||
||                           119_BXD51_SD_full.co.bam                         ||
||                           119_BXD51_SD_sub1.co.bam                         ||
||                           119_BXD51_SD_sub2.co.bam                         ||
||                           120_BXD55_CTRL_full.co.bam                       ||
||                           120_BXD55_CTRL_sub1.co.bam                       ||
||                           120_BXD55_CTRL_sub2.co.bam                       ||
||                           121_BXD55_SD_full.co.bam                         ||
||                           121_BXD55_SD_sub1.co.bam                         ||
||                           121_BXD55_SD_sub2.co.bam                         ||
||                           122_BXD64_CTRL_full.co.bam                       ||
||                           122_BXD64_CTRL_sub1.co.bam                       ||
||                           122_BXD64_CTRL_sub2.co.bam                       ||
||                           123_BXD64_SD_full.co.bam                         ||
||                           123_BXD64_SD_sub1.co.bam                         ||
||                           123_BXD64_SD_sub2.co.bam                         ||
||                           124_BXD81_CTRL_full.co.bam                       ||
||                           124_BXD81_CTRL_sub1.co.bam                       ||
||                           124_BXD81_CTRL_sub2.co.bam                       ||
||                           125_BXD81_SD_full.co.bam                         ||
||                           125_BXD81_SD_sub1.co.bam                         ||
||                           125_BXD81_SD_sub2.co.bam                         ||
||                           126_BXD83_CTRL_full.co.bam                       ||
||                           126_BXD83_CTRL_sub1.co.bam                       ||
||                           126_BXD83_CTRL_sub2.co.bam                       ||
||                           127_BXD83_SD_full.co.bam                         ||
||                           127_BXD83_SD_sub1.co.bam                         ||
||                           127_BXD83_SD_sub2.co.bam                         ||
||                           128_BXD84_CTRL_full.co.bam                       ||
||                           128_BXD84_CTRL_sub1.co.bam                       ||
||                           128_BXD84_CTRL_sub2.co.bam                       ||
||                           129_BXD84_SD_full.co.bam                         ||
||                           129_BXD84_SD_sub1.co.bam                         ||
||                           129_BXD84_SD_sub2.co.bam                         ||
||                           130_BXD85_CTRL_full.co.bam                       ||
||                           130_BXD85_CTRL_sub1.co.bam                       ||
||                           130_BXD85_CTRL_sub2.co.bam                       ||
||                           131_BXD85_SD_full.co.bam                         ||
||                           131_BXD85_SD_sub1.co.bam                         ||
||                           131_BXD85_SD_sub2.co.bam                         ||
||                           132_BXD89_CTRL_full.co.bam                       ||
||                           132_BXD89_CTRL_sub1.co.bam                       ||
||                           132_BXD89_CTRL_sub2.co.bam                       ||
||                           133_BXD89_SD_full.co.bam                         ||
||                           133_BXD89_SD_sub1.co.bam                         ||
||                           133_BXD89_SD_sub2.co.bam                         ||
||                           134_BXD95_CTRL_full.co.bam                       ||
||                           134_BXD95_CTRL_sub1.co.bam                       ||
||                           134_BXD95_CTRL_sub2.co.bam                       ||
||                           135_BXD95_SD_full.co.bam                         ||
||                           135_BXD95_SD_sub1.co.bam                         ||
||                           135_BXD95_SD_sub2.co.bam                         ||
||                           136_48a_CTRL_full.co.bam                         ||
||                           136_48a_CTRL_sub1.co.bam                         ||
||                           136_48a_CTRL_sub2.co.bam                         ||
||                           137_48a_SD_full.co.bam                           ||
||                           137_48a_SD_sub1.co.bam                           ||
||                           137_48a_SD_sub2.co.bam                           ||
||                           138_65a_CTRL_full.co.bam                         ||
||                           138_65a_CTRL_sub1.co.bam                         ||
||                           138_65a_CTRL_sub2.co.bam                         ||
||                           139_65a_SD_full.co.bam                           ||
||                           139_65a_SD_sub1.co.bam                           ||
||                           139_65a_SD_sub2.co.bam                           ||
||                           140_BXD98_CTRL_full.co.bam                       ||
||                           140_BXD98_CTRL_sub1.co.bam                       ||
||                           140_BXD98_CTRL_sub2.co.bam                       ||
||                           141_BXD98_SD_full.co.bam                         ||
||                           141_BXD98_SD_sub1.co.bam                         ||
||                           141_BXD98_SD_sub2.co.bam                         ||
||                           142_BXD101_CTRL_full.co.bam                      ||
||                           142_BXD101_CTRL_sub1.co.bam                      ||
||                           142_BXD101_CTRL_sub2.co.bam                      ||
||                           143_BXD101_SD_full.co.bam                        ||
||                           143_BXD101_SD_sub1.co.bam                        ||
||                           143_BXD101_SD_sub2.co.bam                        ||
||                           144_73b_CTRL_full.co.bam                         ||
||                           144_73b_CTRL_sub1.co.bam                         ||
||                           144_73b_CTRL_sub2.co.bam                         ||
||                           145_73b_SD_full.co.bam                           ||
||                           145_73b_SD_sub1.co.bam                           ||
||                           145_73b_SD_sub2.co.bam                           ||
||                           146_C57Bl6_CTRL_full.co.bam                      ||
||                           146_C57Bl6_CTRL_sub1.co.bam                      ||
||                           146_C57Bl6_CTRL_sub2.co.bam                      ||
||                           147_C57Bl6_SD_full.co.bam                        ||
||                           147_C57Bl6_SD_sub1.co.bam                        ||
||                           147_C57Bl6_SD_sub2.co.bam                        ||
||                           148_BXD43_CTRL_full.co.bam                       ||
||                           148_BXD43_CTRL_sub1.co.bam                       ||
||                           148_BXD43_CTRL_sub2.co.bam                       ||
||                           149_BXD43_SD_full.co.bam                         ||
||                           149_BXD43_SD_sub1.co.bam                         ||
||                           149_BXD43_SD_sub2.co.bam                         ||
||                           150_BXD45_CTRL_full.co.bam                       ||
||                           150_BXD45_CTRL_sub1.co.bam                       ||
||                           150_BXD45_CTRL_sub2.co.bam                       ||
||                           151_BXD45_SD_full.co.bam                         ||
||                           151_BXD45_SD_sub1.co.bam                         ||
||                           151_BXD45_SD_sub2.co.bam                         ||
||                           152_BXD48_CTRL_full.co.bam                       ||
||                           152_BXD48_CTRL_sub1.co.bam                       ||
||                           152_BXD48_CTRL_sub2.co.bam                       ||
||                           153_BXD48_SD_full.co.bam                         ||
||                           153_BXD48_SD_sub1.co.bam                         ||
||                           153_BXD48_SD_sub2.co.bam                         ||
||                           154_BXD50_CTRL_full.co.bam                       ||
||                           154_BXD50_CTRL_sub1.co.bam                       ||
||                           154_BXD50_CTRL_sub2.co.bam                       ||
||                           155_BXD50_SD_full.co.bam                         ||
||                           155_BXD50_SD_sub1.co.bam                         ||
||                           155_BXD50_SD_sub2.co.bam                         ||
||                           156_BXD61_CTRL_full.co.bam                       ||
||                           156_BXD61_CTRL_sub1.co.bam                       ||
||                           156_BXD61_CTRL_sub2.co.bam                       ||
||                           157_BXD61_SD_full.co.bam                         ||
||                           157_BXD61_SD_sub1.co.bam                         ||
||                           157_BXD61_SD_sub2.co.bam                         ||
||                           158_BXD64_CTRL_full.co.bam                       ||
||                           158_BXD64_CTRL_sub1.co.bam                       ||
||                           158_BXD64_CTRL_sub2.co.bam                       ||
||                           159_BXD64_SD_full.co.bam                         ||
||                           159_BXD64_SD_sub1.co.bam                         ||
||                           159_BXD64_SD_sub2.co.bam                         ||
||                           160_BXD65_CTRL_full.co.bam                       ||
||                           160_BXD65_CTRL_sub1.co.bam                       ||
||                           160_BXD65_CTRL_sub2.co.bam                       ||
||                           161_BXD65_SD_full.co.bam                         ||
||                           161_BXD65_SD_sub1.co.bam                         ||
||                           161_BXD65_SD_sub2.co.bam                         ||
||                           162_BXD67_CTRL_full.co.bam                       ||
||                           162_BXD67_CTRL_sub1.co.bam                       ||
||                           162_BXD67_CTRL_sub2.co.bam                       ||
||                           163_BXD67_SD_full.co.bam                         ||
||                           163_BXD67_SD_sub1.co.bam                         ||
||                           163_BXD67_SD_sub2.co.bam                         ||
||                           164_BXD70_CTRL_full.co.bam                       ||
||                           164_BXD70_CTRL_sub1.co.bam                       ||
||                           164_BXD70_CTRL_sub2.co.bam                       ||
||                           165_BXD70_SD_full.co.bam                         ||
||                           165_BXD70_SD_sub1.co.bam                         ||
||                           165_BXD70_SD_sub2.co.bam                         ||
||                           166_BXD79_CTRL_full.co.bam                       ||
||                           166_BXD79_CTRL_sub1.co.bam                       ||
||                           166_BXD79_CTRL_sub2.co.bam                       ||
||                           167_BXD79_SD_full.co.bam                         ||
||                           167_BXD79_SD_sub1.co.bam                         ||
||                           167_BXD79_SD_sub2.co.bam                         ||
||                           168_BXD81_CTRL_full.co.bam                       ||
||                           168_BXD81_CTRL_sub1.co.bam                       ||
||                           168_BXD81_CTRL_sub2.co.bam                       ||
||                           169_BXD81_SD_full.co.bam                         ||
||                           169_BXD81_SD_sub1.co.bam                         ||
||                           169_BXD81_SD_sub2.co.bam                         ||
||                           170_BXD85_CTRL_full.co.bam                       ||
||                           170_BXD85_CTRL_sub1.co.bam                       ||
||                           170_BXD85_CTRL_sub2.co.bam                       ||
||                           171_BXD85_SD_full.co.bam                         ||
||                           171_BXD85_SD_sub1.co.bam                         ||
||                           171_BXD85_SD_sub2.co.bam                         ||
||                           174_BXD89_CTRL_full.co.bam                       ||
||                           174_BXD89_CTRL_sub1.co.bam                       ||
||                           174_BXD89_CTRL_sub2.co.bam                       ||
||                           175_BXD89_SD_full.co.bam                         ||
||                           175_BXD89_SD_sub1.co.bam                         ||
||                           175_BXD89_SD_sub2.co.bam                         ||
||                           176_BXD90_CTRL_full.co.bam                       ||
||                           176_BXD90_CTRL_sub1.co.bam                       ||
||                           176_BXD90_CTRL_sub2.co.bam                       ||
||                           177_BXD90_SD_full.co.bam                         ||
||                           177_BXD90_SD_sub1.co.bam                         ||
||                           177_BXD90_SD_sub2.co.bam                         ||
||                           178_BXD95_CTRL_full.co.bam                       ||
||                           178_BXD95_CTRL_sub1.co.bam                       ||
||                           178_BXD95_CTRL_sub2.co.bam                       ||
||                           179_BXD95_SD_full.co.bam                         ||
||                           179_BXD95_SD_sub1.co.bam                         ||
||                           179_BXD95_SD_sub2.co.bam                         ||
||                           180_C57Bl6_CTRL_full.co.bam                      ||
||                           180_C57Bl6_CTRL_sub1.co.bam                      ||
||                           180_C57Bl6_CTRL_sub2.co.bam                      ||
||                           181_C57Bl6_SD_full.co.bam                        ||
||                           181_C57Bl6_SD_sub1.co.bam                        ||
||                           181_C57Bl6_SD_sub2.co.bam                        ||
||                           182_DBA_CTRL_full.co.bam                         ||
||                           182_DBA_CTRL_sub1.co.bam                         ||
||                           182_DBA_CTRL_sub2.co.bam                         ||
||                           183_DBA_SD_full.co.bam                           ||
||                           183_DBA_SD_sub1.co.bam                           ||
||                           183_DBA_SD_sub2.co.bam                           ||
||                           184_BXD43_CTRL_full.co.bam                       ||
||                           184_BXD43_CTRL_sub1.co.bam                       ||
||                           184_BXD43_CTRL_sub2.co.bam                       ||
||                           185_BXD43_SD_full.co.bam                         ||
||                           185_BXD43_SD_sub1.co.bam                         ||
||                           185_BXD43_SD_sub2.co.bam                         ||
||                           186_BXD50_CTRL_full.co.bam                       ||
||                           186_BXD50_CTRL_sub1.co.bam                       ||
||                           186_BXD50_CTRL_sub2.co.bam                       ||
||                           187_BXD50_SD_full.co.bam                         ||
||                           187_BXD50_SD_sub1.co.bam                         ||
||                           187_BXD50_SD_sub2.co.bam                         ||
||                           188_BXD65_CTRL_full.co.bam                       ||
||                           188_BXD65_CTRL_sub1.co.bam                       ||
||                           188_BXD65_CTRL_sub2.co.bam                       ||
||                           189_BXD65_SD_full.co.bam                         ||
||                           189_BXD65_SD_sub1.co.bam                         ||
||                           189_BXD65_SD_sub2.co.bam                         ||
||                           190_65a_CTRL_full.co.bam                         ||
||                           190_65a_CTRL_sub1.co.bam                         ||
||                           190_65a_CTRL_sub2.co.bam                         ||
||                           192_BXD98_CTRL_full.co.bam                       ||
||                           192_BXD98_CTRL_sub1.co.bam                       ||
||                           192_BXD98_CTRL_sub2.co.bam                       ||
||                           193_BXD98_SD_full.co.bam                         ||
||                           193_BXD98_SD_sub1.co.bam                         ||
||                           193_BXD98_SD_sub2.co.bam                         ||
||                           194_BXD98_CTRL_full.co.bam                       ||
||                           194_BXD98_CTRL_sub1.co.bam                       ||
||                           194_BXD98_CTRL_sub2.co.bam                       ||
||                           195_BXD98_SD_full.co.bam                         ||
||                           195_BXD98_SD_sub1.co.bam                         ||
||                           195_BXD98_SD_sub2.co.bam                         ||
||                           196_BXD100_CTRL_full.co.bam                      ||
||                           196_BXD100_CTRL_sub1.co.bam                      ||
||                           196_BXD100_CTRL_sub2.co.bam                      ||
||                           197_BXD100_SD_full.co.bam                        ||
||                           197_BXD100_SD_sub1.co.bam                        ||
||                           197_BXD100_SD_sub2.co.bam                        ||
||                           198_73b_CTRL_full.co.bam                         ||
||                           198_73b_CTRL_sub1.co.bam                         ||
||                           198_73b_CTRL_sub2.co.bam                         ||
||                           199_73b_SD_full.co.bam                           ||
||                           199_73b_SD_sub1.co.bam                           ||
||                           199_73b_SD_sub2.co.bam                           ||
||                           200_C57Bl6_CTRL_full.co.bam                      ||
||                           200_C57Bl6_CTRL_sub1.co.bam                      ||
||                           200_C57Bl6_CTRL_sub2.co.bam                      ||
||                           201_C57Bl6_SD_full.co.bam                        ||
||                           201_C57Bl6_SD_sub1.co.bam                        ||
||                           201_C57Bl6_SD_sub2.co.bam                        ||
||                           202_DBA_CTRL_full.co.bam                         ||
||                           202_DBA_CTRL_sub1.co.bam                         ||
||                           202_DBA_CTRL_sub2.co.bam                         ||
||                           203_DBA_SD_full.co.bam                           ||
||                           203_DBA_SD_sub1.co.bam                           ||
||                           203_DBA_SD_sub2.co.bam                           ||
||                           204_BXD44_CTRL_full.co.bam                       ||
||                           204_BXD44_CTRL_sub1.co.bam                       ||
||                           204_BXD44_CTRL_sub2.co.bam                       ||
||                           205_BXD44_SD_full.co.bam                         ||
||                           205_BXD44_SD_sub1.co.bam                         ||
||                           205_BXD44_SD_sub2.co.bam                         ||
||                           206_BXD44_CTRL_full.co.bam                       ||
||                           206_BXD44_CTRL_sub1.co.bam                       ||
||                           206_BXD44_CTRL_sub2.co.bam                       ||
||                           207_BXD44_SD_full.co.bam                         ||
||                           207_BXD44_SD_sub1.co.bam                         ||
||                           207_BXD44_SD_sub2.co.bam                         ||
||                           208_BXD44_CTRL_full.co.bam                       ||
||                           208_BXD44_CTRL_sub1.co.bam                       ||
||                           208_BXD44_CTRL_sub2.co.bam                       ||
||                           209_BXD44_SD_full.co.bam                         ||
||                           209_BXD44_SD_sub1.co.bam                         ||
||                           209_BXD44_SD_sub2.co.bam                         ||
||                           210_BXD79_CTRL_full.co.bam                       ||
||                           210_BXD79_CTRL_sub1.co.bam                       ||
||                           210_BXD79_CTRL_sub2.co.bam                       ||
||                           211_BXD79_SD_full.co.bam                         ||
||                           211_BXD79_SD_sub1.co.bam                         ||
||                           211_BXD79_SD_sub2.co.bam                         ||
||                           212_BXD79_CTRL_full.co.bam                       ||
||                           212_BXD79_CTRL_sub1.co.bam                       ||
||                           212_BXD79_CTRL_sub2.co.bam                       ||
||                           213_BXD79_SD_full.co.bam                         ||
||                           213_BXD79_SD_sub1.co.bam                         ||
||                           213_BXD79_SD_sub2.co.bam                         ||
||                           214_65a_CTRL_full.co.bam                         ||
||                           214_65a_CTRL_sub1.co.bam                         ||
||                           214_65a_CTRL_sub2.co.bam                         ||
||                           215_65a_SD_full.co.bam                           ||
||                           215_65a_SD_sub1.co.bam                           ||
||                           215_65a_SD_sub2.co.bam                           ||
||                           216_C57Bl6_CTRL_full.co.bam                      ||
||                           216_C57Bl6_CTRL_sub1.co.bam                      ||
||                           216_C57Bl6_CTRL_sub2.co.bam                      ||
||                           217_C57Bl6_SD_full.co.bam                        ||
||                           217_C57Bl6_SD_sub1.co.bam                        ||
||                           217_C57Bl6_SD_sub2.co.bam                        ||
||                           218_DBA_CTRL_full.co.bam                         ||
||                           218_DBA_CTRL_sub1.co.bam                         ||
||                           218_DBA_CTRL_sub2.co.bam                         ||
||                           219_DBA_SD_full.co.bam                           ||
||                           219_DBA_SD_sub1.co.bam                           ||
||                           219_DBA_SD_sub2.co.bam                           ||
||                           220_BXD71_CTRL_full.co.bam                       ||
||                           220_BXD71_CTRL_sub1.co.bam                       ||
||                           220_BXD71_CTRL_sub2.co.bam                       ||
||                           221_BXD71_SD_full.co.bam                         ||
||                           221_BXD71_SD_sub1.co.bam                         ||
||                           221_BXD71_SD_sub2.co.bam                         ||
||                           222_BXD101_CTRL_full.co.bam                      ||
||                           222_BXD101_CTRL_sub1.co.bam                      ||
||                           222_BXD101_CTRL_sub2.co.bam                      ||
||                           223_BXD101_SD_full.co.bam                        ||
||                           223_BXD101_SD_sub1.co.bam                        ||
||                           223_BXD101_SD_sub2.co.bam                        ||
||                           224_BXD71_CTRL_full.co.bam                       ||
||                           224_BXD71_CTRL_sub1.co.bam                       ||
||                           224_BXD71_CTRL_sub2.co.bam                       ||
||                           225_BXD71_SD_full.co.bam                         ||
||                           225_BXD71_SD_sub1.co.bam                         ||
||                           225_BXD71_SD_sub2.co.bam                         ||
||                           226_C57Bl6_CTRL_full.co.bam                      ||
||                           226_C57Bl6_CTRL_sub1.co.bam                      ||
||                           226_C57Bl6_CTRL_sub2.co.bam                      ||
||                           227_C57Bl6_SD_full.co.bam                        ||
||                           227_C57Bl6_SD_sub1.co.bam                        ||
||                           227_C57Bl6_SD_sub2.co.bam                        ||
||                           228_DBA_CTRL_full.co.bam                         ||
||                           228_DBA_CTRL_sub1.co.bam                         ||
||                           228_DBA_CTRL_sub2.co.bam                         ||
||                           229_DBA_SD_full.co.bam                           ||
||                           229_DBA_SD_sub1.co.bam                           ||
||                           229_DBA_SD_sub2.co.bam                           ||
||                                                                            ||
||              Paired-end : no                                               ||
||        Count read pairs : no                                               ||
||              Annotation : genomic_features0.gtf (GTF)                      ||
||      Dir for temp files : .                                                ||
||                 Threads : 30                                               ||
||                   Level : feature level                                    ||
||      Multimapping reads : counted                                          ||
|| Multi-overlapping reads : counted                                          ||
||   Min overlapping bases : 1                                                ||
||                                                                            ||
\\============================================================================//

//================================= Running ==================================\\
||                                                                            ||
|| Load annotation file genomic_features0.gtf ...                             ||
||    Features : 75155                                                        ||
||    Meta-features : 75155                                                   ||
||    Chromosomes/contigs : 28                                                ||
||                                                                            ||
|| Process BAM file 001_BXD45_SD_full.co.bam...                               ||
||    Single-end reads are included.                                          ||
||    Total alignments : 59399088                                             ||
||    Successfully assigned alignments : 2048978 (3.4%)                       ||
||    Running time : 0.05 minutes                                             ||
||                                                                            ||
|| Process BAM file 001_BXD45_SD_sub1.co.bam...                               ||
||    Single-end reads are included.                                          ||
||    Total alignments : 20000000                                             ||
||    Successfully assigned alignments : 689236 (3.4%)                        ||
||    Running time : 0.02 minutes                                             ||
||                                                                            ||
|| Process BAM file 001_BXD45_SD_sub2.co.bam...                               ||
||    Single-end reads are included.                                          ||
||    Total alignments : 15000000                                             ||
||    Successfully assigned alignments : 518182 (3.5%)                        ||
||    Running time : 0.02 minutes                                             ||
||                                                                            ||
|| Process BAM file 002_BXD45_CTRL_full.co.bam...                             ||
||    Single-end reads are included.                                          ||
||    Total alignments : 50554522                                             ||
||    Successfully assigned alignments : 2025431 (4.0%)                       ||
||    Running time : 0.05 minutes                                             ||
||                                                                            ||
|| Process BAM file 002_BXD45_CTRL_sub1.co.bam...                             ||
||    Single-end reads are included.                                          ||
||    Total alignments : 20000000                                             ||
||    Successfully assigned alignments : 802201 (4.0%)                        ||
||    Running time : 0.02 minutes                                             ||
||                                                                            ||
|| Process BAM file 002_BXD45_CTRL_sub2.co.bam...                             ||
||    Single-end reads are included.                                          ||
||    Total alignments : 15000000                                             ||
||    Successfully assigned alignments : 601605 (4.0%)                        ||
||    Running time : 0.02 minutes                                             ||
||                                                                            ||
|| Process BAM file 003_BXD51_SD_full.co.bam...                               ||
||    Single-end reads are included.                                          ||
||    Total alignments : 51977435                                             ||
||    Successfully assigned alignments : 1852403 (3.6%)                       ||
||    Running time : 0.05 minutes                                             ||
||                                                                            ||
|| Process BAM file 003_BXD51_SD_sub1.co.bam...                               ||
||    Single-end reads are included.                                          ||
||    Total alignments : 20000000                                             ||
||    Successfully assigned alignments : 712192 (3.6%)                        ||
||    Running time : 0.02 minutes                                             ||
||                                                                            ||
|| Process BAM file 003_BXD51_SD_sub2.co.bam...                               ||
||    Single-end reads are included.                                          ||
||    Total alignments : 15000000                                             ||
||    Successfully assigned alignments : 534135 (3.6%)                        ||
||    Running time : 0.02 minutes                                             ||
||                                                                            ||
|| Process BAM file 004_BXD51_CTRL_full.co.bam...                             ||
||    Single-end reads are included.                                          ||
||    Total alignments : 50612679                                             ||
||    Successfully assigned alignments : 1968510 (3.9%)                       ||
||    Running time : 0.05 minutes                                             ||
||                                                                            ||
|| Process BAM file 004_BXD51_CTRL_sub1.co.bam...                             ||
||    Single-end reads are included.                                          ||
||    Total alignments : 20000000                                             ||
||    Successfully assigned alignments : 776414 (3.9%)                        ||
||    Running time : 0.02 minutes                                             ||
||                                                                            ||
|| Process BAM file 004_BXD51_CTRL_sub2.co.bam...                             ||
||    Single-end reads are included.                                          ||
||    Total alignments : 15000000                                             ||
||    Successfully assigned alignments : 583642 (3.9%)                        ||
||    Running time : 0.02 minutes                                             ||
||                                                                            ||
|| Process BAM file 005_BXD55_SD_full.co.bam...                               ||
||    Single-end reads are included.                                          ||
||    Total alignments : 61749971                                             ||
||    Successfully assigned alignments : 2267906 (3.7%)                       ||
||    Running time : 0.06 minutes                                             ||
||                                                                            ||
|| Process BAM file 005_BXD55_SD_sub1.co.bam...                               ||
||    Single-end reads are included.                                          ||
||    Total alignments : 20000000                                             ||
||    Successfully assigned alignments : 734358 (3.7%)                        ||
||    Running time : 0.02 minutes                                             ||
||                                                                            ||
|| Process BAM file 005_BXD55_SD_sub2.co.bam...                               ||
||    Single-end reads are included.                                          ||
||    Total alignments : 15000000                                             ||
||    Successfully assigned alignments : 550245 (3.7%)                        ||
||    Running time : 0.02 minutes                                             ||
||                                                                            ||
|| Process BAM file 006_BXD55_CTRL_full.co.bam...                             ||
||    Single-end reads are included.                                          ||
||    Total alignments : 41949944                                             ||
||    Successfully assigned alignments : 1725712 (4.1%)                       ||
||    Running time : 0.04 minutes                                             ||
||                                                                            ||
|| Process BAM file 006_BXD55_CTRL_sub1.co.bam...                             ||
||    Single-end reads are included.                                          ||
||    Total alignments : 20000000                                             ||
||    Successfully assigned alignments : 823061 (4.1%)                        ||
||    Running time : 0.02 minutes                                             ||
||                                                                            ||
|| Process BAM file 006_BXD55_CTRL_sub2.co.bam...                             ||
||    Single-end reads are included.                                          ||
||    Total alignments : 15000000                                             ||
||    Successfully assigned alignments : 617359 (4.1%)                        ||
||    Running time : 0.02 minutes                                             ||
||                                                                            ||
|| Process BAM file 007_BXD56_SD_full.co.bam...                               ||
||    Single-end reads are included.                                          ||
||    Total alignments : 44347223                                             ||
||    Successfully assigned alignments : 2298085 (5.2%)                       ||
||    Running time : 0.04 minutes                                             ||
||                                                                            ||
|| Process BAM file 007_BXD56_SD_sub1.co.bam...                               ||
||    Single-end reads are included.                                          ||
||    Total alignments : 20000000                                             ||
||    Successfully assigned alignments : 1035945 (5.2%)                       ||
||    Running time : 0.02 minutes                                             ||
||                                                                            ||
|| Process BAM file 007_BXD56_SD_sub2.co.bam...                               ||
||    Single-end reads are included.                                          ||
||    Total alignments : 15000000                                             ||
||    Successfully assigned alignments : 779065 (5.2%)                        ||
||    Running time : 0.02 minutes                                             ||
||                                                                            ||
|| Process BAM file 008_BXD56_CTRL_full.co.bam...                             ||
||    Single-end reads are included.                                          ||
||    Total alignments : 69620130                                             ||
||    Successfully assigned alignments : 3235657 (4.6%)                       ||
||    Running time : 0.06 minutes                                             ||
||                                                                            ||
|| Process BAM file 008_BXD56_CTRL_sub1.co.bam...                             ||
||    Single-end reads are included.                                          ||
||    Total alignments : 20000000                                             ||
||    Successfully assigned alignments : 930452 (4.7%)                        ||
||    Running time : 0.03 minutes                                             ||
||                                                                            ||
|| Process BAM file 008_BXD56_CTRL_sub2.co.bam...                             ||
||    Single-end reads are included.                                          ||
||    Total alignments : 15000000                                             ||
||    Successfully assigned alignments : 697796 (4.7%)                        ||
||    Running time : 0.02 minutes                                             ||
||                                                                            ||
|| Process BAM file 009_BXD61_SD_full.co.bam...                               ||
||    Single-end reads are included.                                          ||
||    Total alignments : 47007601                                             ||
||    Successfully assigned alignments : 2636769 (5.6%)                       ||
||    Running time : 0.04 minutes                                             ||
||                                                                            ||
|| Process BAM file 009_BXD61_SD_sub1.co.bam...                               ||
||    Single-end reads are included.                                          ||
||    Total alignments : 20000000                                             ||
||    Successfully assigned alignments : 1122069 (5.6%)                       ||
||    Running time : 0.02 minutes                                             ||
||                                                                            ||
|| Process BAM file 009_BXD61_SD_sub2.co.bam...                               ||
||    Single-end reads are included.                                          ||
||    Total alignments : 15000000                                             ||
||    Successfully assigned alignments : 841318 (5.6%)                        ||
||    Running time : 0.02 minutes                                             ||
||                                                                            ||
|| Process BAM file 010_BXD61_CTRL_full.co.bam...                             ||
||    Single-end reads are included.                                          ||
||    Total alignments : 44408999                                             ||
||    Successfully assigned alignments : 2852002 (6.4%)                       ||
||    Running time : 0.04 minutes                                             ||
||                                                                            ||
|| Process BAM file 010_BXD61_CTRL_sub1.co.bam...                             ||
||    Single-end reads are included.                                          ||
||    Total alignments : 20000000                                             ||
||    Successfully assigned alignments : 1284526 (6.4%)                       ||
||    Running time : 0.02 minutes                                             ||
||                                                                            ||
|| Process BAM file 010_BXD61_CTRL_sub2.co.bam...                             ||
||    Single-end reads are included.                                          ||
||    Total alignments : 15000000                                             ||
||    Successfully assigned alignments : 965288 (6.4%)                        ||
||    Running time : 0.02 minutes                                             ||
||                                                                            ||
|| Process BAM file 011_BXD66_SD_full.co.bam...                               ||
||    Single-end reads are included.                                          ||
||    Total alignments : 52667645                                             ||
||    Successfully assigned alignments : 4318558 (8.2%)                       ||
||    Running time : 0.04 minutes                                             ||
||                                                                            ||
|| Process BAM file 011_BXD66_SD_sub1.co.bam...                               ||
||    Single-end reads are included.                                          ||
||    Total alignments : 20000000                                             ||
||    Successfully assigned alignments : 1640120 (8.2%)                       ||
||    Running time : 0.02 minutes                                             ||
||                                                                            ||
|| Process BAM file 011_BXD66_SD_sub2.co.bam...                               ||
||    Single-end reads are included.                                          ||
||    Total alignments : 15000000                                             ||
||    Successfully assigned alignments : 1229179 (8.2%)                       ||
||    Running time : 0.02 minutes                                             ||
||                                                                            ||
|| Process BAM file 012_BXD66_CTRL_full.co.bam...                             ||
||    Single-end reads are included.                                          ||
||    Total alignments : 53908597                                             ||
||    Successfully assigned alignments : 3430862 (6.4%)                       ||
||    Running time : 0.05 minutes                                             ||
||                                                                            ||
|| Process BAM file 012_BXD66_CTRL_sub1.co.bam...                             ||
||    Single-end reads are included.                                          ||
||    Total alignments : 20000000                                             ||
||    Successfully assigned alignments : 1272711 (6.4%)                       ||
||    Running time : 0.02 minutes                                             ||
||                                                                            ||
|| Process BAM file 012_BXD66_CTRL_sub2.co.bam...                             ||
||    Single-end reads are included.                                          ||
||    Total alignments : 15000000                                             ||
||    Successfully assigned alignments : 955678 (6.4%)                        ||
||    Running time : 0.02 minutes                                             ||
||                                                                            ||
|| Process BAM file 013_BXD67_SD_full.co.bam...                               ||
||    Single-end reads are included.                                          ||
||    Total alignments : 50092481                                             ||
||    Successfully assigned alignments : 2856504 (5.7%)                       ||
||    Running time : 0.05 minutes                                             ||
||                                                                            ||
|| Process BAM file 013_BXD67_SD_sub1.co.bam...                               ||
||    Single-end reads are included.                                          ||
||    Total alignments : 20000000                                             ||
||    Successfully assigned alignments : 1140617 (5.7%)                       ||
||    Running time : 0.02 minutes                                             ||
||                                                                            ||
|| Process BAM file 013_BXD67_SD_sub2.co.bam...                               ||
||    Single-end reads are included.                                          ||
||    Total alignments : 15000000                                             ||
||    Successfully assigned alignments : 855617 (5.7%)                        ||
||    Running time : 0.02 minutes                                             ||
||                                                                            ||
|| Process BAM file 014_BXD67_CTRL_full.co.bam...                             ||
||    Single-end reads are included.                                          ||
||    Total alignments : 50353101                                             ||
||    Successfully assigned alignments : 2051456 (4.1%)                       ||
||    Running time : 0.05 minutes                                             ||
||                                                                            ||
|| Process BAM file 014_BXD67_CTRL_sub1.co.bam...                             ||
||    Single-end reads are included.                                          ||
||    Total alignments : 20000000                                             ||
||    Successfully assigned alignments : 814689 (4.1%)                        ||
||    Running time : 0.02 minutes                                             ||
||                                                                            ||
|| Process BAM file 014_BXD67_CTRL_sub2.co.bam...                             ||
||    Single-end reads are included.                                          ||
||    Total alignments : 15000000                                             ||
||    Successfully assigned alignments : 610766 (4.1%)                        ||
||    Running time : 0.02 minutes                                             ||
||                                                                            ||
|| Process BAM file 015_BXD70_SD_full.co.bam...                               ||
||    Single-end reads are included.                                          ||
||    Total alignments : 50818111                                             ||
||    Successfully assigned alignments : 2258793 (4.4%)                       ||
||    Running time : 0.05 minutes                                             ||
||                                                                            ||
|| Process BAM file 015_BXD70_SD_sub1.co.bam...                               ||
||    Single-end reads are included.                                          ||
||    Total alignments : 20000000                                             ||
||    Successfully assigned alignments : 888351 (4.4%)                        ||
||    Running time : 0.02 minutes                                             ||
||                                                                            ||
|| Process BAM file 015_BXD70_SD_sub2.co.bam...                               ||
||    Single-end reads are included.                                          ||
||    Total alignments : 15000000                                             ||
||    Successfully assigned alignments : 666750 (4.4%)                        ||
||    Running time : 0.02 minutes                                             ||
||                                                                            ||
|| Process BAM file 016_BXD70_CTRL_full.co.bam...                             ||
||    Single-end reads are included.                                          ||
||    Total alignments : 50621026                                             ||
||    Successfully assigned alignments : 2111091 (4.2%)                       ||
||    Running time : 0.05 minutes                                             ||
||                                                                            ||
|| Process BAM file 016_BXD70_CTRL_sub1.co.bam...                             ||
||    Single-end reads are included.                                          ||
||    Total alignments : 20000000                                             ||
||    Successfully assigned alignments : 832759 (4.2%)                        ||
||    Running time : 0.02 minutes                                             ||
||                                                                            ||
|| Process BAM file 016_BXD70_CTRL_sub2.co.bam...                             ||
||    Single-end reads are included.                                          ||
||    Total alignments : 15000000                                             ||
||    Successfully assigned alignments : 625162 (4.2%)                        ||
||    Running time : 0.02 minutes                                             ||
||                                                                            ||
|| Process BAM file 017_BXD73_SD_full.co.bam...                               ||
||    Single-end reads are included.                                          ||
||    Total alignments : 47819909                                             ||
||    Successfully assigned alignments : 2482084 (5.2%)                       ||
||    Running time : 0.05 minutes                                             ||
||                                                                            ||
|| Process BAM file 017_BXD73_SD_sub1.co.bam...                               ||
||    Single-end reads are included.                                          ||
||    Total alignments : 20000000                                             ||
||    Successfully assigned alignments : 1038137 (5.2%)                       ||
||    Running time : 0.02 minutes                                             ||
||                                                                            ||
|| Process BAM file 017_BXD73_SD_sub2.co.bam...                               ||
||    Single-end reads are included.                                          ||
||    Total alignments : 15000000                                             ||
||    Successfully assigned alignments : 778290 (5.2%)                        ||
||    Running time : 0.02 minutes                                             ||
||                                                                            ||
|| Process BAM file 018_BXD73_CTRL_full.co.bam...                             ||
||    Single-end reads are included.                                          ||
||    Total alignments : 40568487                                             ||
||    Successfully assigned alignments : 2734368 (6.7%)                       ||
||    Running time : 0.04 minutes                                             ||
||                                                                            ||
|| Process BAM file 018_BXD73_CTRL_sub1.co.bam...                             ||
||    Single-end reads are included.                                          ||
||    Total alignments : 20000000                                             ||
||    Successfully assigned alignments : 1347837 (6.7%)                       ||
||    Running time : 0.02 minutes                                             ||
||                                                                            ||
|| Process BAM file 018_BXD73_CTRL_sub2.co.bam...                             ||
||    Single-end reads are included.                                          ||
||    Total alignments : 15000000                                             ||
||    Successfully assigned alignments : 1012410 (6.7%)                       ||
||    Running time : 0.02 minutes                                             ||
||                                                                            ||
|| Process BAM file 019_BXD75_SD_full.co.bam...                               ||
||    Single-end reads are included.                                          ||
||    Total alignments : 38578132                                             ||
||    Successfully assigned alignments : 2814518 (7.3%)                       ||
||    Running time : 0.04 minutes                                             ||
||                                                                            ||
|| Process BAM file 019_BXD75_SD_sub1.co.bam...                               ||
||    Single-end reads are included.                                          ||
||    Total alignments : 20000000                                             ||
||    Successfully assigned alignments : 1457785 (7.3%)                       ||
||    Running time : 0.02 minutes                                             ||
||                                                                            ||
|| Process BAM file 019_BXD75_SD_sub2.co.bam...                               ||
||    Single-end reads are included.                                          ||
||    Total alignments : 15000000                                             ||
||    Successfully assigned alignments : 1093086 (7.3%)                       ||
||    Running time : 0.02 minutes                                             ||
||                                                                            ||
|| Process BAM file 020_BXD75_CTRL_full.co.bam...                             ||
||    Single-end reads are included.                                          ||
||    Total alignments : 30410139                                             ||
||    Successfully assigned alignments : 1678462 (5.5%)                       ||
||    Running time : 0.03 minutes                                             ||
||                                                                            ||
|| Process BAM file 020_BXD75_CTRL_sub1.co.bam...                             ||
||    Single-end reads are included.                                          ||
||    Total alignments : 20000000                                             ||
||    Successfully assigned alignments : 1104260 (5.5%)                       ||
||    Running time : 0.02 minutes                                             ||
||                                                                            ||
|| Process BAM file 020_BXD75_CTRL_sub2.co.bam...                             ||
||    Single-end reads are included.                                          ||
||    Total alignments : 15000000                                             ||
||    Successfully assigned alignments : 827972 (5.5%)                        ||
||    Running time : 0.02 minutes                                             ||
||                                                                            ||
|| Process BAM file 021_BXD83_SD_full.co.bam...                               ||
||    Single-end reads are included.                                          ||
||    Total alignments : 41868731                                             ||
||    Successfully assigned alignments : 1531281 (3.7%)                       ||
||    Running time : 0.04 minutes                                             ||
||                                                                            ||
|| Process BAM file 021_BXD83_SD_sub1.co.bam...                               ||
||    Single-end reads are included.                                          ||
||    Total alignments : 20000000                                             ||
||    Successfully assigned alignments : 731421 (3.7%)                        ||
||    Running time : 0.02 minutes                                             ||
||                                                                            ||
|| Process BAM file 021_BXD83_SD_sub2.co.bam...                               ||
||    Single-end reads are included.                                          ||
||    Total alignments : 15000000                                             ||
||    Successfully assigned alignments : 548147 (3.7%)                        ||
||    Running time : 0.02 minutes                                             ||
||                                                                            ||
|| Process BAM file 022_BXD83_CTRL_full.co.bam...                             ||
||    Single-end reads are included.                                          ||
||    Total alignments : 42918864                                             ||
||    Successfully assigned alignments : 1443874 (3.4%)                       ||
||    Running time : 0.04 minutes                                             ||
||                                                                            ||
|| Process BAM file 022_BXD83_CTRL_sub1.co.bam...                             ||
||    Single-end reads are included.                                          ||
||    Total alignments : 20000000                                             ||
||    Successfully assigned alignments : 673160 (3.4%)                        ||
||    Running time : 0.02 minutes                                             ||
||                                                                            ||
|| Process BAM file 022_BXD83_CTRL_sub2.co.bam...                             ||
||    Single-end reads are included.                                          ||
||    Total alignments : 15000000                                             ||
||    Successfully assigned alignments : 504565 (3.4%)                        ||
||    Running time : 0.02 minutes                                             ||
||                                                                            ||
|| Process BAM file 023_BXD84_SD_full.co.bam...                               ||
||    Single-end reads are included.                                          ||
||    Total alignments : 36860800                                             ||
||    Successfully assigned alignments : 2199304 (6.0%)                       ||
||    Running time : 0.03 minutes                                             ||
||                                                                            ||
|| Process BAM file 023_BXD84_SD_sub1.co.bam...                               ||
||    Single-end reads are included.                                          ||
||    Total alignments : 20000000                                             ||
||    Successfully assigned alignments : 1193500 (6.0%)                       ||
||    Running time : 0.02 minutes                                             ||
||                                                                            ||
|| Process BAM file 023_BXD84_SD_sub2.co.bam...                               ||
||    Single-end reads are included.                                          ||
||    Total alignments : 15000000                                             ||
||    Successfully assigned alignments : 894814 (6.0%)                        ||
||    Running time : 0.02 minutes                                             ||
||                                                                            ||
|| Process BAM file 024_BXD84_CTRL_full.co.bam...                             ||
||    Single-end reads are included.                                          ||
||    Total alignments : 34204054                                             ||
||    Successfully assigned alignments : 2051313 (6.0%)                       ||
||    Running time : 0.03 minutes                                             ||
||                                                                            ||
|| Process BAM file 024_BXD84_CTRL_sub1.co.bam...                             ||
||    Single-end reads are included.                                          ||
||    Total alignments : 20000000                                             ||
||    Successfully assigned alignments : 1200141 (6.0%)                       ||
||    Running time : 0.02 minutes                                             ||
||                                                                            ||
|| Process BAM file 024_BXD84_CTRL_sub2.co.bam...                             ||
||    Single-end reads are included.                                          ||
||    Total alignments : 15000000                                             ||
||    Successfully assigned alignments : 899197 (6.0%)                        ||
||    Running time : 0.02 minutes                                             ||
||                                                                            ||
|| Process BAM file 025_BXD89_SD_full.co.bam...                               ||
||    Single-end reads are included.                                          ||
||    Total alignments : 60237706                                             ||
||    Successfully assigned alignments : 2867682 (4.8%)                       ||
||    Running time : 0.05 minutes                                             ||
||                                                                            ||
|| Process BAM file 025_BXD89_SD_sub1.co.bam...                               ||
||    Single-end reads are included.                                          ||
||    Total alignments : 20000000                                             ||
||    Successfully assigned alignments : 951866 (4.8%)                        ||
||    Running time : 0.02 minutes                                             ||
||                                                                            ||
|| Process BAM file 025_BXD89_SD_sub2.co.bam...                               ||
||    Single-end reads are included.                                          ||
||    Total alignments : 15000000                                             ||
||    Successfully assigned alignments : 714106 (4.8%)                        ||
||    Running time : 0.02 minutes                                             ||
||                                                                            ||
|| Process BAM file 026_BXD89_CTRL_full.co.bam...                             ||
||    Single-end reads are included.                                          ||
||    Total alignments : 37816209                                             ||
||    Successfully assigned alignments : 3006370 (7.9%)                       ||
||    Running time : 0.03 minutes                                             ||
||                                                                            ||
|| Process BAM file 026_BXD89_CTRL_sub1.co.bam...                             ||
||    Single-end reads are included.                                          ||
||    Total alignments : 20000000                                             ||
||    Successfully assigned alignments : 1590175 (8.0%)                       ||
||    Running time : 0.02 minutes                                             ||
||                                                                            ||
|| Process BAM file 026_BXD89_CTRL_sub2.co.bam...                             ||
||    Single-end reads are included.                                          ||
||    Total alignments : 15000000                                             ||
||    Successfully assigned alignments : 1192813 (8.0%)                       ||
||    Running time : 0.02 minutes                                             ||
||                                                                            ||
|| Process BAM file 027_65a_SD_full.co.bam...                                 ||
||    Single-end reads are included.                                          ||
||    Total alignments : 42111761                                             ||
||    Successfully assigned alignments : 1908519 (4.5%)                       ||
||    Running time : 0.04 minutes                                             ||
||                                                                            ||
|| Process BAM file 027_65a_SD_sub1.co.bam...                                 ||
||    Single-end reads are included.                                          ||
||    Total alignments : 20000000                                             ||
||    Successfully assigned alignments : 907478 (4.5%)                        ||
||    Running time : 0.02 minutes                                             ||
||                                                                            ||
|| Process BAM file 027_65a_SD_sub2.co.bam...                                 ||
||    Single-end reads are included.                                          ||
||    Total alignments : 15000000                                             ||
||    Successfully assigned alignments : 679232 (4.5%)                        ||
||    Running time : 0.02 minutes                                             ||
||                                                                            ||
|| Process BAM file 028_65a_CTRL_full.co.bam...                               ||
||    Single-end reads are included.                                          ||
||    Total alignments : 47860238                                             ||
||    Successfully assigned alignments : 3182037 (6.6%)                       ||
||    Running time : 0.04 minutes                                             ||
||                                                                            ||
|| Process BAM file 028_65a_CTRL_sub1.co.bam...                               ||
||    Single-end reads are included.                                          ||
||    Total alignments : 20000000                                             ||
||    Successfully assigned alignments : 1328861 (6.6%)                       ||
||    Running time : 0.02 minutes                                             ||
||                                                                            ||
|| Process BAM file 028_65a_CTRL_sub2.co.bam...                               ||
||    Single-end reads are included.                                          ||
||    Total alignments : 15000000                                             ||
||    Successfully assigned alignments : 997646 (6.7%)                        ||
||    Running time : 0.02 minutes                                             ||
||                                                                            ||
|| Process BAM file 029_BXD100_SD_full.co.bam...                              ||
||    Single-end reads are included.                                          ||
||    Total alignments : 39621388                                             ||
||    Successfully assigned alignments : 2245223 (5.7%)                       ||
||    Running time : 0.04 minutes                                             ||
||                                                                            ||
|| Process BAM file 029_BXD100_SD_sub1.co.bam...                              ||
||    Single-end reads are included.                                          ||
||    Total alignments : 20000000                                             ||
||    Successfully assigned alignments : 1132651 (5.7%)                       ||
||    Running time : 0.02 minutes                                             ||
||                                                                            ||
|| Process BAM file 029_BXD100_SD_sub2.co.bam...                              ||
||    Single-end reads are included.                                          ||
||    Total alignments : 15000000                                             ||
||    Successfully assigned alignments : 850012 (5.7%)                        ||
||    Running time : 0.02 minutes                                             ||
||                                                                            ||
|| Process BAM file 030_BXD100_CTRL_full.co.bam...                            ||
||    Single-end reads are included.                                          ||
||    Total alignments : 41255383                                             ||
||    Successfully assigned alignments : 1924834 (4.7%)                       ||
||    Running time : 0.04 minutes                                             ||
||                                                                            ||
|| Process BAM file 030_BXD100_CTRL_sub1.co.bam...                            ||
||    Single-end reads are included.                                          ||
||    Total alignments : 20000000                                             ||
||    Successfully assigned alignments : 932124 (4.7%)                        ||
||    Running time : 0.02 minutes                                             ||
||                                                                            ||
|| Process BAM file 030_BXD100_CTRL_sub2.co.bam...                            ||
||    Single-end reads are included.                                          ||
||    Total alignments : 15000000                                             ||
||    Successfully assigned alignments : 700403 (4.7%)                        ||
||    Running time : 0.02 minutes                                             ||
||                                                                            ||
|| Process BAM file 031_BXD101_SD_full.co.bam...                              ||
||    Single-end reads are included.                                          ||
||    Total alignments : 38870513                                             ||
||    Successfully assigned alignments : 2104797 (5.4%)                       ||
||    Running time : 0.03 minutes                                             ||
||                                                                            ||
|| Process BAM file 031_BXD101_SD_sub1.co.bam...                              ||
||    Single-end reads are included.                                          ||
||    Total alignments : 20000000                                             ||
||    Successfully assigned alignments : 1083910 (5.4%)                       ||
||    Running time : 0.02 minutes                                             ||
||                                                                            ||
|| Process BAM file 031_BXD101_SD_sub2.co.bam...                              ||
||    Single-end reads are included.                                          ||
||    Total alignments : 15000000                                             ||
||    Successfully assigned alignments : 812678 (5.4%)                        ||
||    Running time : 0.02 minutes                                             ||
||                                                                            ||
|| Process BAM file 032_BXD101_CTRL_full.co.bam...                            ||
||    Single-end reads are included.                                          ||
||    Total alignments : 36680683                                             ||
||    Successfully assigned alignments : 2274959 (6.2%)                       ||
||    Running time : 0.03 minutes                                             ||
||                                                                            ||
|| Process BAM file 032_BXD101_CTRL_sub1.co.bam...                            ||
||    Single-end reads are included.                                          ||
||    Total alignments : 20000000                                             ||
||    Successfully assigned alignments : 1239749 (6.2%)                       ||
||    Running time : 0.02 minutes                                             ||
||                                                                            ||
|| Process BAM file 032_BXD101_CTRL_sub2.co.bam...                            ||
||    Single-end reads are included.                                          ||
||    Total alignments : 15000000                                             ||
||    Successfully assigned alignments : 929253 (6.2%)                        ||
||    Running time : 0.02 minutes                                             ||
||                                                                            ||
|| Process BAM file 033_C57Bl6_SD_full.co.bam...                              ||
||    Single-end reads are included.                                          ||
||    Total alignments : 37761902                                             ||
||    Successfully assigned alignments : 1338582 (3.5%)                       ||
||    Running time : 0.04 minutes                                             ||
||                                                                            ||
|| Process BAM file 033_C57Bl6_SD_sub1.co.bam...                              ||
||    Single-end reads are included.                                          ||
||    Total alignments : 20000000                                             ||
||    Successfully assigned alignments : 707946 (3.5%)                        ||
||    Running time : 0.02 minutes                                             ||
||                                                                            ||
|| Process BAM file 033_C57Bl6_SD_sub2.co.bam...                              ||
||    Single-end reads are included.                                          ||
||    Total alignments : 15000000                                             ||
||    Successfully assigned alignments : 532560 (3.6%)                        ||
||    Running time : 0.02 minutes                                             ||
||                                                                            ||
|| Process BAM file 034_C57Bl6_CTRL_full.co.bam...                            ||
||    Single-end reads are included.                                          ||
||    Total alignments : 40417112                                             ||
||    Successfully assigned alignments : 1187419 (2.9%)                       ||
||    Running time : 0.04 minutes                                             ||
||                                                                            ||
|| Process BAM file 034_C57Bl6_CTRL_sub1.co.bam...                            ||
||    Single-end reads are included.                                          ||
||    Total alignments : 20000000                                             ||
||    Successfully assigned alignments : 587835 (2.9%)                        ||
||    Running time : 0.02 minutes                                             ||
||                                                                            ||
|| Process BAM file 034_C57Bl6_CTRL_sub2.co.bam...                            ||
||    Single-end reads are included.                                          ||
||    Total alignments : 15000000                                             ||
||    Successfully assigned alignments : 441034 (2.9%)                        ||
||    Running time : 0.02 minutes                                             ||
||                                                                            ||
|| Process BAM file 035_DBA_SD_full.co.bam...                                 ||
||    Single-end reads are included.                                          ||
||    Total alignments : 42182105                                             ||
||    Successfully assigned alignments : 1667329 (4.0%)                       ||
||    Running time : 0.04 minutes                                             ||
||                                                                            ||
|| Process BAM file 035_DBA_SD_sub1.co.bam...                                 ||
||    Single-end reads are included.                                          ||
||    Total alignments : 20000000                                             ||
||    Successfully assigned alignments : 790561 (4.0%)                        ||
||    Running time : 0.02 minutes                                             ||
||                                                                            ||
|| Process BAM file 035_DBA_SD_sub2.co.bam...                                 ||
||    Single-end reads are included.                                          ||
||    Total alignments : 15000000                                             ||
||    Successfully assigned alignments : 592467 (3.9%)                        ||
||    Running time : 0.02 minutes                                             ||
||                                                                            ||
|| Process BAM file 036_DBA_CTRL_full.co.bam...                               ||
||    Single-end reads are included.                                          ||
||    Total alignments : 39872011                                             ||
||    Successfully assigned alignments : 1162817 (2.9%)                       ||
||    Running time : 0.04 minutes                                             ||
||                                                                            ||
|| Process BAM file 036_DBA_CTRL_sub1.co.bam...                               ||
||    Single-end reads are included.                                          ||
||    Total alignments : 20000000                                             ||
||    Successfully assigned alignments : 583224 (2.9%)                        ||
||    Running time : 0.02 minutes                                             ||
||                                                                            ||
|| Process BAM file 036_DBA_CTRL_sub2.co.bam...                               ||
||    Single-end reads are included.                                          ||
||    Total alignments : 15000000                                             ||
||    Successfully assigned alignments : 436867 (2.9%)                        ||
||    Running time : 0.02 minutes                                             ||
||                                                                            ||
|| Process BAM file 037_BXD48_SD_full.co.bam...                               ||
||    Single-end reads are included.                                          ||
||    Total alignments : 34981733                                             ||
||    Successfully assigned alignments : 1277593 (3.7%)                       ||
||    Running time : 0.03 minutes                                             ||
||                                                                            ||
|| Process BAM file 037_BXD48_SD_sub1.co.bam...                               ||
||    Single-end reads are included.                                          ||
||    Total alignments : 20000000                                             ||
||    Successfully assigned alignments : 731310 (3.7%)                        ||
||    Running time : 0.02 minutes                                             ||
||                                                                            ||
|| Process BAM file 037_BXD48_SD_sub2.co.bam...                               ||
||    Single-end reads are included.                                          ||
||    Total alignments : 15000000                                             ||
||    Successfully assigned alignments : 548480 (3.7%)                        ||
||    Running time : 0.02 minutes                                             ||
||                                                                            ||
|| Process BAM file 038_BXD49_SD_full.co.bam...                               ||
||    Single-end reads are included.                                          ||
||    Total alignments : 35185133                                             ||
||    Successfully assigned alignments : 1440388 (4.1%)                       ||
||    Running time : 0.03 minutes                                             ||
||                                                                            ||
|| Process BAM file 038_BXD49_SD_sub1.co.bam...                               ||
||    Single-end reads are included.                                          ||
||    Total alignments : 20000000                                             ||
||    Successfully assigned alignments : 819065 (4.1%)                        ||
||    Running time : 0.02 minutes                                             ||
||                                                                            ||
|| Process BAM file 038_BXD49_SD_sub2.co.bam...                               ||
||    Single-end reads are included.                                          ||
||    Total alignments : 15000000                                             ||
||    Successfully assigned alignments : 614325 (4.1%)                        ||
||    Running time : 0.02 minutes                                             ||
||                                                                            ||
|| Process BAM file 039_BXD48_CTRL_full.co.bam...                             ||
||    Single-end reads are included.                                          ||
||    Total alignments : 33113278                                             ||
||    Successfully assigned alignments : 1600192 (4.8%)                       ||
||    Running time : 0.03 minutes                                             ||
||                                                                            ||
|| Process BAM file 039_BXD48_CTRL_sub1.co.bam...                             ||
||    Single-end reads are included.                                          ||
||    Total alignments : 20000000                                             ||
||    Successfully assigned alignments : 965910 (4.8%)                        ||
||    Running time : 0.02 minutes                                             ||
||                                                                            ||
|| Process BAM file 039_BXD48_CTRL_sub2.co.bam...                             ||
||    Single-end reads are included.                                          ||
||    Total alignments : 15000000                                             ||
||    Successfully assigned alignments : 725059 (4.8%)                        ||
||    Running time : 0.02 minutes                                             ||
||                                                                            ||
|| Process BAM file 040_BXD49_CTRL_full.co.bam...                             ||
||    Single-end reads are included.                                          ||
||    Total alignments : 35659975                                             ||
||    Successfully assigned alignments : 1205102 (3.4%)                       ||
||    Running time : 0.03 minutes                                             ||
||                                                                            ||
|| Process BAM file 040_BXD49_CTRL_sub1.co.bam...                             ||
||    Single-end reads are included.                                          ||
||    Total alignments : 20000000                                             ||
||    Successfully assigned alignments : 676071 (3.4%)                        ||
||    Running time : 0.02 minutes                                             ||
||                                                                            ||
|| Process BAM file 040_BXD49_CTRL_sub2.co.bam...                             ||
||    Single-end reads are included.                                          ||
||    Total alignments : 15000000                                             ||
||    Successfully assigned alignments : 506467 (3.4%)                        ||
||    Running time : 0.02 minutes                                             ||
||                                                                            ||
|| Process BAM file 041_BXD50_SD_full.co.bam...                               ||
||    Single-end reads are included.                                          ||
||    Total alignments : 42111041                                             ||
||    Successfully assigned alignments : 1701227 (4.0%)                       ||
||    Running time : 0.04 minutes                                             ||
||                                                                            ||
|| Process BAM file 041_BXD50_SD_sub1.co.bam...                               ||
||    Single-end reads are included.                                          ||
||    Total alignments : 20000000                                             ||
||    Successfully assigned alignments : 808371 (4.0%)                        ||
||    Running time : 0.02 minutes                                             ||
||                                                                            ||
|| Process BAM file 041_BXD50_SD_sub2.co.bam...                               ||
||    Single-end reads are included.                                          ||
||    Total alignments : 15000000                                             ||
||    Successfully assigned alignments : 605470 (4.0%)                        ||
||    Running time : 0.02 minutes                                             ||
||                                                                            ||
|| Process BAM file 042_BXD50_CTRL_full.co.bam...                             ||
||    Single-end reads are included.                                          ||
||    Total alignments : 41225005                                             ||
||    Successfully assigned alignments : 1355141 (3.3%)                       ||
||    Running time : 0.04 minutes                                             ||
||                                                                            ||
|| Process BAM file 042_BXD50_CTRL_sub1.co.bam...                             ||
||    Single-end reads are included.                                          ||
||    Total alignments : 20000000                                             ||
||    Successfully assigned alignments : 657713 (3.3%)                        ||
||    Running time : 0.02 minutes                                             ||
||                                                                            ||
|| Process BAM file 042_BXD50_CTRL_sub2.co.bam...                             ||
||    Single-end reads are included.                                          ||
||    Total alignments : 15000000                                             ||
||    Successfully assigned alignments : 493227 (3.3%)                        ||
||    Running time : 0.02 minutes                                             ||
||                                                                            ||
|| Process BAM file 043_BXD51_SD_full.co.bam...                               ||
||    Single-end reads are included.                                          ||
||    Total alignments : 52693184                                             ||
||    Successfully assigned alignments : 1761175 (3.3%)                       ||
||    Running time : 0.05 minutes                                             ||
||                                                                            ||
|| Process BAM file 043_BXD51_SD_sub1.co.bam...                               ||
||    Single-end reads are included.                                          ||
||    Total alignments : 20000000                                             ||
||    Successfully assigned alignments : 667708 (3.3%)                        ||
||    Running time : 0.02 minutes                                             ||
||                                                                            ||
|| Process BAM file 043_BXD51_SD_sub2.co.bam...                               ||
||    Single-end reads are included.                                          ||
||    Total alignments : 15000000                                             ||
||    Successfully assigned alignments : 501300 (3.3%)                        ||
||    Running time : 0.02 minutes                                             ||
||                                                                            ||
|| Process BAM file 044_BXD51_CTRL_full.co.bam...                             ||
||    Single-end reads are included.                                          ||
||    Total alignments : 36413529                                             ||
||    Successfully assigned alignments : 1299530 (3.6%)                       ||
||    Running time : 0.03 minutes                                             ||
||                                                                            ||
|| Process BAM file 044_BXD51_CTRL_sub1.co.bam...                             ||
||    Single-end reads are included.                                          ||
||    Total alignments : 20000000                                             ||
||    Successfully assigned alignments : 713513 (3.6%)                        ||
||    Running time : 0.02 minutes                                             ||
||                                                                            ||
|| Process BAM file 044_BXD51_CTRL_sub2.co.bam...                             ||
||    Single-end reads are included.                                          ||
||    Total alignments : 15000000                                             ||
||    Successfully assigned alignments : 534904 (3.6%)                        ||
||    Running time : 0.02 minutes                                             ||
||                                                                            ||
|| Process BAM file 045_BXD56_SD_full.co.bam...                               ||
||    Single-end reads are included.                                          ||
||    Total alignments : 17358514                                             ||
||    Successfully assigned alignments : 1007084 (5.8%)                       ||
||    Running time : 0.02 minutes                                             ||
||                                                                            ||
|| Process BAM file 045_BXD56_SD_sub1.co.bam...                               ||
||    Single-end reads are included.                                          ||
||    Total alignments : 17358514                                             ||
||    Successfully assigned alignments : 1007084 (5.8%)                       ||
||    Running time : 0.02 minutes                                             ||
||                                                                            ||
|| Process BAM file 045_BXD56_SD_sub2.co.bam...                               ||
||    Single-end reads are included.                                          ||
||    Total alignments : 15000000                                             ||
||    Successfully assigned alignments : 870124 (5.8%)                        ||
||    Running time : 0.02 minutes                                             ||
||                                                                            ||
|| Process BAM file 046_BXD56_CTRL_full.co.bam...                             ||
||    Single-end reads are included.                                          ||
||    Total alignments : 79120615                                             ||
||    Successfully assigned alignments : 3090484 (3.9%)                       ||
||    Running time : 0.07 minutes                                             ||
||                                                                            ||
|| Process BAM file 046_BXD56_CTRL_sub1.co.bam...                             ||
||    Single-end reads are included.                                          ||
||    Total alignments : 20000000                                             ||
||    Successfully assigned alignments : 780552 (3.9%)                        ||
||    Running time : 0.02 minutes                                             ||
||                                                                            ||
|| Process BAM file 046_BXD56_CTRL_sub2.co.bam...                             ||
||    Single-end reads are included.                                          ||
||    Total alignments : 15000000                                             ||
||    Successfully assigned alignments : 585997 (3.9%)                        ||
||    Running time : 0.02 minutes                                             ||
||                                                                            ||
|| Process BAM file 047_BXD64_SD_full.co.bam...                               ||
||    Single-end reads are included.                                          ||
||    Total alignments : 41538693                                             ||
||    Successfully assigned alignments : 1209773 (2.9%)                       ||
||    Running time : 0.04 minutes                                             ||
||                                                                            ||
|| Process BAM file 047_BXD64_SD_sub1.co.bam...                               ||
||    Single-end reads are included.                                          ||
||    Total alignments : 20000000                                             ||
||    Successfully assigned alignments : 582619 (2.9%)                        ||
||    Running time : 0.02 minutes                                             ||
||                                                                            ||
|| Process BAM file 047_BXD64_SD_sub2.co.bam...                               ||
||    Single-end reads are included.                                          ||
||    Total alignments : 15000000                                             ||
||    Successfully assigned alignments : 437776 (2.9%)                        ||
||    Running time : 0.02 minutes                                             ||
||                                                                            ||
|| Process BAM file 048_BXD64_CTRL_full.co.bam...                             ||
||    Single-end reads are included.                                          ||
||    Total alignments : 42591652                                             ||
||    Successfully assigned alignments : 1410224 (3.3%)                       ||
||    Running time : 0.04 minutes                                             ||
||                                                                            ||
|| Process BAM file 048_BXD64_CTRL_sub1.co.bam...                             ||
||    Single-end reads are included.                                          ||
||    Total alignments : 20000000                                             ||
||    Successfully assigned alignments : 662519 (3.3%)                        ||
||    Running time : 0.02 minutes                                             ||
||                                                                            ||
|| Process BAM file 048_BXD64_CTRL_sub2.co.bam...                             ||
||    Single-end reads are included.                                          ||
||    Total alignments : 15000000                                             ||
||    Successfully assigned alignments : 495305 (3.3%)                        ||
||    Running time : 0.02 minutes                                             ||
||                                                                            ||
|| Process BAM file 049_BXD65_SD_full.co.bam...                               ||
||    Single-end reads are included.                                          ||
||    Total alignments : 39631627                                             ||
||    Successfully assigned alignments : 2224847 (5.6%)                       ||
||    Running time : 0.04 minutes                                             ||
||                                                                            ||
|| Process BAM file 049_BXD65_SD_sub1.co.bam...                               ||
||    Single-end reads are included.                                          ||
||    Total alignments : 20000000                                             ||
||    Successfully assigned alignments : 1121437 (5.6%)                       ||
||    Running time : 0.02 minutes                                             ||
||                                                                            ||
|| Process BAM file 049_BXD65_SD_sub2.co.bam...                               ||
||    Single-end reads are included.                                          ||
||    Total alignments : 15000000                                             ||
||    Successfully assigned alignments : 843181 (5.6%)                        ||
||    Running time : 0.02 minutes                                             ||
||                                                                            ||
|| Process BAM file 050_BXD65_CTRL_full.co.bam...                             ||
||    Single-end reads are included.                                          ||
||    Total alignments : 37949239                                             ||
||    Successfully assigned alignments : 1869772 (4.9%)                       ||
||    Running time : 0.04 minutes                                             ||
||                                                                            ||
|| Process BAM file 050_BXD65_CTRL_sub1.co.bam...                             ||
||    Single-end reads are included.                                          ||
||    Total alignments : 20000000                                             ||
||    Successfully assigned alignments : 986136 (4.9%)                        ||
||    Running time : 0.02 minutes                                             ||
||                                                                            ||
|| Process BAM file 050_BXD65_CTRL_sub2.co.bam...                             ||
||    Single-end reads are included.                                          ||
||    Total alignments : 15000000                                             ||
||    Successfully assigned alignments : 740328 (4.9%)                        ||
||    Running time : 0.02 minutes                                             ||
||                                                                            ||
|| Process BAM file 051_BXD66_SD_full.co.bam...                               ||
||    Single-end reads are included.                                          ||
||    Total alignments : 44809108                                             ||
||    Successfully assigned alignments : 2554430 (5.7%)                       ||
||    Running time : 0.04 minutes                                             ||
||                                                                            ||
|| Process BAM file 051_BXD66_SD_sub1.co.bam...                               ||
||    Single-end reads are included.                                          ||
||    Total alignments : 20000000                                             ||
||    Successfully assigned alignments : 1138999 (5.7%)                       ||
||    Running time : 0.02 minutes                                             ||
||                                                                            ||
|| Process BAM file 051_BXD66_SD_sub2.co.bam...                               ||
||    Single-end reads are included.                                          ||
||    Total alignments : 15000000                                             ||
||    Successfully assigned alignments : 856634 (5.7%)                        ||
||    Running time : 0.02 minutes                                             ||
||                                                                            ||
|| Process BAM file 052_BXD66_CTRL_full.co.bam...                             ||
||    Single-end reads are included.                                          ||
||    Total alignments : 33932832                                             ||
||    Successfully assigned alignments : 2177813 (6.4%)                       ||
||    Running time : 0.03 minutes                                             ||
||                                                                            ||
|| Process BAM file 052_BXD66_CTRL_sub1.co.bam...                             ||
||    Single-end reads are included.                                          ||
||    Total alignments : 20000000                                             ||
||    Successfully assigned alignments : 1284317 (6.4%)                       ||
||    Running time : 0.02 minutes                                             ||
||                                                                            ||
|| Process BAM file 052_BXD66_CTRL_sub2.co.bam...                             ||
||    Single-end reads are included.                                          ||
||    Total alignments : 15000000                                             ||
||    Successfully assigned alignments : 961922 (6.4%)                        ||
||    Running time : 0.02 minutes                                             ||
||                                                                            ||
|| Process BAM file 053_BXD71_SD_full.co.bam...                               ||
||    Single-end reads are included.                                          ||
||    Total alignments : 70290052                                             ||
||    Successfully assigned alignments : 3745511 (5.3%)                       ||
||    Running time : 0.06 minutes                                             ||
||                                                                            ||
|| Process BAM file 053_BXD71_SD_sub1.co.bam...                               ||
||    Single-end reads are included.                                          ||
||    Total alignments : 20000000                                             ||
||    Successfully assigned alignments : 1065860 (5.3%)                       ||
||    Running time : 0.02 minutes                                             ||
||                                                                            ||
|| Process BAM file 053_BXD71_SD_sub2.co.bam...                               ||
||    Single-end reads are included.                                          ||
||    Total alignments : 15000000                                             ||
||    Successfully assigned alignments : 797181 (5.3%)                        ||
||    Running time : 0.02 minutes                                             ||
||                                                                            ||
|| Process BAM file 054_BXD71_CTRL_full.co.bam...                             ||
||    Single-end reads are included.                                          ||
||    Total alignments : 51810696                                             ||
||    Successfully assigned alignments : 3262977 (6.3%)                       ||
||    Running time : 0.05 minutes                                             ||
||                                                                            ||
|| Process BAM file 054_BXD71_CTRL_sub1.co.bam...                             ||
||    Single-end reads are included.                                          ||
||    Total alignments : 20000000                                             ||
||    Successfully assigned alignments : 1259459 (6.3%)                       ||
||    Running time : 0.02 minutes                                             ||
||                                                                            ||
|| Process BAM file 054_BXD71_CTRL_sub2.co.bam...                             ||
||    Single-end reads are included.                                          ||
||    Total alignments : 15000000                                             ||
||    Successfully assigned alignments : 943859 (6.3%)                        ||
||    Running time : 0.02 minutes                                             ||
||                                                                            ||
|| Process BAM file 055_BXD73_SD_full.co.bam...                               ||
||    Single-end reads are included.                                          ||
||    Total alignments : 47227972                                             ||
||    Successfully assigned alignments : 1412813 (3.0%)                       ||
||    Running time : 0.05 minutes                                             ||
||                                                                            ||
|| Process BAM file 055_BXD73_SD_sub1.co.bam...                               ||
||    Single-end reads are included.                                          ||
||    Total alignments : 20000000                                             ||
||    Successfully assigned alignments : 599130 (3.0%)                        ||
||    Running time : 0.02 minutes                                             ||
||                                                                            ||
|| Process BAM file 055_BXD73_SD_sub2.co.bam...                               ||
||    Single-end reads are included.                                          ||
||    Total alignments : 15000000                                             ||
||    Successfully assigned alignments : 449299 (3.0%)                        ||
||    Running time : 0.02 minutes                                             ||
||                                                                            ||
|| Process BAM file 056_BXD73_CTRL_full.co.bam...                             ||
||    Single-end reads are included.                                          ||
||    Total alignments : 48871489                                             ||
||    Successfully assigned alignments : 2043451 (4.2%)                       ||
||    Running time : 0.05 minutes                                             ||
||                                                                            ||
|| Process BAM file 056_BXD73_CTRL_sub1.co.bam...                             ||
||    Single-end reads are included.                                          ||
||    Total alignments : 20000000                                             ||
||    Successfully assigned alignments : 836257 (4.2%)                        ||
||    Running time : 0.02 minutes                                             ||
||                                                                            ||
|| Process BAM file 056_BXD73_CTRL_sub2.co.bam...                             ||
||    Single-end reads are included.                                          ||
||    Total alignments : 15000000                                             ||
||    Successfully assigned alignments : 627995 (4.2%)                        ||
||    Running time : 0.02 minutes                                             ||
||                                                                            ||
|| Process BAM file 057_BXD75_SD_full.co.bam...                               ||
||    Single-end reads are included.                                          ||
||    Total alignments : 50499605                                             ||
||    Successfully assigned alignments : 2951051 (5.8%)                       ||
||    Running time : 0.05 minutes                                             ||
||                                                                            ||
|| Process BAM file 057_BXD75_SD_sub1.co.bam...                               ||
||    Single-end reads are included.                                          ||
||    Total alignments : 20000000                                             ||
||    Successfully assigned alignments : 1168973 (5.8%)                       ||
||    Running time : 0.02 minutes                                             ||
||                                                                            ||
|| Process BAM file 057_BXD75_SD_sub2.co.bam...                               ||
||    Single-end reads are included.                                          ||
||    Total alignments : 15000000                                             ||
||    Successfully assigned alignments : 876362 (5.8%)                        ||
||    Running time : 0.02 minutes                                             ||
||                                                                            ||
|| Process BAM file 058_BXD75_CTRL_full.co.bam...                             ||
||    Single-end reads are included.                                          ||
||    Total alignments : 47896745                                             ||
||    Successfully assigned alignments : 2512406 (5.2%)                       ||
||    Running time : 0.05 minutes                                             ||
||                                                                            ||
|| Process BAM file 058_BXD75_CTRL_sub1.co.bam...                             ||
||    Single-end reads are included.                                          ||
||    Total alignments : 20000000                                             ||
||    Successfully assigned alignments : 1049184 (5.2%)                       ||
||    Running time : 0.02 minutes                                             ||
||                                                                            ||
|| Process BAM file 058_BXD75_CTRL_sub2.co.bam...                             ||
||    Single-end reads are included.                                          ||
||    Total alignments : 15000000                                             ||
||    Successfully assigned alignments : 786819 (5.2%)                        ||
||    Running time : 0.02 minutes                                             ||
||                                                                            ||
|| Process BAM file 059_BXD81_SD_full.co.bam...                               ||
||    Single-end reads are included.                                          ||
||    Total alignments : 44160318                                             ||
||    Successfully assigned alignments : 3142192 (7.1%)                       ||
||    Running time : 0.04 minutes                                             ||
||                                                                            ||
|| Process BAM file 059_BXD81_SD_sub1.co.bam...                               ||
||    Single-end reads are included.                                          ||
||    Total alignments : 20000000                                             ||
||    Successfully assigned alignments : 1422670 (7.1%)                       ||
||    Running time : 0.02 minutes                                             ||
||                                                                            ||
|| Process BAM file 059_BXD81_SD_sub2.co.bam...                               ||
||    Single-end reads are included.                                          ||
||    Total alignments : 15000000                                             ||
||    Successfully assigned alignments : 1067838 (7.1%)                       ||
||    Running time : 0.02 minutes                                             ||
||                                                                            ||
|| Process BAM file 060_BXD81_CTRL_full.co.bam...                             ||
||    Single-end reads are included.                                          ||
||    Total alignments : 39183633                                             ||
||    Successfully assigned alignments : 2545919 (6.5%)                       ||
||    Running time : 0.04 minutes                                             ||
||                                                                            ||
|| Process BAM file 060_BXD81_CTRL_sub1.co.bam...                             ||
||    Single-end reads are included.                                          ||
||    Total alignments : 20000000                                             ||
||    Successfully assigned alignments : 1300247 (6.5%)                       ||
||    Running time : 0.02 minutes                                             ||
||                                                                            ||
|| Process BAM file 060_BXD81_CTRL_sub2.co.bam...                             ||
||    Single-end reads are included.                                          ||
||    Total alignments : 15000000                                             ||
||    Successfully assigned alignments : 974309 (6.5%)                        ||
||    Running time : 0.02 minutes                                             ||
||                                                                            ||
|| Process BAM file 061_BXD90_SD_full.co.bam...                               ||
||    Single-end reads are included.                                          ||
||    Total alignments : 47534592                                             ||
||    Successfully assigned alignments : 2252366 (4.7%)                       ||
||    Running time : 0.04 minutes                                             ||
||                                                                            ||
|| Process BAM file 061_BXD90_SD_sub1.co.bam...                               ||
||    Single-end reads are included.                                          ||
||    Total alignments : 20000000                                             ||
||    Successfully assigned alignments : 948678 (4.7%)                        ||
||    Running time : 0.02 minutes                                             ||
||                                                                            ||
|| Process BAM file 061_BXD90_SD_sub2.co.bam...                               ||
||    Single-end reads are included.                                          ||
||    Total alignments : 15000000                                             ||
||    Successfully assigned alignments : 710551 (4.7%)                        ||
||    Running time : 0.02 minutes                                             ||
||                                                                            ||
|| Process BAM file 062_BXD90_CTRL_full.co.bam...                             ||
||    Single-end reads are included.                                          ||
||    Total alignments : 41240347                                             ||
||    Successfully assigned alignments : 2871727 (7.0%)                       ||
||    Running time : 0.04 minutes                                             ||
||                                                                            ||
|| Process BAM file 062_BXD90_CTRL_sub1.co.bam...                             ||
||    Single-end reads are included.                                          ||
||    Total alignments : 20000000                                             ||
||    Successfully assigned alignments : 1391610 (7.0%)                       ||
||    Running time : 0.02 minutes                                             ||
||                                                                            ||
|| Process BAM file 062_BXD90_CTRL_sub2.co.bam...                             ||
||    Single-end reads are included.                                          ||
||    Total alignments : 15000000                                             ||
||    Successfully assigned alignments : 1044063 (7.0%)                       ||
||    Running time : 0.02 minutes                                             ||
||                                                                            ||
|| Process BAM file 063_BXD95_SD_full.co.bam...                               ||
||    Single-end reads are included.                                          ||
||    Total alignments : 45674616                                             ||
||    Successfully assigned alignments : 2474001 (5.4%)                       ||
||    Running time : 0.04 minutes                                             ||
||                                                                            ||
|| Process BAM file 063_BXD95_SD_sub1.co.bam...                               ||
||    Single-end reads are included.                                          ||
||    Total alignments : 20000000                                             ||
||    Successfully assigned alignments : 1083572 (5.4%)                       ||
||    Running time : 0.02 minutes                                             ||
||                                                                            ||
|| Process BAM file 063_BXD95_SD_sub2.co.bam...                               ||
||    Single-end reads are included.                                          ||
||    Total alignments : 15000000                                             ||
||    Successfully assigned alignments : 813446 (5.4%)                        ||
||    Running time : 0.02 minutes                                             ||
||                                                                            ||
|| Process BAM file 064_BXD95_CTRL_full.co.bam...                             ||
||    Single-end reads are included.                                          ||
||    Total alignments : 42426064                                             ||
||    Successfully assigned alignments : 2744272 (6.5%)                       ||
||    Running time : 0.04 minutes                                             ||
||                                                                            ||
|| Process BAM file 064_BXD95_CTRL_sub1.co.bam...                             ||
||    Single-end reads are included.                                          ||
||    Total alignments : 20000000                                             ||
||    Successfully assigned alignments : 1292303 (6.5%)                       ||
||    Running time : 0.02 minutes                                             ||
||                                                                            ||
|| Process BAM file 064_BXD95_CTRL_sub2.co.bam...                             ||
||    Single-end reads are included.                                          ||
||    Total alignments : 15000000                                             ||
||    Successfully assigned alignments : 969908 (6.5%)                        ||
||    Running time : 0.02 minutes                                             ||
||                                                                            ||
|| Process BAM file 065_48a_SD_full.co.bam...                                 ||
||    Single-end reads are included.                                          ||
||    Total alignments : 69554540                                             ||
||    Successfully assigned alignments : 4340224 (6.2%)                       ||
||    Running time : 0.06 minutes                                             ||
||                                                                            ||
|| Process BAM file 065_48a_SD_sub1.co.bam...                                 ||
||    Single-end reads are included.                                          ||
||    Total alignments : 20000000                                             ||
||    Successfully assigned alignments : 1248813 (6.2%)                       ||
||    Running time : 0.02 minutes                                             ||
||                                                                            ||
|| Process BAM file 065_48a_SD_sub2.co.bam...                                 ||
||    Single-end reads are included.                                          ||
||    Total alignments : 15000000                                             ||
||    Successfully assigned alignments : 935215 (6.2%)                        ||
||    Running time : 0.02 minutes                                             ||
||                                                                            ||
|| Process BAM file 066_48a_CTRL_full.co.bam...                               ||
||    Single-end reads are included.                                          ||
||    Total alignments : 56124607                                             ||
||    Successfully assigned alignments : 2279598 (4.1%)                       ||
||    Running time : 0.05 minutes                                             ||
||                                                                            ||
|| Process BAM file 066_48a_CTRL_sub1.co.bam...                               ||
||    Single-end reads are included.                                          ||
||    Total alignments : 20000000                                             ||
||    Successfully assigned alignments : 811231 (4.1%)                        ||
||    Running time : 0.02 minutes                                             ||
||                                                                            ||
|| Process BAM file 066_48a_CTRL_sub2.co.bam...                               ||
||    Single-end reads are included.                                          ||
||    Total alignments : 15000000                                             ||
||    Successfully assigned alignments : 609386 (4.1%)                        ||
||    Running time : 0.02 minutes                                             ||
||                                                                            ||
|| Process BAM file 067_73b_SD_full.co.bam...                                 ||
||    Single-end reads are included.                                          ||
||    Total alignments : 41615440                                             ||
||    Successfully assigned alignments : 1882293 (4.5%)                       ||
||    Running time : 0.04 minutes                                             ||
||                                                                            ||
|| Process BAM file 067_73b_SD_sub1.co.bam...                                 ||
||    Single-end reads are included.                                          ||
||    Total alignments : 20000000                                             ||
||    Successfully assigned alignments : 906942 (4.5%)                        ||
||    Running time : 0.02 minutes                                             ||
||                                                                            ||
|| Process BAM file 067_73b_SD_sub2.co.bam...                                 ||
||    Single-end reads are included.                                          ||
||    Total alignments : 15000000                                             ||
||    Successfully assigned alignments : 678340 (4.5%)                        ||
||    Running time : 0.02 minutes                                             ||
||                                                                            ||
|| Process BAM file 068_73b_CTRL_full.co.bam...                               ||
||    Single-end reads are included.                                          ||
||    Total alignments : 44692826                                             ||
||    Successfully assigned alignments : 1574663 (3.5%)                       ||
||    Running time : 0.04 minutes                                             ||
||                                                                            ||
|| Process BAM file 068_73b_CTRL_sub1.co.bam...                               ||
||    Single-end reads are included.                                          ||
||    Total alignments : 20000000                                             ||
||    Successfully assigned alignments : 705217 (3.5%)                        ||
||    Running time : 0.02 minutes                                             ||
||                                                                            ||
|| Process BAM file 068_73b_CTRL_sub2.co.bam...                               ||
||    Single-end reads are included.                                          ||
||    Total alignments : 15000000                                             ||
||    Successfully assigned alignments : 529003 (3.5%)                        ||
||    Running time : 0.02 minutes                                             ||
||                                                                            ||
|| Process BAM file 069_C57Bl6_SD_full.co.bam...                              ||
||    Single-end reads are included.                                          ||
||    Total alignments : 44167387                                             ||
||    Successfully assigned alignments : 1911817 (4.3%)                       ||
||    Running time : 0.04 minutes                                             ||
||                                                                            ||
|| Process BAM file 069_C57Bl6_SD_sub1.co.bam...                              ||
||    Single-end reads are included.                                          ||
||    Total alignments : 20000000                                             ||
||    Successfully assigned alignments : 865836 (4.3%)                        ||
||    Running time : 0.02 minutes                                             ||
||                                                                            ||
|| Process BAM file 069_C57Bl6_SD_sub2.co.bam...                              ||
||    Single-end reads are included.                                          ||
||    Total alignments : 15000000                                             ||
||    Successfully assigned alignments : 649094 (4.3%)                        ||
||    Running time : 0.02 minutes                                             ||
||                                                                            ||
|| Process BAM file 070_C57Bl6_CTRL_full.co.bam...                            ||
||    Single-end reads are included.                                          ||
||    Total alignments : 34333504                                             ||
||    Successfully assigned alignments : 1380041 (4.0%)                       ||
||    Running time : 0.03 minutes                                             ||
||                                                                            ||
|| Process BAM file 070_C57Bl6_CTRL_sub1.co.bam...                            ||
||    Single-end reads are included.                                          ||
||    Total alignments : 20000000                                             ||
||    Successfully assigned alignments : 803074 (4.0%)                        ||
||    Running time : 0.02 minutes                                             ||
||                                                                            ||
|| Process BAM file 070_C57Bl6_CTRL_sub2.co.bam...                            ||
||    Single-end reads are included.                                          ||
||    Total alignments : 15000000                                             ||
||    Successfully assigned alignments : 603851 (4.0%)                        ||
||    Running time : 0.02 minutes                                             ||
||                                                                            ||
|| Process BAM file 071_DBA_SD_full.co.bam...                                 ||
||    Single-end reads are included.                                          ||
||    Total alignments : 44950232                                             ||
||    Successfully assigned alignments : 2070812 (4.6%)                       ||
||    Running time : 0.04 minutes                                             ||
||                                                                            ||
|| Process BAM file 071_DBA_SD_sub1.co.bam...                                 ||
||    Single-end reads are included.                                          ||
||    Total alignments : 20000000                                             ||
||    Successfully assigned alignments : 921843 (4.6%)                        ||
||    Running time : 0.02 minutes                                             ||
||                                                                            ||
|| Process BAM file 071_DBA_SD_sub2.co.bam...                                 ||
||    Single-end reads are included.                                          ||
||    Total alignments : 15000000                                             ||
||    Successfully assigned alignments : 690614 (4.6%)                        ||
||    Running time : 0.02 minutes                                             ||
||                                                                            ||
|| Process BAM file 072_DBA_CTRL_full.co.bam...                               ||
||    Single-end reads are included.                                          ||
||    Total alignments : 42747901                                             ||
||    Successfully assigned alignments : 1648565 (3.9%)                       ||
||    Running time : 0.04 minutes                                             ||
||                                                                            ||
|| Process BAM file 072_DBA_CTRL_sub1.co.bam...                               ||
||    Single-end reads are included.                                          ||
||    Total alignments : 20000000                                             ||
||    Successfully assigned alignments : 770982 (3.9%)                        ||
||    Running time : 0.02 minutes                                             ||
||                                                                            ||
|| Process BAM file 072_DBA_CTRL_sub2.co.bam...                               ||
||    Single-end reads are included.                                          ||
||    Total alignments : 15000000                                             ||
||    Successfully assigned alignments : 578690 (3.9%)                        ||
||    Running time : 0.02 minutes                                             ||
||                                                                            ||
|| Process BAM file 073_BXD85_SD_full.co.bam...                               ||
||    Single-end reads are included.                                          ||
||    Total alignments : 51723624                                             ||
||    Successfully assigned alignments : 2299011 (4.4%)                       ||
||    Running time : 0.05 minutes                                             ||
||                                                                            ||
|| Process BAM file 073_BXD85_SD_sub1.co.bam...                               ||
||    Single-end reads are included.                                          ||
||    Total alignments : 20000000                                             ||
||    Successfully assigned alignments : 887531 (4.4%)                        ||
||    Running time : 0.02 minutes                                             ||
||                                                                            ||
|| Process BAM file 073_BXD85_SD_sub2.co.bam...                               ||
||    Single-end reads are included.                                          ||
||    Total alignments : 15000000                                             ||
||    Successfully assigned alignments : 667310 (4.4%)                        ||
||    Running time : 0.02 minutes                                             ||
||                                                                            ||
|| Process BAM file 074_BXD85_CTRL_full.co.bam...                             ||
||    Single-end reads are included.                                          ||
||    Total alignments : 56933457                                             ||
||    Successfully assigned alignments : 2895957 (5.1%)                       ||
||    Running time : 0.05 minutes                                             ||
||                                                                            ||
|| Process BAM file 074_BXD85_CTRL_sub1.co.bam...                             ||
||    Single-end reads are included.                                          ||
||    Total alignments : 20000000                                             ||
||    Successfully assigned alignments : 1017614 (5.1%)                       ||
||    Running time : 0.02 minutes                                             ||
||                                                                            ||
|| Process BAM file 074_BXD85_CTRL_sub2.co.bam...                             ||
||    Single-end reads are included.                                          ||
||    Total alignments : 15000000                                             ||
||    Successfully assigned alignments : 762975 (5.1%)                        ||
||    Running time : 0.02 minutes                                             ||
||                                                                            ||
|| Process BAM file 075_BXD43_CTRL_full.co.bam...                             ||
||    Single-end reads are included.                                          ||
||    Total alignments : 44478060                                             ||
||    Successfully assigned alignments : 1628128 (3.7%)                       ||
||    Running time : 0.04 minutes                                             ||
||                                                                            ||
|| Process BAM file 075_BXD43_CTRL_sub1.co.bam...                             ||
||    Single-end reads are included.                                          ||
||    Total alignments : 20000000                                             ||
||    Successfully assigned alignments : 732877 (3.7%)                        ||
||    Running time : 0.02 minutes                                             ||
||                                                                            ||
|| Process BAM file 075_BXD43_CTRL_sub2.co.bam...                             ||
||    Single-end reads are included.                                          ||
||    Total alignments : 15000000                                             ||
||    Successfully assigned alignments : 549384 (3.7%)                        ||
||    Running time : 0.02 minutes                                             ||
||                                                                            ||
|| Process BAM file 076_BXD43_SD_full.co.bam...                               ||
||    Single-end reads are included.                                          ||
||    Total alignments : 44288262                                             ||
||    Successfully assigned alignments : 2165131 (4.9%)                       ||
||    Running time : 0.04 minutes                                             ||
||                                                                            ||
|| Process BAM file 076_BXD43_SD_sub1.co.bam...                               ||
||    Single-end reads are included.                                          ||
||    Total alignments : 20000000                                             ||
||    Successfully assigned alignments : 977866 (4.9%)                        ||
||    Running time : 0.02 minutes                                             ||
||                                                                            ||
|| Process BAM file 076_BXD43_SD_sub2.co.bam...                               ||
||    Single-end reads are included.                                          ||
||    Total alignments : 15000000                                             ||
||    Successfully assigned alignments : 733153 (4.9%)                        ||
||    Running time : 0.02 minutes                                             ||
||                                                                            ||
|| Process BAM file 077_BXD45_CTRL_full.co.bam...                             ||
||    Single-end reads are included.                                          ||
||    Total alignments : 84767468                                             ||
||    Successfully assigned alignments : 2791406 (3.3%)                       ||
||    Running time : 0.07 minutes                                             ||
||                                                                            ||
|| Process BAM file 077_BXD45_CTRL_sub1.co.bam...                             ||
||    Single-end reads are included.                                          ||
||    Total alignments : 20000000                                             ||
||    Successfully assigned alignments : 658997 (3.3%)                        ||
||    Running time : 0.02 minutes                                             ||
||                                                                            ||
|| Process BAM file 077_BXD45_CTRL_sub2.co.bam...                             ||
||    Single-end reads are included.                                          ||
||    Total alignments : 15000000                                             ||
||    Successfully assigned alignments : 494255 (3.3%)                        ||
||    Running time : 0.02 minutes                                             ||
||                                                                            ||
|| Process BAM file 078_BXD45_SD_full.co.bam...                               ||
||    Single-end reads are included.                                          ||
||    Total alignments : 46028855                                             ||
||    Successfully assigned alignments : 1761844 (3.8%)                       ||
||    Running time : 0.04 minutes                                             ||
||                                                                            ||
|| Process BAM file 078_BXD45_SD_sub1.co.bam...                               ||
||    Single-end reads are included.                                          ||
||    Total alignments : 20000000                                             ||
||    Successfully assigned alignments : 764299 (3.8%)                        ||
||    Running time : 0.02 minutes                                             ||
||                                                                            ||
|| Process BAM file 078_BXD45_SD_sub2.co.bam...                               ||
||    Single-end reads are included.                                          ||
||    Total alignments : 15000000                                             ||
||    Successfully assigned alignments : 574502 (3.8%)                        ||
||    Running time : 0.02 minutes                                             ||
||                                                                            ||
|| Process BAM file 079_BXD49_CTRL_full.co.bam...                             ||
||    Single-end reads are included.                                          ||
||    Total alignments : 49708185                                             ||
||    Successfully assigned alignments : 2436495 (4.9%)                       ||
||    Running time : 0.05 minutes                                             ||
||                                                                            ||
|| Process BAM file 079_BXD49_CTRL_sub1.co.bam...                             ||
||    Single-end reads are included.                                          ||
||    Total alignments : 20000000                                             ||
||    Successfully assigned alignments : 979679 (4.9%)                        ||
||    Running time : 0.02 minutes                                             ||
||                                                                            ||
|| Process BAM file 079_BXD49_CTRL_sub2.co.bam...                             ||
||    Single-end reads are included.                                          ||
||    Total alignments : 15000000                                             ||
||    Successfully assigned alignments : 735749 (4.9%)                        ||
||    Running time : 0.02 minutes                                             ||
||                                                                            ||
|| Process BAM file 080_BXD49_SD_full.co.bam...                               ||
||    Single-end reads are included.                                          ||
||    Total alignments : 52031749                                             ||
||    Successfully assigned alignments : 2168691 (4.2%)                       ||
||    Running time : 0.05 minutes                                             ||
||                                                                            ||
|| Process BAM file 080_BXD49_SD_sub1.co.bam...                               ||
||    Single-end reads are included.                                          ||
||    Total alignments : 20000000                                             ||
||    Successfully assigned alignments : 834566 (4.2%)                        ||
||    Running time : 0.03 minutes                                             ||
||                                                                            ||
|| Process BAM file 080_BXD49_SD_sub2.co.bam...                               ||
||    Single-end reads are included.                                          ||
||    Total alignments : 15000000                                             ||
||    Successfully assigned alignments : 626019 (4.2%)                        ||
||    Running time : 0.02 minutes                                             ||
||                                                                            ||
|| Process BAM file 081_BXD55_CTRL_full.co.bam...                             ||
||    Single-end reads are included.                                          ||
||    Total alignments : 44652069                                             ||
||    Successfully assigned alignments : 2636534 (5.9%)                       ||
||    Running time : 0.04 minutes                                             ||
||                                                                            ||
|| Process BAM file 081_BXD55_CTRL_sub1.co.bam...                             ||
||    Single-end reads are included.                                          ||
||    Total alignments : 20000000                                             ||
||    Successfully assigned alignments : 1181226 (5.9%)                       ||
||    Running time : 0.02 minutes                                             ||
||                                                                            ||
|| Process BAM file 081_BXD55_CTRL_sub2.co.bam...                             ||
||    Single-end reads are included.                                          ||
||    Total alignments : 15000000                                             ||
||    Successfully assigned alignments : 886105 (5.9%)                        ||
||    Running time : 0.02 minutes                                             ||
||                                                                            ||
|| Process BAM file 082_BXD55_SD_full.co.bam...                               ||
||    Single-end reads are included.                                          ||
||    Total alignments : 52147613                                             ||
||    Successfully assigned alignments : 2451250 (4.7%)                       ||
||    Running time : 0.05 minutes                                             ||
||                                                                            ||
|| Process BAM file 082_BXD55_SD_sub1.co.bam...                               ||
||    Single-end reads are included.                                          ||
||    Total alignments : 20000000                                             ||
||    Successfully assigned alignments : 941203 (4.7%)                        ||
||    Running time : 0.02 minutes                                             ||
||                                                                            ||
|| Process BAM file 082_BXD55_SD_sub2.co.bam...                               ||
||    Single-end reads are included.                                          ||
||    Total alignments : 15000000                                             ||
||    Successfully assigned alignments : 704481 (4.7%)                        ||
||    Running time : 0.02 minutes                                             ||
||                                                                            ||
|| Process BAM file 083_BXD56_CTRL_full.co.bam...                             ||
||    Single-end reads are included.                                          ||
||    Total alignments : 41544197                                             ||
||    Successfully assigned alignments : 1599031 (3.8%)                       ||
||    Running time : 0.04 minutes                                             ||
||                                                                            ||
|| Process BAM file 083_BXD56_CTRL_sub1.co.bam...                             ||
||    Single-end reads are included.                                          ||
||    Total alignments : 20000000                                             ||
||    Successfully assigned alignments : 770305 (3.9%)                        ||
||    Running time : 0.02 minutes                                             ||
||                                                                            ||
|| Process BAM file 083_BXD56_CTRL_sub2.co.bam...                             ||
||    Single-end reads are included.                                          ||
||    Total alignments : 15000000                                             ||
||    Successfully assigned alignments : 576396 (3.8%)                        ||
||    Running time : 0.02 minutes                                             ||
||                                                                            ||
|| Process BAM file 084_BXD56_SD_full.co.bam...                               ||
||    Single-end reads are included.                                          ||
||    Total alignments : 38694959                                             ||
||    Successfully assigned alignments : 1734862 (4.5%)                       ||
||    Running time : 0.04 minutes                                             ||
||                                                                            ||
|| Process BAM file 084_BXD56_SD_sub1.co.bam...                               ||
||    Single-end reads are included.                                          ||
||    Total alignments : 20000000                                             ||
||    Successfully assigned alignments : 896150 (4.5%)                        ||
||    Running time : 0.02 minutes                                             ||
||                                                                            ||
|| Process BAM file 084_BXD56_SD_sub2.co.bam...                               ||
||    Single-end reads are included.                                          ||
||    Total alignments : 15000000                                             ||
||    Successfully assigned alignments : 671995 (4.5%)                        ||
||    Running time : 0.02 minutes                                             ||
||                                                                            ||
|| Process BAM file 085_BXD61_CTRL_full.co.bam...                             ||
||    Single-end reads are included.                                          ||
||    Total alignments : 43320424                                             ||
||    Successfully assigned alignments : 1742098 (4.0%)                       ||
||    Running time : 0.04 minutes                                             ||
||                                                                            ||
|| Process BAM file 085_BXD61_CTRL_sub1.co.bam...                             ||
||    Single-end reads are included.                                          ||
||    Total alignments : 20000000                                             ||
||    Successfully assigned alignments : 803275 (4.0%)                        ||
||    Running time : 0.02 minutes                                             ||
||                                                                            ||
|| Process BAM file 085_BXD61_CTRL_sub2.co.bam...                             ||
||    Single-end reads are included.                                          ||
||    Total alignments : 15000000                                             ||
||    Successfully assigned alignments : 603516 (4.0%)                        ||
||    Running time : 0.02 minutes                                             ||
||                                                                            ||
|| Process BAM file 086_BXD61_SD_full.co.bam...                               ||
||    Single-end reads are included.                                          ||
||    Total alignments : 54276657                                             ||
||    Successfully assigned alignments : 3012012 (5.5%)                       ||
||    Running time : 0.05 minutes                                             ||
||                                                                            ||
|| Process BAM file 086_BXD61_SD_sub1.co.bam...                               ||
||    Single-end reads are included.                                          ||
||    Total alignments : 20000000                                             ||
||    Successfully assigned alignments : 1111084 (5.6%)                       ||
||    Running time : 0.02 minutes                                             ||
||                                                                            ||
|| Process BAM file 086_BXD61_SD_sub2.co.bam...                               ||
||    Single-end reads are included.                                          ||
||    Total alignments : 15000000                                             ||
||    Successfully assigned alignments : 832086 (5.5%)                        ||
||    Running time : 0.02 minutes                                             ||
||                                                                            ||
|| Process BAM file 087_BXD66_CTRL_full.co.bam...                             ||
||    Single-end reads are included.                                          ||
||    Total alignments : 38173695                                             ||
||    Successfully assigned alignments : 1445861 (3.8%)                       ||
||    Running time : 0.04 minutes                                             ||
||                                                                            ||
|| Process BAM file 087_BXD66_CTRL_sub1.co.bam...                             ||
||    Single-end reads are included.                                          ||
||    Total alignments : 20000000                                             ||
||    Successfully assigned alignments : 757864 (3.8%)                        ||
||    Running time : 0.02 minutes                                             ||
||                                                                            ||
|| Process BAM file 087_BXD66_CTRL_sub2.co.bam...                             ||
||    Single-end reads are included.                                          ||
||    Total alignments : 15000000                                             ||
||    Successfully assigned alignments : 567720 (3.8%)                        ||
||    Running time : 0.02 minutes                                             ||
||                                                                            ||
|| Process BAM file 088_BXD66_SD_full.co.bam...                               ||
||    Single-end reads are included.                                          ||
||    Total alignments : 33585420                                             ||
||    Successfully assigned alignments : 1218164 (3.6%)                       ||
||    Running time : 0.03 minutes                                             ||
||                                                                            ||
|| Process BAM file 088_BXD66_SD_sub1.co.bam...                               ||
||    Single-end reads are included.                                          ||
||    Total alignments : 20000000                                             ||
||    Successfully assigned alignments : 724958 (3.6%)                        ||
||    Running time : 0.02 minutes                                             ||
||                                                                            ||
|| Process BAM file 088_BXD66_SD_sub2.co.bam...                               ||
||    Single-end reads are included.                                          ||
||    Total alignments : 15000000                                             ||
||    Successfully assigned alignments : 543807 (3.6%)                        ||
||    Running time : 0.02 minutes                                             ||
||                                                                            ||
|| Process BAM file 089_BXD67_CTRL_full.co.bam...                             ||
||    Single-end reads are included.                                          ||
||    Total alignments : 46931918                                             ||
||    Successfully assigned alignments : 3367713 (7.2%)                       ||
||    Running time : 0.04 minutes                                             ||
||                                                                            ||
|| Process BAM file 089_BXD67_CTRL_sub1.co.bam...                             ||
||    Single-end reads are included.                                          ||
||    Total alignments : 20000000                                             ||
||    Successfully assigned alignments : 1433939 (7.2%)                       ||
||    Running time : 0.02 minutes                                             ||
||                                                                            ||
|| Process BAM file 089_BXD67_CTRL_sub2.co.bam...                             ||
||    Single-end reads are included.                                          ||
||    Total alignments : 15000000                                             ||
||    Successfully assigned alignments : 1076924 (7.2%)                       ||
||    Running time : 0.02 minutes                                             ||
||                                                                            ||
|| Process BAM file 090_BXD67_SD_full.co.bam...                               ||
||    Single-end reads are included.                                          ||
||    Total alignments : 49349377                                             ||
||    Successfully assigned alignments : 2940502 (6.0%)                       ||
||    Running time : 0.05 minutes                                             ||
||                                                                            ||
|| Process BAM file 090_BXD67_SD_sub1.co.bam...                               ||
||    Single-end reads are included.                                          ||
||    Total alignments : 20000000                                             ||
||    Successfully assigned alignments : 1190867 (6.0%)                       ||
||    Running time : 0.02 minutes                                             ||
||                                                                            ||
|| Process BAM file 090_BXD67_SD_sub2.co.bam...                               ||
||    Single-end reads are included.                                          ||
||    Total alignments : 15000000                                             ||
||    Successfully assigned alignments : 893906 (6.0%)                        ||
||    Running time : 0.02 minutes                                             ||
||                                                                            ||
|| Process BAM file 091_BXD70_CTRL_full.co.bam...                             ||
||    Single-end reads are included.                                          ||
||    Total alignments : 48917956                                             ||
||    Successfully assigned alignments : 2864719 (5.9%)                       ||
||    Running time : 0.05 minutes                                             ||
||                                                                            ||
|| Process BAM file 091_BXD70_CTRL_sub1.co.bam...                             ||
||    Single-end reads are included.                                          ||
||    Total alignments : 20000000                                             ||
||    Successfully assigned alignments : 1170514 (5.9%)                       ||
||    Running time : 0.02 minutes                                             ||
||                                                                            ||
|| Process BAM file 091_BXD70_CTRL_sub2.co.bam...                             ||
||    Single-end reads are included.                                          ||
||    Total alignments : 15000000                                             ||
||    Successfully assigned alignments : 878584 (5.9%)                        ||
||    Running time : 0.02 minutes                                             ||
||                                                                            ||
|| Process BAM file 092_BXD70_SD_full.co.bam...                               ||
||    Single-end reads are included.                                          ||
||    Total alignments : 44547344                                             ||
||    Successfully assigned alignments : 2058977 (4.6%)                       ||
||    Running time : 0.04 minutes                                             ||
||                                                                            ||
|| Process BAM file 092_BXD70_SD_sub1.co.bam...                               ||
||    Single-end reads are included.                                          ||
||    Total alignments : 20000000                                             ||
||    Successfully assigned alignments : 924929 (4.6%)                        ||
||    Running time : 0.02 minutes                                             ||
||                                                                            ||
|| Process BAM file 092_BXD70_SD_sub2.co.bam...                               ||
||    Single-end reads are included.                                          ||
||    Total alignments : 15000000                                             ||
||    Successfully assigned alignments : 693361 (4.6%)                        ||
||    Running time : 0.02 minutes                                             ||
||                                                                            ||
|| Process BAM file 093_BXD73_CTRL_full.co.bam...                             ||
||    Single-end reads are included.                                          ||
||    Total alignments : 49069277                                             ||
||    Successfully assigned alignments : 2221122 (4.5%)                       ||
||    Running time : 0.05 minutes                                             ||
||                                                                            ||
|| Process BAM file 093_BXD73_CTRL_sub1.co.bam...                             ||
||    Single-end reads are included.                                          ||
||    Total alignments : 20000000                                             ||
||    Successfully assigned alignments : 905471 (4.5%)                        ||
||    Running time : 0.03 minutes                                             ||
||                                                                            ||
|| Process BAM file 093_BXD73_CTRL_sub2.co.bam...                             ||
||    Single-end reads are included.                                          ||
||    Total alignments : 15000000                                             ||
||    Successfully assigned alignments : 678901 (4.5%)                        ||
||    Running time : 0.02 minutes                                             ||
||                                                                            ||
|| Process BAM file 094_BXD73_SD_full.co.bam...                               ||
||    Single-end reads are included.                                          ||
||    Total alignments : 48504716                                             ||
||    Successfully assigned alignments : 1766521 (3.6%)                       ||
||    Running time : 0.05 minutes                                             ||
||                                                                            ||
|| Process BAM file 094_BXD73_SD_sub1.co.bam...                               ||
||    Single-end reads are included.                                          ||
||    Total alignments : 20000000                                             ||
||    Successfully assigned alignments : 728062 (3.6%)                        ||
||    Running time : 0.02 minutes                                             ||
||                                                                            ||
|| Process BAM file 094_BXD73_SD_sub2.co.bam...                               ||
||    Single-end reads are included.                                          ||
||    Total alignments : 15000000                                             ||
||    Successfully assigned alignments : 546628 (3.6%)                        ||
||    Running time : 0.02 minutes                                             ||
||                                                                            ||
|| Process BAM file 095_BXD75_CTRL_full.co.bam...                             ||
||    Single-end reads are included.                                          ||
||    Total alignments : 51218805                                             ||
||    Successfully assigned alignments : 2434585 (4.8%)                       ||
||    Running time : 0.05 minutes                                             ||
||                                                                            ||
|| Process BAM file 095_BXD75_CTRL_sub1.co.bam...                             ||
||    Single-end reads are included.                                          ||
||    Total alignments : 20000000                                             ||
||    Successfully assigned alignments : 951451 (4.8%)                        ||
||    Running time : 0.02 minutes                                             ||
||                                                                            ||
|| Process BAM file 095_BXD75_CTRL_sub2.co.bam...                             ||
||    Single-end reads are included.                                          ||
||    Total alignments : 15000000                                             ||
||    Successfully assigned alignments : 711429 (4.7%)                        ||
||    Running time : 0.02 minutes                                             ||
||                                                                            ||
|| Process BAM file 096_BXD75_SD_full.co.bam...                               ||
||    Single-end reads are included.                                          ||
||    Total alignments : 48165573                                             ||
||    Successfully assigned alignments : 2235068 (4.6%)                       ||
||    Running time : 0.05 minutes                                             ||
||                                                                            ||
|| Process BAM file 096_BXD75_SD_sub1.co.bam...                               ||
||    Single-end reads are included.                                          ||
||    Total alignments : 20000000                                             ||
||    Successfully assigned alignments : 927742 (4.6%)                        ||
||    Running time : 0.02 minutes                                             ||
||                                                                            ||
|| Process BAM file 096_BXD75_SD_sub2.co.bam...                               ||
||    Single-end reads are included.                                          ||
||    Total alignments : 15000000                                             ||
||    Successfully assigned alignments : 696478 (4.6%)                        ||
||    Running time : 0.02 minutes                                             ||
||                                                                            ||
|| Process BAM file 097_BXD79_CTRL_full.co.bam...                             ||
||    Single-end reads are included.                                          ||
||    Total alignments : 48655389                                             ||
||    Successfully assigned alignments : 2357352 (4.8%)                       ||
||    Running time : 0.05 minutes                                             ||
||                                                                            ||
|| Process BAM file 097_BXD79_CTRL_sub1.co.bam...                             ||
||    Single-end reads are included.                                          ||
||    Total alignments : 20000000                                             ||
||    Successfully assigned alignments : 969670 (4.8%)                        ||
||    Running time : 0.02 minutes                                             ||
||                                                                            ||
|| Process BAM file 097_BXD79_CTRL_sub2.co.bam...                             ||
||    Single-end reads are included.                                          ||
||    Total alignments : 15000000                                             ||
||    Successfully assigned alignments : 726293 (4.8%)                        ||
||    Running time : 0.02 minutes                                             ||
||                                                                            ||
|| Process BAM file 098_BXD79_SD_full.co.bam...                               ||
||    Single-end reads are included.                                          ||
||    Total alignments : 50410278                                             ||
||    Successfully assigned alignments : 2416513 (4.8%)                       ||
||    Running time : 0.05 minutes                                             ||
||                                                                            ||
|| Process BAM file 098_BXD79_SD_sub1.co.bam...                               ||
||    Single-end reads are included.                                          ||
||    Total alignments : 20000000                                             ||
||    Successfully assigned alignments : 958110 (4.8%)                        ||
||    Running time : 0.02 minutes                                             ||
||                                                                            ||
|| Process BAM file 098_BXD79_SD_sub2.co.bam...                               ||
||    Single-end reads are included.                                          ||
||    Total alignments : 15000000                                             ||
||    Successfully assigned alignments : 719661 (4.8%)                        ||
||    Running time : 0.02 minutes                                             ||
||                                                                            ||
|| Process BAM file 099_BXD83_CTRL_full.co.bam...                             ||
||    Single-end reads are included.                                          ||
||    Total alignments : 46089557                                             ||
||    Successfully assigned alignments : 1679443 (3.6%)                       ||
||    Running time : 0.04 minutes                                             ||
||                                                                            ||
|| Process BAM file 099_BXD83_CTRL_sub1.co.bam...                             ||
||    Single-end reads are included.                                          ||
||    Total alignments : 20000000                                             ||
||    Successfully assigned alignments : 728078 (3.6%)                        ||
||    Running time : 0.02 minutes                                             ||
||                                                                            ||
|| Process BAM file 099_BXD83_CTRL_sub2.co.bam...                             ||
||    Single-end reads are included.                                          ||
||    Total alignments : 15000000                                             ||
||    Successfully assigned alignments : 546143 (3.6%)                        ||
||    Running time : 0.02 minutes                                             ||
||                                                                            ||
|| Process BAM file 100_BXD83_SD_full.co.bam...                               ||
||    Single-end reads are included.                                          ||
||    Total alignments : 42730832                                             ||
||    Successfully assigned alignments : 2378609 (5.6%)                       ||
||    Running time : 0.04 minutes                                             ||
||                                                                            ||
|| Process BAM file 100_BXD83_SD_sub1.co.bam...                               ||
||    Single-end reads are included.                                          ||
||    Total alignments : 20000000                                             ||
||    Successfully assigned alignments : 1112422 (5.6%)                       ||
||    Running time : 0.02 minutes                                             ||
||                                                                            ||
|| Process BAM file 100_BXD83_SD_sub2.co.bam...                               ||
||    Single-end reads are included.                                          ||
||    Total alignments : 15000000                                             ||
||    Successfully assigned alignments : 834814 (5.6%)                        ||
||    Running time : 0.02 minutes                                             ||
||                                                                            ||
|| Process BAM file 101_BXD84_CTRL_full.co.bam...                             ||
||    Single-end reads are included.                                          ||
||    Total alignments : 40430748                                             ||
||    Successfully assigned alignments : 1613327 (4.0%)                       ||
||    Running time : 0.04 minutes                                             ||
||                                                                            ||
|| Process BAM file 101_BXD84_CTRL_sub1.co.bam...                             ||
||    Single-end reads are included.                                          ||
||    Total alignments : 20000000                                             ||
||    Successfully assigned alignments : 797335 (4.0%)                        ||
||    Running time : 0.02 minutes                                             ||
||                                                                            ||
|| Process BAM file 101_BXD84_CTRL_sub2.co.bam...                             ||
||    Single-end reads are included.                                          ||
||    Total alignments : 15000000                                             ||
||    Successfully assigned alignments : 598243 (4.0%)                        ||
||    Running time : 0.02 minutes                                             ||
||                                                                            ||
|| Process BAM file 102_BXD84_SD_full.co.bam...                               ||
||    Single-end reads are included.                                          ||
||    Total alignments : 48296495                                             ||
||    Successfully assigned alignments : 2218404 (4.6%)                       ||
||    Running time : 0.05 minutes                                             ||
||                                                                            ||
|| Process BAM file 102_BXD84_SD_sub1.co.bam...                               ||
||    Single-end reads are included.                                          ||
||    Total alignments : 20000000                                             ||
||    Successfully assigned alignments : 919210 (4.6%)                        ||
||    Running time : 0.02 minutes                                             ||
||                                                                            ||
|| Process BAM file 102_BXD84_SD_sub2.co.bam...                               ||
||    Single-end reads are included.                                          ||
||    Total alignments : 15000000                                             ||
||    Successfully assigned alignments : 690041 (4.6%)                        ||
||    Running time : 0.02 minutes                                             ||
||                                                                            ||
|| Process BAM file 103_BXD90_CTRL_full.co.bam...                             ||
||    Single-end reads are included.                                          ||
||    Total alignments : 46377587                                             ||
||    Successfully assigned alignments : 2109945 (4.5%)                       ||
||    Running time : 0.04 minutes                                             ||
||                                                                            ||
|| Process BAM file 103_BXD90_CTRL_sub1.co.bam...                             ||
||    Single-end reads are included.                                          ||
||    Total alignments : 20000000                                             ||
||    Successfully assigned alignments : 909132 (4.5%)                        ||
||    Running time : 0.02 minutes                                             ||
||                                                                            ||
|| Process BAM file 103_BXD90_CTRL_sub2.co.bam...                             ||
||    Single-end reads are included.                                          ||
||    Total alignments : 15000000                                             ||
||    Successfully assigned alignments : 682581 (4.6%)                        ||
||    Running time : 0.02 minutes                                             ||
||                                                                            ||
|| Process BAM file 104_BXD90_SD_full.co.bam...                               ||
||    Single-end reads are included.                                          ||
||    Total alignments : 50746490                                             ||
||    Successfully assigned alignments : 2493989 (4.9%)                       ||
||    Running time : 0.05 minutes                                             ||
||                                                                            ||
|| Process BAM file 104_BXD90_SD_sub1.co.bam...                               ||
||    Single-end reads are included.                                          ||
||    Total alignments : 20000000                                             ||
||    Successfully assigned alignments : 983745 (4.9%)                        ||
||    Running time : 0.02 minutes                                             ||
||                                                                            ||
|| Process BAM file 104_BXD90_SD_sub2.co.bam...                               ||
||    Single-end reads are included.                                          ||
||    Total alignments : 15000000                                             ||
||    Successfully assigned alignments : 737454 (4.9%)                        ||
||    Running time : 0.02 minutes                                             ||
||                                                                            ||
|| Process BAM file 105_48a_CTRL_full.co.bam...                               ||
||    Single-end reads are included.                                          ||
||    Total alignments : 41295929                                             ||
||    Successfully assigned alignments : 1459363 (3.5%)                       ||
||    Running time : 0.04 minutes                                             ||
||                                                                            ||
|| Process BAM file 105_48a_CTRL_sub1.co.bam...                               ||
||    Single-end reads are included.                                          ||
||    Total alignments : 20000000                                             ||
||    Successfully assigned alignments : 707161 (3.5%)                        ||
||    Running time : 0.02 minutes                                             ||
||                                                                            ||
|| Process BAM file 105_48a_CTRL_sub2.co.bam...                               ||
||    Single-end reads are included.                                          ||
||    Total alignments : 15000000                                             ||
||    Successfully assigned alignments : 530237 (3.5%)                        ||
||    Running time : 0.02 minutes                                             ||
||                                                                            ||
|| Process BAM file 106_48a_SD_full.co.bam...                                 ||
||    Single-end reads are included.                                          ||
||    Total alignments : 43220072                                             ||
||    Successfully assigned alignments : 2633568 (6.1%)                       ||
||    Running time : 0.04 minutes                                             ||
||                                                                            ||
|| Process BAM file 106_48a_SD_sub1.co.bam...                                 ||
||    Single-end reads are included.                                          ||
||    Total alignments : 20000000                                             ||
||    Successfully assigned alignments : 1218515 (6.1%)                       ||
||    Running time : 0.02 minutes                                             ||
||                                                                            ||
|| Process BAM file 106_48a_SD_sub2.co.bam...                                 ||
||    Single-end reads are included.                                          ||
||    Total alignments : 15000000                                             ||
||    Successfully assigned alignments : 914413 (6.1%)                        ||
||    Running time : 0.02 minutes                                             ||
||                                                                            ||
|| Process BAM file 107_BXD100_CTRL_full.co.bam...                            ||
||    Single-end reads are included.                                          ||
||    Total alignments : 54398887                                             ||
||    Successfully assigned alignments : 4001487 (7.4%)                       ||
||    Running time : 0.05 minutes                                             ||
||                                                                            ||
|| Process BAM file 107_BXD100_CTRL_sub1.co.bam...                            ||
||    Single-end reads are included.                                          ||
||    Total alignments : 20000000                                             ||
||    Successfully assigned alignments : 1470816 (7.4%)                       ||
||    Running time : 0.02 minutes                                             ||
||                                                                            ||
|| Process BAM file 107_BXD100_CTRL_sub2.co.bam...                            ||
||    Single-end reads are included.                                          ||
||    Total alignments : 15000000                                             ||
||    Successfully assigned alignments : 1103729 (7.4%)                       ||
||    Running time : 0.02 minutes                                             ||
||                                                                            ||
|| Process BAM file 108_BXD100_SD_full.co.bam...                              ||
||    Single-end reads are included.                                          ||
||    Total alignments : 45654328                                             ||
||    Successfully assigned alignments : 1836073 (4.0%)                       ||
||    Running time : 0.04 minutes                                             ||
||                                                                            ||
|| Process BAM file 108_BXD100_SD_sub1.co.bam...                              ||
||    Single-end reads are included.                                          ||
||    Total alignments : 20000000                                             ||
||    Successfully assigned alignments : 804251 (4.0%)                        ||
||    Running time : 0.02 minutes                                             ||
||                                                                            ||
|| Process BAM file 108_BXD100_SD_sub2.co.bam...                              ||
||    Single-end reads are included.                                          ||
||    Total alignments : 15000000                                             ||
||    Successfully assigned alignments : 603162 (4.0%)                        ||
||    Running time : 0.02 minutes                                             ||
||                                                                            ||
|| Process BAM file 109_C57Bl6_CTRL_full.co.bam...                            ||
||    Single-end reads are included.                                          ||
||    Total alignments : 42795666                                             ||
||    Successfully assigned alignments : 1671088 (3.9%)                       ||
||    Running time : 0.04 minutes                                             ||
||                                                                            ||
|| Process BAM file 109_C57Bl6_CTRL_sub1.co.bam...                            ||
||    Single-end reads are included.                                          ||
||    Total alignments : 20000000                                             ||
||    Successfully assigned alignments : 782548 (3.9%)                        ||
||    Running time : 0.02 minutes                                             ||
||                                                                            ||
|| Process BAM file 109_C57Bl6_CTRL_sub2.co.bam...                            ||
||    Single-end reads are included.                                          ||
||    Total alignments : 15000000                                             ||
||    Successfully assigned alignments : 584725 (3.9%)                        ||
||    Running time : 0.02 minutes                                             ||
||                                                                            ||
|| Process BAM file 110_C57Bl6_SD_full.co.bam...                              ||
||    Single-end reads are included.                                          ||
||    Total alignments : 43356231                                             ||
||    Successfully assigned alignments : 2120948 (4.9%)                       ||
||    Running time : 0.04 minutes                                             ||
||                                                                            ||
|| Process BAM file 110_C57Bl6_SD_sub1.co.bam...                              ||
||    Single-end reads are included.                                          ||
||    Total alignments : 20000000                                             ||
||    Successfully assigned alignments : 977707 (4.9%)                        ||
||    Running time : 0.02 minutes                                             ||
||                                                                            ||
|| Process BAM file 110_C57Bl6_SD_sub2.co.bam...                              ||
||    Single-end reads are included.                                          ||
||    Total alignments : 15000000                                             ||
||    Successfully assigned alignments : 733655 (4.9%)                        ||
||    Running time : 0.02 minutes                                             ||
||                                                                            ||
|| Process BAM file 111_DBA_CTRL_full.co.bam...                               ||
||    Single-end reads are included.                                          ||
||    Total alignments : 48512902                                             ||
||    Successfully assigned alignments : 1486285 (3.1%)                       ||
||    Running time : 0.05 minutes                                             ||
||                                                                            ||
|| Process BAM file 111_DBA_CTRL_sub1.co.bam...                               ||
||    Single-end reads are included.                                          ||
||    Total alignments : 20000000                                             ||
||    Successfully assigned alignments : 612394 (3.1%)                        ||
||    Running time : 0.02 minutes                                             ||
||                                                                            ||
|| Process BAM file 111_DBA_CTRL_sub2.co.bam...                               ||
||    Single-end reads are included.                                          ||
||    Total alignments : 15000000                                             ||
||    Successfully assigned alignments : 459885 (3.1%)                        ||
||    Running time : 0.02 minutes                                             ||
||                                                                            ||
|| Process BAM file 112_DBA_CTRL_full.co.bam...                               ||
||    Single-end reads are included.                                          ||
||    Total alignments : 48883231                                             ||
||    Successfully assigned alignments : 2229650 (4.6%)                       ||
||    Running time : 0.04 minutes                                             ||
||                                                                            ||
|| Process BAM file 112_DBA_CTRL_sub1.co.bam...                               ||
||    Single-end reads are included.                                          ||
||    Total alignments : 20000000                                             ||
||    Successfully assigned alignments : 911793 (4.6%)                        ||
||    Running time : 0.02 minutes                                             ||
||                                                                            ||
|| Process BAM file 112_DBA_CTRL_sub2.co.bam...                               ||
||    Single-end reads are included.                                          ||
||    Total alignments : 15000000                                             ||
||    Successfully assigned alignments : 683483 (4.6%)                        ||
||    Running time : 0.02 minutes                                             ||
||                                                                            ||
|| Process BAM file 113_DBA_SD_full.co.bam...                                 ||
||    Single-end reads are included.                                          ||
||    Total alignments : 41844256                                             ||
||    Successfully assigned alignments : 3163820 (7.6%)                       ||
||    Running time : 0.04 minutes                                             ||
||                                                                            ||
|| Process BAM file 113_DBA_SD_sub1.co.bam...                                 ||
||    Single-end reads are included.                                          ||
||    Total alignments : 20000000                                             ||
||    Successfully assigned alignments : 1512765 (7.6%)                       ||
||    Running time : 0.02 minutes                                             ||
||                                                                            ||
|| Process BAM file 113_DBA_SD_sub2.co.bam...                                 ||
||    Single-end reads are included.                                          ||
||    Total alignments : 15000000                                             ||
||    Successfully assigned alignments : 1134699 (7.6%)                       ||
||    Running time : 0.02 minutes                                             ||
||                                                                            ||
|| Process BAM file 114_BXD48_CTRL_full.co.bam...                             ||
||    Single-end reads are included.                                          ||
||    Total alignments : 40583146                                             ||
||    Successfully assigned alignments : 2227645 (5.5%)                       ||
||    Running time : 0.04 minutes                                             ||
||                                                                            ||
|| Process BAM file 114_BXD48_CTRL_sub1.co.bam...                             ||
||    Single-end reads are included.                                          ||
||    Total alignments : 20000000                                             ||
||    Successfully assigned alignments : 1098593 (5.5%)                       ||
||    Running time : 0.02 minutes                                             ||
||                                                                            ||
|| Process BAM file 114_BXD48_CTRL_sub2.co.bam...                             ||
||    Single-end reads are included.                                          ||
||    Total alignments : 15000000                                             ||
||    Successfully assigned alignments : 822185 (5.5%)                        ||
||    Running time : 0.02 minutes                                             ||
||                                                                            ||
|| Process BAM file 115_BXD48_SD_full.co.bam...                               ||
||    Single-end reads are included.                                          ||
||    Total alignments : 38610683                                             ||
||    Successfully assigned alignments : 1492446 (3.9%)                       ||
||    Running time : 0.04 minutes                                             ||
||                                                                            ||
|| Process BAM file 115_BXD48_SD_sub1.co.bam...                               ||
||    Single-end reads are included.                                          ||
||    Total alignments : 20000000                                             ||
||    Successfully assigned alignments : 773104 (3.9%)                        ||
||    Running time : 0.02 minutes                                             ||
||                                                                            ||
|| Process BAM file 115_BXD48_SD_sub2.co.bam...                               ||
||    Single-end reads are included.                                          ||
||    Total alignments : 15000000                                             ||
||    Successfully assigned alignments : 580530 (3.9%)                        ||
||    Running time : 0.02 minutes                                             ||
||                                                                            ||
|| Process BAM file 116_BXD49_CTRL_full.co.bam...                             ||
||    Single-end reads are included.                                          ||
||    Total alignments : 43691877                                             ||
||    Successfully assigned alignments : 1997940 (4.6%)                       ||
||    Running time : 0.04 minutes                                             ||
||                                                                            ||
|| Process BAM file 116_BXD49_CTRL_sub1.co.bam...                             ||
||    Single-end reads are included.                                          ||
||    Total alignments : 20000000                                             ||
||    Successfully assigned alignments : 915938 (4.6%)                        ||
||    Running time : 0.02 minutes                                             ||
||                                                                            ||
|| Process BAM file 116_BXD49_CTRL_sub2.co.bam...                             ||
||    Single-end reads are included.                                          ||
||    Total alignments : 15000000                                             ||
||    Successfully assigned alignments : 686194 (4.6%)                        ||
||    Running time : 0.02 minutes                                             ||
||                                                                            ||
|| Process BAM file 117_BXD49_SD_full.co.bam...                               ||
||    Single-end reads are included.                                          ||
||    Total alignments : 43244637                                             ||
||    Successfully assigned alignments : 2441240 (5.6%)                       ||
||    Running time : 0.04 minutes                                             ||
||                                                                            ||
|| Process BAM file 117_BXD49_SD_sub1.co.bam...                               ||
||    Single-end reads are included.                                          ||
||    Total alignments : 20000000                                             ||
||    Successfully assigned alignments : 1128369 (5.6%)                       ||
||    Running time : 0.02 minutes                                             ||
||                                                                            ||
|| Process BAM file 117_BXD49_SD_sub2.co.bam...                               ||
||    Single-end reads are included.                                          ||
||    Total alignments : 15000000                                             ||
||    Successfully assigned alignments : 847701 (5.7%)                        ||
||    Running time : 0.02 minutes                                             ||
||                                                                            ||
|| Process BAM file 118_BXD51_CTRL_full.co.bam...                             ||
||    Single-end reads are included.                                          ||
||    Total alignments : 49936771                                             ||
||    Successfully assigned alignments : 3040136 (6.1%)                       ||
||    Running time : 0.05 minutes                                             ||
||                                                                            ||
|| Process BAM file 118_BXD51_CTRL_sub1.co.bam...                             ||
||    Single-end reads are included.                                          ||
||    Total alignments : 20000000                                             ||
||    Successfully assigned alignments : 1217018 (6.1%)                       ||
||    Running time : 0.02 minutes                                             ||
||                                                                            ||
|| Process BAM file 118_BXD51_CTRL_sub2.co.bam...                             ||
||    Single-end reads are included.                                          ||
||    Total alignments : 15000000                                             ||
||    Successfully assigned alignments : 911836 (6.1%)                        ||
||    Running time : 0.02 minutes                                             ||
||                                                                            ||
|| Process BAM file 119_BXD51_SD_full.co.bam...                               ||
||    Single-end reads are included.                                          ||
||    Total alignments : 34794731                                             ||
||    Successfully assigned alignments : 1177293 (3.4%)                       ||
||    Running time : 0.03 minutes                                             ||
||                                                                            ||
|| Process BAM file 119_BXD51_SD_sub1.co.bam...                               ||
||    Single-end reads are included.                                          ||
||    Total alignments : 20000000                                             ||
||    Successfully assigned alignments : 677179 (3.4%)                        ||
||    Running time : 0.02 minutes                                             ||
||                                                                            ||
|| Process BAM file 119_BXD51_SD_sub2.co.bam...                               ||
||    Single-end reads are included.                                          ||
||    Total alignments : 15000000                                             ||
||    Successfully assigned alignments : 507182 (3.4%)                        ||
||    Running time : 0.02 minutes                                             ||
||                                                                            ||
|| Process BAM file 120_BXD55_CTRL_full.co.bam...                             ||
||    Single-end reads are included.                                          ||
||    Total alignments : 49239098                                             ||
||    Successfully assigned alignments : 1795480 (3.6%)                       ||
||    Running time : 0.05 minutes                                             ||
||                                                                            ||
|| Process BAM file 120_BXD55_CTRL_sub1.co.bam...                             ||
||    Single-end reads are included.                                          ||
||    Total alignments : 20000000                                             ||
||    Successfully assigned alignments : 729620 (3.6%)                        ||
||    Running time : 0.02 minutes                                             ||
||                                                                            ||
|| Process BAM file 120_BXD55_CTRL_sub2.co.bam...                             ||
||    Single-end reads are included.                                          ||
||    Total alignments : 15000000                                             ||
||    Successfully assigned alignments : 547162 (3.6%)                        ||
||    Running time : 0.02 minutes                                             ||
||                                                                            ||
|| Process BAM file 121_BXD55_SD_full.co.bam...                               ||
||    Single-end reads are included.                                          ||
||    Total alignments : 49316300                                             ||
||    Successfully assigned alignments : 2432717 (4.9%)                       ||
||    Running time : 0.05 minutes                                             ||
||                                                                            ||
|| Process BAM file 121_BXD55_SD_sub1.co.bam...                               ||
||    Single-end reads are included.                                          ||
||    Total alignments : 20000000                                             ||
||    Successfully assigned alignments : 987445 (4.9%)                        ||
||    Running time : 0.02 minutes                                             ||
||                                                                            ||
|| Process BAM file 121_BXD55_SD_sub2.co.bam...                               ||
||    Single-end reads are included.                                          ||
||    Total alignments : 15000000                                             ||
||    Successfully assigned alignments : 738168 (4.9%)                        ||
||    Running time : 0.02 minutes                                             ||
||                                                                            ||
|| Process BAM file 122_BXD64_CTRL_full.co.bam...                             ||
||    Single-end reads are included.                                          ||
||    Total alignments : 55130299                                             ||
||    Successfully assigned alignments : 2289616 (4.2%)                       ||
||    Running time : 0.05 minutes                                             ||
||                                                                            ||
|| Process BAM file 122_BXD64_CTRL_sub1.co.bam...                             ||
||    Single-end reads are included.                                          ||
||    Total alignments : 20000000                                             ||
||    Successfully assigned alignments : 830690 (4.2%)                        ||
||    Running time : 0.02 minutes                                             ||
||                                                                            ||
|| Process BAM file 122_BXD64_CTRL_sub2.co.bam...                             ||
||    Single-end reads are included.                                          ||
||    Total alignments : 15000000                                             ||
||    Successfully assigned alignments : 623387 (4.2%)                        ||
||    Running time : 0.02 minutes                                             ||
||                                                                            ||
|| Process BAM file 123_BXD64_SD_full.co.bam...                               ||
||    Single-end reads are included.                                          ||
||    Total alignments : 47498703                                             ||
||    Successfully assigned alignments : 1626917 (3.4%)                       ||
||    Running time : 0.05 minutes                                             ||
||                                                                            ||
|| Process BAM file 123_BXD64_SD_sub1.co.bam...                               ||
||    Single-end reads are included.                                          ||
||    Total alignments : 20000000                                             ||
||    Successfully assigned alignments : 685202 (3.4%)                        ||
||    Running time : 0.03 minutes                                             ||
||                                                                            ||
|| Process BAM file 123_BXD64_SD_sub2.co.bam...                               ||
||    Single-end reads are included.                                          ||
||    Total alignments : 15000000                                             ||
||    Successfully assigned alignments : 513758 (3.4%)                        ||
||    Running time : 0.02 minutes                                             ||
||                                                                            ||
|| Process BAM file 124_BXD81_CTRL_full.co.bam...                             ||
||    Single-end reads are included.                                          ||
||    Total alignments : 43057757                                             ||
||    Successfully assigned alignments : 1867879 (4.3%)                       ||
||    Running time : 0.04 minutes                                             ||
||                                                                            ||
|| Process BAM file 124_BXD81_CTRL_sub1.co.bam...                             ||
||    Single-end reads are included.                                          ||
||    Total alignments : 20000000                                             ||
||    Successfully assigned alignments : 867252 (4.3%)                        ||
||    Running time : 0.02 minutes                                             ||
||                                                                            ||
|| Process BAM file 124_BXD81_CTRL_sub2.co.bam...                             ||
||    Single-end reads are included.                                          ||
||    Total alignments : 15000000                                             ||
||    Successfully assigned alignments : 651026 (4.3%)                        ||
||    Running time : 0.02 minutes                                             ||
||                                                                            ||
|| Process BAM file 125_BXD81_SD_full.co.bam...                               ||
||    Single-end reads are included.                                          ||
||    Total alignments : 45942918                                             ||
||    Successfully assigned alignments : 1573556 (3.4%)                       ||
||    Running time : 0.04 minutes                                             ||
||                                                                            ||
|| Process BAM file 125_BXD81_SD_sub1.co.bam...                               ||
||    Single-end reads are included.                                          ||
||    Total alignments : 20000000                                             ||
||    Successfully assigned alignments : 684714 (3.4%)                        ||
||    Running time : 0.02 minutes                                             ||
||                                                                            ||
|| Process BAM file 125_BXD81_SD_sub2.co.bam...                               ||
||    Single-end reads are included.                                          ||
||    Total alignments : 15000000                                             ||
||    Successfully assigned alignments : 514501 (3.4%)                        ||
||    Running time : 0.02 minutes                                             ||
||                                                                            ||
|| Process BAM file 126_BXD83_CTRL_full.co.bam...                             ||
||    Single-end reads are included.                                          ||
||    Total alignments : 48366070                                             ||
||    Successfully assigned alignments : 1412543 (2.9%)                       ||
||    Running time : 0.05 minutes                                             ||
||                                                                            ||
|| Process BAM file 126_BXD83_CTRL_sub1.co.bam...                             ||
||    Single-end reads are included.                                          ||
||    Total alignments : 20000000                                             ||
||    Successfully assigned alignments : 584458 (2.9%)                        ||
||    Running time : 0.02 minutes                                             ||
||                                                                            ||
|| Process BAM file 126_BXD83_CTRL_sub2.co.bam...                             ||
||    Single-end reads are included.                                          ||
||    Total alignments : 15000000                                             ||
||    Successfully assigned alignments : 438329 (2.9%)                        ||
||    Running time : 0.02 minutes                                             ||
||                                                                            ||
|| Process BAM file 127_BXD83_SD_full.co.bam...                               ||
||    Single-end reads are included.                                          ||
||    Total alignments : 51713470                                             ||
||    Successfully assigned alignments : 1652908 (3.2%)                       ||
||    Running time : 0.05 minutes                                             ||
||                                                                            ||
|| Process BAM file 127_BXD83_SD_sub1.co.bam...                               ||
||    Single-end reads are included.                                          ||
||    Total alignments : 20000000                                             ||
||    Successfully assigned alignments : 638377 (3.2%)                        ||
||    Running time : 0.02 minutes                                             ||
||                                                                            ||
|| Process BAM file 127_BXD83_SD_sub2.co.bam...                               ||
||    Single-end reads are included.                                          ||
||    Total alignments : 15000000                                             ||
||    Successfully assigned alignments : 478953 (3.2%)                        ||
||    Running time : 0.02 minutes                                             ||
||                                                                            ||
|| Process BAM file 128_BXD84_CTRL_full.co.bam...                             ||
||    Single-end reads are included.                                          ||
||    Total alignments : 44110731                                             ||
||    Successfully assigned alignments : 1410289 (3.2%)                       ||
||    Running time : 0.04 minutes                                             ||
||                                                                            ||
|| Process BAM file 128_BXD84_CTRL_sub1.co.bam...                             ||
||    Single-end reads are included.                                          ||
||    Total alignments : 20000000                                             ||
||    Successfully assigned alignments : 638811 (3.2%)                        ||
||    Running time : 0.02 minutes                                             ||
||                                                                            ||
|| Process BAM file 128_BXD84_CTRL_sub2.co.bam...                             ||
||    Single-end reads are included.                                          ||
||    Total alignments : 15000000                                             ||
||    Successfully assigned alignments : 480155 (3.2%)                        ||
||    Running time : 0.02 minutes                                             ||
||                                                                            ||
|| Process BAM file 129_BXD84_SD_full.co.bam...                               ||
||    Single-end reads are included.                                          ||
||    Total alignments : 42203428                                             ||
||    Successfully assigned alignments : 1762716 (4.2%)                       ||
||    Running time : 0.04 minutes                                             ||
||                                                                            ||
|| Process BAM file 129_BXD84_SD_sub1.co.bam...                               ||
||    Single-end reads are included.                                          ||
||    Total alignments : 20000000                                             ||
||    Successfully assigned alignments : 836332 (4.2%)                        ||
||    Running time : 0.02 minutes                                             ||
||                                                                            ||
|| Process BAM file 129_BXD84_SD_sub2.co.bam...                               ||
||    Single-end reads are included.                                          ||
||    Total alignments : 15000000                                             ||
||    Successfully assigned alignments : 624849 (4.2%)                        ||
||    Running time : 0.02 minutes                                             ||
||                                                                            ||
|| Process BAM file 130_BXD85_CTRL_full.co.bam...                             ||
||    Single-end reads are included.                                          ||
||    Total alignments : 33790245                                             ||
||    Successfully assigned alignments : 1131760 (3.3%)                       ||
||    Running time : 0.03 minutes                                             ||
||                                                                            ||
|| Process BAM file 130_BXD85_CTRL_sub1.co.bam...                             ||
||    Single-end reads are included.                                          ||
||    Total alignments : 20000000                                             ||
||    Successfully assigned alignments : 669782 (3.3%)                        ||
||    Running time : 0.02 minutes                                             ||
||                                                                            ||
|| Process BAM file 130_BXD85_CTRL_sub2.co.bam...                             ||
||    Single-end reads are included.                                          ||
||    Total alignments : 15000000                                             ||
||    Successfully assigned alignments : 502604 (3.4%)                        ||
||    Running time : 0.02 minutes                                             ||
||                                                                            ||
|| Process BAM file 131_BXD85_SD_full.co.bam...                               ||
||    Single-end reads are included.                                          ||
||    Total alignments : 44728059                                             ||
||    Successfully assigned alignments : 1290082 (2.9%)                       ||
||    Running time : 0.04 minutes                                             ||
||                                                                            ||
|| Process BAM file 131_BXD85_SD_sub1.co.bam...                               ||
||    Single-end reads are included.                                          ||
||    Total alignments : 20000000                                             ||
||    Successfully assigned alignments : 577508 (2.9%)                        ||
||    Running time : 0.02 minutes                                             ||
||                                                                            ||
|| Process BAM file 131_BXD85_SD_sub2.co.bam...                               ||
||    Single-end reads are included.                                          ||
||    Total alignments : 15000000                                             ||
||    Successfully assigned alignments : 433154 (2.9%)                        ||
||    Running time : 0.02 minutes                                             ||
||                                                                            ||
|| Process BAM file 132_BXD89_CTRL_full.co.bam...                             ||
||    Single-end reads are included.                                          ||
||    Total alignments : 44782674                                             ||
||    Successfully assigned alignments : 2094638 (4.7%)                       ||
||    Running time : 0.04 minutes                                             ||
||                                                                            ||
|| Process BAM file 132_BXD89_CTRL_sub1.co.bam...                             ||
||    Single-end reads are included.                                          ||
||    Total alignments : 20000000                                             ||
||    Successfully assigned alignments : 935645 (4.7%)                        ||
||    Running time : 0.02 minutes                                             ||
||                                                                            ||
|| Process BAM file 132_BXD89_CTRL_sub2.co.bam...                             ||
||    Single-end reads are included.                                          ||
||    Total alignments : 15000000                                             ||
||    Successfully assigned alignments : 700503 (4.7%)                        ||
||    Running time : 0.02 minutes                                             ||
||                                                                            ||
|| Process BAM file 133_BXD89_SD_full.co.bam...                               ||
||    Single-end reads are included.                                          ||
||    Total alignments : 56040022                                             ||
||    Successfully assigned alignments : 2690121 (4.8%)                       ||
||    Running time : 0.05 minutes                                             ||
||                                                                            ||
|| Process BAM file 133_BXD89_SD_sub1.co.bam...                               ||
||    Single-end reads are included.                                          ||
||    Total alignments : 20000000                                             ||
||    Successfully assigned alignments : 959402 (4.8%)                        ||
||    Running time : 0.02 minutes                                             ||
||                                                                            ||
|| Process BAM file 133_BXD89_SD_sub2.co.bam...                               ||
||    Single-end reads are included.                                          ||
||    Total alignments : 15000000                                             ||
||    Successfully assigned alignments : 719976 (4.8%)                        ||
||    Running time : 0.02 minutes                                             ||
||                                                                            ||
|| Process BAM file 134_BXD95_CTRL_full.co.bam...                             ||
||    Single-end reads are included.                                          ||
||    Total alignments : 47961847                                             ||
||    Successfully assigned alignments : 2064293 (4.3%)                       ||
||    Running time : 0.05 minutes                                             ||
||                                                                            ||
|| Process BAM file 134_BXD95_CTRL_sub1.co.bam...                             ||
||    Single-end reads are included.                                          ||
||    Total alignments : 20000000                                             ||
||    Successfully assigned alignments : 859711 (4.3%)                        ||
||    Running time : 0.02 minutes                                             ||
||                                                                            ||
|| Process BAM file 134_BXD95_CTRL_sub2.co.bam...                             ||
||    Single-end reads are included.                                          ||
||    Total alignments : 15000000                                             ||
||    Successfully assigned alignments : 644460 (4.3%)                        ||
||    Running time : 0.02 minutes                                             ||
||                                                                            ||
|| Process BAM file 135_BXD95_SD_full.co.bam...                               ||
||    Single-end reads are included.                                          ||
||    Total alignments : 49528567                                             ||
||    Successfully assigned alignments : 1954297 (3.9%)                       ||
||    Running time : 0.05 minutes                                             ||
||                                                                            ||
|| Process BAM file 135_BXD95_SD_sub1.co.bam...                               ||
||    Single-end reads are included.                                          ||
||    Total alignments : 20000000                                             ||
||    Successfully assigned alignments : 789002 (3.9%)                        ||
||    Running time : 0.02 minutes                                             ||
||                                                                            ||
|| Process BAM file 135_BXD95_SD_sub2.co.bam...                               ||
||    Single-end reads are included.                                          ||
||    Total alignments : 15000000                                             ||
||    Successfully assigned alignments : 592115 (3.9%)                        ||
||    Running time : 0.02 minutes                                             ||
||                                                                            ||
|| Process BAM file 136_48a_CTRL_full.co.bam...                               ||
||    Single-end reads are included.                                          ||
||    Total alignments : 48144966                                             ||
||    Successfully assigned alignments : 1344833 (2.8%)                       ||
||    Running time : 0.05 minutes                                             ||
||                                                                            ||
|| Process BAM file 136_48a_CTRL_sub1.co.bam...                               ||
||    Single-end reads are included.                                          ||
||    Total alignments : 20000000                                             ||
||    Successfully assigned alignments : 558401 (2.8%)                        ||
||    Running time : 0.02 minutes                                             ||
||                                                                            ||
|| Process BAM file 136_48a_CTRL_sub2.co.bam...                               ||
||    Single-end reads are included.                                          ||
||    Total alignments : 15000000                                             ||
||    Successfully assigned alignments : 418832 (2.8%)                        ||
||    Running time : 0.02 minutes                                             ||
||                                                                            ||
|| Process BAM file 137_48a_SD_full.co.bam...                                 ||
||    Single-end reads are included.                                          ||
||    Total alignments : 34705485                                             ||
||    Successfully assigned alignments : 1434601 (4.1%)                       ||
||    Running time : 0.03 minutes                                             ||
||                                                                            ||
|| Process BAM file 137_48a_SD_sub1.co.bam...                                 ||
||    Single-end reads are included.                                          ||
||    Total alignments : 20000000                                             ||
||    Successfully assigned alignments : 826241 (4.1%)                        ||
||    Running time : 0.02 minutes                                             ||
||                                                                            ||
|| Process BAM file 137_48a_SD_sub2.co.bam...                                 ||
||    Single-end reads are included.                                          ||
||    Total alignments : 15000000                                             ||
||    Successfully assigned alignments : 619981 (4.1%)                        ||
||    Running time : 0.02 minutes                                             ||
||                                                                            ||
|| Process BAM file 138_65a_CTRL_full.co.bam...                               ||
||    Single-end reads are included.                                          ||
||    Total alignments : 33446210                                             ||
||    Successfully assigned alignments : 1557413 (4.7%)                       ||
||    Running time : 0.03 minutes                                             ||
||                                                                            ||
|| Process BAM file 138_65a_CTRL_sub1.co.bam...                               ||
||    Single-end reads are included.                                          ||
||    Total alignments : 20000000                                             ||
||    Successfully assigned alignments : 931687 (4.7%)                        ||
||    Running time : 0.02 minutes                                             ||
||                                                                            ||
|| Process BAM file 138_65a_CTRL_sub2.co.bam...                               ||
||    Single-end reads are included.                                          ||
||    Total alignments : 15000000                                             ||
||    Successfully assigned alignments : 698550 (4.7%)                        ||
||    Running time : 0.02 minutes                                             ||
||                                                                            ||
|| Process BAM file 139_65a_SD_full.co.bam...                                 ||
||    Single-end reads are included.                                          ||
||    Total alignments : 30468267                                             ||
||    Successfully assigned alignments : 1282755 (4.2%)                       ||
||    Running time : 0.03 minutes                                             ||
||                                                                            ||
|| Process BAM file 139_65a_SD_sub1.co.bam...                                 ||
||    Single-end reads are included.                                          ||
||    Total alignments : 20000000                                             ||
||    Successfully assigned alignments : 841095 (4.2%)                        ||
||    Running time : 0.02 minutes                                             ||
||                                                                            ||
|| Process BAM file 139_65a_SD_sub2.co.bam...                                 ||
||    Single-end reads are included.                                          ||
||    Total alignments : 15000000                                             ||
||    Successfully assigned alignments : 630916 (4.2%)                        ||
||    Running time : 0.02 minutes                                             ||
||                                                                            ||
|| Process BAM file 140_BXD98_CTRL_full.co.bam...                             ||
||    Single-end reads are included.                                          ||
||    Total alignments : 32550629                                             ||
||    Successfully assigned alignments : 988773 (3.0%)                        ||
||    Running time : 0.03 minutes                                             ||
||                                                                            ||
|| Process BAM file 140_BXD98_CTRL_sub1.co.bam...                             ||
||    Single-end reads are included.                                          ||
||    Total alignments : 20000000                                             ||
||    Successfully assigned alignments : 607676 (3.0%)                        ||
||    Running time : 0.02 minutes                                             ||
||                                                                            ||
|| Process BAM file 140_BXD98_CTRL_sub2.co.bam...                             ||
||    Single-end reads are included.                                          ||
||    Total alignments : 15000000                                             ||
||    Successfully assigned alignments : 455709 (3.0%)                        ||
||    Running time : 0.02 minutes                                             ||
||                                                                            ||
|| Process BAM file 141_BXD98_SD_full.co.bam...                               ||
||    Single-end reads are included.                                          ||
||    Total alignments : 33192646                                             ||
||    Successfully assigned alignments : 1265423 (3.8%)                       ||
||    Running time : 0.03 minutes                                             ||
||                                                                            ||
|| Process BAM file 141_BXD98_SD_sub1.co.bam...                               ||
||    Single-end reads are included.                                          ||
||    Total alignments : 20000000                                             ||
||    Successfully assigned alignments : 762790 (3.8%)                        ||
||    Running time : 0.02 minutes                                             ||
||                                                                            ||
|| Process BAM file 141_BXD98_SD_sub2.co.bam...                               ||
||    Single-end reads are included.                                          ||
||    Total alignments : 15000000                                             ||
||    Successfully assigned alignments : 572688 (3.8%)                        ||
||    Running time : 0.02 minutes                                             ||
||                                                                            ||
|| Process BAM file 142_BXD101_CTRL_full.co.bam...                            ||
||    Single-end reads are included.                                          ||
||    Total alignments : 39377765                                             ||
||    Successfully assigned alignments : 1634146 (4.1%)                       ||
||    Running time : 0.04 minutes                                             ||
||                                                                            ||
|| Process BAM file 142_BXD101_CTRL_sub1.co.bam...                            ||
||    Single-end reads are included.                                          ||
||    Total alignments : 20000000                                             ||
||    Successfully assigned alignments : 828780 (4.1%)                        ||
||    Running time : 0.02 minutes                                             ||
||                                                                            ||
|| Process BAM file 142_BXD101_CTRL_sub2.co.bam...                            ||
||    Single-end reads are included.                                          ||
||    Total alignments : 15000000                                             ||
||    Successfully assigned alignments : 622227 (4.1%)                        ||
||    Running time : 0.02 minutes                                             ||
||                                                                            ||
|| Process BAM file 143_BXD101_SD_full.co.bam...                              ||
||    Single-end reads are included.                                          ||
||    Total alignments : 40149785                                             ||
||    Successfully assigned alignments : 1545506 (3.8%)                       ||
||    Running time : 0.04 minutes                                             ||
||                                                                            ||
|| Process BAM file 143_BXD101_SD_sub1.co.bam...                              ||
||    Single-end reads are included.                                          ||
||    Total alignments : 20000000                                             ||
||    Successfully assigned alignments : 769633 (3.8%)                        ||
||    Running time : 0.02 minutes                                             ||
||                                                                            ||
|| Process BAM file 143_BXD101_SD_sub2.co.bam...                              ||
||    Single-end reads are included.                                          ||
||    Total alignments : 15000000                                             ||
||    Successfully assigned alignments : 577103 (3.8%)                        ||
||    Running time : 0.02 minutes                                             ||
||                                                                            ||
|| Process BAM file 144_73b_CTRL_full.co.bam...                               ||
||    Single-end reads are included.                                          ||
||    Total alignments : 54453327                                             ||
||    Successfully assigned alignments : 4397219 (8.1%)                       ||
||    Running time : 0.05 minutes                                             ||
||                                                                            ||
|| Process BAM file 144_73b_CTRL_sub1.co.bam...                               ||
||    Single-end reads are included.                                          ||
||    Total alignments : 20000000                                             ||
||    Successfully assigned alignments : 1615160 (8.1%)                       ||
||    Running time : 0.02 minutes                                             ||
||                                                                            ||
|| Process BAM file 144_73b_CTRL_sub2.co.bam...                               ||
||    Single-end reads are included.                                          ||
||    Total alignments : 15000000                                             ||
||    Successfully assigned alignments : 1213138 (8.1%)                       ||
||    Running time : 0.02 minutes                                             ||
||                                                                            ||
|| Process BAM file 145_73b_SD_full.co.bam...                                 ||
||    Single-end reads are included.                                          ||
||    Total alignments : 52103668                                             ||
||    Successfully assigned alignments : 1818871 (3.5%)                       ||
||    Running time : 0.05 minutes                                             ||
||                                                                            ||
|| Process BAM file 145_73b_SD_sub1.co.bam...                                 ||
||    Single-end reads are included.                                          ||
||    Total alignments : 20000000                                             ||
||    Successfully assigned alignments : 697283 (3.5%)                        ||
||    Running time : 0.03 minutes                                             ||
||                                                                            ||
|| Process BAM file 145_73b_SD_sub2.co.bam...                                 ||
||    Single-end reads are included.                                          ||
||    Total alignments : 15000000                                             ||
||    Successfully assigned alignments : 524278 (3.5%)                        ||
||    Running time : 0.02 minutes                                             ||
||                                                                            ||
|| Process BAM file 146_C57Bl6_CTRL_full.co.bam...                            ||
||    Single-end reads are included.                                          ||
||    Total alignments : 47156114                                             ||
||    Successfully assigned alignments : 2444008 (5.2%)                       ||
||    Running time : 0.04 minutes                                             ||
||                                                                            ||
|| Process BAM file 146_C57Bl6_CTRL_sub1.co.bam...                            ||
||    Single-end reads are included.                                          ||
||    Total alignments : 20000000                                             ||
||    Successfully assigned alignments : 1035374 (5.2%)                       ||
||    Running time : 0.02 minutes                                             ||
||                                                                            ||
|| Process BAM file 146_C57Bl6_CTRL_sub2.co.bam...                            ||
||    Single-end reads are included.                                          ||
||    Total alignments : 15000000                                             ||
||    Successfully assigned alignments : 777246 (5.2%)                        ||
||    Running time : 0.02 minutes                                             ||
||                                                                            ||
|| Process BAM file 147_C57Bl6_SD_full.co.bam...                              ||
||    Single-end reads are included.                                          ||
||    Total alignments : 38670497                                             ||
||    Successfully assigned alignments : 1712238 (4.4%)                       ||
||    Running time : 0.04 minutes                                             ||
||                                                                            ||
|| Process BAM file 147_C57Bl6_SD_sub1.co.bam...                              ||
||    Single-end reads are included.                                          ||
||    Total alignments : 20000000                                             ||
||    Successfully assigned alignments : 884587 (4.4%)                        ||
||    Running time : 0.02 minutes                                             ||
||                                                                            ||
|| Process BAM file 147_C57Bl6_SD_sub2.co.bam...                              ||
||    Single-end reads are included.                                          ||
||    Total alignments : 15000000                                             ||
||    Successfully assigned alignments : 663553 (4.4%)                        ||
||    Running time : 0.02 minutes                                             ||
||                                                                            ||
|| Process BAM file 148_BXD43_CTRL_full.co.bam...                             ||
||    Single-end reads are included.                                          ||
||    Total alignments : 42631771                                             ||
||    Successfully assigned alignments : 1954484 (4.6%)                       ||
||    Running time : 0.04 minutes                                             ||
||                                                                            ||
|| Process BAM file 148_BXD43_CTRL_sub1.co.bam...                             ||
||    Single-end reads are included.                                          ||
||    Total alignments : 20000000                                             ||
||    Successfully assigned alignments : 917173 (4.6%)                        ||
||    Running time : 0.02 minutes                                             ||
||                                                                            ||
|| Process BAM file 148_BXD43_CTRL_sub2.co.bam...                             ||
||    Single-end reads are included.                                          ||
||    Total alignments : 15000000                                             ||
||    Successfully assigned alignments : 688516 (4.6%)                        ||
||    Running time : 0.02 minutes                                             ||
||                                                                            ||
|| Process BAM file 149_BXD43_SD_full.co.bam...                               ||
||    Single-end reads are included.                                          ||
||    Total alignments : 49678594                                             ||
||    Successfully assigned alignments : 1698225 (3.4%)                       ||
||    Running time : 0.05 minutes                                             ||
||                                                                            ||
|| Process BAM file 149_BXD43_SD_sub1.co.bam...                               ||
||    Single-end reads are included.                                          ||
||    Total alignments : 20000000                                             ||
||    Successfully assigned alignments : 684152 (3.4%)                        ||
||    Running time : 0.02 minutes                                             ||
||                                                                            ||
|| Process BAM file 149_BXD43_SD_sub2.co.bam...                               ||
||    Single-end reads are included.                                          ||
||    Total alignments : 15000000                                             ||
||    Successfully assigned alignments : 511831 (3.4%)                        ||
||    Running time : 0.02 minutes                                             ||
||                                                                            ||
|| Process BAM file 150_BXD45_CTRL_full.co.bam...                             ||
||    Single-end reads are included.                                          ||
||    Total alignments : 53722609                                             ||
||    Successfully assigned alignments : 1553621 (2.9%)                       ||
||    Running time : 0.05 minutes                                             ||
||                                                                            ||
|| Process BAM file 150_BXD45_CTRL_sub1.co.bam...                             ||
||    Single-end reads are included.                                          ||
||    Total alignments : 20000000                                             ||
||    Successfully assigned alignments : 578218 (2.9%)                        ||
||    Running time : 0.02 minutes                                             ||
||                                                                            ||
|| Process BAM file 150_BXD45_CTRL_sub2.co.bam...                             ||
||    Single-end reads are included.                                          ||
||    Total alignments : 15000000                                             ||
||    Successfully assigned alignments : 433630 (2.9%)                        ||
||    Running time : 0.02 minutes                                             ||
||                                                                            ||
|| Process BAM file 151_BXD45_SD_full.co.bam...                               ||
||    Single-end reads are included.                                          ||
||    Total alignments : 49787661                                             ||
||    Successfully assigned alignments : 1424571 (2.9%)                       ||
||    Running time : 0.05 minutes                                             ||
||                                                                            ||
|| Process BAM file 151_BXD45_SD_sub1.co.bam...                               ||
||    Single-end reads are included.                                          ||
||    Total alignments : 20000000                                             ||
||    Successfully assigned alignments : 572111 (2.9%)                        ||
||    Running time : 0.02 minutes                                             ||
||                                                                            ||
|| Process BAM file 151_BXD45_SD_sub2.co.bam...                               ||
||    Single-end reads are included.                                          ||
||    Total alignments : 15000000                                             ||
||    Successfully assigned alignments : 429687 (2.9%)                        ||
||    Running time : 0.02 minutes                                             ||
||                                                                            ||
|| Process BAM file 152_BXD48_CTRL_full.co.bam...                             ||
||    Single-end reads are included.                                          ||
||    Total alignments : 84581192                                             ||
||    Successfully assigned alignments : 3334518 (3.9%)                       ||
||    Running time : 0.07 minutes                                             ||
||                                                                            ||
|| Process BAM file 152_BXD48_CTRL_sub1.co.bam...                             ||
||    Single-end reads are included.                                          ||
||    Total alignments : 20000000                                             ||
||    Successfully assigned alignments : 788526 (3.9%)                        ||
||    Running time : 0.02 minutes                                             ||
||                                                                            ||
|| Process BAM file 152_BXD48_CTRL_sub2.co.bam...                             ||
||    Single-end reads are included.                                          ||
||    Total alignments : 15000000                                             ||
||    Successfully assigned alignments : 591131 (3.9%)                        ||
||    Running time : 0.02 minutes                                             ||
||                                                                            ||
|| Process BAM file 153_BXD48_SD_full.co.bam...                               ||
||    Single-end reads are included.                                          ||
||    Total alignments : 47618712                                             ||
||    Successfully assigned alignments : 2101012 (4.4%)                       ||
||    Running time : 0.05 minutes                                             ||
||                                                                            ||
|| Process BAM file 153_BXD48_SD_sub1.co.bam...                               ||
||    Single-end reads are included.                                          ||
||    Total alignments : 20000000                                             ||
||    Successfully assigned alignments : 881756 (4.4%)                        ||
||    Running time : 0.02 minutes                                             ||
||                                                                            ||
|| Process BAM file 153_BXD48_SD_sub2.co.bam...                               ||
||    Single-end reads are included.                                          ||
||    Total alignments : 15000000                                             ||
||    Successfully assigned alignments : 660513 (4.4%)                        ||
||    Running time : 0.02 minutes                                             ||
||                                                                            ||
|| Process BAM file 154_BXD50_CTRL_full.co.bam...                             ||
||    Single-end reads are included.                                          ||
||    Total alignments : 52918654                                             ||
||    Successfully assigned alignments : 2079491 (3.9%)                       ||
||    Running time : 0.05 minutes                                             ||
||                                                                            ||
|| Process BAM file 154_BXD50_CTRL_sub1.co.bam...                             ||
||    Single-end reads are included.                                          ||
||    Total alignments : 20000000                                             ||
||    Successfully assigned alignments : 786117 (3.9%)                        ||
||    Running time : 0.02 minutes                                             ||
||                                                                            ||
|| Process BAM file 154_BXD50_CTRL_sub2.co.bam...                             ||
||    Single-end reads are included.                                          ||
||    Total alignments : 15000000                                             ||
||    Successfully assigned alignments : 588859 (3.9%)                        ||
||    Running time : 0.02 minutes                                             ||
||                                                                            ||
|| Process BAM file 155_BXD50_SD_full.co.bam...                               ||
||    Single-end reads are included.                                          ||
||    Total alignments : 57944661                                             ||
||    Successfully assigned alignments : 2087825 (3.6%)                       ||
||    Running time : 0.06 minutes                                             ||
||                                                                            ||
|| Process BAM file 155_BXD50_SD_sub1.co.bam...                               ||
||    Single-end reads are included.                                          ||
||    Total alignments : 20000000                                             ||
||    Successfully assigned alignments : 720151 (3.6%)                        ||
||    Running time : 0.02 minutes                                             ||
||                                                                            ||
|| Process BAM file 155_BXD50_SD_sub2.co.bam...                               ||
||    Single-end reads are included.                                          ||
||    Total alignments : 15000000                                             ||
||    Successfully assigned alignments : 540391 (3.6%)                        ||
||    Running time : 0.02 minutes                                             ||
||                                                                            ||
|| Process BAM file 156_BXD61_CTRL_full.co.bam...                             ||
||    Single-end reads are included.                                          ||
||    Total alignments : 46129873                                             ||
||    Successfully assigned alignments : 1990862 (4.3%)                       ||
||    Running time : 0.04 minutes                                             ||
||                                                                            ||
|| Process BAM file 156_BXD61_CTRL_sub1.co.bam...                             ||
||    Single-end reads are included.                                          ||
||    Total alignments : 20000000                                             ||
||    Successfully assigned alignments : 863562 (4.3%)                        ||
||    Running time : 0.02 minutes                                             ||
||                                                                            ||
|| Process BAM file 156_BXD61_CTRL_sub2.co.bam...                             ||
||    Single-end reads are included.                                          ||
||    Total alignments : 15000000                                             ||
||    Successfully assigned alignments : 647235 (4.3%)                        ||
||    Running time : 0.02 minutes                                             ||
||                                                                            ||
|| Process BAM file 157_BXD61_SD_full.co.bam...                               ||
||    Single-end reads are included.                                          ||
||    Total alignments : 63354237                                             ||
||    Successfully assigned alignments : 2415472 (3.8%)                       ||
||    Running time : 0.06 minutes                                             ||
||                                                                            ||
|| Process BAM file 157_BXD61_SD_sub1.co.bam...                               ||
||    Single-end reads are included.                                          ||
||    Total alignments : 20000000                                             ||
||    Successfully assigned alignments : 762700 (3.8%)                        ||
||    Running time : 0.02 minutes                                             ||
||                                                                            ||
|| Process BAM file 157_BXD61_SD_sub2.co.bam...                               ||
||    Single-end reads are included.                                          ||
||    Total alignments : 15000000                                             ||
||    Successfully assigned alignments : 572170 (3.8%)                        ||
||    Running time : 0.02 minutes                                             ||
||                                                                            ||
|| Process BAM file 158_BXD64_CTRL_full.co.bam...                             ||
||    Single-end reads are included.                                          ||
||    Total alignments : 46218444                                             ||
||    Successfully assigned alignments : 1630211 (3.5%)                       ||
||    Running time : 0.04 minutes                                             ||
||                                                                            ||
|| Process BAM file 158_BXD64_CTRL_sub1.co.bam...                             ||
||    Single-end reads are included.                                          ||
||    Total alignments : 20000000                                             ||
||    Successfully assigned alignments : 705588 (3.5%)                        ||
||    Running time : 0.02 minutes                                             ||
||                                                                            ||
|| Process BAM file 158_BXD64_CTRL_sub2.co.bam...                             ||
||    Single-end reads are included.                                          ||
||    Total alignments : 15000000                                             ||
||    Successfully assigned alignments : 530089 (3.5%)                        ||
||    Running time : 0.02 minutes                                             ||
||                                                                            ||
|| Process BAM file 159_BXD64_SD_full.co.bam...                               ||
||    Single-end reads are included.                                          ||
||    Total alignments : 42724542                                             ||
||    Successfully assigned alignments : 1814293 (4.2%)                       ||
||    Running time : 0.04 minutes                                             ||
||                                                                            ||
|| Process BAM file 159_BXD64_SD_sub1.co.bam...                               ||
||    Single-end reads are included.                                          ||
||    Total alignments : 20000000                                             ||
||    Successfully assigned alignments : 849401 (4.2%)                        ||
||    Running time : 0.02 minutes                                             ||
||                                                                            ||
|| Process BAM file 159_BXD64_SD_sub2.co.bam...                               ||
||    Single-end reads are included.                                          ||
||    Total alignments : 15000000                                             ||
||    Successfully assigned alignments : 637052 (4.2%)                        ||
||    Running time : 0.02 minutes                                             ||
||                                                                            ||
|| Process BAM file 160_BXD65_CTRL_full.co.bam...                             ||
||    Single-end reads are included.                                          ||
||    Total alignments : 68620513                                             ||
||    Successfully assigned alignments : 2568531 (3.7%)                       ||
||    Running time : 0.06 minutes                                             ||
||                                                                            ||
|| Process BAM file 160_BXD65_CTRL_sub1.co.bam...                             ||
||    Single-end reads are included.                                          ||
||    Total alignments : 20000000                                             ||
||    Successfully assigned alignments : 749746 (3.7%)                        ||
||    Running time : 0.02 minutes                                             ||
||                                                                            ||
|| Process BAM file 160_BXD65_CTRL_sub2.co.bam...                             ||
||    Single-end reads are included.                                          ||
||    Total alignments : 15000000                                             ||
||    Successfully assigned alignments : 561715 (3.7%)                        ||
||    Running time : 0.02 minutes                                             ||
||                                                                            ||
|| Process BAM file 161_BXD65_SD_full.co.bam...                               ||
||    Single-end reads are included.                                          ||
||    Total alignments : 48612474                                             ||
||    Successfully assigned alignments : 1853954 (3.8%)                       ||
||    Running time : 0.05 minutes                                             ||
||                                                                            ||
|| Process BAM file 161_BXD65_SD_sub1.co.bam...                               ||
||    Single-end reads are included.                                          ||
||    Total alignments : 20000000                                             ||
||    Successfully assigned alignments : 763294 (3.8%)                        ||
||    Running time : 0.02 minutes                                             ||
||                                                                            ||
|| Process BAM file 161_BXD65_SD_sub2.co.bam...                               ||
||    Single-end reads are included.                                          ||
||    Total alignments : 15000000                                             ||
||    Successfully assigned alignments : 572975 (3.8%)                        ||
||    Running time : 0.02 minutes                                             ||
||                                                                            ||
|| Process BAM file 162_BXD67_CTRL_full.co.bam...                             ||
||    Single-end reads are included.                                          ||
||    Total alignments : 44194451                                             ||
||    Successfully assigned alignments : 1988347 (4.5%)                       ||
||    Running time : 0.04 minutes                                             ||
||                                                                            ||
|| Process BAM file 162_BXD67_CTRL_sub1.co.bam...                             ||
||    Single-end reads are included.                                          ||
||    Total alignments : 20000000                                             ||
||    Successfully assigned alignments : 898947 (4.5%)                        ||
||    Running time : 0.02 minutes                                             ||
||                                                                            ||
|| Process BAM file 162_BXD67_CTRL_sub2.co.bam...                             ||
||    Single-end reads are included.                                          ||
||    Total alignments : 15000000                                             ||
||    Successfully assigned alignments : 674155 (4.5%)                        ||
||    Running time : 0.02 minutes                                             ||
||                                                                            ||
|| Process BAM file 163_BXD67_SD_full.co.bam...                               ||
||    Single-end reads are included.                                          ||
||    Total alignments : 40693428                                             ||
||    Successfully assigned alignments : 1645582 (4.0%)                       ||
||    Running time : 0.04 minutes                                             ||
||                                                                            ||
|| Process BAM file 163_BXD67_SD_sub1.co.bam...                               ||
||    Single-end reads are included.                                          ||
||    Total alignments : 20000000                                             ||
||    Successfully assigned alignments : 808880 (4.0%)                        ||
||    Running time : 0.02 minutes                                             ||
||                                                                            ||
|| Process BAM file 163_BXD67_SD_sub2.co.bam...                               ||
||    Single-end reads are included.                                          ||
||    Total alignments : 15000000                                             ||
||    Successfully assigned alignments : 606273 (4.0%)                        ||
||    Running time : 0.02 minutes                                             ||
||                                                                            ||
|| Process BAM file 164_BXD70_CTRL_full.co.bam...                             ||
||    Single-end reads are included.                                          ||
||    Total alignments : 46233107                                             ||
||    Successfully assigned alignments : 2525636 (5.5%)                       ||
||    Running time : 0.04 minutes                                             ||
||                                                                            ||
|| Process BAM file 164_BXD70_CTRL_sub1.co.bam...                             ||
||    Single-end reads are included.                                          ||
||    Total alignments : 20000000                                             ||
||    Successfully assigned alignments : 1092600 (5.5%)                       ||
||    Running time : 0.02 minutes                                             ||
||                                                                            ||
|| Process BAM file 164_BXD70_CTRL_sub2.co.bam...                             ||
||    Single-end reads are included.                                          ||
||    Total alignments : 15000000                                             ||
||    Successfully assigned alignments : 818913 (5.5%)                        ||
||    Running time : 0.02 minutes                                             ||
||                                                                            ||
|| Process BAM file 165_BXD70_SD_full.co.bam...                               ||
||    Single-end reads are included.                                          ||
||    Total alignments : 46863185                                             ||
||    Successfully assigned alignments : 2052437 (4.4%)                       ||
||    Running time : 0.04 minutes                                             ||
||                                                                            ||
|| Process BAM file 165_BXD70_SD_sub1.co.bam...                               ||
||    Single-end reads are included.                                          ||
||    Total alignments : 20000000                                             ||
||    Successfully assigned alignments : 875511 (4.4%)                        ||
||    Running time : 0.02 minutes                                             ||
||                                                                            ||
|| Process BAM file 165_BXD70_SD_sub2.co.bam...                               ||
||    Single-end reads are included.                                          ||
||    Total alignments : 15000000                                             ||
||    Successfully assigned alignments : 657125 (4.4%)                        ||
||    Running time : 0.02 minutes                                             ||
||                                                                            ||
|| Process BAM file 166_BXD79_CTRL_full.co.bam...                             ||
||    Single-end reads are included.                                          ||
||    Total alignments : 46483117                                             ||
||    Successfully assigned alignments : 1833564 (3.9%)                       ||
||    Running time : 0.04 minutes                                             ||
||                                                                            ||
|| Process BAM file 166_BXD79_CTRL_sub1.co.bam...                             ||
||    Single-end reads are included.                                          ||
||    Total alignments : 20000000                                             ||
||    Successfully assigned alignments : 790182 (4.0%)                        ||
||    Running time : 0.02 minutes                                             ||
||                                                                            ||
|| Process BAM file 166_BXD79_CTRL_sub2.co.bam...                             ||
||    Single-end reads are included.                                          ||
||    Total alignments : 15000000                                             ||
||    Successfully assigned alignments : 591222 (3.9%)                        ||
||    Running time : 0.02 minutes                                             ||
||                                                                            ||
|| Process BAM file 167_BXD79_SD_full.co.bam...                               ||
||    Single-end reads are included.                                          ||
||    Total alignments : 46879622                                             ||
||    Successfully assigned alignments : 1791853 (3.8%)                       ||
||    Running time : 0.05 minutes                                             ||
||                                                                            ||
|| Process BAM file 167_BXD79_SD_sub1.co.bam...                               ||
||    Single-end reads are included.                                          ||
||    Total alignments : 20000000                                             ||
||    Successfully assigned alignments : 765666 (3.8%)                        ||
||    Running time : 0.02 minutes                                             ||
||                                                                            ||
|| Process BAM file 167_BXD79_SD_sub2.co.bam...                               ||
||    Single-end reads are included.                                          ||
||    Total alignments : 15000000                                             ||
||    Successfully assigned alignments : 573426 (3.8%)                        ||
||    Running time : 0.02 minutes                                             ||
||                                                                            ||
|| Process BAM file 168_BXD81_CTRL_full.co.bam...                             ||
||    Single-end reads are included.                                          ||
||    Total alignments : 38816911                                             ||
||    Successfully assigned alignments : 1835416 (4.7%)                       ||
||    Running time : 0.04 minutes                                             ||
||                                                                            ||
|| Process BAM file 168_BXD81_CTRL_sub1.co.bam...                             ||
||    Single-end reads are included.                                          ||
||    Total alignments : 20000000                                             ||
||    Successfully assigned alignments : 946008 (4.7%)                        ||
||    Running time : 0.02 minutes                                             ||
||                                                                            ||
|| Process BAM file 168_BXD81_CTRL_sub2.co.bam...                             ||
||    Single-end reads are included.                                          ||
||    Total alignments : 15000000                                             ||
||    Successfully assigned alignments : 709869 (4.7%)                        ||
||    Running time : 0.02 minutes                                             ||
||                                                                            ||
|| Process BAM file 169_BXD81_SD_full.co.bam...                               ||
||    Single-end reads are included.                                          ||
||    Total alignments : 43335437                                             ||
||    Successfully assigned alignments : 1549500 (3.6%)                       ||
||    Running time : 0.04 minutes                                             ||
||                                                                            ||
|| Process BAM file 169_BXD81_SD_sub1.co.bam...                               ||
||    Single-end reads are included.                                          ||
||    Total alignments : 20000000                                             ||
||    Successfully assigned alignments : 715610 (3.6%)                        ||
||    Running time : 0.02 minutes                                             ||
||                                                                            ||
|| Process BAM file 169_BXD81_SD_sub2.co.bam...                               ||
||    Single-end reads are included.                                          ||
||    Total alignments : 15000000                                             ||
||    Successfully assigned alignments : 537283 (3.6%)                        ||
||    Running time : 0.02 minutes                                             ||
||                                                                            ||
|| Process BAM file 170_BXD85_CTRL_full.co.bam...                             ||
||    Single-end reads are included.                                          ||
||    Total alignments : 47294224                                             ||
||    Successfully assigned alignments : 1588847 (3.4%)                       ||
||    Running time : 0.05 minutes                                             ||
||                                                                            ||
|| Process BAM file 170_BXD85_CTRL_sub1.co.bam...                             ||
||    Single-end reads are included.                                          ||
||    Total alignments : 20000000                                             ||
||    Successfully assigned alignments : 672419 (3.4%)                        ||
||    Running time : 0.03 minutes                                             ||
||                                                                            ||
|| Process BAM file 170_BXD85_CTRL_sub2.co.bam...                             ||
||    Single-end reads are included.                                          ||
||    Total alignments : 15000000                                             ||
||    Successfully assigned alignments : 502635 (3.4%)                        ||
||    Running time : 0.02 minutes                                             ||
||                                                                            ||
|| Process BAM file 171_BXD85_SD_full.co.bam...                               ||
||    Single-end reads are included.                                          ||
||    Total alignments : 42083634                                             ||
||    Successfully assigned alignments : 1814084 (4.3%)                       ||
||    Running time : 0.04 minutes                                             ||
||                                                                            ||
|| Process BAM file 171_BXD85_SD_sub1.co.bam...                               ||
||    Single-end reads are included.                                          ||
||    Total alignments : 20000000                                             ||
||    Successfully assigned alignments : 861986 (4.3%)                        ||
||    Running time : 0.02 minutes                                             ||
||                                                                            ||
|| Process BAM file 171_BXD85_SD_sub2.co.bam...                               ||
||    Single-end reads are included.                                          ||
||    Total alignments : 15000000                                             ||
||    Successfully assigned alignments : 645717 (4.3%)                        ||
||    Running time : 0.02 minutes                                             ||
||                                                                            ||
|| Process BAM file 174_BXD89_CTRL_full.co.bam...                             ||
||    Single-end reads are included.                                          ||
||    Total alignments : 46397110                                             ||
||    Successfully assigned alignments : 1869139 (4.0%)                       ||
||    Running time : 0.04 minutes                                             ||
||                                                                            ||
|| Process BAM file 174_BXD89_CTRL_sub1.co.bam...                             ||
||    Single-end reads are included.                                          ||
||    Total alignments : 20000000                                             ||
||    Successfully assigned alignments : 805432 (4.0%)                        ||
||    Running time : 0.02 minutes                                             ||
||                                                                            ||
|| Process BAM file 174_BXD89_CTRL_sub2.co.bam...                             ||
||    Single-end reads are included.                                          ||
||    Total alignments : 15000000                                             ||
||    Successfully assigned alignments : 604063 (4.0%)                        ||
||    Running time : 0.02 minutes                                             ||
||                                                                            ||
|| Process BAM file 175_BXD89_SD_full.co.bam...                               ||
||    Single-end reads are included.                                          ||
||    Total alignments : 48754219                                             ||
||    Successfully assigned alignments : 2151696 (4.4%)                       ||
||    Running time : 0.04 minutes                                             ||
||                                                                            ||
|| Process BAM file 175_BXD89_SD_sub1.co.bam...                               ||
||    Single-end reads are included.                                          ||
||    Total alignments : 20000000                                             ||
||    Successfully assigned alignments : 882599 (4.4%)                        ||
||    Running time : 0.02 minutes                                             ||
||                                                                            ||
|| Process BAM file 175_BXD89_SD_sub2.co.bam...                               ||
||    Single-end reads are included.                                          ||
||    Total alignments : 15000000                                             ||
||    Successfully assigned alignments : 661497 (4.4%)                        ||
||    Running time : 0.02 minutes                                             ||
||                                                                            ||
|| Process BAM file 176_BXD90_CTRL_full.co.bam...                             ||
||    Single-end reads are included.                                          ||
||    Total alignments : 50411799                                             ||
||    Successfully assigned alignments : 1819098 (3.6%)                       ||
||    Running time : 0.05 minutes                                             ||
||                                                                            ||
|| Process BAM file 176_BXD90_CTRL_sub1.co.bam...                             ||
||    Single-end reads are included.                                          ||
||    Total alignments : 20000000                                             ||
||    Successfully assigned alignments : 721294 (3.6%)                        ||
||    Running time : 0.02 minutes                                             ||
||                                                                            ||
|| Process BAM file 176_BXD90_CTRL_sub2.co.bam...                             ||
||    Single-end reads are included.                                          ||
||    Total alignments : 15000000                                             ||
||    Successfully assigned alignments : 541576 (3.6%)                        ||
||    Running time : 0.02 minutes                                             ||
||                                                                            ||
|| Process BAM file 177_BXD90_SD_full.co.bam...                               ||
||    Single-end reads are included.                                          ||
||    Total alignments : 61933907                                             ||
||    Successfully assigned alignments : 1811019 (2.9%)                       ||
||    Running time : 0.06 minutes                                             ||
||                                                                            ||
|| Process BAM file 177_BXD90_SD_sub1.co.bam...                               ||
||    Single-end reads are included.                                          ||
||    Total alignments : 20000000                                             ||
||    Successfully assigned alignments : 584787 (2.9%)                        ||
||    Running time : 0.02 minutes                                             ||
||                                                                            ||
|| Process BAM file 177_BXD90_SD_sub2.co.bam...                               ||
||    Single-end reads are included.                                          ||
||    Total alignments : 15000000                                             ||
||    Successfully assigned alignments : 439212 (2.9%)                        ||
||    Running time : 0.02 minutes                                             ||
||                                                                            ||
|| Process BAM file 178_BXD95_CTRL_full.co.bam...                             ||
||    Single-end reads are included.                                          ||
||    Total alignments : 69438199                                             ||
||    Successfully assigned alignments : 2479814 (3.6%)                       ||
||    Running time : 0.06 minutes                                             ||
||                                                                            ||
|| Process BAM file 178_BXD95_CTRL_sub1.co.bam...                             ||
||    Single-end reads are included.                                          ||
||    Total alignments : 20000000                                             ||
||    Successfully assigned alignments : 712632 (3.6%)                        ||
||    Running time : 0.02 minutes                                             ||
||                                                                            ||
|| Process BAM file 178_BXD95_CTRL_sub2.co.bam...                             ||
||    Single-end reads are included.                                          ||
||    Total alignments : 15000000                                             ||
||    Successfully assigned alignments : 535961 (3.6%)                        ||
||    Running time : 0.02 minutes                                             ||
||                                                                            ||
|| Process BAM file 179_BXD95_SD_full.co.bam...                               ||
||    Single-end reads are included.                                          ||
||    Total alignments : 70028017                                             ||
||    Successfully assigned alignments : 3255881 (4.6%)                       ||
||    Running time : 0.06 minutes                                             ||
||                                                                            ||
|| Process BAM file 179_BXD95_SD_sub1.co.bam...                               ||
||    Single-end reads are included.                                          ||
||    Total alignments : 20000000                                             ||
||    Successfully assigned alignments : 927551 (4.6%)                        ||
||    Running time : 0.02 minutes                                             ||
||                                                                            ||
|| Process BAM file 179_BXD95_SD_sub2.co.bam...                               ||
||    Single-end reads are included.                                          ||
||    Total alignments : 15000000                                             ||
||    Successfully assigned alignments : 698018 (4.7%)                        ||
||    Running time : 0.02 minutes                                             ||
||                                                                            ||
|| Process BAM file 180_C57Bl6_CTRL_full.co.bam...                            ||
||    Single-end reads are included.                                          ||
||    Total alignments : 49135596                                             ||
||    Successfully assigned alignments : 2261371 (4.6%)                       ||
||    Running time : 0.05 minutes                                             ||
||                                                                            ||
|| Process BAM file 180_C57Bl6_CTRL_sub1.co.bam...                            ||
||    Single-end reads are included.                                          ||
||    Total alignments : 20000000                                             ||
||    Successfully assigned alignments : 919518 (4.6%)                        ||
||    Running time : 0.02 minutes                                             ||
||                                                                            ||
|| Process BAM file 180_C57Bl6_CTRL_sub2.co.bam...                            ||
||    Single-end reads are included.                                          ||
||    Total alignments : 15000000                                             ||
||    Successfully assigned alignments : 690764 (4.6%)                        ||
||    Running time : 0.02 minutes                                             ||
||                                                                            ||
|| Process BAM file 181_C57Bl6_SD_full.co.bam...                              ||
||    Single-end reads are included.                                          ||
||    Total alignments : 43499437                                             ||
||    Successfully assigned alignments : 1668145 (3.8%)                       ||
||    Running time : 0.04 minutes                                             ||
||                                                                            ||
|| Process BAM file 181_C57Bl6_SD_sub1.co.bam...                              ||
||    Single-end reads are included.                                          ||
||    Total alignments : 20000000                                             ||
||    Successfully assigned alignments : 767207 (3.8%)                        ||
||    Running time : 0.02 minutes                                             ||
||                                                                            ||
|| Process BAM file 181_C57Bl6_SD_sub2.co.bam...                              ||
||    Single-end reads are included.                                          ||
||    Total alignments : 15000000                                             ||
||    Successfully assigned alignments : 575349 (3.8%)                        ||
||    Running time : 0.02 minutes                                             ||
||                                                                            ||
|| Process BAM file 182_DBA_CTRL_full.co.bam...                               ||
||    Single-end reads are included.                                          ||
||    Total alignments : 43651939                                             ||
||    Successfully assigned alignments : 2414184 (5.5%)                       ||
||    Running time : 0.04 minutes                                             ||
||                                                                            ||
|| Process BAM file 182_DBA_CTRL_sub1.co.bam...                               ||
||    Single-end reads are included.                                          ||
||    Total alignments : 20000000                                             ||
||    Successfully assigned alignments : 1106118 (5.5%)                       ||
||    Running time : 0.02 minutes                                             ||
||                                                                            ||
|| Process BAM file 182_DBA_CTRL_sub2.co.bam...                               ||
||    Single-end reads are included.                                          ||
||    Total alignments : 15000000                                             ||
||    Successfully assigned alignments : 829152 (5.5%)                        ||
||    Running time : 0.02 minutes                                             ||
||                                                                            ||
|| Process BAM file 183_DBA_SD_full.co.bam...                                 ||
||    Single-end reads are included.                                          ||
||    Total alignments : 56761801                                             ||
||    Successfully assigned alignments : 2882806 (5.1%)                       ||
||    Running time : 0.05 minutes                                             ||
||                                                                            ||
|| Process BAM file 183_DBA_SD_sub1.co.bam...                                 ||
||    Single-end reads are included.                                          ||
||    Total alignments : 20000000                                             ||
||    Successfully assigned alignments : 1014302 (5.1%)                       ||
||    Running time : 0.02 minutes                                             ||
||                                                                            ||
|| Process BAM file 183_DBA_SD_sub2.co.bam...                                 ||
||    Single-end reads are included.                                          ||
||    Total alignments : 15000000                                             ||
||    Successfully assigned alignments : 761829 (5.1%)                        ||
||    Running time : 0.02 minutes                                             ||
||                                                                            ||
|| Process BAM file 184_BXD43_CTRL_full.co.bam...                             ||
||    Single-end reads are included.                                          ||
||    Total alignments : 40379615                                             ||
||    Successfully assigned alignments : 1242732 (3.1%)                       ||
||    Running time : 0.04 minutes                                             ||
||                                                                            ||
|| Process BAM file 184_BXD43_CTRL_sub1.co.bam...                             ||
||    Single-end reads are included.                                          ||
||    Total alignments : 20000000                                             ||
||    Successfully assigned alignments : 615882 (3.1%)                        ||
||    Running time : 0.02 minutes                                             ||
||                                                                            ||
|| Process BAM file 184_BXD43_CTRL_sub2.co.bam...                             ||
||    Single-end reads are included.                                          ||
||    Total alignments : 15000000                                             ||
||    Successfully assigned alignments : 461023 (3.1%)                        ||
||    Running time : 0.02 minutes                                             ||
||                                                                            ||
|| Process BAM file 185_BXD43_SD_full.co.bam...                               ||
||    Single-end reads are included.                                          ||
||    Total alignments : 101887950                                            ||
||    Successfully assigned alignments : 3618597 (3.6%)                       ||
||    Running time : 0.08 minutes                                             ||
||                                                                            ||
|| Process BAM file 185_BXD43_SD_sub1.co.bam...                               ||
||    Single-end reads are included.                                          ||
||    Total alignments : 20000000                                             ||
||    Successfully assigned alignments : 710840 (3.6%)                        ||
||    Running time : 0.03 minutes                                             ||
||                                                                            ||
|| Process BAM file 185_BXD43_SD_sub2.co.bam...                               ||
||    Single-end reads are included.                                          ||
||    Total alignments : 15000000                                             ||
||    Successfully assigned alignments : 533381 (3.6%)                        ||
||    Running time : 0.02 minutes                                             ||
||                                                                            ||
|| Process BAM file 186_BXD50_CTRL_full.co.bam...                             ||
||    Single-end reads are included.                                          ||
||    Total alignments : 40263749                                             ||
||    Successfully assigned alignments : 1292556 (3.2%)                       ||
||    Running time : 0.04 minutes                                             ||
||                                                                            ||
|| Process BAM file 186_BXD50_CTRL_sub1.co.bam...                             ||
||    Single-end reads are included.                                          ||
||    Total alignments : 20000000                                             ||
||    Successfully assigned alignments : 642664 (3.2%)                        ||
||    Running time : 0.02 minutes                                             ||
||                                                                            ||
|| Process BAM file 186_BXD50_CTRL_sub2.co.bam...                             ||
||    Single-end reads are included.                                          ||
||    Total alignments : 15000000                                             ||
||    Successfully assigned alignments : 480430 (3.2%)                        ||
||    Running time : 0.02 minutes                                             ||
||                                                                            ||
|| Process BAM file 187_BXD50_SD_full.co.bam...                               ||
||    Single-end reads are included.                                          ||
||    Total alignments : 55794297                                             ||
||    Successfully assigned alignments : 2630565 (4.7%)                       ||
||    Running time : 0.05 minutes                                             ||
||                                                                            ||
|| Process BAM file 187_BXD50_SD_sub1.co.bam...                               ||
||    Single-end reads are included.                                          ||
||    Total alignments : 20000000                                             ||
||    Successfully assigned alignments : 942987 (4.7%)                        ||
||    Running time : 0.02 minutes                                             ||
||                                                                            ||
|| Process BAM file 187_BXD50_SD_sub2.co.bam...                               ||
||    Single-end reads are included.                                          ||
||    Total alignments : 15000000                                             ||
||    Successfully assigned alignments : 705955 (4.7%)                        ||
||    Running time : 0.02 minutes                                             ||
||                                                                            ||
|| Process BAM file 188_BXD65_CTRL_full.co.bam...                             ||
||    Single-end reads are included.                                          ||
||    Total alignments : 44960971                                             ||
||    Successfully assigned alignments : 2067425 (4.6%)                       ||
||    Running time : 0.04 minutes                                             ||
||                                                                            ||
|| Process BAM file 188_BXD65_CTRL_sub1.co.bam...                             ||
||    Single-end reads are included.                                          ||
||    Total alignments : 20000000                                             ||
||    Successfully assigned alignments : 918895 (4.6%)                        ||
||    Running time : 0.02 minutes                                             ||
||                                                                            ||
|| Process BAM file 188_BXD65_CTRL_sub2.co.bam...                             ||
||    Single-end reads are included.                                          ||
||    Total alignments : 15000000                                             ||
||    Successfully assigned alignments : 688664 (4.6%)                        ||
||    Running time : 0.02 minutes                                             ||
||                                                                            ||
|| Process BAM file 189_BXD65_SD_full.co.bam...                               ||
||    Single-end reads are included.                                          ||
||    Total alignments : 48176095                                             ||
||    Successfully assigned alignments : 1871558 (3.9%)                       ||
||    Running time : 0.04 minutes                                             ||
||                                                                            ||
|| Process BAM file 189_BXD65_SD_sub1.co.bam...                               ||
||    Single-end reads are included.                                          ||
||    Total alignments : 20000000                                             ||
||    Successfully assigned alignments : 777211 (3.9%)                        ||
||    Running time : 0.02 minutes                                             ||
||                                                                            ||
|| Process BAM file 189_BXD65_SD_sub2.co.bam...                               ||
||    Single-end reads are included.                                          ||
||    Total alignments : 15000000                                             ||
||    Successfully assigned alignments : 581273 (3.9%)                        ||
||    Running time : 0.02 minutes                                             ||
||                                                                            ||
|| Process BAM file 190_65a_CTRL_full.co.bam...                               ||
||    Single-end reads are included.                                          ||
||    Total alignments : 49412201                                             ||
||    Successfully assigned alignments : 1163840 (2.4%)                       ||
||    Running time : 0.05 minutes                                             ||
||                                                                            ||
|| Process BAM file 190_65a_CTRL_sub1.co.bam...                               ||
||    Single-end reads are included.                                          ||
||    Total alignments : 20000000                                             ||
||    Successfully assigned alignments : 471383 (2.4%)                        ||
||    Running time : 0.02 minutes                                             ||
||                                                                            ||
|| Process BAM file 190_65a_CTRL_sub2.co.bam...                               ||
||    Single-end reads are included.                                          ||
||    Total alignments : 15000000                                             ||
||    Successfully assigned alignments : 353923 (2.4%)                        ||
||    Running time : 0.02 minutes                                             ||
||                                                                            ||
|| Process BAM file 192_BXD98_CTRL_full.co.bam...                             ||
||    Single-end reads are included.                                          ||
||    Total alignments : 61145733                                             ||
||    Successfully assigned alignments : 1805144 (3.0%)                       ||
||    Running time : 0.06 minutes                                             ||
||                                                                            ||
|| Process BAM file 192_BXD98_CTRL_sub1.co.bam...                             ||
||    Single-end reads are included.                                          ||
||    Total alignments : 20000000                                             ||
||    Successfully assigned alignments : 590987 (3.0%)                        ||
||    Running time : 0.02 minutes                                             ||
||                                                                            ||
|| Process BAM file 192_BXD98_CTRL_sub2.co.bam...                             ||
||    Single-end reads are included.                                          ||
||    Total alignments : 15000000                                             ||
||    Successfully assigned alignments : 442996 (3.0%)                        ||
||    Running time : 0.02 minutes                                             ||
||                                                                            ||
|| Process BAM file 193_BXD98_SD_full.co.bam...                               ||
||    Single-end reads are included.                                          ||
||    Total alignments : 94157238                                             ||
||    Successfully assigned alignments : 4067728 (4.3%)                       ||
||    Running time : 0.08 minutes                                             ||
||                                                                            ||
|| Process BAM file 193_BXD98_SD_sub1.co.bam...                               ||
||    Single-end reads are included.                                          ||
||    Total alignments : 20000000                                             ||
||    Successfully assigned alignments : 862810 (4.3%)                        ||
||    Running time : 0.03 minutes                                             ||
||                                                                            ||
|| Process BAM file 193_BXD98_SD_sub2.co.bam...                               ||
||    Single-end reads are included.                                          ||
||    Total alignments : 15000000                                             ||
||    Successfully assigned alignments : 647778 (4.3%)                        ||
||    Running time : 0.02 minutes                                             ||
||                                                                            ||
|| Process BAM file 194_BXD98_CTRL_full.co.bam...                             ||
||    Single-end reads are included.                                          ||
||    Total alignments : 80800800                                             ||
||    Successfully assigned alignments : 2863051 (3.5%)                       ||
||    Running time : 0.07 minutes                                             ||
||                                                                            ||
|| Process BAM file 194_BXD98_CTRL_sub1.co.bam...                             ||
||    Single-end reads are included.                                          ||
||    Total alignments : 20000000                                             ||
||    Successfully assigned alignments : 708059 (3.5%)                        ||
||    Running time : 0.02 minutes                                             ||
||                                                                            ||
|| Process BAM file 194_BXD98_CTRL_sub2.co.bam...                             ||
||    Single-end reads are included.                                          ||
||    Total alignments : 15000000                                             ||
||    Successfully assigned alignments : 532027 (3.5%)                        ||
||    Running time : 0.02 minutes                                             ||
||                                                                            ||
|| Process BAM file 195_BXD98_SD_full.co.bam...                               ||
||    Single-end reads are included.                                          ||
||    Total alignments : 45359989                                             ||
||    Successfully assigned alignments : 1634270 (3.6%)                       ||
||    Running time : 0.04 minutes                                             ||
||                                                                            ||
|| Process BAM file 195_BXD98_SD_sub1.co.bam...                               ||
||    Single-end reads are included.                                          ||
||    Total alignments : 20000000                                             ||
||    Successfully assigned alignments : 720573 (3.6%)                        ||
||    Running time : 0.02 minutes                                             ||
||                                                                            ||
|| Process BAM file 195_BXD98_SD_sub2.co.bam...                               ||
||    Single-end reads are included.                                          ||
||    Total alignments : 15000000                                             ||
||    Successfully assigned alignments : 540901 (3.6%)                        ||
||    Running time : 0.02 minutes                                             ||
||                                                                            ||
|| Process BAM file 196_BXD100_CTRL_full.co.bam...                            ||
||    Single-end reads are included.                                          ||
||    Total alignments : 52205737                                             ||
||    Successfully assigned alignments : 1375206 (2.6%)                       ||
||    Running time : 0.05 minutes                                             ||
||                                                                            ||
|| Process BAM file 196_BXD100_CTRL_sub1.co.bam...                            ||
||    Single-end reads are included.                                          ||
||    Total alignments : 20000000                                             ||
||    Successfully assigned alignments : 526859 (2.6%)                        ||
||    Running time : 0.03 minutes                                             ||
||                                                                            ||
|| Process BAM file 196_BXD100_CTRL_sub2.co.bam...                            ||
||    Single-end reads are included.                                          ||
||    Total alignments : 15000000                                             ||
||    Successfully assigned alignments : 395249 (2.6%)                        ||
||    Running time : 0.02 minutes                                             ||
||                                                                            ||
|| Process BAM file 197_BXD100_SD_full.co.bam...                              ||
||    Single-end reads are included.                                          ||
||    Total alignments : 108709144                                            ||
||    Successfully assigned alignments : 3581081 (3.3%)                       ||
||    Running time : 0.09 minutes                                             ||
||                                                                            ||
|| Process BAM file 197_BXD100_SD_sub1.co.bam...                              ||
||    Single-end reads are included.                                          ||
||    Total alignments : 20000000                                             ||
||    Successfully assigned alignments : 659748 (3.3%)                        ||
||    Running time : 0.02 minutes                                             ||
||                                                                            ||
|| Process BAM file 197_BXD100_SD_sub2.co.bam...                              ||
||    Single-end reads are included.                                          ||
||    Total alignments : 15000000                                             ||
||    Successfully assigned alignments : 493654 (3.3%)                        ||
||    Running time : 0.02 minutes                                             ||
||                                                                            ||
|| Process BAM file 198_73b_CTRL_full.co.bam...                               ||
||    Single-end reads are included.                                          ||
||    Total alignments : 50962578                                             ||
||    Successfully assigned alignments : 1618298 (3.2%)                       ||
||    Running time : 0.05 minutes                                             ||
||                                                                            ||
|| Process BAM file 198_73b_CTRL_sub1.co.bam...                               ||
||    Single-end reads are included.                                          ||
||    Total alignments : 20000000                                             ||
||    Successfully assigned alignments : 634581 (3.2%)                        ||
||    Running time : 0.02 minutes                                             ||
||                                                                            ||
|| Process BAM file 198_73b_CTRL_sub2.co.bam...                               ||
||    Single-end reads are included.                                          ||
||    Total alignments : 15000000                                             ||
||    Successfully assigned alignments : 475543 (3.2%)                        ||
||    Running time : 0.02 minutes                                             ||
||                                                                            ||
|| Process BAM file 199_73b_SD_full.co.bam...                                 ||
||    Single-end reads are included.                                          ||
||    Total alignments : 45806394                                             ||
||    Successfully assigned alignments : 1243483 (2.7%)                       ||
||    Running time : 0.04 minutes                                             ||
||                                                                            ||
|| Process BAM file 199_73b_SD_sub1.co.bam...                                 ||
||    Single-end reads are included.                                          ||
||    Total alignments : 20000000                                             ||
||    Successfully assigned alignments : 542852 (2.7%)                        ||
||    Running time : 0.02 minutes                                             ||
||                                                                            ||
|| Process BAM file 199_73b_SD_sub2.co.bam...                                 ||
||    Single-end reads are included.                                          ||
||    Total alignments : 15000000                                             ||
||    Successfully assigned alignments : 407283 (2.7%)                        ||
||    Running time : 0.02 minutes                                             ||
||                                                                            ||
|| Process BAM file 200_C57Bl6_CTRL_full.co.bam...                            ||
||    Single-end reads are included.                                          ||
||    Total alignments : 49847225                                             ||
||    Successfully assigned alignments : 1475223 (3.0%)                       ||
||    Running time : 0.05 minutes                                             ||
||                                                                            ||
|| Process BAM file 200_C57Bl6_CTRL_sub1.co.bam...                            ||
||    Single-end reads are included.                                          ||
||    Total alignments : 20000000                                             ||
||    Successfully assigned alignments : 591943 (3.0%)                        ||
||    Running time : 0.02 minutes                                             ||
||                                                                            ||
|| Process BAM file 200_C57Bl6_CTRL_sub2.co.bam...                            ||
||    Single-end reads are included.                                          ||
||    Total alignments : 15000000                                             ||
||    Successfully assigned alignments : 444684 (3.0%)                        ||
||    Running time : 0.02 minutes                                             ||
||                                                                            ||
|| Process BAM file 201_C57Bl6_SD_full.co.bam...                              ||
||    Single-end reads are included.                                          ||
||    Total alignments : 36951368                                             ||
||    Successfully assigned alignments : 1889743 (5.1%)                       ||
||    Running time : 0.03 minutes                                             ||
||                                                                            ||
|| Process BAM file 201_C57Bl6_SD_sub1.co.bam...                              ||
||    Single-end reads are included.                                          ||
||    Total alignments : 20000000                                             ||
||    Successfully assigned alignments : 1022927 (5.1%)                       ||
||    Running time : 0.02 minutes                                             ||
||                                                                            ||
|| Process BAM file 201_C57Bl6_SD_sub2.co.bam...                              ||
||    Single-end reads are included.                                          ||
||    Total alignments : 15000000                                             ||
||    Successfully assigned alignments : 766664 (5.1%)                        ||
||    Running time : 0.02 minutes                                             ||
||                                                                            ||
|| Process BAM file 202_DBA_CTRL_full.co.bam...                               ||
||    Single-end reads are included.                                          ||
||    Total alignments : 39692374                                             ||
||    Successfully assigned alignments : 1493610 (3.8%)                       ||
||    Running time : 0.04 minutes                                             ||
||                                                                            ||
|| Process BAM file 202_DBA_CTRL_sub1.co.bam...                               ||
||    Single-end reads are included.                                          ||
||    Total alignments : 20000000                                             ||
||    Successfully assigned alignments : 752873 (3.8%)                        ||
||    Running time : 0.02 minutes                                             ||
||                                                                            ||
|| Process BAM file 202_DBA_CTRL_sub2.co.bam...                               ||
||    Single-end reads are included.                                          ||
||    Total alignments : 15000000                                             ||
||    Successfully assigned alignments : 564775 (3.8%)                        ||
||    Running time : 0.02 minutes                                             ||
||                                                                            ||
|| Process BAM file 203_DBA_SD_full.co.bam...                                 ||
||    Single-end reads are included.                                          ||
||    Total alignments : 57827621                                             ||
||    Successfully assigned alignments : 2108666 (3.6%)                       ||
||    Running time : 0.05 minutes                                             ||
||                                                                            ||
|| Process BAM file 203_DBA_SD_sub1.co.bam...                                 ||
||    Single-end reads are included.                                          ||
||    Total alignments : 20000000                                             ||
||    Successfully assigned alignments : 728603 (3.6%)                        ||
||    Running time : 0.02 minutes                                             ||
||                                                                            ||
|| Process BAM file 203_DBA_SD_sub2.co.bam...                                 ||
||    Single-end reads are included.                                          ||
||    Total alignments : 15000000                                             ||
||    Successfully assigned alignments : 546560 (3.6%)                        ||
||    Running time : 0.02 minutes                                             ||
||                                                                            ||
|| Process BAM file 204_BXD44_CTRL_full.co.bam...                             ||
||    Single-end reads are included.                                          ||
||    Total alignments : 43907503                                             ||
||    Successfully assigned alignments : 1382538 (3.1%)                       ||
||    Running time : 0.04 minutes                                             ||
||                                                                            ||
|| Process BAM file 204_BXD44_CTRL_sub1.co.bam...                             ||
||    Single-end reads are included.                                          ||
||    Total alignments : 20000000                                             ||
||    Successfully assigned alignments : 629788 (3.1%)                        ||
||    Running time : 0.02 minutes                                             ||
||                                                                            ||
|| Process BAM file 204_BXD44_CTRL_sub2.co.bam...                             ||
||    Single-end reads are included.                                          ||
||    Total alignments : 15000000                                             ||
||    Successfully assigned alignments : 472475 (3.1%)                        ||
||    Running time : 0.02 minutes                                             ||
||                                                                            ||
|| Process BAM file 205_BXD44_SD_full.co.bam...                               ||
||    Single-end reads are included.                                          ||
||    Total alignments : 49865198                                             ||
||    Successfully assigned alignments : 1586118 (3.2%)                       ||
||    Running time : 0.05 minutes                                             ||
||                                                                            ||
|| Process BAM file 205_BXD44_SD_sub1.co.bam...                               ||
||    Single-end reads are included.                                          ||
||    Total alignments : 20000000                                             ||
||    Successfully assigned alignments : 636491 (3.2%)                        ||
||    Running time : 0.02 minutes                                             ||
||                                                                            ||
|| Process BAM file 205_BXD44_SD_sub2.co.bam...                               ||
||    Single-end reads are included.                                          ||
||    Total alignments : 15000000                                             ||
||    Successfully assigned alignments : 478245 (3.2%)                        ||
||    Running time : 0.02 minutes                                             ||
||                                                                            ||
|| Process BAM file 206_BXD44_CTRL_full.co.bam...                             ||
||    Single-end reads are included.                                          ||
||    Total alignments : 62919762                                             ||
||    Successfully assigned alignments : 2268174 (3.6%)                       ||
||    Running time : 0.06 minutes                                             ||
||                                                                            ||
|| Process BAM file 206_BXD44_CTRL_sub1.co.bam...                             ||
||    Single-end reads are included.                                          ||
||    Total alignments : 20000000                                             ||
||    Successfully assigned alignments : 721419 (3.6%)                        ||
||    Running time : 0.02 minutes                                             ||
||                                                                            ||
|| Process BAM file 206_BXD44_CTRL_sub2.co.bam...                             ||
||    Single-end reads are included.                                          ||
||    Total alignments : 15000000                                             ||
||    Successfully assigned alignments : 541029 (3.6%)                        ||
||    Running time : 0.02 minutes                                             ||
||                                                                            ||
|| Process BAM file 207_BXD44_SD_full.co.bam...                               ||
||    Single-end reads are included.                                          ||
||    Total alignments : 61371660                                             ||
||    Successfully assigned alignments : 2266623 (3.7%)                       ||
||    Running time : 0.06 minutes                                             ||
||                                                                            ||
|| Process BAM file 207_BXD44_SD_sub1.co.bam...                               ||
||    Single-end reads are included.                                          ||
||    Total alignments : 20000000                                             ||
||    Successfully assigned alignments : 739027 (3.7%)                        ||
||    Running time : 0.02 minutes                                             ||
||                                                                            ||
|| Process BAM file 207_BXD44_SD_sub2.co.bam...                               ||
||    Single-end reads are included.                                          ||
||    Total alignments : 15000000                                             ||
||    Successfully assigned alignments : 554427 (3.7%)                        ||
||    Running time : 0.02 minutes                                             ||
||                                                                            ||
|| Process BAM file 208_BXD44_CTRL_full.co.bam...                             ||
||    Single-end reads are included.                                          ||
||    Total alignments : 57247924                                             ||
||    Successfully assigned alignments : 2226790 (3.9%)                       ||
||    Running time : 0.05 minutes                                             ||
||                                                                            ||
|| Process BAM file 208_BXD44_CTRL_sub1.co.bam...                             ||
||    Single-end reads are included.                                          ||
||    Total alignments : 20000000                                             ||
||    Successfully assigned alignments : 777415 (3.9%)                        ||
||    Running time : 0.02 minutes                                             ||
||                                                                            ||
|| Process BAM file 208_BXD44_CTRL_sub2.co.bam...                             ||
||    Single-end reads are included.                                          ||
||    Total alignments : 15000000                                             ||
||    Successfully assigned alignments : 584530 (3.9%)                        ||
||    Running time : 0.02 minutes                                             ||
||                                                                            ||
|| Process BAM file 209_BXD44_SD_full.co.bam...                               ||
||    Single-end reads are included.                                          ||
||    Total alignments : 49777641                                             ||
||    Successfully assigned alignments : 1638791 (3.3%)                       ||
||    Running time : 0.05 minutes                                             ||
||                                                                            ||
|| Process BAM file 209_BXD44_SD_sub1.co.bam...                               ||
||    Single-end reads are included.                                          ||
||    Total alignments : 20000000                                             ||
||    Successfully assigned alignments : 658598 (3.3%)                        ||
||    Running time : 0.02 minutes                                             ||
||                                                                            ||
|| Process BAM file 209_BXD44_SD_sub2.co.bam...                               ||
||    Single-end reads are included.                                          ||
||    Total alignments : 15000000                                             ||
||    Successfully assigned alignments : 494632 (3.3%)                        ||
||    Running time : 0.02 minutes                                             ||
||                                                                            ||
|| Process BAM file 210_BXD79_CTRL_full.co.bam...                             ||
||    Single-end reads are included.                                          ||
||    Total alignments : 50355147                                             ||
||    Successfully assigned alignments : 1878093 (3.7%)                       ||
||    Running time : 0.05 minutes                                             ||
||                                                                            ||
|| Process BAM file 210_BXD79_CTRL_sub1.co.bam...                             ||
||    Single-end reads are included.                                          ||
||    Total alignments : 20000000                                             ||
||    Successfully assigned alignments : 746597 (3.7%)                        ||
||    Running time : 0.02 minutes                                             ||
||                                                                            ||
|| Process BAM file 210_BXD79_CTRL_sub2.co.bam...                             ||
||    Single-end reads are included.                                          ||
||    Total alignments : 15000000                                             ||
||    Successfully assigned alignments : 559571 (3.7%)                        ||
||    Running time : 0.02 minutes                                             ||
||                                                                            ||
|| Process BAM file 211_BXD79_SD_full.co.bam...                               ||
||    Single-end reads are included.                                          ||
||    Total alignments : 55902580                                             ||
||    Successfully assigned alignments : 1789036 (3.2%)                       ||
||    Running time : 0.05 minutes                                             ||
||                                                                            ||
|| Process BAM file 211_BXD79_SD_sub1.co.bam...                               ||
||    Single-end reads are included.                                          ||
||    Total alignments : 20000000                                             ||
||    Successfully assigned alignments : 640775 (3.2%)                        ||
||    Running time : 0.02 minutes                                             ||
||                                                                            ||
|| Process BAM file 211_BXD79_SD_sub2.co.bam...                               ||
||    Single-end reads are included.                                          ||
||    Total alignments : 15000000                                             ||
||    Successfully assigned alignments : 480137 (3.2%)                        ||
||    Running time : 0.02 minutes                                             ||
||                                                                            ||
|| Process BAM file 212_BXD79_CTRL_full.co.bam...                             ||
||    Single-end reads are included.                                          ||
||    Total alignments : 45844430                                             ||
||    Successfully assigned alignments : 1451808 (3.2%)                       ||
||    Running time : 0.05 minutes                                             ||
||                                                                            ||
|| Process BAM file 212_BXD79_CTRL_sub1.co.bam...                             ||
||    Single-end reads are included.                                          ||
||    Total alignments : 20000000                                             ||
||    Successfully assigned alignments : 634485 (3.2%)                        ||
||    Running time : 0.02 minutes                                             ||
||                                                                            ||
|| Process BAM file 212_BXD79_CTRL_sub2.co.bam...                             ||
||    Single-end reads are included.                                          ||
||    Total alignments : 15000000                                             ||
||    Successfully assigned alignments : 474811 (3.2%)                        ||
||    Running time : 0.02 minutes                                             ||
||                                                                            ||
|| Process BAM file 213_BXD79_SD_full.co.bam...                               ||
||    Single-end reads are included.                                          ||
||    Total alignments : 36603716                                             ||
||    Successfully assigned alignments : 1228429 (3.4%)                       ||
||    Running time : 0.04 minutes                                             ||
||                                                                            ||
|| Process BAM file 213_BXD79_SD_sub1.co.bam...                               ||
||    Single-end reads are included.                                          ||
||    Total alignments : 20000000                                             ||
||    Successfully assigned alignments : 671085 (3.4%)                        ||
||    Running time : 0.02 minutes                                             ||
||                                                                            ||
|| Process BAM file 213_BXD79_SD_sub2.co.bam...                               ||
||    Single-end reads are included.                                          ||
||    Total alignments : 15000000                                             ||
||    Successfully assigned alignments : 503336 (3.4%)                        ||
||    Running time : 0.02 minutes                                             ||
||                                                                            ||
|| Process BAM file 214_65a_CTRL_full.co.bam...                               ||
||    Single-end reads are included.                                          ||
||    Total alignments : 50504154                                             ||
||    Successfully assigned alignments : 1606806 (3.2%)                       ||
||    Running time : 0.05 minutes                                             ||
||                                                                            ||
|| Process BAM file 214_65a_CTRL_sub1.co.bam...                               ||
||    Single-end reads are included.                                          ||
||    Total alignments : 20000000                                             ||
||    Successfully assigned alignments : 636649 (3.2%)                        ||
||    Running time : 0.02 minutes                                             ||
||                                                                            ||
|| Process BAM file 214_65a_CTRL_sub2.co.bam...                               ||
||    Single-end reads are included.                                          ||
||    Total alignments : 15000000                                             ||
||    Successfully assigned alignments : 477240 (3.2%)                        ||
||    Running time : 0.02 minutes                                             ||
||                                                                            ||
|| Process BAM file 215_65a_SD_full.co.bam...                                 ||
||    Single-end reads are included.                                          ||
||    Total alignments : 77393387                                             ||
||    Successfully assigned alignments : 2347296 (3.0%)                       ||
||    Running time : 0.07 minutes                                             ||
||                                                                            ||
|| Process BAM file 215_65a_SD_sub1.co.bam...                                 ||
||    Single-end reads are included.                                          ||
||    Total alignments : 20000000                                             ||
||    Successfully assigned alignments : 606181 (3.0%)                        ||
||    Running time : 0.02 minutes                                             ||
||                                                                            ||
|| Process BAM file 215_65a_SD_sub2.co.bam...                                 ||
||    Single-end reads are included.                                          ||
||    Total alignments : 15000000                                             ||
||    Successfully assigned alignments : 454913 (3.0%)                        ||
||    Running time : 0.02 minutes                                             ||
||                                                                            ||
|| Process BAM file 216_C57Bl6_CTRL_full.co.bam...                            ||
||    Single-end reads are included.                                          ||
||    Total alignments : 47562979                                             ||
||    Successfully assigned alignments : 1448904 (3.0%)                       ||
||    Running time : 0.05 minutes                                             ||
||                                                                            ||
|| Process BAM file 216_C57Bl6_CTRL_sub1.co.bam...                            ||
||    Single-end reads are included.                                          ||
||    Total alignments : 20000000                                             ||
||    Successfully assigned alignments : 608605 (3.0%)                        ||
||    Running time : 0.02 minutes                                             ||
||                                                                            ||
|| Process BAM file 216_C57Bl6_CTRL_sub2.co.bam...                            ||
||    Single-end reads are included.                                          ||
||    Total alignments : 15000000                                             ||
||    Successfully assigned alignments : 456961 (3.0%)                        ||
||    Running time : 0.02 minutes                                             ||
||                                                                            ||
|| Process BAM file 217_C57Bl6_SD_full.co.bam...                              ||
||    Single-end reads are included.                                          ||
||    Total alignments : 49319826                                             ||
||    Successfully assigned alignments : 1700210 (3.4%)                       ||
||    Running time : 0.05 minutes                                             ||
||                                                                            ||
|| Process BAM file 217_C57Bl6_SD_sub1.co.bam...                              ||
||    Single-end reads are included.                                          ||
||    Total alignments : 20000000                                             ||
||    Successfully assigned alignments : 688792 (3.4%)                        ||
||    Running time : 0.02 minutes                                             ||
||                                                                            ||
|| Process BAM file 217_C57Bl6_SD_sub2.co.bam...                              ||
||    Single-end reads are included.                                          ||
||    Total alignments : 15000000                                             ||
||    Successfully assigned alignments : 517120 (3.4%)                        ||
||    Running time : 0.02 minutes                                             ||
||                                                                            ||
|| Process BAM file 218_DBA_CTRL_full.co.bam...                               ||
||    Single-end reads are included.                                          ||
||    Total alignments : 43639981                                             ||
||    Successfully assigned alignments : 1612105 (3.7%)                       ||
||    Running time : 0.04 minutes                                             ||
||                                                                            ||
|| Process BAM file 218_DBA_CTRL_sub1.co.bam...                               ||
||    Single-end reads are included.                                          ||
||    Total alignments : 20000000                                             ||
||    Successfully assigned alignments : 739069 (3.7%)                        ||
||    Running time : 0.02 minutes                                             ||
||                                                                            ||
|| Process BAM file 218_DBA_CTRL_sub2.co.bam...                               ||
||    Single-end reads are included.                                          ||
||    Total alignments : 15000000                                             ||
||    Successfully assigned alignments : 554559 (3.7%)                        ||
||    Running time : 0.02 minutes                                             ||
||                                                                            ||
|| Process BAM file 219_DBA_SD_full.co.bam...                                 ||
||    Single-end reads are included.                                          ||
||    Total alignments : 41795118                                             ||
||    Successfully assigned alignments : 1298732 (3.1%)                       ||
||    Running time : 0.04 minutes                                             ||
||                                                                            ||
|| Process BAM file 219_DBA_SD_sub1.co.bam...                                 ||
||    Single-end reads are included.                                          ||
||    Total alignments : 20000000                                             ||
||    Successfully assigned alignments : 620875 (3.1%)                        ||
||    Running time : 0.02 minutes                                             ||
||                                                                            ||
|| Process BAM file 219_DBA_SD_sub2.co.bam...                                 ||
||    Single-end reads are included.                                          ||
||    Total alignments : 15000000                                             ||
||    Successfully assigned alignments : 466589 (3.1%)                        ||
||    Running time : 0.02 minutes                                             ||
||                                                                            ||
|| Process BAM file 220_BXD71_CTRL_full.co.bam...                             ||
||    Single-end reads are included.                                          ||
||    Total alignments : 43362132                                             ||
||    Successfully assigned alignments : 1546567 (3.6%)                       ||
||    Running time : 0.04 minutes                                             ||
||                                                                            ||
|| Process BAM file 220_BXD71_CTRL_sub1.co.bam...                             ||
||    Single-end reads are included.                                          ||
||    Total alignments : 20000000                                             ||
||    Successfully assigned alignments : 714021 (3.6%)                        ||
||    Running time : 0.02 minutes                                             ||
||                                                                            ||
|| Process BAM file 220_BXD71_CTRL_sub2.co.bam...                             ||
||    Single-end reads are included.                                          ||
||    Total alignments : 15000000                                             ||
||    Successfully assigned alignments : 534639 (3.6%)                        ||
||    Running time : 0.02 minutes                                             ||
||                                                                            ||
|| Process BAM file 221_BXD71_SD_full.co.bam...                               ||
||    Single-end reads are included.                                          ||
||    Total alignments : 47112597                                             ||
||    Successfully assigned alignments : 1433396 (3.0%)                       ||
||    Running time : 0.04 minutes                                             ||
||                                                                            ||
|| Process BAM file 221_BXD71_SD_sub1.co.bam...                               ||
||    Single-end reads are included.                                          ||
||    Total alignments : 20000000                                             ||
||    Successfully assigned alignments : 608629 (3.0%)                        ||
||    Running time : 0.02 minutes                                             ||
||                                                                            ||
|| Process BAM file 221_BXD71_SD_sub2.co.bam...                               ||
||    Single-end reads are included.                                          ||
||    Total alignments : 15000000                                             ||
||    Successfully assigned alignments : 457129 (3.0%)                        ||
||    Running time : 0.02 minutes                                             ||
||                                                                            ||
|| Process BAM file 222_BXD101_CTRL_full.co.bam...                            ||
||    Single-end reads are included.                                          ||
||    Total alignments : 43657930                                             ||
||    Successfully assigned alignments : 1425437 (3.3%)                       ||
||    Running time : 0.04 minutes                                             ||
||                                                                            ||
|| Process BAM file 222_BXD101_CTRL_sub1.co.bam...                            ||
||    Single-end reads are included.                                          ||
||    Total alignments : 20000000                                             ||
||    Successfully assigned alignments : 653729 (3.3%)                        ||
||    Running time : 0.02 minutes                                             ||
||                                                                            ||
|| Process BAM file 222_BXD101_CTRL_sub2.co.bam...                            ||
||    Single-end reads are included.                                          ||
||    Total alignments : 15000000                                             ||
||    Successfully assigned alignments : 490846 (3.3%)                        ||
||    Running time : 0.02 minutes                                             ||
||                                                                            ||
|| Process BAM file 223_BXD101_SD_full.co.bam...                              ||
||    Single-end reads are included.                                          ||
||    Total alignments : 66654028                                             ||
||    Successfully assigned alignments : 2196815 (3.3%)                       ||
||    Running time : 0.06 minutes                                             ||
||                                                                            ||
|| Process BAM file 223_BXD101_SD_sub1.co.bam...                              ||
||    Single-end reads are included.                                          ||
||    Total alignments : 20000000                                             ||
||    Successfully assigned alignments : 659254 (3.3%)                        ||
||    Running time : 0.02 minutes                                             ||
||                                                                            ||
|| Process BAM file 223_BXD101_SD_sub2.co.bam...                              ||
||    Single-end reads are included.                                          ||
||    Total alignments : 15000000                                             ||
||    Successfully assigned alignments : 495280 (3.3%)                        ||
||    Running time : 0.02 minutes                                             ||
||                                                                            ||
|| Process BAM file 224_BXD71_CTRL_full.co.bam...                             ||
||    Single-end reads are included.                                          ||
||    Total alignments : 43585484                                             ||
||    Successfully assigned alignments : 1478438 (3.4%)                       ||
||    Running time : 0.04 minutes                                             ||
||                                                                            ||
|| Process BAM file 224_BXD71_CTRL_sub1.co.bam...                             ||
||    Single-end reads are included.                                          ||
||    Total alignments : 20000000                                             ||
||    Successfully assigned alignments : 679334 (3.4%)                        ||
||    Running time : 0.02 minutes                                             ||
||                                                                            ||
|| Process BAM file 224_BXD71_CTRL_sub2.co.bam...                             ||
||    Single-end reads are included.                                          ||
||    Total alignments : 15000000                                             ||
||    Successfully assigned alignments : 508704 (3.4%)                        ||
||    Running time : 0.02 minutes                                             ||
||                                                                            ||
|| Process BAM file 225_BXD71_SD_full.co.bam...                               ||
||    Single-end reads are included.                                          ||
||    Total alignments : 45694943                                             ||
||    Successfully assigned alignments : 1673271 (3.7%)                       ||
||    Running time : 0.04 minutes                                             ||
||                                                                            ||
|| Process BAM file 225_BXD71_SD_sub1.co.bam...                               ||
||    Single-end reads are included.                                          ||
||    Total alignments : 20000000                                             ||
||    Successfully assigned alignments : 732094 (3.7%)                        ||
||    Running time : 0.02 minutes                                             ||
||                                                                            ||
|| Process BAM file 225_BXD71_SD_sub2.co.bam...                               ||
||    Single-end reads are included.                                          ||
||    Total alignments : 15000000                                             ||
||    Successfully assigned alignments : 549308 (3.7%)                        ||
||    Running time : 0.02 minutes                                             ||
||                                                                            ||
|| Process BAM file 226_C57Bl6_CTRL_full.co.bam...                            ||
||    Single-end reads are included.                                          ||
||    Total alignments : 77813205                                             ||
||    Successfully assigned alignments : 2652385 (3.4%)                       ||
||    Running time : 0.07 minutes                                             ||
||                                                                            ||
|| Process BAM file 226_C57Bl6_CTRL_sub1.co.bam...                            ||
||    Single-end reads are included.                                          ||
||    Total alignments : 20000000                                             ||
||    Successfully assigned alignments : 683460 (3.4%)                        ||
||    Running time : 0.02 minutes                                             ||
||                                                                            ||
|| Process BAM file 226_C57Bl6_CTRL_sub2.co.bam...                            ||
||    Single-end reads are included.                                          ||
||    Total alignments : 15000000                                             ||
||    Successfully assigned alignments : 510922 (3.4%)                        ||
||    Running time : 0.02 minutes                                             ||
||                                                                            ||
|| Process BAM file 227_C57Bl6_SD_full.co.bam...                              ||
||    Single-end reads are included.                                          ||
||    Total alignments : 50437313                                             ||
||    Successfully assigned alignments : 1731559 (3.4%)                       ||
||    Running time : 0.05 minutes                                             ||
||                                                                            ||
|| Process BAM file 227_C57Bl6_SD_sub1.co.bam...                              ||
||    Single-end reads are included.                                          ||
||    Total alignments : 20000000                                             ||
||    Successfully assigned alignments : 688040 (3.4%)                        ||
||    Running time : 0.02 minutes                                             ||
||                                                                            ||
|| Process BAM file 227_C57Bl6_SD_sub2.co.bam...                              ||
||    Single-end reads are included.                                          ||
||    Total alignments : 15000000                                             ||
||    Successfully assigned alignments : 514442 (3.4%)                        ||
||    Running time : 0.02 minutes                                             ||
||                                                                            ||
|| Process BAM file 228_DBA_CTRL_full.co.bam...                               ||
||    Single-end reads are included.                                          ||
||    Total alignments : 66510615                                             ||
||    Successfully assigned alignments : 2459413 (3.7%)                       ||
||    Running time : 0.06 minutes                                             ||
||                                                                            ||
|| Process BAM file 228_DBA_CTRL_sub1.co.bam...                               ||
||    Single-end reads are included.                                          ||
||    Total alignments : 20000000                                             ||
||    Successfully assigned alignments : 739720 (3.7%)                        ||
||    Running time : 0.02 minutes                                             ||
||                                                                            ||
|| Process BAM file 228_DBA_CTRL_sub2.co.bam...                               ||
||    Single-end reads are included.                                          ||
||    Total alignments : 15000000                                             ||
||    Successfully assigned alignments : 554536 (3.7%)                        ||
||    Running time : 0.02 minutes                                             ||
||                                                                            ||
|| Process BAM file 229_DBA_SD_full.co.bam...                                 ||
||    Single-end reads are included.                                          ||
||    Total alignments : 74476797                                             ||
||    Successfully assigned alignments : 2406239 (3.2%)                       ||
||    Running time : 0.07 minutes                                             ||
||                                                                            ||
|| Process BAM file 229_DBA_SD_sub1.co.bam...                                 ||
||    Single-end reads are included.                                          ||
||    Total alignments : 20000000                                             ||
||    Successfully assigned alignments : 645975 (3.2%)                        ||
||    Running time : 0.02 minutes                                             ||
||                                                                            ||
|| Process BAM file 229_DBA_SD_sub2.co.bam...                                 ||
||    Single-end reads are included.                                          ||
||    Total alignments : 15000000                                             ||
||    Successfully assigned alignments : 483452 (3.2%)                        ||
||    Running time : 0.02 minutes                                             ||
||                                                                            ||
|| Write the final count table.                                               ||
|| Write the read assignment summary.                                         ||
||                                                                            ||
\\============================================================================//

R version 4.5.2 (2025-10-31)
Platform: x86_64-pc-linux-gnu
Running under: Ubuntu 22.04.5 LTS

Matrix products: default
BLAS/LAPACK: /usr/lib/x86_64-linux-gnu/openblas-pthread/libopenblasp-r0.3.20.so;  LAPACK version 3.10.0

locale:
 [1] LC_CTYPE=C.UTF-8       LC_NUMERIC=C           LC_TIME=C.UTF-8       
 [4] LC_COLLATE=C.UTF-8     LC_MONETARY=C.UTF-8    LC_MESSAGES=C.UTF-8   
 [7] LC_PAPER=C.UTF-8       LC_NAME=C              LC_ADDRESS=C          
[10] LC_TELEPHONE=C         LC_MEASUREMENT=C.UTF-8 LC_IDENTIFICATION=C   

time zone: Etc/UTC
tzcode source: system (glibc)

attached base packages:
[1] stats     graphics  grDevices utils     datasets  methods   base     

other attached packages:
[1] optparse_1.8.2  Rsubread_2.24.0

loaded via a namespace (and not attached):
[1] compiler_4.5.2 Matrix_1.7-4   grid_4.5.2     lattice_0.22-7
