
        ==========     _____ _    _ ____  _____  ______          _____  
        =====         / ____| |  | |  _ \|  __ \|  ____|   /\   |  __ \ 
          =====      | (___ | |  | | |_) | |__) | |__     /  \  | |  | |
            ====      \___ \| |  | |  _ <|  _  /|  __|   / /\ \ | |  | |
              ====    ____) | |__| | |_) | | \ \| |____ / ____ \| |__| |
        ==========   |_____/ \____/|____/|_|  \_\______/_/    \_\_____/
       Rsubread 2.24.0

//========================== featureCounts setting ===========================\\
||                                                                            ||
||             Input files : 678 BAM files                                    ||
||                                                                            ||
||                           001_BXD45_SD_full.co.bam                         ||
||                           001_BXD45_SD_sub1.co.bam                         ||
||                           001_BXD45_SD_sub2.co.bam                         ||
||                           002_BXD45_CTRL_full.co.bam                       ||
||                           002_BXD45_CTRL_sub1.co.bam                       ||
||                           002_BXD45_CTRL_sub2.co.bam                       ||
||                           003_BXD51_SD_full.co.bam                         ||
||                           003_BXD51_SD_sub1.co.bam                         ||
||                           003_BXD51_SD_sub2.co.bam                         ||
||                           004_BXD51_CTRL_full.co.bam                       ||
||                           004_BXD51_CTRL_sub1.co.bam                       ||
||                           004_BXD51_CTRL_sub2.co.bam                       ||
||                           005_BXD55_SD_full.co.bam                         ||
||                           005_BXD55_SD_sub1.co.bam                         ||
||                           005_BXD55_SD_sub2.co.bam                         ||
||                           006_BXD55_CTRL_full.co.bam                       ||
||                           006_BXD55_CTRL_sub1.co.bam                       ||
||                           006_BXD55_CTRL_sub2.co.bam                       ||
||                           007_BXD56_SD_full.co.bam                         ||
||                           007_BXD56_SD_sub1.co.bam                         ||
||                           007_BXD56_SD_sub2.co.bam                         ||
||                           008_BXD56_CTRL_full.co.bam                       ||
||                           008_BXD56_CTRL_sub1.co.bam                       ||
||                           008_BXD56_CTRL_sub2.co.bam                       ||
||                           009_BXD61_SD_full.co.bam                         ||
||                           009_BXD61_SD_sub1.co.bam                         ||
||                           009_BXD61_SD_sub2.co.bam                         ||
||                           010_BXD61_CTRL_full.co.bam                       ||
||                           010_BXD61_CTRL_sub1.co.bam                       ||
||                           010_BXD61_CTRL_sub2.co.bam                       ||
||                           011_BXD66_SD_full.co.bam                         ||
||                           011_BXD66_SD_sub1.co.bam                         ||
||                           011_BXD66_SD_sub2.co.bam                         ||
||                           012_BXD66_CTRL_full.co.bam                       ||
||                           012_BXD66_CTRL_sub1.co.bam                       ||
||                           012_BXD66_CTRL_sub2.co.bam                       ||
||                           013_BXD67_SD_full.co.bam                         ||
||                           013_BXD67_SD_sub1.co.bam                         ||
||                           013_BXD67_SD_sub2.co.bam                         ||
||                           014_BXD67_CTRL_full.co.bam                       ||
||                           014_BXD67_CTRL_sub1.co.bam                       ||
||                           014_BXD67_CTRL_sub2.co.bam                       ||
||                           015_BXD70_SD_full.co.bam                         ||
||                           015_BXD70_SD_sub1.co.bam                         ||
||                           015_BXD70_SD_sub2.co.bam                         ||
||                           016_BXD70_CTRL_full.co.bam                       ||
||                           016_BXD70_CTRL_sub1.co.bam                       ||
||                           016_BXD70_CTRL_sub2.co.bam                       ||
||                           017_BXD73_SD_full.co.bam                         ||
||                           017_BXD73_SD_sub1.co.bam                         ||
||                           017_BXD73_SD_sub2.co.bam                         ||
||                           018_BXD73_CTRL_full.co.bam                       ||
||                           018_BXD73_CTRL_sub1.co.bam                       ||
||                           018_BXD73_CTRL_sub2.co.bam                       ||
||                           019_BXD75_SD_full.co.bam                         ||
||                           019_BXD75_SD_sub1.co.bam                         ||
||                           019_BXD75_SD_sub2.co.bam                         ||
||                           020_BXD75_CTRL_full.co.bam                       ||
||                           020_BXD75_CTRL_sub1.co.bam                       ||
||                           020_BXD75_CTRL_sub2.co.bam                       ||
||                           021_BXD83_SD_full.co.bam                         ||
||                           021_BXD83_SD_sub1.co.bam                         ||
||                           021_BXD83_SD_sub2.co.bam                         ||
||                           022_BXD83_CTRL_full.co.bam                       ||
||                           022_BXD83_CTRL_sub1.co.bam                       ||
||                           022_BXD83_CTRL_sub2.co.bam                       ||
||                           023_BXD84_SD_full.co.bam                         ||
||                           023_BXD84_SD_sub1.co.bam                         ||
||                           023_BXD84_SD_sub2.co.bam                         ||
||                           024_BXD84_CTRL_full.co.bam                       ||
||                           024_BXD84_CTRL_sub1.co.bam                       ||
||                           024_BXD84_CTRL_sub2.co.bam                       ||
||                           025_BXD89_SD_full.co.bam                         ||
||                           025_BXD89_SD_sub1.co.bam                         ||
||                           025_BXD89_SD_sub2.co.bam                         ||
||                           026_BXD89_CTRL_full.co.bam                       ||
||                           026_BXD89_CTRL_sub1.co.bam                       ||
||                           026_BXD89_CTRL_sub2.co.bam                       ||
||                           027_65a_SD_full.co.bam                           ||
||                           027_65a_SD_sub1.co.bam                           ||
||                           027_65a_SD_sub2.co.bam                           ||
||                           028_65a_CTRL_full.co.bam                         ||
||                           028_65a_CTRL_sub1.co.bam                         ||
||                           028_65a_CTRL_sub2.co.bam                         ||
||                           029_BXD100_SD_full.co.bam                        ||
||                           029_BXD100_SD_sub1.co.bam                        ||
||                           029_BXD100_SD_sub2.co.bam                        ||
||                           030_BXD100_CTRL_full.co.bam                      ||
||                           030_BXD100_CTRL_sub1.co.bam                      ||
||                           030_BXD100_CTRL_sub2.co.bam                      ||
||                           031_BXD101_SD_full.co.bam                        ||
||                           031_BXD101_SD_sub1.co.bam                        ||
||                           031_BXD101_SD_sub2.co.bam                        ||
||                           032_BXD101_CTRL_full.co.bam                      ||
||                           032_BXD101_CTRL_sub1.co.bam                      ||
||                           032_BXD101_CTRL_sub2.co.bam                      ||
||                           033_C57Bl6_SD_full.co.bam                        ||
||                           033_C57Bl6_SD_sub1.co.bam                        ||
||                           033_C57Bl6_SD_sub2.co.bam                        ||
||                           034_C57Bl6_CTRL_full.co.bam                      ||
||                           034_C57Bl6_CTRL_sub1.co.bam                      ||
||                           034_C57Bl6_CTRL_sub2.co.bam                      ||
||                           035_DBA_SD_full.co.bam                           ||
||                           035_DBA_SD_sub1.co.bam                           ||
||                           035_DBA_SD_sub2.co.bam                           ||
||                           036_DBA_CTRL_full.co.bam                         ||
||                           036_DBA_CTRL_sub1.co.bam                         ||
||                           036_DBA_CTRL_sub2.co.bam                         ||
||                           037_BXD48_SD_full.co.bam                         ||
||                           037_BXD48_SD_sub1.co.bam                         ||
||                           037_BXD48_SD_sub2.co.bam                         ||
||                           038_BXD49_SD_full.co.bam                         ||
||                           038_BXD49_SD_sub1.co.bam                         ||
||                           038_BXD49_SD_sub2.co.bam                         ||
||                           039_BXD48_CTRL_full.co.bam                       ||
||                           039_BXD48_CTRL_sub1.co.bam                       ||
||                           039_BXD48_CTRL_sub2.co.bam                       ||
||                           040_BXD49_CTRL_full.co.bam                       ||
||                           040_BXD49_CTRL_sub1.co.bam                       ||
||                           040_BXD49_CTRL_sub2.co.bam                       ||
||                           041_BXD50_SD_full.co.bam                         ||
||                           041_BXD50_SD_sub1.co.bam                         ||
||                           041_BXD50_SD_sub2.co.bam                         ||
||                           042_BXD50_CTRL_full.co.bam                       ||
||                           042_BXD50_CTRL_sub1.co.bam                       ||
||                           042_BXD50_CTRL_sub2.co.bam                       ||
||                           043_BXD51_SD_full.co.bam                         ||
||                           043_BXD51_SD_sub1.co.bam                         ||
||                           043_BXD51_SD_sub2.co.bam                         ||
||                           044_BXD51_CTRL_full.co.bam                       ||
||                           044_BXD51_CTRL_sub1.co.bam                       ||
||                           044_BXD51_CTRL_sub2.co.bam                       ||
||                           045_BXD56_SD_full.co.bam                         ||
||                           045_BXD56_SD_sub1.co.bam                         ||
||                           045_BXD56_SD_sub2.co.bam                         ||
||                           046_BXD56_CTRL_full.co.bam                       ||
||                           046_BXD56_CTRL_sub1.co.bam                       ||
||                           046_BXD56_CTRL_sub2.co.bam                       ||
||                           047_BXD64_SD_full.co.bam                         ||
||                           047_BXD64_SD_sub1.co.bam                         ||
||                           047_BXD64_SD_sub2.co.bam                         ||
||                           048_BXD64_CTRL_full.co.bam                       ||
||                           048_BXD64_CTRL_sub1.co.bam                       ||
||                           048_BXD64_CTRL_sub2.co.bam                       ||
||                           049_BXD65_SD_full.co.bam                         ||
||                           049_BXD65_SD_sub1.co.bam                         ||
||                           049_BXD65_SD_sub2.co.bam                         ||
||                           050_BXD65_CTRL_full.co.bam                       ||
||                           050_BXD65_CTRL_sub1.co.bam                       ||
||                           050_BXD65_CTRL_sub2.co.bam                       ||
||                           051_BXD66_SD_full.co.bam                         ||
||                           051_BXD66_SD_sub1.co.bam                         ||
||                           051_BXD66_SD_sub2.co.bam                         ||
||                           052_BXD66_CTRL_full.co.bam                       ||
||                           052_BXD66_CTRL_sub1.co.bam                       ||
||                           052_BXD66_CTRL_sub2.co.bam                       ||
||                           053_BXD71_SD_full.co.bam                         ||
||                           053_BXD71_SD_sub1.co.bam                         ||
||                           053_BXD71_SD_sub2.co.bam                         ||
||                           054_BXD71_CTRL_full.co.bam                       ||
||                           054_BXD71_CTRL_sub1.co.bam                       ||
||                           054_BXD71_CTRL_sub2.co.bam                       ||
||                           055_BXD73_SD_full.co.bam                         ||
||                           055_BXD73_SD_sub1.co.bam                         ||
||                           055_BXD73_SD_sub2.co.bam                         ||
||                           056_BXD73_CTRL_full.co.bam                       ||
||                           056_BXD73_CTRL_sub1.co.bam                       ||
||                           056_BXD73_CTRL_sub2.co.bam                       ||
||                           057_BXD75_SD_full.co.bam                         ||
||                           057_BXD75_SD_sub1.co.bam                         ||
||                           057_BXD75_SD_sub2.co.bam                         ||
||                           058_BXD75_CTRL_full.co.bam                       ||
||                           058_BXD75_CTRL_sub1.co.bam                       ||
||                           058_BXD75_CTRL_sub2.co.bam                       ||
||                           059_BXD81_SD_full.co.bam                         ||
||                           059_BXD81_SD_sub1.co.bam                         ||
||                           059_BXD81_SD_sub2.co.bam                         ||
||                           060_BXD81_CTRL_full.co.bam                       ||
||                           060_BXD81_CTRL_sub1.co.bam                       ||
||                           060_BXD81_CTRL_sub2.co.bam                       ||
||                           061_BXD90_SD_full.co.bam                         ||
||                           061_BXD90_SD_sub1.co.bam                         ||
||                           061_BXD90_SD_sub2.co.bam                         ||
||                           062_BXD90_CTRL_full.co.bam                       ||
||                           062_BXD90_CTRL_sub1.co.bam                       ||
||                           062_BXD90_CTRL_sub2.co.bam                       ||
||                           063_BXD95_SD_full.co.bam                         ||
||                           063_BXD95_SD_sub1.co.bam                         ||
||                           063_BXD95_SD_sub2.co.bam                         ||
||                           064_BXD95_CTRL_full.co.bam                       ||
||                           064_BXD95_CTRL_sub1.co.bam                       ||
||                           064_BXD95_CTRL_sub2.co.bam                       ||
||                           065_48a_SD_full.co.bam                           ||
||                           065_48a_SD_sub1.co.bam                           ||
||                           065_48a_SD_sub2.co.bam                           ||
||                           066_48a_CTRL_full.co.bam                         ||
||                           066_48a_CTRL_sub1.co.bam                         ||
||                           066_48a_CTRL_sub2.co.bam                         ||
||                           067_73b_SD_full.co.bam                           ||
||                           067_73b_SD_sub1.co.bam                           ||
||                           067_73b_SD_sub2.co.bam                           ||
||                           068_73b_CTRL_full.co.bam                         ||
||                           068_73b_CTRL_sub1.co.bam                         ||
||                           068_73b_CTRL_sub2.co.bam                         ||
||                           069_C57Bl6_SD_full.co.bam                        ||
||                           069_C57Bl6_SD_sub1.co.bam                        ||
||                           069_C57Bl6_SD_sub2.co.bam                        ||
||                           070_C57Bl6_CTRL_full.co.bam                      ||
||                           070_C57Bl6_CTRL_sub1.co.bam                      ||
||                           070_C57Bl6_CTRL_sub2.co.bam                      ||
||                           071_DBA_SD_full.co.bam                           ||
||                           071_DBA_SD_sub1.co.bam                           ||
||                           071_DBA_SD_sub2.co.bam                           ||
||                           072_DBA_CTRL_full.co.bam                         ||
||                           072_DBA_CTRL_sub1.co.bam                         ||
||                           072_DBA_CTRL_sub2.co.bam                         ||
||                           073_BXD85_SD_full.co.bam                         ||
||                           073_BXD85_SD_sub1.co.bam                         ||
||                           073_BXD85_SD_sub2.co.bam                         ||
||                           074_BXD85_CTRL_full.co.bam                       ||
||                           074_BXD85_CTRL_sub1.co.bam                       ||
||                           074_BXD85_CTRL_sub2.co.bam                       ||
||                           075_BXD43_CTRL_full.co.bam                       ||
||                           075_BXD43_CTRL_sub1.co.bam                       ||
||                           075_BXD43_CTRL_sub2.co.bam                       ||
||                           076_BXD43_SD_full.co.bam                         ||
||                           076_BXD43_SD_sub1.co.bam                         ||
||                           076_BXD43_SD_sub2.co.bam                         ||
||                           077_BXD45_CTRL_full.co.bam                       ||
||                           077_BXD45_CTRL_sub1.co.bam                       ||
||                           077_BXD45_CTRL_sub2.co.bam                       ||
||                           078_BXD45_SD_full.co.bam                         ||
||                           078_BXD45_SD_sub1.co.bam                         ||
||                           078_BXD45_SD_sub2.co.bam                         ||
||                           079_BXD49_CTRL_full.co.bam                       ||
||                           079_BXD49_CTRL_sub1.co.bam                       ||
||                           079_BXD49_CTRL_sub2.co.bam                       ||
||                           080_BXD49_SD_full.co.bam                         ||
||                           080_BXD49_SD_sub1.co.bam                         ||
||                           080_BXD49_SD_sub2.co.bam                         ||
||                           081_BXD55_CTRL_full.co.bam                       ||
||                           081_BXD55_CTRL_sub1.co.bam                       ||
||                           081_BXD55_CTRL_sub2.co.bam                       ||
||                           082_BXD55_SD_full.co.bam                         ||
||                           082_BXD55_SD_sub1.co.bam                         ||
||                           082_BXD55_SD_sub2.co.bam                         ||
||                           083_BXD56_CTRL_full.co.bam                       ||
||                           083_BXD56_CTRL_sub1.co.bam                       ||
||                           083_BXD56_CTRL_sub2.co.bam                       ||
||                           084_BXD56_SD_full.co.bam                         ||
||                           084_BXD56_SD_sub1.co.bam                         ||
||                           084_BXD56_SD_sub2.co.bam                         ||
||                           085_BXD61_CTRL_full.co.bam                       ||
||                           085_BXD61_CTRL_sub1.co.bam                       ||
||                           085_BXD61_CTRL_sub2.co.bam                       ||
||                           086_BXD61_SD_full.co.bam                         ||
||                           086_BXD61_SD_sub1.co.bam                         ||
||                           086_BXD61_SD_sub2.co.bam                         ||
||                           087_BXD66_CTRL_full.co.bam                       ||
||                           087_BXD66_CTRL_sub1.co.bam                       ||
||                           087_BXD66_CTRL_sub2.co.bam                       ||
||                           088_BXD66_SD_full.co.bam                         ||
||                           088_BXD66_SD_sub1.co.bam                         ||
||                           088_BXD66_SD_sub2.co.bam                         ||
||                           089_BXD67_CTRL_full.co.bam                       ||
||                           089_BXD67_CTRL_sub1.co.bam                       ||
||                           089_BXD67_CTRL_sub2.co.bam                       ||
||                           090_BXD67_SD_full.co.bam                         ||
||                           090_BXD67_SD_sub1.co.bam                         ||
||                           090_BXD67_SD_sub2.co.bam                         ||
||                           091_BXD70_CTRL_full.co.bam                       ||
||                           091_BXD70_CTRL_sub1.co.bam                       ||
||                           091_BXD70_CTRL_sub2.co.bam                       ||
||                           092_BXD70_SD_full.co.bam                         ||
||                           092_BXD70_SD_sub1.co.bam                         ||
||                           092_BXD70_SD_sub2.co.bam                         ||
||                           093_BXD73_CTRL_full.co.bam                       ||
||                           093_BXD73_CTRL_sub1.co.bam                       ||
||                           093_BXD73_CTRL_sub2.co.bam                       ||
||                           094_BXD73_SD_full.co.bam                         ||
||                           094_BXD73_SD_sub1.co.bam                         ||
||                           094_BXD73_SD_sub2.co.bam                         ||
||                           095_BXD75_CTRL_full.co.bam                       ||
||                           095_BXD75_CTRL_sub1.co.bam                       ||
||                           095_BXD75_CTRL_sub2.co.bam                       ||
||                           096_BXD75_SD_full.co.bam                         ||
||                           096_BXD75_SD_sub1.co.bam                         ||
||                           096_BXD75_SD_sub2.co.bam                         ||
||                           097_BXD79_CTRL_full.co.bam                       ||
||                           097_BXD79_CTRL_sub1.co.bam                       ||
||                           097_BXD79_CTRL_sub2.co.bam                       ||
||                           098_BXD79_SD_full.co.bam                         ||
||                           098_BXD79_SD_sub1.co.bam                         ||
||                           098_BXD79_SD_sub2.co.bam                         ||
||                           099_BXD83_CTRL_full.co.bam                       ||
||                           099_BXD83_CTRL_sub1.co.bam                       ||
||                           099_BXD83_CTRL_sub2.co.bam                       ||
||                           100_BXD83_SD_full.co.bam                         ||
||                           100_BXD83_SD_sub1.co.bam                         ||
||                           100_BXD83_SD_sub2.co.bam                         ||
||                           101_BXD84_CTRL_full.co.bam                       ||
||                           101_BXD84_CTRL_sub1.co.bam                       ||
||                           101_BXD84_CTRL_sub2.co.bam                       ||
||                           102_BXD84_SD_full.co.bam                         ||
||                           102_BXD84_SD_sub1.co.bam                         ||
||                           102_BXD84_SD_sub2.co.bam                         ||
||                           103_BXD90_CTRL_full.co.bam                       ||
||                           103_BXD90_CTRL_sub1.co.bam                       ||
||                           103_BXD90_CTRL_sub2.co.bam                       ||
||                           104_BXD90_SD_full.co.bam                         ||
||                           104_BXD90_SD_sub1.co.bam                         ||
||                           104_BXD90_SD_sub2.co.bam                         ||
||                           105_48a_CTRL_full.co.bam                         ||
||                           105_48a_CTRL_sub1.co.bam                         ||
||                           105_48a_CTRL_sub2.co.bam                         ||
||                           106_48a_SD_full.co.bam                           ||
||                           106_48a_SD_sub1.co.bam                           ||
||                           106_48a_SD_sub2.co.bam                           ||
||                           107_BXD100_CTRL_full.co.bam                      ||
||                           107_BXD100_CTRL_sub1.co.bam                      ||
||                           107_BXD100_CTRL_sub2.co.bam                      ||
||                           108_BXD100_SD_full.co.bam                        ||
||                           108_BXD100_SD_sub1.co.bam                        ||
||                           108_BXD100_SD_sub2.co.bam                        ||
||                           109_C57Bl6_CTRL_full.co.bam                      ||
||                           109_C57Bl6_CTRL_sub1.co.bam                      ||
||                           109_C57Bl6_CTRL_sub2.co.bam                      ||
||                           110_C57Bl6_SD_full.co.bam                        ||
||                           110_C57Bl6_SD_sub1.co.bam                        ||
||                           110_C57Bl6_SD_sub2.co.bam                        ||
||                           111_DBA_CTRL_full.co.bam                         ||
||                           111_DBA_CTRL_sub1.co.bam                         ||
||                           111_DBA_CTRL_sub2.co.bam                         ||
||                           112_DBA_CTRL_full.co.bam                         ||
||                           112_DBA_CTRL_sub1.co.bam                         ||
||                           112_DBA_CTRL_sub2.co.bam                         ||
||                           113_DBA_SD_full.co.bam                           ||
||                           113_DBA_SD_sub1.co.bam                           ||
||                           113_DBA_SD_sub2.co.bam                           ||
||                           114_BXD48_CTRL_full.co.bam                       ||
||                           114_BXD48_CTRL_sub1.co.bam                       ||
||                           114_BXD48_CTRL_sub2.co.bam                       ||
||                           115_BXD48_SD_full.co.bam                         ||
||                           115_BXD48_SD_sub1.co.bam                         ||
||                           115_BXD48_SD_sub2.co.bam                         ||
||                           116_BXD49_CTRL_full.co.bam                       ||
||                           116_BXD49_CTRL_sub1.co.bam                       ||
||                           116_BXD49_CTRL_sub2.co.bam                       ||
||                           117_BXD49_SD_full.co.bam                         ||
||                           117_BXD49_SD_sub1.co.bam                         ||
||                           117_BXD49_SD_sub2.co.bam                         ||
||                           118_BXD51_CTRL_full.co.bam                       ||
||                           118_BXD51_CTRL_sub1.co.bam                       ||
||                           118_BXD51_CTRL_sub2.co.bam                       ||
||                           119_BXD51_SD_full.co.bam                         ||
||                           119_BXD51_SD_sub1.co.bam                         ||
||                           119_BXD51_SD_sub2.co.bam                         ||
||                           120_BXD55_CTRL_full.co.bam                       ||
||                           120_BXD55_CTRL_sub1.co.bam                       ||
||                           120_BXD55_CTRL_sub2.co.bam                       ||
||                           121_BXD55_SD_full.co.bam                         ||
||                           121_BXD55_SD_sub1.co.bam                         ||
||                           121_BXD55_SD_sub2.co.bam                         ||
||                           122_BXD64_CTRL_full.co.bam                       ||
||                           122_BXD64_CTRL_sub1.co.bam                       ||
||                           122_BXD64_CTRL_sub2.co.bam                       ||
||                           123_BXD64_SD_full.co.bam                         ||
||                           123_BXD64_SD_sub1.co.bam                         ||
||                           123_BXD64_SD_sub2.co.bam                         ||
||                           124_BXD81_CTRL_full.co.bam                       ||
||                           124_BXD81_CTRL_sub1.co.bam                       ||
||                           124_BXD81_CTRL_sub2.co.bam                       ||
||                           125_BXD81_SD_full.co.bam                         ||
||                           125_BXD81_SD_sub1.co.bam                         ||
||                           125_BXD81_SD_sub2.co.bam                         ||
||                           126_BXD83_CTRL_full.co.bam                       ||
||                           126_BXD83_CTRL_sub1.co.bam                       ||
||                           126_BXD83_CTRL_sub2.co.bam                       ||
||                           127_BXD83_SD_full.co.bam                         ||
||                           127_BXD83_SD_sub1.co.bam                         ||
||                           127_BXD83_SD_sub2.co.bam                         ||
||                           128_BXD84_CTRL_full.co.bam                       ||
||                           128_BXD84_CTRL_sub1.co.bam                       ||
||                           128_BXD84_CTRL_sub2.co.bam                       ||
||                           129_BXD84_SD_full.co.bam                         ||
||                           129_BXD84_SD_sub1.co.bam                         ||
||                           129_BXD84_SD_sub2.co.bam                         ||
||                           130_BXD85_CTRL_full.co.bam                       ||
||                           130_BXD85_CTRL_sub1.co.bam                       ||
||                           130_BXD85_CTRL_sub2.co.bam                       ||
||                           131_BXD85_SD_full.co.bam                         ||
||                           131_BXD85_SD_sub1.co.bam                         ||
||                           131_BXD85_SD_sub2.co.bam                         ||
||                           132_BXD89_CTRL_full.co.bam                       ||
||                           132_BXD89_CTRL_sub1.co.bam                       ||
||                           132_BXD89_CTRL_sub2.co.bam                       ||
||                           133_BXD89_SD_full.co.bam                         ||
||                           133_BXD89_SD_sub1.co.bam                         ||
||                           133_BXD89_SD_sub2.co.bam                         ||
||                           134_BXD95_CTRL_full.co.bam                       ||
||                           134_BXD95_CTRL_sub1.co.bam                       ||
||                           134_BXD95_CTRL_sub2.co.bam                       ||
||                           135_BXD95_SD_full.co.bam                         ||
||                           135_BXD95_SD_sub1.co.bam                         ||
||                           135_BXD95_SD_sub2.co.bam                         ||
||                           136_48a_CTRL_full.co.bam                         ||
||                           136_48a_CTRL_sub1.co.bam                         ||
||                           136_48a_CTRL_sub2.co.bam                         ||
||                           137_48a_SD_full.co.bam                           ||
||                           137_48a_SD_sub1.co.bam                           ||
||                           137_48a_SD_sub2.co.bam                           ||
||                           138_65a_CTRL_full.co.bam                         ||
||                           138_65a_CTRL_sub1.co.bam                         ||
||                           138_65a_CTRL_sub2.co.bam                         ||
||                           139_65a_SD_full.co.bam                           ||
||                           139_65a_SD_sub1.co.bam                           ||
||                           139_65a_SD_sub2.co.bam                           ||
||                           140_BXD98_CTRL_full.co.bam                       ||
||                           140_BXD98_CTRL_sub1.co.bam                       ||
||                           140_BXD98_CTRL_sub2.co.bam                       ||
||                           141_BXD98_SD_full.co.bam                         ||
||                           141_BXD98_SD_sub1.co.bam                         ||
||                           141_BXD98_SD_sub2.co.bam                         ||
||                           142_BXD101_CTRL_full.co.bam                      ||
||                           142_BXD101_CTRL_sub1.co.bam                      ||
||                           142_BXD101_CTRL_sub2.co.bam                      ||
||                           143_BXD101_SD_full.co.bam                        ||
||                           143_BXD101_SD_sub1.co.bam                        ||
||                           143_BXD101_SD_sub2.co.bam                        ||
||                           144_73b_CTRL_full.co.bam                         ||
||                           144_73b_CTRL_sub1.co.bam                         ||
||                           144_73b_CTRL_sub2.co.bam                         ||
||                           145_73b_SD_full.co.bam                           ||
||                           145_73b_SD_sub1.co.bam                           ||
||                           145_73b_SD_sub2.co.bam                           ||
||                           146_C57Bl6_CTRL_full.co.bam                      ||
||                           146_C57Bl6_CTRL_sub1.co.bam                      ||
||                           146_C57Bl6_CTRL_sub2.co.bam                      ||
||                           147_C57Bl6_SD_full.co.bam                        ||
||                           147_C57Bl6_SD_sub1.co.bam                        ||
||                           147_C57Bl6_SD_sub2.co.bam                        ||
||                           148_BXD43_CTRL_full.co.bam                       ||
||                           148_BXD43_CTRL_sub1.co.bam                       ||
||                           148_BXD43_CTRL_sub2.co.bam                       ||
||                           149_BXD43_SD_full.co.bam                         ||
||                           149_BXD43_SD_sub1.co.bam                         ||
||                           149_BXD43_SD_sub2.co.bam                         ||
||                           150_BXD45_CTRL_full.co.bam                       ||
||                           150_BXD45_CTRL_sub1.co.bam                       ||
||                           150_BXD45_CTRL_sub2.co.bam                       ||
||                           151_BXD45_SD_full.co.bam                         ||
||                           151_BXD45_SD_sub1.co.bam                         ||
||                           151_BXD45_SD_sub2.co.bam                         ||
||                           152_BXD48_CTRL_full.co.bam                       ||
||                           152_BXD48_CTRL_sub1.co.bam                       ||
||                           152_BXD48_CTRL_sub2.co.bam                       ||
||                           153_BXD48_SD_full.co.bam                         ||
||                           153_BXD48_SD_sub1.co.bam                         ||
||                           153_BXD48_SD_sub2.co.bam                         ||
||                           154_BXD50_CTRL_full.co.bam                       ||
||                           154_BXD50_CTRL_sub1.co.bam                       ||
||                           154_BXD50_CTRL_sub2.co.bam                       ||
||                           155_BXD50_SD_full.co.bam                         ||
||                           155_BXD50_SD_sub1.co.bam                         ||
||                           155_BXD50_SD_sub2.co.bam                         ||
||                           156_BXD61_CTRL_full.co.bam                       ||
||                           156_BXD61_CTRL_sub1.co.bam                       ||
||                           156_BXD61_CTRL_sub2.co.bam                       ||
||                           157_BXD61_SD_full.co.bam                         ||
||                           157_BXD61_SD_sub1.co.bam                         ||
||                           157_BXD61_SD_sub2.co.bam                         ||
||                           158_BXD64_CTRL_full.co.bam                       ||
||                           158_BXD64_CTRL_sub1.co.bam                       ||
||                           158_BXD64_CTRL_sub2.co.bam                       ||
||                           159_BXD64_SD_full.co.bam                         ||
||                           159_BXD64_SD_sub1.co.bam                         ||
||                           159_BXD64_SD_sub2.co.bam                         ||
||                           160_BXD65_CTRL_full.co.bam                       ||
||                           160_BXD65_CTRL_sub1.co.bam                       ||
||                           160_BXD65_CTRL_sub2.co.bam                       ||
||                           161_BXD65_SD_full.co.bam                         ||
||                           161_BXD65_SD_sub1.co.bam                         ||
||                           161_BXD65_SD_sub2.co.bam                         ||
||                           162_BXD67_CTRL_full.co.bam                       ||
||                           162_BXD67_CTRL_sub1.co.bam                       ||
||                           162_BXD67_CTRL_sub2.co.bam                       ||
||                           163_BXD67_SD_full.co.bam                         ||
||                           163_BXD67_SD_sub1.co.bam                         ||
||                           163_BXD67_SD_sub2.co.bam                         ||
||                           164_BXD70_CTRL_full.co.bam                       ||
||                           164_BXD70_CTRL_sub1.co.bam                       ||
||                           164_BXD70_CTRL_sub2.co.bam                       ||
||                           165_BXD70_SD_full.co.bam                         ||
||                           165_BXD70_SD_sub1.co.bam                         ||
||                           165_BXD70_SD_sub2.co.bam                         ||
||                           166_BXD79_CTRL_full.co.bam                       ||
||                           166_BXD79_CTRL_sub1.co.bam                       ||
||                           166_BXD79_CTRL_sub2.co.bam                       ||
||                           167_BXD79_SD_full.co.bam                         ||
||                           167_BXD79_SD_sub1.co.bam                         ||
||                           167_BXD79_SD_sub2.co.bam                         ||
||                           168_BXD81_CTRL_full.co.bam                       ||
||                           168_BXD81_CTRL_sub1.co.bam                       ||
||                           168_BXD81_CTRL_sub2.co.bam                       ||
||                           169_BXD81_SD_full.co.bam                         ||
||                           169_BXD81_SD_sub1.co.bam                         ||
||                           169_BXD81_SD_sub2.co.bam                         ||
||                           170_BXD85_CTRL_full.co.bam                       ||
||                           170_BXD85_CTRL_sub1.co.bam                       ||
||                           170_BXD85_CTRL_sub2.co.bam                       ||
||                           171_BXD85_SD_full.co.bam                         ||
||                           171_BXD85_SD_sub1.co.bam                         ||
||                           171_BXD85_SD_sub2.co.bam                         ||
||                           174_BXD89_CTRL_full.co.bam                       ||
||                           174_BXD89_CTRL_sub1.co.bam                       ||
||                           174_BXD89_CTRL_sub2.co.bam                       ||
||                           175_BXD89_SD_full.co.bam                         ||
||                           175_BXD89_SD_sub1.co.bam                         ||
||                           175_BXD89_SD_sub2.co.bam                         ||
||                           176_BXD90_CTRL_full.co.bam                       ||
||                           176_BXD90_CTRL_sub1.co.bam                       ||
||                           176_BXD90_CTRL_sub2.co.bam                       ||
||                           177_BXD90_SD_full.co.bam                         ||
||                           177_BXD90_SD_sub1.co.bam                         ||
||                           177_BXD90_SD_sub2.co.bam                         ||
||                           178_BXD95_CTRL_full.co.bam                       ||
||                           178_BXD95_CTRL_sub1.co.bam                       ||
||                           178_BXD95_CTRL_sub2.co.bam                       ||
||                           179_BXD95_SD_full.co.bam                         ||
||                           179_BXD95_SD_sub1.co.bam                         ||
||                           179_BXD95_SD_sub2.co.bam                         ||
||                           180_C57Bl6_CTRL_full.co.bam                      ||
||                           180_C57Bl6_CTRL_sub1.co.bam                      ||
||                           180_C57Bl6_CTRL_sub2.co.bam                      ||
||                           181_C57Bl6_SD_full.co.bam                        ||
||                           181_C57Bl6_SD_sub1.co.bam                        ||
||                           181_C57Bl6_SD_sub2.co.bam                        ||
||                           182_DBA_CTRL_full.co.bam                         ||
||                           182_DBA_CTRL_sub1.co.bam                         ||
||                           182_DBA_CTRL_sub2.co.bam                         ||
||                           183_DBA_SD_full.co.bam                           ||
||                           183_DBA_SD_sub1.co.bam                           ||
||                           183_DBA_SD_sub2.co.bam                           ||
||                           184_BXD43_CTRL_full.co.bam                       ||
||                           184_BXD43_CTRL_sub1.co.bam                       ||
||                           184_BXD43_CTRL_sub2.co.bam                       ||
||                           185_BXD43_SD_full.co.bam                         ||
||                           185_BXD43_SD_sub1.co.bam                         ||
||                           185_BXD43_SD_sub2.co.bam                         ||
||                           186_BXD50_CTRL_full.co.bam                       ||
||                           186_BXD50_CTRL_sub1.co.bam                       ||
||                           186_BXD50_CTRL_sub2.co.bam                       ||
||                           187_BXD50_SD_full.co.bam                         ||
||                           187_BXD50_SD_sub1.co.bam                         ||
||                           187_BXD50_SD_sub2.co.bam                         ||
||                           188_BXD65_CTRL_full.co.bam                       ||
||                           188_BXD65_CTRL_sub1.co.bam                       ||
||                           188_BXD65_CTRL_sub2.co.bam                       ||
||                           189_BXD65_SD_full.co.bam                         ||
||                           189_BXD65_SD_sub1.co.bam                         ||
||                           189_BXD65_SD_sub2.co.bam                         ||
||                           190_65a_CTRL_full.co.bam                         ||
||                           190_65a_CTRL_sub1.co.bam                         ||
||                           190_65a_CTRL_sub2.co.bam                         ||
||                           192_BXD98_CTRL_full.co.bam                       ||
||                           192_BXD98_CTRL_sub1.co.bam                       ||
||                           192_BXD98_CTRL_sub2.co.bam                       ||
||                           193_BXD98_SD_full.co.bam                         ||
||                           193_BXD98_SD_sub1.co.bam                         ||
||                           193_BXD98_SD_sub2.co.bam                         ||
||                           194_BXD98_CTRL_full.co.bam                       ||
||                           194_BXD98_CTRL_sub1.co.bam                       ||
||                           194_BXD98_CTRL_sub2.co.bam                       ||
||                           195_BXD98_SD_full.co.bam                         ||
||                           195_BXD98_SD_sub1.co.bam                         ||
||                           195_BXD98_SD_sub2.co.bam                         ||
||                           196_BXD100_CTRL_full.co.bam                      ||
||                           196_BXD100_CTRL_sub1.co.bam                      ||
||                           196_BXD100_CTRL_sub2.co.bam                      ||
||                           197_BXD100_SD_full.co.bam                        ||
||                           197_BXD100_SD_sub1.co.bam                        ||
||                           197_BXD100_SD_sub2.co.bam                        ||
||                           198_73b_CTRL_full.co.bam                         ||
||                           198_73b_CTRL_sub1.co.bam                         ||
||                           198_73b_CTRL_sub2.co.bam                         ||
||                           199_73b_SD_full.co.bam                           ||
||                           199_73b_SD_sub1.co.bam                           ||
||                           199_73b_SD_sub2.co.bam                           ||
||                           200_C57Bl6_CTRL_full.co.bam                      ||
||                           200_C57Bl6_CTRL_sub1.co.bam                      ||
||                           200_C57Bl6_CTRL_sub2.co.bam                      ||
||                           201_C57Bl6_SD_full.co.bam                        ||
||                           201_C57Bl6_SD_sub1.co.bam                        ||
||                           201_C57Bl6_SD_sub2.co.bam                        ||
||                           202_DBA_CTRL_full.co.bam                         ||
||                           202_DBA_CTRL_sub1.co.bam                         ||
||                           202_DBA_CTRL_sub2.co.bam                         ||
||                           203_DBA_SD_full.co.bam                           ||
||                           203_DBA_SD_sub1.co.bam                           ||
||                           203_DBA_SD_sub2.co.bam                           ||
||                           204_BXD44_CTRL_full.co.bam                       ||
||                           204_BXD44_CTRL_sub1.co.bam                       ||
||                           204_BXD44_CTRL_sub2.co.bam                       ||
||                           205_BXD44_SD_full.co.bam                         ||
||                           205_BXD44_SD_sub1.co.bam                         ||
||                           205_BXD44_SD_sub2.co.bam                         ||
||                           206_BXD44_CTRL_full.co.bam                       ||
||                           206_BXD44_CTRL_sub1.co.bam                       ||
||                           206_BXD44_CTRL_sub2.co.bam                       ||
||                           207_BXD44_SD_full.co.bam                         ||
||                           207_BXD44_SD_sub1.co.bam                         ||
||                           207_BXD44_SD_sub2.co.bam                         ||
||                           208_BXD44_CTRL_full.co.bam                       ||
||                           208_BXD44_CTRL_sub1.co.bam                       ||
||                           208_BXD44_CTRL_sub2.co.bam                       ||
||                           209_BXD44_SD_full.co.bam                         ||
||                           209_BXD44_SD_sub1.co.bam                         ||
||                           209_BXD44_SD_sub2.co.bam                         ||
||                           210_BXD79_CTRL_full.co.bam                       ||
||                           210_BXD79_CTRL_sub1.co.bam                       ||
||                           210_BXD79_CTRL_sub2.co.bam                       ||
||                           211_BXD79_SD_full.co.bam                         ||
||                           211_BXD79_SD_sub1.co.bam                         ||
||                           211_BXD79_SD_sub2.co.bam                         ||
||                           212_BXD79_CTRL_full.co.bam                       ||
||                           212_BXD79_CTRL_sub1.co.bam                       ||
||                           212_BXD79_CTRL_sub2.co.bam                       ||
||                           213_BXD79_SD_full.co.bam                         ||
||                           213_BXD79_SD_sub1.co.bam                         ||
||                           213_BXD79_SD_sub2.co.bam                         ||
||                           214_65a_CTRL_full.co.bam                         ||
||                           214_65a_CTRL_sub1.co.bam                         ||
||                           214_65a_CTRL_sub2.co.bam                         ||
||                           215_65a_SD_full.co.bam                           ||
||                           215_65a_SD_sub1.co.bam                           ||
||                           215_65a_SD_sub2.co.bam                           ||
||                           216_C57Bl6_CTRL_full.co.bam                      ||
||                           216_C57Bl6_CTRL_sub1.co.bam                      ||
||                           216_C57Bl6_CTRL_sub2.co.bam                      ||
||                           217_C57Bl6_SD_full.co.bam                        ||
||                           217_C57Bl6_SD_sub1.co.bam                        ||
||                           217_C57Bl6_SD_sub2.co.bam                        ||
||                           218_DBA_CTRL_full.co.bam                         ||
||                           218_DBA_CTRL_sub1.co.bam                         ||
||                           218_DBA_CTRL_sub2.co.bam                         ||
||                           219_DBA_SD_full.co.bam                           ||
||                           219_DBA_SD_sub1.co.bam                           ||
||                           219_DBA_SD_sub2.co.bam                           ||
||                           220_BXD71_CTRL_full.co.bam                       ||
||                           220_BXD71_CTRL_sub1.co.bam                       ||
||                           220_BXD71_CTRL_sub2.co.bam                       ||
||                           221_BXD71_SD_full.co.bam                         ||
||                           221_BXD71_SD_sub1.co.bam                         ||
||                           221_BXD71_SD_sub2.co.bam                         ||
||                           222_BXD101_CTRL_full.co.bam                      ||
||                           222_BXD101_CTRL_sub1.co.bam                      ||
||                           222_BXD101_CTRL_sub2.co.bam                      ||
||                           223_BXD101_SD_full.co.bam                        ||
||                           223_BXD101_SD_sub1.co.bam                        ||
||                           223_BXD101_SD_sub2.co.bam                        ||
||                           224_BXD71_CTRL_full.co.bam                       ||
||                           224_BXD71_CTRL_sub1.co.bam                       ||
||                           224_BXD71_CTRL_sub2.co.bam                       ||
||                           225_BXD71_SD_full.co.bam                         ||
||                           225_BXD71_SD_sub1.co.bam                         ||
||                           225_BXD71_SD_sub2.co.bam                         ||
||                           226_C57Bl6_CTRL_full.co.bam                      ||
||                           226_C57Bl6_CTRL_sub1.co.bam                      ||
||                           226_C57Bl6_CTRL_sub2.co.bam                      ||
||                           227_C57Bl6_SD_full.co.bam                        ||
||                           227_C57Bl6_SD_sub1.co.bam                        ||
||                           227_C57Bl6_SD_sub2.co.bam                        ||
||                           228_DBA_CTRL_full.co.bam                         ||
||                           228_DBA_CTRL_sub1.co.bam                         ||
||                           228_DBA_CTRL_sub2.co.bam                         ||
||                           229_DBA_SD_full.co.bam                           ||
||                           229_DBA_SD_sub1.co.bam                           ||
||                           229_DBA_SD_sub2.co.bam                           ||
||                                                                            ||
||              Paired-end : no                                               ||
||        Count read pairs : no                                               ||
||              Annotation : genomic_features3.gtf (GTF)                      ||
||      Dir for temp files : .                                                ||
||                 Threads : 30                                               ||
||                   Level : feature level                                    ||
||      Multimapping reads : counted                                          ||
|| Multi-overlapping reads : counted                                          ||
||   Min overlapping bases : 1                                                ||
||                                                                            ||
\\============================================================================//

//================================= Running ==================================\\
||                                                                            ||
|| Load annotation file genomic_features3.gtf ...                             ||
||    Features : 73365                                                        ||
||    Meta-features : 73365                                                   ||
||    Chromosomes/contigs : 28                                                ||
||                                                                            ||
|| Process BAM file 001_BXD45_SD_full.co.bam...                               ||
||    Single-end reads are included.                                          ||
||    Total alignments : 59399088                                             ||
||    Successfully assigned alignments : 2033159 (3.4%)                       ||
||    Running time : 0.05 minutes                                             ||
||                                                                            ||
|| Process BAM file 001_BXD45_SD_sub1.co.bam...                               ||
||    Single-end reads are included.                                          ||
||    Total alignments : 20000000                                             ||
||    Successfully assigned alignments : 684288 (3.4%)                        ||
||    Running time : 0.02 minutes                                             ||
||                                                                            ||
|| Process BAM file 001_BXD45_SD_sub2.co.bam...                               ||
||    Single-end reads are included.                                          ||
||    Total alignments : 15000000                                             ||
||    Successfully assigned alignments : 514160 (3.4%)                        ||
||    Running time : 0.02 minutes                                             ||
||                                                                            ||
|| Process BAM file 002_BXD45_CTRL_full.co.bam...                             ||
||    Single-end reads are included.                                          ||
||    Total alignments : 50554522                                             ||
||    Successfully assigned alignments : 1981040 (3.9%)                       ||
||    Running time : 0.05 minutes                                             ||
||                                                                            ||
|| Process BAM file 002_BXD45_CTRL_sub1.co.bam...                             ||
||    Single-end reads are included.                                          ||
||    Total alignments : 20000000                                             ||
||    Successfully assigned alignments : 784523 (3.9%)                        ||
||    Running time : 0.03 minutes                                             ||
||                                                                            ||
|| Process BAM file 002_BXD45_CTRL_sub2.co.bam...                             ||
||    Single-end reads are included.                                          ||
||    Total alignments : 15000000                                             ||
||    Successfully assigned alignments : 588183 (3.9%)                        ||
||    Running time : 0.02 minutes                                             ||
||                                                                            ||
|| Process BAM file 003_BXD51_SD_full.co.bam...                               ||
||    Single-end reads are included.                                          ||
||    Total alignments : 51977435                                             ||
||    Successfully assigned alignments : 1809229 (3.5%)                       ||
||    Running time : 0.05 minutes                                             ||
||                                                                            ||
|| Process BAM file 003_BXD51_SD_sub1.co.bam...                               ||
||    Single-end reads are included.                                          ||
||    Total alignments : 20000000                                             ||
||    Successfully assigned alignments : 696190 (3.5%)                        ||
||    Running time : 0.02 minutes                                             ||
||                                                                            ||
|| Process BAM file 003_BXD51_SD_sub2.co.bam...                               ||
||    Single-end reads are included.                                          ||
||    Total alignments : 15000000                                             ||
||    Successfully assigned alignments : 521531 (3.5%)                        ||
||    Running time : 0.02 minutes                                             ||
||                                                                            ||
|| Process BAM file 004_BXD51_CTRL_full.co.bam...                             ||
||    Single-end reads are included.                                          ||
||    Total alignments : 50612679                                             ||
||    Successfully assigned alignments : 1928967 (3.8%)                       ||
||    Running time : 0.05 minutes                                             ||
||                                                                            ||
|| Process BAM file 004_BXD51_CTRL_sub1.co.bam...                             ||
||    Single-end reads are included.                                          ||
||    Total alignments : 20000000                                             ||
||    Successfully assigned alignments : 760414 (3.8%)                        ||
||    Running time : 0.02 minutes                                             ||
||                                                                            ||
|| Process BAM file 004_BXD51_CTRL_sub2.co.bam...                             ||
||    Single-end reads are included.                                          ||
||    Total alignments : 15000000                                             ||
||    Successfully assigned alignments : 572095 (3.8%)                        ||
||    Running time : 0.02 minutes                                             ||
||                                                                            ||
|| Process BAM file 005_BXD55_SD_full.co.bam...                               ||
||    Single-end reads are included.                                          ||
||    Total alignments : 61749971                                             ||
||    Successfully assigned alignments : 2232533 (3.6%)                       ||
||    Running time : 0.06 minutes                                             ||
||                                                                            ||
|| Process BAM file 005_BXD55_SD_sub1.co.bam...                               ||
||    Single-end reads are included.                                          ||
||    Total alignments : 20000000                                             ||
||    Successfully assigned alignments : 722972 (3.6%)                        ||
||    Running time : 0.02 minutes                                             ||
||                                                                            ||
|| Process BAM file 005_BXD55_SD_sub2.co.bam...                               ||
||    Single-end reads are included.                                          ||
||    Total alignments : 15000000                                             ||
||    Successfully assigned alignments : 541811 (3.6%)                        ||
||    Running time : 0.02 minutes                                             ||
||                                                                            ||
|| Process BAM file 006_BXD55_CTRL_full.co.bam...                             ||
||    Single-end reads are included.                                          ||
||    Total alignments : 41949944                                             ||
||    Successfully assigned alignments : 1715461 (4.1%)                       ||
||    Running time : 0.04 minutes                                             ||
||                                                                            ||
|| Process BAM file 006_BXD55_CTRL_sub1.co.bam...                             ||
||    Single-end reads are included.                                          ||
||    Total alignments : 20000000                                             ||
||    Successfully assigned alignments : 818239 (4.1%)                        ||
||    Running time : 0.02 minutes                                             ||
||                                                                            ||
|| Process BAM file 006_BXD55_CTRL_sub2.co.bam...                             ||
||    Single-end reads are included.                                          ||
||    Total alignments : 15000000                                             ||
||    Successfully assigned alignments : 614108 (4.1%)                        ||
||    Running time : 0.02 minutes                                             ||
||                                                                            ||
|| Process BAM file 007_BXD56_SD_full.co.bam...                               ||
||    Single-end reads are included.                                          ||
||    Total alignments : 44347223                                             ||
||    Successfully assigned alignments : 2287342 (5.2%)                       ||
||    Running time : 0.04 minutes                                             ||
||                                                                            ||
|| Process BAM file 007_BXD56_SD_sub1.co.bam...                               ||
||    Single-end reads are included.                                          ||
||    Total alignments : 20000000                                             ||
||    Successfully assigned alignments : 1031209 (5.2%)                       ||
||    Running time : 0.02 minutes                                             ||
||                                                                            ||
|| Process BAM file 007_BXD56_SD_sub2.co.bam...                               ||
||    Single-end reads are included.                                          ||
||    Total alignments : 15000000                                             ||
||    Successfully assigned alignments : 775482 (5.2%)                        ||
||    Running time : 0.02 minutes                                             ||
||                                                                            ||
|| Process BAM file 008_BXD56_CTRL_full.co.bam...                             ||
||    Single-end reads are included.                                          ||
||    Total alignments : 69620130                                             ||
||    Successfully assigned alignments : 3182254 (4.6%)                       ||
||    Running time : 0.06 minutes                                             ||
||                                                                            ||
|| Process BAM file 008_BXD56_CTRL_sub1.co.bam...                             ||
||    Single-end reads are included.                                          ||
||    Total alignments : 20000000                                             ||
||    Successfully assigned alignments : 914723 (4.6%)                        ||
||    Running time : 0.02 minutes                                             ||
||                                                                            ||
|| Process BAM file 008_BXD56_CTRL_sub2.co.bam...                             ||
||    Single-end reads are included.                                          ||
||    Total alignments : 15000000                                             ||
||    Successfully assigned alignments : 686339 (4.6%)                        ||
||    Running time : 0.02 minutes                                             ||
||                                                                            ||
|| Process BAM file 009_BXD61_SD_full.co.bam...                               ||
||    Single-end reads are included.                                          ||
||    Total alignments : 47007601                                             ||
||    Successfully assigned alignments : 2636203 (5.6%)                       ||
||    Running time : 0.04 minutes                                             ||
||                                                                            ||
|| Process BAM file 009_BXD61_SD_sub1.co.bam...                               ||
||    Single-end reads are included.                                          ||
||    Total alignments : 20000000                                             ||
||    Successfully assigned alignments : 1121799 (5.6%)                       ||
||    Running time : 0.02 minutes                                             ||
||                                                                            ||
|| Process BAM file 009_BXD61_SD_sub2.co.bam...                               ||
||    Single-end reads are included.                                          ||
||    Total alignments : 15000000                                             ||
||    Successfully assigned alignments : 841153 (5.6%)                        ||
||    Running time : 0.02 minutes                                             ||
||                                                                            ||
|| Process BAM file 010_BXD61_CTRL_full.co.bam...                             ||
||    Single-end reads are included.                                          ||
||    Total alignments : 44408999                                             ||
||    Successfully assigned alignments : 2838738 (6.4%)                       ||
||    Running time : 0.04 minutes                                             ||
||                                                                            ||
|| Process BAM file 010_BXD61_CTRL_sub1.co.bam...                             ||
||    Single-end reads are included.                                          ||
||    Total alignments : 20000000                                             ||
||    Successfully assigned alignments : 1278243 (6.4%)                       ||
||    Running time : 0.02 minutes                                             ||
||                                                                            ||
|| Process BAM file 010_BXD61_CTRL_sub2.co.bam...                             ||
||    Single-end reads are included.                                          ||
||    Total alignments : 15000000                                             ||
||    Successfully assigned alignments : 960852 (6.4%)                        ||
||    Running time : 0.02 minutes                                             ||
||                                                                            ||
|| Process BAM file 011_BXD66_SD_full.co.bam...                               ||
||    Single-end reads are included.                                          ||
||    Total alignments : 52667645                                             ||
||    Successfully assigned alignments : 4331692 (8.2%)                       ||
||    Running time : 0.05 minutes                                             ||
||                                                                            ||
|| Process BAM file 011_BXD66_SD_sub1.co.bam...                               ||
||    Single-end reads are included.                                          ||
||    Total alignments : 20000000                                             ||
||    Successfully assigned alignments : 1645505 (8.2%)                       ||
||    Running time : 0.02 minutes                                             ||
||                                                                            ||
|| Process BAM file 011_BXD66_SD_sub2.co.bam...                               ||
||    Single-end reads are included.                                          ||
||    Total alignments : 15000000                                             ||
||    Successfully assigned alignments : 1232346 (8.2%)                       ||
||    Running time : 0.02 minutes                                             ||
||                                                                            ||
|| Process BAM file 012_BXD66_CTRL_full.co.bam...                             ||
||    Single-end reads are included.                                          ||
||    Total alignments : 53908597                                             ||
||    Successfully assigned alignments : 3419171 (6.3%)                       ||
||    Running time : 0.05 minutes                                             ||
||                                                                            ||
|| Process BAM file 012_BXD66_CTRL_sub1.co.bam...                             ||
||    Single-end reads are included.                                          ||
||    Total alignments : 20000000                                             ||
||    Successfully assigned alignments : 1268803 (6.3%)                       ||
||    Running time : 0.02 minutes                                             ||
||                                                                            ||
|| Process BAM file 012_BXD66_CTRL_sub2.co.bam...                             ||
||    Single-end reads are included.                                          ||
||    Total alignments : 15000000                                             ||
||    Successfully assigned alignments : 952209 (6.3%)                        ||
||    Running time : 0.02 minutes                                             ||
||                                                                            ||
|| Process BAM file 013_BXD67_SD_full.co.bam...                               ||
||    Single-end reads are included.                                          ||
||    Total alignments : 50092481                                             ||
||    Successfully assigned alignments : 2823970 (5.6%)                       ||
||    Running time : 0.05 minutes                                             ||
||                                                                            ||
|| Process BAM file 013_BXD67_SD_sub1.co.bam...                               ||
||    Single-end reads are included.                                          ||
||    Total alignments : 20000000                                             ||
||    Successfully assigned alignments : 1127076 (5.6%)                       ||
||    Running time : 0.02 minutes                                             ||
||                                                                            ||
|| Process BAM file 013_BXD67_SD_sub2.co.bam...                               ||
||    Single-end reads are included.                                          ||
||    Total alignments : 15000000                                             ||
||    Successfully assigned alignments : 845507 (5.6%)                        ||
||    Running time : 0.02 minutes                                             ||
||                                                                            ||
|| Process BAM file 014_BXD67_CTRL_full.co.bam...                             ||
||    Single-end reads are included.                                          ||
||    Total alignments : 50353101                                             ||
||    Successfully assigned alignments : 2009926 (4.0%)                       ||
||    Running time : 0.05 minutes                                             ||
||                                                                            ||
|| Process BAM file 014_BXD67_CTRL_sub1.co.bam...                             ||
||    Single-end reads are included.                                          ||
||    Total alignments : 20000000                                             ||
||    Successfully assigned alignments : 798276 (4.0%)                        ||
||    Running time : 0.02 minutes                                             ||
||                                                                            ||
|| Process BAM file 014_BXD67_CTRL_sub2.co.bam...                             ||
||    Single-end reads are included.                                          ||
||    Total alignments : 15000000                                             ||
||    Successfully assigned alignments : 598495 (4.0%)                        ||
||    Running time : 0.02 minutes                                             ||
||                                                                            ||
|| Process BAM file 015_BXD70_SD_full.co.bam...                               ||
||    Single-end reads are included.                                          ||
||    Total alignments : 50818111                                             ||
||    Successfully assigned alignments : 2229706 (4.4%)                       ||
||    Running time : 0.05 minutes                                             ||
||                                                                            ||
|| Process BAM file 015_BXD70_SD_sub1.co.bam...                               ||
||    Single-end reads are included.                                          ||
||    Total alignments : 20000000                                             ||
||    Successfully assigned alignments : 877038 (4.4%)                        ||
||    Running time : 0.02 minutes                                             ||
||                                                                            ||
|| Process BAM file 015_BXD70_SD_sub2.co.bam...                               ||
||    Single-end reads are included.                                          ||
||    Total alignments : 15000000                                             ||
||    Successfully assigned alignments : 658225 (4.4%)                        ||
||    Running time : 0.02 minutes                                             ||
||                                                                            ||
|| Process BAM file 016_BXD70_CTRL_full.co.bam...                             ||
||    Single-end reads are included.                                          ||
||    Total alignments : 50621026                                             ||
||    Successfully assigned alignments : 2071502 (4.1%)                       ||
||    Running time : 0.05 minutes                                             ||
||                                                                            ||
|| Process BAM file 016_BXD70_CTRL_sub1.co.bam...                             ||
||    Single-end reads are included.                                          ||
||    Total alignments : 20000000                                             ||
||    Successfully assigned alignments : 817254 (4.1%)                        ||
||    Running time : 0.02 minutes                                             ||
||                                                                            ||
|| Process BAM file 016_BXD70_CTRL_sub2.co.bam...                             ||
||    Single-end reads are included.                                          ||
||    Total alignments : 15000000                                             ||
||    Successfully assigned alignments : 613937 (4.1%)                        ||
||    Running time : 0.02 minutes                                             ||
||                                                                            ||
|| Process BAM file 017_BXD73_SD_full.co.bam...                               ||
||    Single-end reads are included.                                          ||
||    Total alignments : 47819909                                             ||
||    Successfully assigned alignments : 2460890 (5.1%)                       ||
||    Running time : 0.05 minutes                                             ||
||                                                                            ||
|| Process BAM file 017_BXD73_SD_sub1.co.bam...                               ||
||    Single-end reads are included.                                          ||
||    Total alignments : 20000000                                             ||
||    Successfully assigned alignments : 1028720 (5.1%)                       ||
||    Running time : 0.02 minutes                                             ||
||                                                                            ||
|| Process BAM file 017_BXD73_SD_sub2.co.bam...                               ||
||    Single-end reads are included.                                          ||
||    Total alignments : 15000000                                             ||
||    Successfully assigned alignments : 771803 (5.1%)                        ||
||    Running time : 0.02 minutes                                             ||
||                                                                            ||
|| Process BAM file 018_BXD73_CTRL_full.co.bam...                             ||
||    Single-end reads are included.                                          ||
||    Total alignments : 40568487                                             ||
||    Successfully assigned alignments : 2729373 (6.7%)                       ||
||    Running time : 0.04 minutes                                             ||
||                                                                            ||
|| Process BAM file 018_BXD73_CTRL_sub1.co.bam...                             ||
||    Single-end reads are included.                                          ||
||    Total alignments : 20000000                                             ||
||    Successfully assigned alignments : 1345447 (6.7%)                       ||
||    Running time : 0.02 minutes                                             ||
||                                                                            ||
|| Process BAM file 018_BXD73_CTRL_sub2.co.bam...                             ||
||    Single-end reads are included.                                          ||
||    Total alignments : 15000000                                             ||
||    Successfully assigned alignments : 1010933 (6.7%)                       ||
||    Running time : 0.02 minutes                                             ||
||                                                                            ||
|| Process BAM file 019_BXD75_SD_full.co.bam...                               ||
||    Single-end reads are included.                                          ||
||    Total alignments : 38578132                                             ||
||    Successfully assigned alignments : 2829397 (7.3%)                       ||
||    Running time : 0.04 minutes                                             ||
||                                                                            ||
|| Process BAM file 019_BXD75_SD_sub1.co.bam...                               ||
||    Single-end reads are included.                                          ||
||    Total alignments : 20000000                                             ||
||    Successfully assigned alignments : 1465713 (7.3%)                       ||
||    Running time : 0.02 minutes                                             ||
||                                                                            ||
|| Process BAM file 019_BXD75_SD_sub2.co.bam...                               ||
||    Single-end reads are included.                                          ||
||    Total alignments : 15000000                                             ||
||    Successfully assigned alignments : 1099058 (7.3%)                       ||
||    Running time : 0.02 minutes                                             ||
||                                                                            ||
|| Process BAM file 020_BXD75_CTRL_full.co.bam...                             ||
||    Single-end reads are included.                                          ||
||    Total alignments : 30410139                                             ||
||    Successfully assigned alignments : 1673412 (5.5%)                       ||
||    Running time : 0.03 minutes                                             ||
||                                                                            ||
|| Process BAM file 020_BXD75_CTRL_sub1.co.bam...                             ||
||    Single-end reads are included.                                          ||
||    Total alignments : 20000000                                             ||
||    Successfully assigned alignments : 1100786 (5.5%)                       ||
||    Running time : 0.02 minutes                                             ||
||                                                                            ||
|| Process BAM file 020_BXD75_CTRL_sub2.co.bam...                             ||
||    Single-end reads are included.                                          ||
||    Total alignments : 15000000                                             ||
||    Successfully assigned alignments : 825956 (5.5%)                        ||
||    Running time : 0.02 minutes                                             ||
||                                                                            ||
|| Process BAM file 021_BXD83_SD_full.co.bam...                               ||
||    Single-end reads are included.                                          ||
||    Total alignments : 41868731                                             ||
||    Successfully assigned alignments : 1524032 (3.6%)                       ||
||    Running time : 0.04 minutes                                             ||
||                                                                            ||
|| Process BAM file 021_BXD83_SD_sub1.co.bam...                               ||
||    Single-end reads are included.                                          ||
||    Total alignments : 20000000                                             ||
||    Successfully assigned alignments : 728050 (3.6%)                        ||
||    Running time : 0.02 minutes                                             ||
||                                                                            ||
|| Process BAM file 021_BXD83_SD_sub2.co.bam...                               ||
||    Single-end reads are included.                                          ||
||    Total alignments : 15000000                                             ||
||    Successfully assigned alignments : 545588 (3.6%)                        ||
||    Running time : 0.02 minutes                                             ||
||                                                                            ||
|| Process BAM file 022_BXD83_CTRL_full.co.bam...                             ||
||    Single-end reads are included.                                          ||
||    Total alignments : 42918864                                             ||
||    Successfully assigned alignments : 1433757 (3.3%)                       ||
||    Running time : 0.04 minutes                                             ||
||                                                                            ||
|| Process BAM file 022_BXD83_CTRL_sub1.co.bam...                             ||
||    Single-end reads are included.                                          ||
||    Total alignments : 20000000                                             ||
||    Successfully assigned alignments : 668463 (3.3%)                        ||
||    Running time : 0.02 minutes                                             ||
||                                                                            ||
|| Process BAM file 022_BXD83_CTRL_sub2.co.bam...                             ||
||    Single-end reads are included.                                          ||
||    Total alignments : 15000000                                             ||
||    Successfully assigned alignments : 501005 (3.3%)                        ||
||    Running time : 0.02 minutes                                             ||
||                                                                            ||
|| Process BAM file 023_BXD84_SD_full.co.bam...                               ||
||    Single-end reads are included.                                          ||
||    Total alignments : 36860800                                             ||
||    Successfully assigned alignments : 2214458 (6.0%)                       ||
||    Running time : 0.03 minutes                                             ||
||                                                                            ||
|| Process BAM file 023_BXD84_SD_sub1.co.bam...                               ||
||    Single-end reads are included.                                          ||
||    Total alignments : 20000000                                             ||
||    Successfully assigned alignments : 1201171 (6.0%)                       ||
||    Running time : 0.02 minutes                                             ||
||                                                                            ||
|| Process BAM file 023_BXD84_SD_sub2.co.bam...                               ||
||    Single-end reads are included.                                          ||
||    Total alignments : 15000000                                             ||
||    Successfully assigned alignments : 901010 (6.0%)                        ||
||    Running time : 0.02 minutes                                             ||
||                                                                            ||
|| Process BAM file 024_BXD84_CTRL_full.co.bam...                             ||
||    Single-end reads are included.                                          ||
||    Total alignments : 34204054                                             ||
||    Successfully assigned alignments : 2051403 (6.0%)                       ||
||    Running time : 0.03 minutes                                             ||
||                                                                            ||
|| Process BAM file 024_BXD84_CTRL_sub1.co.bam...                             ||
||    Single-end reads are included.                                          ||
||    Total alignments : 20000000                                             ||
||    Successfully assigned alignments : 1200289 (6.0%)                       ||
||    Running time : 0.02 minutes                                             ||
||                                                                            ||
|| Process BAM file 024_BXD84_CTRL_sub2.co.bam...                             ||
||    Single-end reads are included.                                          ||
||    Total alignments : 15000000                                             ||
||    Successfully assigned alignments : 899146 (6.0%)                        ||
||    Running time : 0.02 minutes                                             ||
||                                                                            ||
|| Process BAM file 025_BXD89_SD_full.co.bam...                               ||
||    Single-end reads are included.                                          ||
||    Total alignments : 60237706                                             ||
||    Successfully assigned alignments : 2835687 (4.7%)                       ||
||    Running time : 0.06 minutes                                             ||
||                                                                            ||
|| Process BAM file 025_BXD89_SD_sub1.co.bam...                               ||
||    Single-end reads are included.                                          ||
||    Total alignments : 20000000                                             ||
||    Successfully assigned alignments : 941432 (4.7%)                        ||
||    Running time : 0.02 minutes                                             ||
||                                                                            ||
|| Process BAM file 025_BXD89_SD_sub2.co.bam...                               ||
||    Single-end reads are included.                                          ||
||    Total alignments : 15000000                                             ||
||    Successfully assigned alignments : 706172 (4.7%)                        ||
||    Running time : 0.02 minutes                                             ||
||                                                                            ||
|| Process BAM file 026_BXD89_CTRL_full.co.bam...                             ||
||    Single-end reads are included.                                          ||
||    Total alignments : 37816209                                             ||
||    Successfully assigned alignments : 3008710 (8.0%)                       ||
||    Running time : 0.03 minutes                                             ||
||                                                                            ||
|| Process BAM file 026_BXD89_CTRL_sub1.co.bam...                             ||
||    Single-end reads are included.                                          ||
||    Total alignments : 20000000                                             ||
||    Successfully assigned alignments : 1591500 (8.0%)                       ||
||    Running time : 0.02 minutes                                             ||
||                                                                            ||
|| Process BAM file 026_BXD89_CTRL_sub2.co.bam...                             ||
||    Single-end reads are included.                                          ||
||    Total alignments : 15000000                                             ||
||    Successfully assigned alignments : 1193724 (8.0%)                       ||
||    Running time : 0.02 minutes                                             ||
||                                                                            ||
|| Process BAM file 027_65a_SD_full.co.bam...                                 ||
||    Single-end reads are included.                                          ||
||    Total alignments : 42111761                                             ||
||    Successfully assigned alignments : 1915456 (4.5%)                       ||
||    Running time : 0.04 minutes                                             ||
||                                                                            ||
|| Process BAM file 027_65a_SD_sub1.co.bam...                                 ||
||    Single-end reads are included.                                          ||
||    Total alignments : 20000000                                             ||
||    Successfully assigned alignments : 910570 (4.6%)                        ||
||    Running time : 0.02 minutes                                             ||
||                                                                            ||
|| Process BAM file 027_65a_SD_sub2.co.bam...                                 ||
||    Single-end reads are included.                                          ||
||    Total alignments : 15000000                                             ||
||    Successfully assigned alignments : 681686 (4.5%)                        ||
||    Running time : 0.02 minutes                                             ||
||                                                                            ||
|| Process BAM file 028_65a_CTRL_full.co.bam...                               ||
||    Single-end reads are included.                                          ||
||    Total alignments : 47860238                                             ||
||    Successfully assigned alignments : 3162293 (6.6%)                       ||
||    Running time : 0.04 minutes                                             ||
||                                                                            ||
|| Process BAM file 028_65a_CTRL_sub1.co.bam...                               ||
||    Single-end reads are included.                                          ||
||    Total alignments : 20000000                                             ||
||    Successfully assigned alignments : 1321200 (6.6%)                       ||
||    Running time : 0.02 minutes                                             ||
||                                                                            ||
|| Process BAM file 028_65a_CTRL_sub2.co.bam...                               ||
||    Single-end reads are included.                                          ||
||    Total alignments : 15000000                                             ||
||    Successfully assigned alignments : 991618 (6.6%)                        ||
||    Running time : 0.02 minutes                                             ||
||                                                                            ||
|| Process BAM file 029_BXD100_SD_full.co.bam...                              ||
||    Single-end reads are included.                                          ||
||    Total alignments : 39621388                                             ||
||    Successfully assigned alignments : 2256429 (5.7%)                       ||
||    Running time : 0.04 minutes                                             ||
||                                                                            ||
|| Process BAM file 029_BXD100_SD_sub1.co.bam...                              ||
||    Single-end reads are included.                                          ||
||    Total alignments : 20000000                                             ||
||    Successfully assigned alignments : 1138651 (5.7%)                       ||
||    Running time : 0.02 minutes                                             ||
||                                                                            ||
|| Process BAM file 029_BXD100_SD_sub2.co.bam...                              ||
||    Single-end reads are included.                                          ||
||    Total alignments : 15000000                                             ||
||    Successfully assigned alignments : 854114 (5.7%)                        ||
||    Running time : 0.02 minutes                                             ||
||                                                                            ||
|| Process BAM file 030_BXD100_CTRL_full.co.bam...                            ||
||    Single-end reads are included.                                          ||
||    Total alignments : 41255383                                             ||
||    Successfully assigned alignments : 1912963 (4.6%)                       ||
||    Running time : 0.04 minutes                                             ||
||                                                                            ||
|| Process BAM file 030_BXD100_CTRL_sub1.co.bam...                            ||
||    Single-end reads are included.                                          ||
||    Total alignments : 20000000                                             ||
||    Successfully assigned alignments : 926202 (4.6%)                        ||
||    Running time : 0.02 minutes                                             ||
||                                                                            ||
|| Process BAM file 030_BXD100_CTRL_sub2.co.bam...                            ||
||    Single-end reads are included.                                          ||
||    Total alignments : 15000000                                             ||
||    Successfully assigned alignments : 696059 (4.6%)                        ||
||    Running time : 0.02 minutes                                             ||
||                                                                            ||
|| Process BAM file 031_BXD101_SD_full.co.bam...                              ||
||    Single-end reads are included.                                          ||
||    Total alignments : 38870513                                             ||
||    Successfully assigned alignments : 2105392 (5.4%)                       ||
||    Running time : 0.04 minutes                                             ||
||                                                                            ||
|| Process BAM file 031_BXD101_SD_sub1.co.bam...                              ||
||    Single-end reads are included.                                          ||
||    Total alignments : 20000000                                             ||
||    Successfully assigned alignments : 1083942 (5.4%)                       ||
||    Running time : 0.02 minutes                                             ||
||                                                                            ||
|| Process BAM file 031_BXD101_SD_sub2.co.bam...                              ||
||    Single-end reads are included.                                          ||
||    Total alignments : 15000000                                             ||
||    Successfully assigned alignments : 812689 (5.4%)                        ||
||    Running time : 0.02 minutes                                             ||
||                                                                            ||
|| Process BAM file 032_BXD101_CTRL_full.co.bam...                            ||
||    Single-end reads are included.                                          ||
||    Total alignments : 36680683                                             ||
||    Successfully assigned alignments : 2270597 (6.2%)                       ||
||    Running time : 0.04 minutes                                             ||
||                                                                            ||
|| Process BAM file 032_BXD101_CTRL_sub1.co.bam...                            ||
||    Single-end reads are included.                                          ||
||    Total alignments : 20000000                                             ||
||    Successfully assigned alignments : 1237309 (6.2%)                       ||
||    Running time : 0.02 minutes                                             ||
||                                                                            ||
|| Process BAM file 032_BXD101_CTRL_sub2.co.bam...                            ||
||    Single-end reads are included.                                          ||
||    Total alignments : 15000000                                             ||
||    Successfully assigned alignments : 927669 (6.2%)                        ||
||    Running time : 0.02 minutes                                             ||
||                                                                            ||
|| Process BAM file 033_C57Bl6_SD_full.co.bam...                              ||
||    Single-end reads are included.                                          ||
||    Total alignments : 37761902                                             ||
||    Successfully assigned alignments : 1308786 (3.5%)                       ||
||    Running time : 0.04 minutes                                             ||
||                                                                            ||
|| Process BAM file 033_C57Bl6_SD_sub1.co.bam...                              ||
||    Single-end reads are included.                                          ||
||    Total alignments : 20000000                                             ||
||    Successfully assigned alignments : 692663 (3.5%)                        ||
||    Running time : 0.02 minutes                                             ||
||                                                                            ||
|| Process BAM file 033_C57Bl6_SD_sub2.co.bam...                              ||
||    Single-end reads are included.                                          ||
||    Total alignments : 15000000                                             ||
||    Successfully assigned alignments : 521158 (3.5%)                        ||
||    Running time : 0.02 minutes                                             ||
||                                                                            ||
|| Process BAM file 034_C57Bl6_CTRL_full.co.bam...                            ||
||    Single-end reads are included.                                          ||
||    Total alignments : 40417112                                             ||
||    Successfully assigned alignments : 1148878 (2.8%)                       ||
||    Running time : 0.04 minutes                                             ||
||                                                                            ||
|| Process BAM file 034_C57Bl6_CTRL_sub1.co.bam...                            ||
||    Single-end reads are included.                                          ||
||    Total alignments : 20000000                                             ||
||    Successfully assigned alignments : 568558 (2.8%)                        ||
||    Running time : 0.02 minutes                                             ||
||                                                                            ||
|| Process BAM file 034_C57Bl6_CTRL_sub2.co.bam...                            ||
||    Single-end reads are included.                                          ||
||    Total alignments : 15000000                                             ||
||    Successfully assigned alignments : 426890 (2.8%)                        ||
||    Running time : 0.02 minutes                                             ||
||                                                                            ||
|| Process BAM file 035_DBA_SD_full.co.bam...                                 ||
||    Single-end reads are included.                                          ||
||    Total alignments : 42182105                                             ||
||    Successfully assigned alignments : 1638987 (3.9%)                       ||
||    Running time : 0.04 minutes                                             ||
||                                                                            ||
|| Process BAM file 035_DBA_SD_sub1.co.bam...                                 ||
||    Single-end reads are included.                                          ||
||    Total alignments : 20000000                                             ||
||    Successfully assigned alignments : 777218 (3.9%)                        ||
||    Running time : 0.02 minutes                                             ||
||                                                                            ||
|| Process BAM file 035_DBA_SD_sub2.co.bam...                                 ||
||    Single-end reads are included.                                          ||
||    Total alignments : 15000000                                             ||
||    Successfully assigned alignments : 582288 (3.9%)                        ||
||    Running time : 0.02 minutes                                             ||
||                                                                            ||
|| Process BAM file 036_DBA_CTRL_full.co.bam...                               ||
||    Single-end reads are included.                                          ||
||    Total alignments : 39872011                                             ||
||    Successfully assigned alignments : 1135633 (2.8%)                       ||
||    Running time : 0.04 minutes                                             ||
||                                                                            ||
|| Process BAM file 036_DBA_CTRL_sub1.co.bam...                               ||
||    Single-end reads are included.                                          ||
||    Total alignments : 20000000                                             ||
||    Successfully assigned alignments : 569585 (2.8%)                        ||
||    Running time : 0.02 minutes                                             ||
||                                                                            ||
|| Process BAM file 036_DBA_CTRL_sub2.co.bam...                               ||
||    Single-end reads are included.                                          ||
||    Total alignments : 15000000                                             ||
||    Successfully assigned alignments : 426478 (2.8%)                        ||
||    Running time : 0.02 minutes                                             ||
||                                                                            ||
|| Process BAM file 037_BXD48_SD_full.co.bam...                               ||
||    Single-end reads are included.                                          ||
||    Total alignments : 34981733                                             ||
||    Successfully assigned alignments : 1272803 (3.6%)                       ||
||    Running time : 0.03 minutes                                             ||
||                                                                            ||
|| Process BAM file 037_BXD48_SD_sub1.co.bam...                               ||
||    Single-end reads are included.                                          ||
||    Total alignments : 20000000                                             ||
||    Successfully assigned alignments : 728380 (3.6%)                        ||
||    Running time : 0.02 minutes                                             ||
||                                                                            ||
|| Process BAM file 037_BXD48_SD_sub2.co.bam...                               ||
||    Single-end reads are included.                                          ||
||    Total alignments : 15000000                                             ||
||    Successfully assigned alignments : 546039 (3.6%)                        ||
||    Running time : 0.02 minutes                                             ||
||                                                                            ||
|| Process BAM file 038_BXD49_SD_full.co.bam...                               ||
||    Single-end reads are included.                                          ||
||    Total alignments : 35185133                                             ||
||    Successfully assigned alignments : 1427594 (4.1%)                       ||
||    Running time : 0.03 minutes                                             ||
||                                                                            ||
|| Process BAM file 038_BXD49_SD_sub1.co.bam...                               ||
||    Single-end reads are included.                                          ||
||    Total alignments : 20000000                                             ||
||    Successfully assigned alignments : 811710 (4.1%)                        ||
||    Running time : 0.02 minutes                                             ||
||                                                                            ||
|| Process BAM file 038_BXD49_SD_sub2.co.bam...                               ||
||    Single-end reads are included.                                          ||
||    Total alignments : 15000000                                             ||
||    Successfully assigned alignments : 608817 (4.1%)                        ||
||    Running time : 0.02 minutes                                             ||
||                                                                            ||
|| Process BAM file 039_BXD48_CTRL_full.co.bam...                             ||
||    Single-end reads are included.                                          ||
||    Total alignments : 33113278                                             ||
||    Successfully assigned alignments : 1597168 (4.8%)                       ||
||    Running time : 0.03 minutes                                             ||
||                                                                            ||
|| Process BAM file 039_BXD48_CTRL_sub1.co.bam...                             ||
||    Single-end reads are included.                                          ||
||    Total alignments : 20000000                                             ||
||    Successfully assigned alignments : 963927 (4.8%)                        ||
||    Running time : 0.02 minutes                                             ||
||                                                                            ||
|| Process BAM file 039_BXD48_CTRL_sub2.co.bam...                             ||
||    Single-end reads are included.                                          ||
||    Total alignments : 15000000                                             ||
||    Successfully assigned alignments : 723581 (4.8%)                        ||
||    Running time : 0.02 minutes                                             ||
||                                                                            ||
|| Process BAM file 040_BXD49_CTRL_full.co.bam...                             ||
||    Single-end reads are included.                                          ||
||    Total alignments : 35659975                                             ||
||    Successfully assigned alignments : 1184454 (3.3%)                       ||
||    Running time : 0.03 minutes                                             ||
||                                                                            ||
|| Process BAM file 040_BXD49_CTRL_sub1.co.bam...                             ||
||    Single-end reads are included.                                          ||
||    Total alignments : 20000000                                             ||
||    Successfully assigned alignments : 664560 (3.3%)                        ||
||    Running time : 0.02 minutes                                             ||
||                                                                            ||
|| Process BAM file 040_BXD49_CTRL_sub2.co.bam...                             ||
||    Single-end reads are included.                                          ||
||    Total alignments : 15000000                                             ||
||    Successfully assigned alignments : 497815 (3.3%)                        ||
||    Running time : 0.02 minutes                                             ||
||                                                                            ||
|| Process BAM file 041_BXD50_SD_full.co.bam...                               ||
||    Single-end reads are included.                                          ||
||    Total alignments : 42111041                                             ||
||    Successfully assigned alignments : 1671489 (4.0%)                       ||
||    Running time : 0.04 minutes                                             ||
||                                                                            ||
|| Process BAM file 041_BXD50_SD_sub1.co.bam...                               ||
||    Single-end reads are included.                                          ||
||    Total alignments : 20000000                                             ||
||    Successfully assigned alignments : 793952 (4.0%)                        ||
||    Running time : 0.02 minutes                                             ||
||                                                                            ||
|| Process BAM file 041_BXD50_SD_sub2.co.bam...                               ||
||    Single-end reads are included.                                          ||
||    Total alignments : 15000000                                             ||
||    Successfully assigned alignments : 595374 (4.0%)                        ||
||    Running time : 0.02 minutes                                             ||
||                                                                            ||
|| Process BAM file 042_BXD50_CTRL_full.co.bam...                             ||
||    Single-end reads are included.                                          ||
||    Total alignments : 41225005                                             ||
||    Successfully assigned alignments : 1325665 (3.2%)                       ||
||    Running time : 0.04 minutes                                             ||
||                                                                            ||
|| Process BAM file 042_BXD50_CTRL_sub1.co.bam...                             ||
||    Single-end reads are included.                                          ||
||    Total alignments : 20000000                                             ||
||    Successfully assigned alignments : 643421 (3.2%)                        ||
||    Running time : 0.02 minutes                                             ||
||                                                                            ||
|| Process BAM file 042_BXD50_CTRL_sub2.co.bam...                             ||
||    Single-end reads are included.                                          ||
||    Total alignments : 15000000                                             ||
||    Successfully assigned alignments : 482365 (3.2%)                        ||
||    Running time : 0.02 minutes                                             ||
||                                                                            ||
|| Process BAM file 043_BXD51_SD_full.co.bam...                               ||
||    Single-end reads are included.                                          ||
||    Total alignments : 52693184                                             ||
||    Successfully assigned alignments : 1717466 (3.3%)                       ||
||    Running time : 0.05 minutes                                             ||
||                                                                            ||
|| Process BAM file 043_BXD51_SD_sub1.co.bam...                               ||
||    Single-end reads are included.                                          ||
||    Total alignments : 20000000                                             ||
||    Successfully assigned alignments : 651471 (3.3%)                        ||
||    Running time : 0.03 minutes                                             ||
||                                                                            ||
|| Process BAM file 043_BXD51_SD_sub2.co.bam...                               ||
||    Single-end reads are included.                                          ||
||    Total alignments : 15000000                                             ||
||    Successfully assigned alignments : 488522 (3.3%)                        ||
||    Running time : 0.02 minutes                                             ||
||                                                                            ||
|| Process BAM file 044_BXD51_CTRL_full.co.bam...                             ||
||    Single-end reads are included.                                          ||
||    Total alignments : 36413529                                             ||
||    Successfully assigned alignments : 1293746 (3.6%)                       ||
||    Running time : 0.04 minutes                                             ||
||                                                                            ||
|| Process BAM file 044_BXD51_CTRL_sub1.co.bam...                             ||
||    Single-end reads are included.                                          ||
||    Total alignments : 20000000                                             ||
||    Successfully assigned alignments : 710414 (3.6%)                        ||
||    Running time : 0.02 minutes                                             ||
||                                                                            ||
|| Process BAM file 044_BXD51_CTRL_sub2.co.bam...                             ||
||    Single-end reads are included.                                          ||
||    Total alignments : 15000000                                             ||
||    Successfully assigned alignments : 532753 (3.6%)                        ||
||    Running time : 0.02 minutes                                             ||
||                                                                            ||
|| Process BAM file 045_BXD56_SD_full.co.bam...                               ||
||    Single-end reads are included.                                          ||
||    Total alignments : 17358514                                             ||
||    Successfully assigned alignments : 999124 (5.8%)                        ||
||    Running time : 0.02 minutes                                             ||
||                                                                            ||
|| Process BAM file 045_BXD56_SD_sub1.co.bam...                               ||
||    Single-end reads are included.                                          ||
||    Total alignments : 17358514                                             ||
||    Successfully assigned alignments : 999124 (5.8%)                        ||
||    Running time : 0.02 minutes                                             ||
||                                                                            ||
|| Process BAM file 045_BXD56_SD_sub2.co.bam...                               ||
||    Single-end reads are included.                                          ||
||    Total alignments : 15000000                                             ||
||    Successfully assigned alignments : 863154 (5.8%)                        ||
||    Running time : 0.02 minutes                                             ||
||                                                                            ||
|| Process BAM file 046_BXD56_CTRL_full.co.bam...                             ||
||    Single-end reads are included.                                          ||
||    Total alignments : 79120615                                             ||
||    Successfully assigned alignments : 3034363 (3.8%)                       ||
||    Running time : 0.07 minutes                                             ||
||                                                                            ||
|| Process BAM file 046_BXD56_CTRL_sub1.co.bam...                             ||
||    Single-end reads are included.                                          ||
||    Total alignments : 20000000                                             ||
||    Successfully assigned alignments : 766848 (3.8%)                        ||
||    Running time : 0.02 minutes                                             ||
||                                                                            ||
|| Process BAM file 046_BXD56_CTRL_sub2.co.bam...                             ||
||    Single-end reads are included.                                          ||
||    Total alignments : 15000000                                             ||
||    Successfully assigned alignments : 575156 (3.8%)                        ||
||    Running time : 0.02 minutes                                             ||
||                                                                            ||
|| Process BAM file 047_BXD64_SD_full.co.bam...                               ||
||    Single-end reads are included.                                          ||
||    Total alignments : 41538693                                             ||
||    Successfully assigned alignments : 1183207 (2.8%)                       ||
||    Running time : 0.04 minutes                                             ||
||                                                                            ||
|| Process BAM file 047_BXD64_SD_sub1.co.bam...                               ||
||    Single-end reads are included.                                          ||
||    Total alignments : 20000000                                             ||
||    Successfully assigned alignments : 569582 (2.8%)                        ||
||    Running time : 0.02 minutes                                             ||
||                                                                            ||
|| Process BAM file 047_BXD64_SD_sub2.co.bam...                               ||
||    Single-end reads are included.                                          ||
||    Total alignments : 15000000                                             ||
||    Successfully assigned alignments : 428419 (2.9%)                        ||
||    Running time : 0.02 minutes                                             ||
||                                                                            ||
|| Process BAM file 048_BXD64_CTRL_full.co.bam...                             ||
||    Single-end reads are included.                                          ||
||    Total alignments : 42591652                                             ||
||    Successfully assigned alignments : 1373898 (3.2%)                       ||
||    Running time : 0.04 minutes                                             ||
||                                                                            ||
|| Process BAM file 048_BXD64_CTRL_sub1.co.bam...                             ||
||    Single-end reads are included.                                          ||
||    Total alignments : 20000000                                             ||
||    Successfully assigned alignments : 645299 (3.2%)                        ||
||    Running time : 0.02 minutes                                             ||
||                                                                            ||
|| Process BAM file 048_BXD64_CTRL_sub2.co.bam...                             ||
||    Single-end reads are included.                                          ||
||    Total alignments : 15000000                                             ||
||    Successfully assigned alignments : 482440 (3.2%)                        ||
||    Running time : 0.02 minutes                                             ||
||                                                                            ||
|| Process BAM file 049_BXD65_SD_full.co.bam...                               ||
||    Single-end reads are included.                                          ||
||    Total alignments : 39631627                                             ||
||    Successfully assigned alignments : 2227083 (5.6%)                       ||
||    Running time : 0.04 minutes                                             ||
||                                                                            ||
|| Process BAM file 049_BXD65_SD_sub1.co.bam...                               ||
||    Single-end reads are included.                                          ||
||    Total alignments : 20000000                                             ||
||    Successfully assigned alignments : 1122279 (5.6%)                       ||
||    Running time : 0.02 minutes                                             ||
||                                                                            ||
|| Process BAM file 049_BXD65_SD_sub2.co.bam...                               ||
||    Single-end reads are included.                                          ||
||    Total alignments : 15000000                                             ||
||    Successfully assigned alignments : 843884 (5.6%)                        ||
||    Running time : 0.02 minutes                                             ||
||                                                                            ||
|| Process BAM file 050_BXD65_CTRL_full.co.bam...                             ||
||    Single-end reads are included.                                          ||
||    Total alignments : 37949239                                             ||
||    Successfully assigned alignments : 1862888 (4.9%)                       ||
||    Running time : 0.04 minutes                                             ||
||                                                                            ||
|| Process BAM file 050_BXD65_CTRL_sub1.co.bam...                             ||
||    Single-end reads are included.                                          ||
||    Total alignments : 20000000                                             ||
||    Successfully assigned alignments : 982283 (4.9%)                        ||
||    Running time : 0.02 minutes                                             ||
||                                                                            ||
|| Process BAM file 050_BXD65_CTRL_sub2.co.bam...                             ||
||    Single-end reads are included.                                          ||
||    Total alignments : 15000000                                             ||
||    Successfully assigned alignments : 737489 (4.9%)                        ||
||    Running time : 0.02 minutes                                             ||
||                                                                            ||
|| Process BAM file 051_BXD66_SD_full.co.bam...                               ||
||    Single-end reads are included.                                          ||
||    Total alignments : 44809108                                             ||
||    Successfully assigned alignments : 2552975 (5.7%)                       ||
||    Running time : 0.04 minutes                                             ||
||                                                                            ||
|| Process BAM file 051_BXD66_SD_sub1.co.bam...                               ||
||    Single-end reads are included.                                          ||
||    Total alignments : 20000000                                             ||
||    Successfully assigned alignments : 1138400 (5.7%)                       ||
||    Running time : 0.03 minutes                                             ||
||                                                                            ||
|| Process BAM file 051_BXD66_SD_sub2.co.bam...                               ||
||    Single-end reads are included.                                          ||
||    Total alignments : 15000000                                             ||
||    Successfully assigned alignments : 856491 (5.7%)                        ||
||    Running time : 0.02 minutes                                             ||
||                                                                            ||
|| Process BAM file 052_BXD66_CTRL_full.co.bam...                             ||
||    Single-end reads are included.                                          ||
||    Total alignments : 33932832                                             ||
||    Successfully assigned alignments : 2176661 (6.4%)                       ||
||    Running time : 0.03 minutes                                             ||
||                                                                            ||
|| Process BAM file 052_BXD66_CTRL_sub1.co.bam...                             ||
||    Single-end reads are included.                                          ||
||    Total alignments : 20000000                                             ||
||    Successfully assigned alignments : 1283284 (6.4%)                       ||
||    Running time : 0.02 minutes                                             ||
||                                                                            ||
|| Process BAM file 052_BXD66_CTRL_sub2.co.bam...                             ||
||    Single-end reads are included.                                          ||
||    Total alignments : 15000000                                             ||
||    Successfully assigned alignments : 961494 (6.4%)                        ||
||    Running time : 0.02 minutes                                             ||
||                                                                            ||
|| Process BAM file 053_BXD71_SD_full.co.bam...                               ||
||    Single-end reads are included.                                          ||
||    Total alignments : 70290052                                             ||
||    Successfully assigned alignments : 3719675 (5.3%)                       ||
||    Running time : 0.06 minutes                                             ||
||                                                                            ||
|| Process BAM file 053_BXD71_SD_sub1.co.bam...                               ||
||    Single-end reads are included.                                          ||
||    Total alignments : 20000000                                             ||
||    Successfully assigned alignments : 1058494 (5.3%)                       ||
||    Running time : 0.02 minutes                                             ||
||                                                                            ||
|| Process BAM file 053_BXD71_SD_sub2.co.bam...                               ||
||    Single-end reads are included.                                          ||
||    Total alignments : 15000000                                             ||
||    Successfully assigned alignments : 791400 (5.3%)                        ||
||    Running time : 0.02 minutes                                             ||
||                                                                            ||
|| Process BAM file 054_BXD71_CTRL_full.co.bam...                             ||
||    Single-end reads are included.                                          ||
||    Total alignments : 51810696                                             ||
||    Successfully assigned alignments : 3242949 (6.3%)                       ||
||    Running time : 0.05 minutes                                             ||
||                                                                            ||
|| Process BAM file 054_BXD71_CTRL_sub1.co.bam...                             ||
||    Single-end reads are included.                                          ||
||    Total alignments : 20000000                                             ||
||    Successfully assigned alignments : 1251927 (6.3%)                       ||
||    Running time : 0.02 minutes                                             ||
||                                                                            ||
|| Process BAM file 054_BXD71_CTRL_sub2.co.bam...                             ||
||    Single-end reads are included.                                          ||
||    Total alignments : 15000000                                             ||
||    Successfully assigned alignments : 937975 (6.3%)                        ||
||    Running time : 0.02 minutes                                             ||
||                                                                            ||
|| Process BAM file 055_BXD73_SD_full.co.bam...                               ||
||    Single-end reads are included.                                          ||
||    Total alignments : 47227972                                             ||
||    Successfully assigned alignments : 1383366 (2.9%)                       ||
||    Running time : 0.05 minutes                                             ||
||                                                                            ||
|| Process BAM file 055_BXD73_SD_sub1.co.bam...                               ||
||    Single-end reads are included.                                          ||
||    Total alignments : 20000000                                             ||
||    Successfully assigned alignments : 586698 (2.9%)                        ||
||    Running time : 0.02 minutes                                             ||
||                                                                            ||
|| Process BAM file 055_BXD73_SD_sub2.co.bam...                               ||
||    Single-end reads are included.                                          ||
||    Total alignments : 15000000                                             ||
||    Successfully assigned alignments : 440041 (2.9%)                        ||
||    Running time : 0.02 minutes                                             ||
||                                                                            ||
|| Process BAM file 056_BXD73_CTRL_full.co.bam...                             ||
||    Single-end reads are included.                                          ||
||    Total alignments : 48871489                                             ||
||    Successfully assigned alignments : 2010480 (4.1%)                       ||
||    Running time : 0.05 minutes                                             ||
||                                                                            ||
|| Process BAM file 056_BXD73_CTRL_sub1.co.bam...                             ||
||    Single-end reads are included.                                          ||
||    Total alignments : 20000000                                             ||
||    Successfully assigned alignments : 822888 (4.1%)                        ||
||    Running time : 0.02 minutes                                             ||
||                                                                            ||
|| Process BAM file 056_BXD73_CTRL_sub2.co.bam...                             ||
||    Single-end reads are included.                                          ||
||    Total alignments : 15000000                                             ||
||    Successfully assigned alignments : 617740 (4.1%)                        ||
||    Running time : 0.02 minutes                                             ||
||                                                                            ||
|| Process BAM file 057_BXD75_SD_full.co.bam...                               ||
||    Single-end reads are included.                                          ||
||    Total alignments : 50499605                                             ||
||    Successfully assigned alignments : 2923754 (5.8%)                       ||
||    Running time : 0.05 minutes                                             ||
||                                                                            ||
|| Process BAM file 057_BXD75_SD_sub1.co.bam...                               ||
||    Single-end reads are included.                                          ||
||    Total alignments : 20000000                                             ||
||    Successfully assigned alignments : 1158224 (5.8%)                       ||
||    Running time : 0.03 minutes                                             ||
||                                                                            ||
|| Process BAM file 057_BXD75_SD_sub2.co.bam...                               ||
||    Single-end reads are included.                                          ||
||    Total alignments : 15000000                                             ||
||    Successfully assigned alignments : 868028 (5.8%)                        ||
||    Running time : 0.02 minutes                                             ||
||                                                                            ||
|| Process BAM file 058_BXD75_CTRL_full.co.bam...                             ||
||    Single-end reads are included.                                          ||
||    Total alignments : 47896745                                             ||
||    Successfully assigned alignments : 2482135 (5.2%)                       ||
||    Running time : 0.05 minutes                                             ||
||                                                                            ||
|| Process BAM file 058_BXD75_CTRL_sub1.co.bam...                             ||
||    Single-end reads are included.                                          ||
||    Total alignments : 20000000                                             ||
||    Successfully assigned alignments : 1036550 (5.2%)                       ||
||    Running time : 0.02 minutes                                             ||
||                                                                            ||
|| Process BAM file 058_BXD75_CTRL_sub2.co.bam...                             ||
||    Single-end reads are included.                                          ||
||    Total alignments : 15000000                                             ||
||    Successfully assigned alignments : 777256 (5.2%)                        ||
||    Running time : 0.02 minutes                                             ||
||                                                                            ||
|| Process BAM file 059_BXD81_SD_full.co.bam...                               ||
||    Single-end reads are included.                                          ||
||    Total alignments : 44160318                                             ||
||    Successfully assigned alignments : 3159241 (7.2%)                       ||
||    Running time : 0.04 minutes                                             ||
||                                                                            ||
|| Process BAM file 059_BXD81_SD_sub1.co.bam...                               ||
||    Single-end reads are included.                                          ||
||    Total alignments : 20000000                                             ||
||    Successfully assigned alignments : 1430136 (7.2%)                       ||
||    Running time : 0.02 minutes                                             ||
||                                                                            ||
|| Process BAM file 059_BXD81_SD_sub2.co.bam...                               ||
||    Single-end reads are included.                                          ||
||    Total alignments : 15000000                                             ||
||    Successfully assigned alignments : 1073532 (7.2%)                       ||
||    Running time : 0.02 minutes                                             ||
||                                                                            ||
|| Process BAM file 060_BXD81_CTRL_full.co.bam...                             ||
||    Single-end reads are included.                                          ||
||    Total alignments : 39183633                                             ||
||    Successfully assigned alignments : 2537859 (6.5%)                       ||
||    Running time : 0.04 minutes                                             ||
||                                                                            ||
|| Process BAM file 060_BXD81_CTRL_sub1.co.bam...                             ||
||    Single-end reads are included.                                          ||
||    Total alignments : 20000000                                             ||
||    Successfully assigned alignments : 1295956 (6.5%)                       ||
||    Running time : 0.02 minutes                                             ||
||                                                                            ||
|| Process BAM file 060_BXD81_CTRL_sub2.co.bam...                             ||
||    Single-end reads are included.                                          ||
||    Total alignments : 15000000                                             ||
||    Successfully assigned alignments : 970852 (6.5%)                        ||
||    Running time : 0.02 minutes                                             ||
||                                                                            ||
|| Process BAM file 061_BXD90_SD_full.co.bam...                               ||
||    Single-end reads are included.                                          ||
||    Total alignments : 47534592                                             ||
||    Successfully assigned alignments : 2239878 (4.7%)                       ||
||    Running time : 0.05 minutes                                             ||
||                                                                            ||
|| Process BAM file 061_BXD90_SD_sub1.co.bam...                               ||
||    Single-end reads are included.                                          ||
||    Total alignments : 20000000                                             ||
||    Successfully assigned alignments : 943068 (4.7%)                        ||
||    Running time : 0.02 minutes                                             ||
||                                                                            ||
|| Process BAM file 061_BXD90_SD_sub2.co.bam...                               ||
||    Single-end reads are included.                                          ||
||    Total alignments : 15000000                                             ||
||    Successfully assigned alignments : 706521 (4.7%)                        ||
||    Running time : 0.02 minutes                                             ||
||                                                                            ||
|| Process BAM file 062_BXD90_CTRL_full.co.bam...                             ||
||    Single-end reads are included.                                          ||
||    Total alignments : 41240347                                             ||
||    Successfully assigned alignments : 2863460 (6.9%)                       ||
||    Running time : 0.04 minutes                                             ||
||                                                                            ||
|| Process BAM file 062_BXD90_CTRL_sub1.co.bam...                             ||
||    Single-end reads are included.                                          ||
||    Total alignments : 20000000                                             ||
||    Successfully assigned alignments : 1387642 (6.9%)                       ||
||    Running time : 0.02 minutes                                             ||
||                                                                            ||
|| Process BAM file 062_BXD90_CTRL_sub2.co.bam...                             ||
||    Single-end reads are included.                                          ||
||    Total alignments : 15000000                                             ||
||    Successfully assigned alignments : 1041440 (6.9%)                       ||
||    Running time : 0.02 minutes                                             ||
||                                                                            ||
|| Process BAM file 063_BXD95_SD_full.co.bam...                               ||
||    Single-end reads are included.                                          ||
||    Total alignments : 45674616                                             ||
||    Successfully assigned alignments : 2476928 (5.4%)                       ||
||    Running time : 0.04 minutes                                             ||
||                                                                            ||
|| Process BAM file 063_BXD95_SD_sub1.co.bam...                               ||
||    Single-end reads are included.                                          ||
||    Total alignments : 20000000                                             ||
||    Successfully assigned alignments : 1085194 (5.4%)                       ||
||    Running time : 0.02 minutes                                             ||
||                                                                            ||
|| Process BAM file 063_BXD95_SD_sub2.co.bam...                               ||
||    Single-end reads are included.                                          ||
||    Total alignments : 15000000                                             ||
||    Successfully assigned alignments : 813979 (5.4%)                        ||
||    Running time : 0.02 minutes                                             ||
||                                                                            ||
|| Process BAM file 064_BXD95_CTRL_full.co.bam...                             ||
||    Single-end reads are included.                                          ||
||    Total alignments : 42426064                                             ||
||    Successfully assigned alignments : 2736058 (6.4%)                       ||
||    Running time : 0.04 minutes                                             ||
||                                                                            ||
|| Process BAM file 064_BXD95_CTRL_sub1.co.bam...                             ||
||    Single-end reads are included.                                          ||
||    Total alignments : 20000000                                             ||
||    Successfully assigned alignments : 1288611 (6.4%)                       ||
||    Running time : 0.02 minutes                                             ||
||                                                                            ||
|| Process BAM file 064_BXD95_CTRL_sub2.co.bam...                             ||
||    Single-end reads are included.                                          ||
||    Total alignments : 15000000                                             ||
||    Successfully assigned alignments : 967020 (6.4%)                        ||
||    Running time : 0.02 minutes                                             ||
||                                                                            ||
|| Process BAM file 065_48a_SD_full.co.bam...                                 ||
||    Single-end reads are included.                                          ||
||    Total alignments : 69554540                                             ||
||    Successfully assigned alignments : 4318794 (6.2%)                       ||
||    Running time : 0.06 minutes                                             ||
||                                                                            ||
|| Process BAM file 065_48a_SD_sub1.co.bam...                                 ||
||    Single-end reads are included.                                          ||
||    Total alignments : 20000000                                             ||
||    Successfully assigned alignments : 1242482 (6.2%)                       ||
||    Running time : 0.02 minutes                                             ||
||                                                                            ||
|| Process BAM file 065_48a_SD_sub2.co.bam...                                 ||
||    Single-end reads are included.                                          ||
||    Total alignments : 15000000                                             ||
||    Successfully assigned alignments : 930633 (6.2%)                        ||
||    Running time : 0.02 minutes                                             ||
||                                                                            ||
|| Process BAM file 066_48a_CTRL_full.co.bam...                               ||
||    Single-end reads are included.                                          ||
||    Total alignments : 56124607                                             ||
||    Successfully assigned alignments : 2246582 (4.0%)                       ||
||    Running time : 0.05 minutes                                             ||
||                                                                            ||
|| Process BAM file 066_48a_CTRL_sub1.co.bam...                               ||
||    Single-end reads are included.                                          ||
||    Total alignments : 20000000                                             ||
||    Successfully assigned alignments : 799622 (4.0%)                        ||
||    Running time : 0.02 minutes                                             ||
||                                                                            ||
|| Process BAM file 066_48a_CTRL_sub2.co.bam...                               ||
||    Single-end reads are included.                                          ||
||    Total alignments : 15000000                                             ||
||    Successfully assigned alignments : 600074 (4.0%)                        ||
||    Running time : 0.02 minutes                                             ||
||                                                                            ||
|| Process BAM file 067_73b_SD_full.co.bam...                                 ||
||    Single-end reads are included.                                          ||
||    Total alignments : 41615440                                             ||
||    Successfully assigned alignments : 1873618 (4.5%)                       ||
||    Running time : 0.04 minutes                                             ||
||                                                                            ||
|| Process BAM file 067_73b_SD_sub1.co.bam...                                 ||
||    Single-end reads are included.                                          ||
||    Total alignments : 20000000                                             ||
||    Successfully assigned alignments : 902399 (4.5%)                        ||
||    Running time : 0.02 minutes                                             ||
||                                                                            ||
|| Process BAM file 067_73b_SD_sub2.co.bam...                                 ||
||    Single-end reads are included.                                          ||
||    Total alignments : 15000000                                             ||
||    Successfully assigned alignments : 675271 (4.5%)                        ||
||    Running time : 0.02 minutes                                             ||
||                                                                            ||
|| Process BAM file 068_73b_CTRL_full.co.bam...                               ||
||    Single-end reads are included.                                          ||
||    Total alignments : 44692826                                             ||
||    Successfully assigned alignments : 1552007 (3.5%)                       ||
||    Running time : 0.04 minutes                                             ||
||                                                                            ||
|| Process BAM file 068_73b_CTRL_sub1.co.bam...                               ||
||    Single-end reads are included.                                          ||
||    Total alignments : 20000000                                             ||
||    Successfully assigned alignments : 694891 (3.5%)                        ||
||    Running time : 0.03 minutes                                             ||
||                                                                            ||
|| Process BAM file 068_73b_CTRL_sub2.co.bam...                               ||
||    Single-end reads are included.                                          ||
||    Total alignments : 15000000                                             ||
||    Successfully assigned alignments : 521592 (3.5%)                        ||
||    Running time : 0.02 minutes                                             ||
||                                                                            ||
|| Process BAM file 069_C57Bl6_SD_full.co.bam...                              ||
||    Single-end reads are included.                                          ||
||    Total alignments : 44167387                                             ||
||    Successfully assigned alignments : 1889220 (4.3%)                       ||
||    Running time : 0.04 minutes                                             ||
||                                                                            ||
|| Process BAM file 069_C57Bl6_SD_sub1.co.bam...                              ||
||    Single-end reads are included.                                          ||
||    Total alignments : 20000000                                             ||
||    Successfully assigned alignments : 855362 (4.3%)                        ||
||    Running time : 0.02 minutes                                             ||
||                                                                            ||
|| Process BAM file 069_C57Bl6_SD_sub2.co.bam...                              ||
||    Single-end reads are included.                                          ||
||    Total alignments : 15000000                                             ||
||    Successfully assigned alignments : 641640 (4.3%)                        ||
||    Running time : 0.02 minutes                                             ||
||                                                                            ||
|| Process BAM file 070_C57Bl6_CTRL_full.co.bam...                            ||
||    Single-end reads are included.                                          ||
||    Total alignments : 34333504                                             ||
||    Successfully assigned alignments : 1361150 (4.0%)                       ||
||    Running time : 0.03 minutes                                             ||
||                                                                            ||
|| Process BAM file 070_C57Bl6_CTRL_sub1.co.bam...                            ||
||    Single-end reads are included.                                          ||
||    Total alignments : 20000000                                             ||
||    Successfully assigned alignments : 792077 (4.0%)                        ||
||    Running time : 0.02 minutes                                             ||
||                                                                            ||
|| Process BAM file 070_C57Bl6_CTRL_sub2.co.bam...                            ||
||    Single-end reads are included.                                          ||
||    Total alignments : 15000000                                             ||
||    Successfully assigned alignments : 595299 (4.0%)                        ||
||    Running time : 0.02 minutes                                             ||
||                                                                            ||
|| Process BAM file 071_DBA_SD_full.co.bam...                                 ||
||    Single-end reads are included.                                          ||
||    Total alignments : 44950232                                             ||
||    Successfully assigned alignments : 2050557 (4.6%)                       ||
||    Running time : 0.04 minutes                                             ||
||                                                                            ||
|| Process BAM file 071_DBA_SD_sub1.co.bam...                                 ||
||    Single-end reads are included.                                          ||
||    Total alignments : 20000000                                             ||
||    Successfully assigned alignments : 912975 (4.6%)                        ||
||    Running time : 0.02 minutes                                             ||
||                                                                            ||
|| Process BAM file 071_DBA_SD_sub2.co.bam...                                 ||
||    Single-end reads are included.                                          ||
||    Total alignments : 15000000                                             ||
||    Successfully assigned alignments : 683840 (4.6%)                        ||
||    Running time : 0.02 minutes                                             ||
||                                                                            ||
|| Process BAM file 072_DBA_CTRL_full.co.bam...                               ||
||    Single-end reads are included.                                          ||
||    Total alignments : 42747901                                             ||
||    Successfully assigned alignments : 1623476 (3.8%)                       ||
||    Running time : 0.04 minutes                                             ||
||                                                                            ||
|| Process BAM file 072_DBA_CTRL_sub1.co.bam...                               ||
||    Single-end reads are included.                                          ||
||    Total alignments : 20000000                                             ||
||    Successfully assigned alignments : 759445 (3.8%)                        ||
||    Running time : 0.02 minutes                                             ||
||                                                                            ||
|| Process BAM file 072_DBA_CTRL_sub2.co.bam...                               ||
||    Single-end reads are included.                                          ||
||    Total alignments : 15000000                                             ||
||    Successfully assigned alignments : 569710 (3.8%)                        ||
||    Running time : 0.02 minutes                                             ||
||                                                                            ||
|| Process BAM file 073_BXD85_SD_full.co.bam...                               ||
||    Single-end reads are included.                                          ||
||    Total alignments : 51723624                                             ||
||    Successfully assigned alignments : 2261273 (4.4%)                       ||
||    Running time : 0.05 minutes                                             ||
||                                                                            ||
|| Process BAM file 073_BXD85_SD_sub1.co.bam...                               ||
||    Single-end reads are included.                                          ||
||    Total alignments : 20000000                                             ||
||    Successfully assigned alignments : 873380 (4.4%)                        ||
||    Running time : 0.03 minutes                                             ||
||                                                                            ||
|| Process BAM file 073_BXD85_SD_sub2.co.bam...                               ||
||    Single-end reads are included.                                          ||
||    Total alignments : 15000000                                             ||
||    Successfully assigned alignments : 656303 (4.4%)                        ||
||    Running time : 0.02 minutes                                             ||
||                                                                            ||
|| Process BAM file 074_BXD85_CTRL_full.co.bam...                             ||
||    Single-end reads are included.                                          ||
||    Total alignments : 56933457                                             ||
||    Successfully assigned alignments : 2856355 (5.0%)                       ||
||    Running time : 0.05 minutes                                             ||
||                                                                            ||
|| Process BAM file 074_BXD85_CTRL_sub1.co.bam...                             ||
||    Single-end reads are included.                                          ||
||    Total alignments : 20000000                                             ||
||    Successfully assigned alignments : 1003588 (5.0%)                       ||
||    Running time : 0.02 minutes                                             ||
||                                                                            ||
|| Process BAM file 074_BXD85_CTRL_sub2.co.bam...                             ||
||    Single-end reads are included.                                          ||
||    Total alignments : 15000000                                             ||
||    Successfully assigned alignments : 752408 (5.0%)                        ||
||    Running time : 0.02 minutes                                             ||
||                                                                            ||
|| Process BAM file 075_BXD43_CTRL_full.co.bam...                             ||
||    Single-end reads are included.                                          ||
||    Total alignments : 44478060                                             ||
||    Successfully assigned alignments : 1604564 (3.6%)                       ||
||    Running time : 0.04 minutes                                             ||
||                                                                            ||
|| Process BAM file 075_BXD43_CTRL_sub1.co.bam...                             ||
||    Single-end reads are included.                                          ||
||    Total alignments : 20000000                                             ||
||    Successfully assigned alignments : 722165 (3.6%)                        ||
||    Running time : 0.02 minutes                                             ||
||                                                                            ||
|| Process BAM file 075_BXD43_CTRL_sub2.co.bam...                             ||
||    Single-end reads are included.                                          ||
||    Total alignments : 15000000                                             ||
||    Successfully assigned alignments : 541590 (3.6%)                        ||
||    Running time : 0.02 minutes                                             ||
||                                                                            ||
|| Process BAM file 076_BXD43_SD_full.co.bam...                               ||
||    Single-end reads are included.                                          ||
||    Total alignments : 44288262                                             ||
||    Successfully assigned alignments : 2155198 (4.9%)                       ||
||    Running time : 0.04 minutes                                             ||
||                                                                            ||
|| Process BAM file 076_BXD43_SD_sub1.co.bam...                               ||
||    Single-end reads are included.                                          ||
||    Total alignments : 20000000                                             ||
||    Successfully assigned alignments : 973425 (4.9%)                        ||
||    Running time : 0.02 minutes                                             ||
||                                                                            ||
|| Process BAM file 076_BXD43_SD_sub2.co.bam...                               ||
||    Single-end reads are included.                                          ||
||    Total alignments : 15000000                                             ||
||    Successfully assigned alignments : 730421 (4.9%)                        ||
||    Running time : 0.02 minutes                                             ||
||                                                                            ||
|| Process BAM file 077_BXD45_CTRL_full.co.bam...                             ||
||    Single-end reads are included.                                          ||
||    Total alignments : 84767468                                             ||
||    Successfully assigned alignments : 2732173 (3.2%)                       ||
||    Running time : 0.07 minutes                                             ||
||                                                                            ||
|| Process BAM file 077_BXD45_CTRL_sub1.co.bam...                             ||
||    Single-end reads are included.                                          ||
||    Total alignments : 20000000                                             ||
||    Successfully assigned alignments : 645055 (3.2%)                        ||
||    Running time : 0.02 minutes                                             ||
||                                                                            ||
|| Process BAM file 077_BXD45_CTRL_sub2.co.bam...                             ||
||    Single-end reads are included.                                          ||
||    Total alignments : 15000000                                             ||
||    Successfully assigned alignments : 483626 (3.2%)                        ||
||    Running time : 0.02 minutes                                             ||
||                                                                            ||
|| Process BAM file 078_BXD45_SD_full.co.bam...                               ||
||    Single-end reads are included.                                          ||
||    Total alignments : 46028855                                             ||
||    Successfully assigned alignments : 1739701 (3.8%)                       ||
||    Running time : 0.04 minutes                                             ||
||                                                                            ||
|| Process BAM file 078_BXD45_SD_sub1.co.bam...                               ||
||    Single-end reads are included.                                          ||
||    Total alignments : 20000000                                             ||
||    Successfully assigned alignments : 754683 (3.8%)                        ||
||    Running time : 0.02 minutes                                             ||
||                                                                            ||
|| Process BAM file 078_BXD45_SD_sub2.co.bam...                               ||
||    Single-end reads are included.                                          ||
||    Total alignments : 15000000                                             ||
||    Successfully assigned alignments : 567160 (3.8%)                        ||
||    Running time : 0.02 minutes                                             ||
||                                                                            ||
|| Process BAM file 079_BXD49_CTRL_full.co.bam...                             ||
||    Single-end reads are included.                                          ||
||    Total alignments : 49708185                                             ||
||    Successfully assigned alignments : 2407676 (4.8%)                       ||
||    Running time : 0.05 minutes                                             ||
||                                                                            ||
|| Process BAM file 079_BXD49_CTRL_sub1.co.bam...                             ||
||    Single-end reads are included.                                          ||
||    Total alignments : 20000000                                             ||
||    Successfully assigned alignments : 968200 (4.8%)                        ||
||    Running time : 0.02 minutes                                             ||
||                                                                            ||
|| Process BAM file 079_BXD49_CTRL_sub2.co.bam...                             ||
||    Single-end reads are included.                                          ||
||    Total alignments : 15000000                                             ||
||    Successfully assigned alignments : 726943 (4.8%)                        ||
||    Running time : 0.02 minutes                                             ||
||                                                                            ||
|| Process BAM file 080_BXD49_SD_full.co.bam...                               ||
||    Single-end reads are included.                                          ||
||    Total alignments : 52031749                                             ||
||    Successfully assigned alignments : 2145328 (4.1%)                       ||
||    Running time : 0.05 minutes                                             ||
||                                                                            ||
|| Process BAM file 080_BXD49_SD_sub1.co.bam...                               ||
||    Single-end reads are included.                                          ||
||    Total alignments : 20000000                                             ||
||    Successfully assigned alignments : 825262 (4.1%)                        ||
||    Running time : 0.02 minutes                                             ||
||                                                                            ||
|| Process BAM file 080_BXD49_SD_sub2.co.bam...                               ||
||    Single-end reads are included.                                          ||
||    Total alignments : 15000000                                             ||
||    Successfully assigned alignments : 618805 (4.1%)                        ||
||    Running time : 0.02 minutes                                             ||
||                                                                            ||
|| Process BAM file 081_BXD55_CTRL_full.co.bam...                             ||
||    Single-end reads are included.                                          ||
||    Total alignments : 44652069                                             ||
||    Successfully assigned alignments : 2624717 (5.9%)                       ||
||    Running time : 0.04 minutes                                             ||
||                                                                            ||
|| Process BAM file 081_BXD55_CTRL_sub1.co.bam...                             ||
||    Single-end reads are included.                                          ||
||    Total alignments : 20000000                                             ||
||    Successfully assigned alignments : 1175755 (5.9%)                       ||
||    Running time : 0.02 minutes                                             ||
||                                                                            ||
|| Process BAM file 081_BXD55_CTRL_sub2.co.bam...                             ||
||    Single-end reads are included.                                          ||
||    Total alignments : 15000000                                             ||
||    Successfully assigned alignments : 882042 (5.9%)                        ||
||    Running time : 0.02 minutes                                             ||
||                                                                            ||
|| Process BAM file 082_BXD55_SD_full.co.bam...                               ||
||    Single-end reads are included.                                          ||
||    Total alignments : 52147613                                             ||
||    Successfully assigned alignments : 2436334 (4.7%)                       ||
||    Running time : 0.05 minutes                                             ||
||                                                                            ||
|| Process BAM file 082_BXD55_SD_sub1.co.bam...                               ||
||    Single-end reads are included.                                          ||
||    Total alignments : 20000000                                             ||
||    Successfully assigned alignments : 935381 (4.7%)                        ||
||    Running time : 0.02 minutes                                             ||
||                                                                            ||
|| Process BAM file 082_BXD55_SD_sub2.co.bam...                               ||
||    Single-end reads are included.                                          ||
||    Total alignments : 15000000                                             ||
||    Successfully assigned alignments : 700236 (4.7%)                        ||
||    Running time : 0.02 minutes                                             ||
||                                                                            ||
|| Process BAM file 083_BXD56_CTRL_full.co.bam...                             ||
||    Single-end reads are included.                                          ||
||    Total alignments : 41544197                                             ||
||    Successfully assigned alignments : 1582573 (3.8%)                       ||
||    Running time : 0.04 minutes                                             ||
||                                                                            ||
|| Process BAM file 083_BXD56_CTRL_sub1.co.bam...                             ||
||    Single-end reads are included.                                          ||
||    Total alignments : 20000000                                             ||
||    Successfully assigned alignments : 762229 (3.8%)                        ||
||    Running time : 0.02 minutes                                             ||
||                                                                            ||
|| Process BAM file 083_BXD56_CTRL_sub2.co.bam...                             ||
||    Single-end reads are included.                                          ||
||    Total alignments : 15000000                                             ||
||    Successfully assigned alignments : 570474 (3.8%)                        ||
||    Running time : 0.02 minutes                                             ||
||                                                                            ||
|| Process BAM file 084_BXD56_SD_full.co.bam...                               ||
||    Single-end reads are included.                                          ||
||    Total alignments : 38694959                                             ||
||    Successfully assigned alignments : 1734206 (4.5%)                       ||
||    Running time : 0.04 minutes                                             ||
||                                                                            ||
|| Process BAM file 084_BXD56_SD_sub1.co.bam...                               ||
||    Single-end reads are included.                                          ||
||    Total alignments : 20000000                                             ||
||    Successfully assigned alignments : 895773 (4.5%)                        ||
||    Running time : 0.02 minutes                                             ||
||                                                                            ||
|| Process BAM file 084_BXD56_SD_sub2.co.bam...                               ||
||    Single-end reads are included.                                          ||
||    Total alignments : 15000000                                             ||
||    Successfully assigned alignments : 671970 (4.5%)                        ||
||    Running time : 0.02 minutes                                             ||
||                                                                            ||
|| Process BAM file 085_BXD61_CTRL_full.co.bam...                             ||
||    Single-end reads are included.                                          ||
||    Total alignments : 43320424                                             ||
||    Successfully assigned alignments : 1723436 (4.0%)                       ||
||    Running time : 0.04 minutes                                             ||
||                                                                            ||
|| Process BAM file 085_BXD61_CTRL_sub1.co.bam...                             ||
||    Single-end reads are included.                                          ||
||    Total alignments : 20000000                                             ||
||    Successfully assigned alignments : 794590 (4.0%)                        ||
||    Running time : 0.02 minutes                                             ||
||                                                                            ||
|| Process BAM file 085_BXD61_CTRL_sub2.co.bam...                             ||
||    Single-end reads are included.                                          ||
||    Total alignments : 15000000                                             ||
||    Successfully assigned alignments : 596822 (4.0%)                        ||
||    Running time : 0.02 minutes                                             ||
||                                                                            ||
|| Process BAM file 086_BXD61_SD_full.co.bam...                               ||
||    Single-end reads are included.                                          ||
||    Total alignments : 54276657                                             ||
||    Successfully assigned alignments : 2993774 (5.5%)                       ||
||    Running time : 0.05 minutes                                             ||
||                                                                            ||
|| Process BAM file 086_BXD61_SD_sub1.co.bam...                               ||
||    Single-end reads are included.                                          ||
||    Total alignments : 20000000                                             ||
||    Successfully assigned alignments : 1104240 (5.5%)                       ||
||    Running time : 0.02 minutes                                             ||
||                                                                            ||
|| Process BAM file 086_BXD61_SD_sub2.co.bam...                               ||
||    Single-end reads are included.                                          ||
||    Total alignments : 15000000                                             ||
||    Successfully assigned alignments : 827077 (5.5%)                        ||
||    Running time : 0.02 minutes                                             ||
||                                                                            ||
|| Process BAM file 087_BXD66_CTRL_full.co.bam...                             ||
||    Single-end reads are included.                                          ||
||    Total alignments : 38173695                                             ||
||    Successfully assigned alignments : 1428999 (3.7%)                       ||
||    Running time : 0.04 minutes                                             ||
||                                                                            ||
|| Process BAM file 087_BXD66_CTRL_sub1.co.bam...                             ||
||    Single-end reads are included.                                          ||
||    Total alignments : 20000000                                             ||
||    Successfully assigned alignments : 749009 (3.7%)                        ||
||    Running time : 0.02 minutes                                             ||
||                                                                            ||
|| Process BAM file 087_BXD66_CTRL_sub2.co.bam...                             ||
||    Single-end reads are included.                                          ||
||    Total alignments : 15000000                                             ||
||    Successfully assigned alignments : 561150 (3.7%)                        ||
||    Running time : 0.02 minutes                                             ||
||                                                                            ||
|| Process BAM file 088_BXD66_SD_full.co.bam...                               ||
||    Single-end reads are included.                                          ||
||    Total alignments : 33585420                                             ||
||    Successfully assigned alignments : 1221616 (3.6%)                       ||
||    Running time : 0.03 minutes                                             ||
||                                                                            ||
|| Process BAM file 088_BXD66_SD_sub1.co.bam...                               ||
||    Single-end reads are included.                                          ||
||    Total alignments : 20000000                                             ||
||    Successfully assigned alignments : 727000 (3.6%)                        ||
||    Running time : 0.02 minutes                                             ||
||                                                                            ||
|| Process BAM file 088_BXD66_SD_sub2.co.bam...                               ||
||    Single-end reads are included.                                          ||
||    Total alignments : 15000000                                             ||
||    Successfully assigned alignments : 545402 (3.6%)                        ||
||    Running time : 0.02 minutes                                             ||
||                                                                            ||
|| Process BAM file 089_BXD67_CTRL_full.co.bam...                             ||
||    Single-end reads are included.                                          ||
||    Total alignments : 46931918                                             ||
||    Successfully assigned alignments : 3331867 (7.1%)                       ||
||    Running time : 0.05 minutes                                             ||
||                                                                            ||
|| Process BAM file 089_BXD67_CTRL_sub1.co.bam...                             ||
||    Single-end reads are included.                                          ||
||    Total alignments : 20000000                                             ||
||    Successfully assigned alignments : 1418719 (7.1%)                       ||
||    Running time : 0.02 minutes                                             ||
||                                                                            ||
|| Process BAM file 089_BXD67_CTRL_sub2.co.bam...                             ||
||    Single-end reads are included.                                          ||
||    Total alignments : 15000000                                             ||
||    Successfully assigned alignments : 1065771 (7.1%)                       ||
||    Running time : 0.02 minutes                                             ||
||                                                                            ||
|| Process BAM file 090_BXD67_SD_full.co.bam...                               ||
||    Single-end reads are included.                                          ||
||    Total alignments : 49349377                                             ||
||    Successfully assigned alignments : 2914804 (5.9%)                       ||
||    Running time : 0.05 minutes                                             ||
||                                                                            ||
|| Process BAM file 090_BXD67_SD_sub1.co.bam...                               ||
||    Single-end reads are included.                                          ||
||    Total alignments : 20000000                                             ||
||    Successfully assigned alignments : 1180028 (5.9%)                       ||
||    Running time : 0.02 minutes                                             ||
||                                                                            ||
|| Process BAM file 090_BXD67_SD_sub2.co.bam...                               ||
||    Single-end reads are included.                                          ||
||    Total alignments : 15000000                                             ||
||    Successfully assigned alignments : 886278 (5.9%)                        ||
||    Running time : 0.02 minutes                                             ||
||                                                                            ||
|| Process BAM file 091_BXD70_CTRL_full.co.bam...                             ||
||    Single-end reads are included.                                          ||
||    Total alignments : 48917956                                             ||
||    Successfully assigned alignments : 2835246 (5.8%)                       ||
||    Running time : 0.05 minutes                                             ||
||                                                                            ||
|| Process BAM file 091_BXD70_CTRL_sub1.co.bam...                             ||
||    Single-end reads are included.                                          ||
||    Total alignments : 20000000                                             ||
||    Successfully assigned alignments : 1158588 (5.8%)                       ||
||    Running time : 0.03 minutes                                             ||
||                                                                            ||
|| Process BAM file 091_BXD70_CTRL_sub2.co.bam...                             ||
||    Single-end reads are included.                                          ||
||    Total alignments : 15000000                                             ||
||    Successfully assigned alignments : 869258 (5.8%)                        ||
||    Running time : 0.02 minutes                                             ||
||                                                                            ||
|| Process BAM file 092_BXD70_SD_full.co.bam...                               ||
||    Single-end reads are included.                                          ||
||    Total alignments : 44547344                                             ||
||    Successfully assigned alignments : 2056805 (4.6%)                       ||
||    Running time : 0.04 minutes                                             ||
||                                                                            ||
|| Process BAM file 092_BXD70_SD_sub1.co.bam...                               ||
||    Single-end reads are included.                                          ||
||    Total alignments : 20000000                                             ||
||    Successfully assigned alignments : 923630 (4.6%)                        ||
||    Running time : 0.02 minutes                                             ||
||                                                                            ||
|| Process BAM file 092_BXD70_SD_sub2.co.bam...                               ||
||    Single-end reads are included.                                          ||
||    Total alignments : 15000000                                             ||
||    Successfully assigned alignments : 692721 (4.6%)                        ||
||    Running time : 0.02 minutes                                             ||
||                                                                            ||
|| Process BAM file 093_BXD73_CTRL_full.co.bam...                             ||
||    Single-end reads are included.                                          ||
||    Total alignments : 49069277                                             ||
||    Successfully assigned alignments : 2183792 (4.5%)                       ||
||    Running time : 0.05 minutes                                             ||
||                                                                            ||
|| Process BAM file 093_BXD73_CTRL_sub1.co.bam...                             ||
||    Single-end reads are included.                                          ||
||    Total alignments : 20000000                                             ||
||    Successfully assigned alignments : 890287 (4.5%)                        ||
||    Running time : 0.03 minutes                                             ||
||                                                                            ||
|| Process BAM file 093_BXD73_CTRL_sub2.co.bam...                             ||
||    Single-end reads are included.                                          ||
||    Total alignments : 15000000                                             ||
||    Successfully assigned alignments : 667636 (4.5%)                        ||
||    Running time : 0.02 minutes                                             ||
||                                                                            ||
|| Process BAM file 094_BXD73_SD_full.co.bam...                               ||
||    Single-end reads are included.                                          ||
||    Total alignments : 48504716                                             ||
||    Successfully assigned alignments : 1729801 (3.6%)                       ||
||    Running time : 0.05 minutes                                             ||
||                                                                            ||
|| Process BAM file 094_BXD73_SD_sub1.co.bam...                               ||
||    Single-end reads are included.                                          ||
||    Total alignments : 20000000                                             ||
||    Successfully assigned alignments : 713093 (3.6%)                        ||
||    Running time : 0.02 minutes                                             ||
||                                                                            ||
|| Process BAM file 094_BXD73_SD_sub2.co.bam...                               ||
||    Single-end reads are included.                                          ||
||    Total alignments : 15000000                                             ||
||    Successfully assigned alignments : 534710 (3.6%)                        ||
||    Running time : 0.02 minutes                                             ||
||                                                                            ||
|| Process BAM file 095_BXD75_CTRL_full.co.bam...                             ||
||    Single-end reads are included.                                          ||
||    Total alignments : 51218805                                             ||
||    Successfully assigned alignments : 2393899 (4.7%)                       ||
||    Running time : 0.05 minutes                                             ||
||                                                                            ||
|| Process BAM file 095_BXD75_CTRL_sub1.co.bam...                             ||
||    Single-end reads are included.                                          ||
||    Total alignments : 20000000                                             ||
||    Successfully assigned alignments : 935417 (4.7%)                        ||
||    Running time : 0.02 minutes                                             ||
||                                                                            ||
|| Process BAM file 095_BXD75_CTRL_sub2.co.bam...                             ||
||    Single-end reads are included.                                          ||
||    Total alignments : 15000000                                             ||
||    Successfully assigned alignments : 700278 (4.7%)                        ||
||    Running time : 0.02 minutes                                             ||
||                                                                            ||
|| Process BAM file 096_BXD75_SD_full.co.bam...                               ||
||    Single-end reads are included.                                          ||
||    Total alignments : 48165573                                             ||
||    Successfully assigned alignments : 2208037 (4.6%)                       ||
||    Running time : 0.05 minutes                                             ||
||                                                                            ||
|| Process BAM file 096_BXD75_SD_sub1.co.bam...                               ||
||    Single-end reads are included.                                          ||
||    Total alignments : 20000000                                             ||
||    Successfully assigned alignments : 916359 (4.6%)                        ||
||    Running time : 0.02 minutes                                             ||
||                                                                            ||
|| Process BAM file 096_BXD75_SD_sub2.co.bam...                               ||
||    Single-end reads are included.                                          ||
||    Total alignments : 15000000                                             ||
||    Successfully assigned alignments : 687949 (4.6%)                        ||
||    Running time : 0.02 minutes                                             ||
||                                                                            ||
|| Process BAM file 097_BXD79_CTRL_full.co.bam...                             ||
||    Single-end reads are included.                                          ||
||    Total alignments : 48655389                                             ||
||    Successfully assigned alignments : 2332827 (4.8%)                       ||
||    Running time : 0.05 minutes                                             ||
||                                                                            ||
|| Process BAM file 097_BXD79_CTRL_sub1.co.bam...                             ||
||    Single-end reads are included.                                          ||
||    Total alignments : 20000000                                             ||
||    Successfully assigned alignments : 959640 (4.8%)                        ||
||    Running time : 0.02 minutes                                             ||
||                                                                            ||
|| Process BAM file 097_BXD79_CTRL_sub2.co.bam...                             ||
||    Single-end reads are included.                                          ||
||    Total alignments : 15000000                                             ||
||    Successfully assigned alignments : 718967 (4.8%)                        ||
||    Running time : 0.02 minutes                                             ||
||                                                                            ||
|| Process BAM file 098_BXD79_SD_full.co.bam...                               ||
||    Single-end reads are included.                                          ||
||    Total alignments : 50410278                                             ||
||    Successfully assigned alignments : 2400596 (4.8%)                       ||
||    Running time : 0.05 minutes                                             ||
||                                                                            ||
|| Process BAM file 098_BXD79_SD_sub1.co.bam...                               ||
||    Single-end reads are included.                                          ||
||    Total alignments : 20000000                                             ||
||    Successfully assigned alignments : 951987 (4.8%)                        ||
||    Running time : 0.02 minutes                                             ||
||                                                                            ||
|| Process BAM file 098_BXD79_SD_sub2.co.bam...                               ||
||    Single-end reads are included.                                          ||
||    Total alignments : 15000000                                             ||
||    Successfully assigned alignments : 715424 (4.8%)                        ||
||    Running time : 0.02 minutes                                             ||
||                                                                            ||
|| Process BAM file 099_BXD83_CTRL_full.co.bam...                             ||
||    Single-end reads are included.                                          ||
||    Total alignments : 46089557                                             ||
||    Successfully assigned alignments : 1652842 (3.6%)                       ||
||    Running time : 0.04 minutes                                             ||
||                                                                            ||
|| Process BAM file 099_BXD83_CTRL_sub1.co.bam...                             ||
||    Single-end reads are included.                                          ||
||    Total alignments : 20000000                                             ||
||    Successfully assigned alignments : 716780 (3.6%)                        ||
||    Running time : 0.02 minutes                                             ||
||                                                                            ||
|| Process BAM file 099_BXD83_CTRL_sub2.co.bam...                             ||
||    Single-end reads are included.                                          ||
||    Total alignments : 15000000                                             ||
||    Successfully assigned alignments : 537187 (3.6%)                        ||
||    Running time : 0.02 minutes                                             ||
||                                                                            ||
|| Process BAM file 100_BXD83_SD_full.co.bam...                               ||
||    Single-end reads are included.                                          ||
||    Total alignments : 42730832                                             ||
||    Successfully assigned alignments : 2371739 (5.6%)                       ||
||    Running time : 0.04 minutes                                             ||
||                                                                            ||
|| Process BAM file 100_BXD83_SD_sub1.co.bam...                               ||
||    Single-end reads are included.                                          ||
||    Total alignments : 20000000                                             ||
||    Successfully assigned alignments : 1109341 (5.5%)                       ||
||    Running time : 0.02 minutes                                             ||
||                                                                            ||
|| Process BAM file 100_BXD83_SD_sub2.co.bam...                               ||
||    Single-end reads are included.                                          ||
||    Total alignments : 15000000                                             ||
||    Successfully assigned alignments : 832596 (5.6%)                        ||
||    Running time : 0.02 minutes                                             ||
||                                                                            ||
|| Process BAM file 101_BXD84_CTRL_full.co.bam...                             ||
||    Single-end reads are included.                                          ||
||    Total alignments : 40430748                                             ||
||    Successfully assigned alignments : 1595405 (3.9%)                       ||
||    Running time : 0.04 minutes                                             ||
||                                                                            ||
|| Process BAM file 101_BXD84_CTRL_sub1.co.bam...                             ||
||    Single-end reads are included.                                          ||
||    Total alignments : 20000000                                             ||
||    Successfully assigned alignments : 788316 (3.9%)                        ||
||    Running time : 0.02 minutes                                             ||
||                                                                            ||
|| Process BAM file 101_BXD84_CTRL_sub2.co.bam...                             ||
||    Single-end reads are included.                                          ||
||    Total alignments : 15000000                                             ||
||    Successfully assigned alignments : 591479 (3.9%)                        ||
||    Running time : 0.02 minutes                                             ||
||                                                                            ||
|| Process BAM file 102_BXD84_SD_full.co.bam...                               ||
||    Single-end reads are included.                                          ||
||    Total alignments : 48296495                                             ||
||    Successfully assigned alignments : 2194778 (4.5%)                       ||
||    Running time : 0.05 minutes                                             ||
||                                                                            ||
|| Process BAM file 102_BXD84_SD_sub1.co.bam...                               ||
||    Single-end reads are included.                                          ||
||    Total alignments : 20000000                                             ||
||    Successfully assigned alignments : 909871 (4.5%)                        ||
||    Running time : 0.02 minutes                                             ||
||                                                                            ||
|| Process BAM file 102_BXD84_SD_sub2.co.bam...                               ||
||    Single-end reads are included.                                          ||
||    Total alignments : 15000000                                             ||
||    Successfully assigned alignments : 682482 (4.5%)                        ||
||    Running time : 0.02 minutes                                             ||
||                                                                            ||
|| Process BAM file 103_BXD90_CTRL_full.co.bam...                             ||
||    Single-end reads are included.                                          ||
||    Total alignments : 46377587                                             ||
||    Successfully assigned alignments : 2077321 (4.5%)                       ||
||    Running time : 0.05 minutes                                             ||
||                                                                            ||
|| Process BAM file 103_BXD90_CTRL_sub1.co.bam...                             ||
||    Single-end reads are included.                                          ||
||    Total alignments : 20000000                                             ||
||    Successfully assigned alignments : 894883 (4.5%)                        ||
||    Running time : 0.02 minutes                                             ||
||                                                                            ||
|| Process BAM file 103_BXD90_CTRL_sub2.co.bam...                             ||
||    Single-end reads are included.                                          ||
||    Total alignments : 15000000                                             ||
||    Successfully assigned alignments : 671947 (4.5%)                        ||
||    Running time : 0.02 minutes                                             ||
||                                                                            ||
|| Process BAM file 104_BXD90_SD_full.co.bam...                               ||
||    Single-end reads are included.                                          ||
||    Total alignments : 50746490                                             ||
||    Successfully assigned alignments : 2476517 (4.9%)                       ||
||    Running time : 0.05 minutes                                             ||
||                                                                            ||
|| Process BAM file 104_BXD90_SD_sub1.co.bam...                               ||
||    Single-end reads are included.                                          ||
||    Total alignments : 20000000                                             ||
||    Successfully assigned alignments : 976612 (4.9%)                        ||
||    Running time : 0.02 minutes                                             ||
||                                                                            ||
|| Process BAM file 104_BXD90_SD_sub2.co.bam...                               ||
||    Single-end reads are included.                                          ||
||    Total alignments : 15000000                                             ||
||    Successfully assigned alignments : 732119 (4.9%)                        ||
||    Running time : 0.02 minutes                                             ||
||                                                                            ||
|| Process BAM file 105_48a_CTRL_full.co.bam...                               ||
||    Single-end reads are included.                                          ||
||    Total alignments : 41295929                                             ||
||    Successfully assigned alignments : 1438057 (3.5%)                       ||
||    Running time : 0.04 minutes                                             ||
||                                                                            ||
|| Process BAM file 105_48a_CTRL_sub1.co.bam...                               ||
||    Single-end reads are included.                                          ||
||    Total alignments : 20000000                                             ||
||    Successfully assigned alignments : 696810 (3.5%)                        ||
||    Running time : 0.02 minutes                                             ||
||                                                                            ||
|| Process BAM file 105_48a_CTRL_sub2.co.bam...                               ||
||    Single-end reads are included.                                          ||
||    Total alignments : 15000000                                             ||
||    Successfully assigned alignments : 522596 (3.5%)                        ||
||    Running time : 0.02 minutes                                             ||
||                                                                            ||
|| Process BAM file 106_48a_SD_full.co.bam...                                 ||
||    Single-end reads are included.                                          ||
||    Total alignments : 43220072                                             ||
||    Successfully assigned alignments : 2627354 (6.1%)                       ||
||    Running time : 0.04 minutes                                             ||
||                                                                            ||
|| Process BAM file 106_48a_SD_sub1.co.bam...                                 ||
||    Single-end reads are included.                                          ||
||    Total alignments : 20000000                                             ||
||    Successfully assigned alignments : 1215918 (6.1%)                       ||
||    Running time : 0.02 minutes                                             ||
||                                                                            ||
|| Process BAM file 106_48a_SD_sub2.co.bam...                                 ||
||    Single-end reads are included.                                          ||
||    Total alignments : 15000000                                             ||
||    Successfully assigned alignments : 912324 (6.1%)                        ||
||    Running time : 0.02 minutes                                             ||
||                                                                            ||
|| Process BAM file 107_BXD100_CTRL_full.co.bam...                            ||
||    Single-end reads are included.                                          ||
||    Total alignments : 54398887                                             ||
||    Successfully assigned alignments : 3961630 (7.3%)                       ||
||    Running time : 0.05 minutes                                             ||
||                                                                            ||
|| Process BAM file 107_BXD100_CTRL_sub1.co.bam...                            ||
||    Single-end reads are included.                                          ||
||    Total alignments : 20000000                                             ||
||    Successfully assigned alignments : 1456784 (7.3%)                       ||
||    Running time : 0.02 minutes                                             ||
||                                                                            ||
|| Process BAM file 107_BXD100_CTRL_sub2.co.bam...                            ||
||    Single-end reads are included.                                          ||
||    Total alignments : 15000000                                             ||
||    Successfully assigned alignments : 1092544 (7.3%)                       ||
||    Running time : 0.02 minutes                                             ||
||                                                                            ||
|| Process BAM file 108_BXD100_SD_full.co.bam...                              ||
||    Single-end reads are included.                                          ||
||    Total alignments : 45654328                                             ||
||    Successfully assigned alignments : 1832018 (4.0%)                       ||
||    Running time : 0.04 minutes                                             ||
||                                                                            ||
|| Process BAM file 108_BXD100_SD_sub1.co.bam...                              ||
||    Single-end reads are included.                                          ||
||    Total alignments : 20000000                                             ||
||    Successfully assigned alignments : 802574 (4.0%)                        ||
||    Running time : 0.02 minutes                                             ||
||                                                                            ||
|| Process BAM file 108_BXD100_SD_sub2.co.bam...                              ||
||    Single-end reads are included.                                          ||
||    Total alignments : 15000000                                             ||
||    Successfully assigned alignments : 601888 (4.0%)                        ||
||    Running time : 0.02 minutes                                             ||
||                                                                            ||
|| Process BAM file 109_C57Bl6_CTRL_full.co.bam...                            ||
||    Single-end reads are included.                                          ||
||    Total alignments : 42795666                                             ||
||    Successfully assigned alignments : 1650032 (3.9%)                       ||
||    Running time : 0.04 minutes                                             ||
||                                                                            ||
|| Process BAM file 109_C57Bl6_CTRL_sub1.co.bam...                            ||
||    Single-end reads are included.                                          ||
||    Total alignments : 20000000                                             ||
||    Successfully assigned alignments : 772930 (3.9%)                        ||
||    Running time : 0.02 minutes                                             ||
||                                                                            ||
|| Process BAM file 109_C57Bl6_CTRL_sub2.co.bam...                            ||
||    Single-end reads are included.                                          ||
||    Total alignments : 15000000                                             ||
||    Successfully assigned alignments : 577346 (3.8%)                        ||
||    Running time : 0.02 minutes                                             ||
||                                                                            ||
|| Process BAM file 110_C57Bl6_SD_full.co.bam...                              ||
||    Single-end reads are included.                                          ||
||    Total alignments : 43356231                                             ||
||    Successfully assigned alignments : 2109717 (4.9%)                       ||
||    Running time : 0.04 minutes                                             ||
||                                                                            ||
|| Process BAM file 110_C57Bl6_SD_sub1.co.bam...                              ||
||    Single-end reads are included.                                          ||
||    Total alignments : 20000000                                             ||
||    Successfully assigned alignments : 972611 (4.9%)                        ||
||    Running time : 0.02 minutes                                             ||
||                                                                            ||
|| Process BAM file 110_C57Bl6_SD_sub2.co.bam...                              ||
||    Single-end reads are included.                                          ||
||    Total alignments : 15000000                                             ||
||    Successfully assigned alignments : 729575 (4.9%)                        ||
||    Running time : 0.02 minutes                                             ||
||                                                                            ||
|| Process BAM file 111_DBA_CTRL_full.co.bam...                               ||
||    Single-end reads are included.                                          ||
||    Total alignments : 48512902                                             ||
||    Successfully assigned alignments : 1459471 (3.0%)                       ||
||    Running time : 0.05 minutes                                             ||
||                                                                            ||
|| Process BAM file 111_DBA_CTRL_sub1.co.bam...                               ||
||    Single-end reads are included.                                          ||
||    Total alignments : 20000000                                             ||
||    Successfully assigned alignments : 601118 (3.0%)                        ||
||    Running time : 0.02 minutes                                             ||
||                                                                            ||
|| Process BAM file 111_DBA_CTRL_sub2.co.bam...                               ||
||    Single-end reads are included.                                          ||
||    Total alignments : 15000000                                             ||
||    Successfully assigned alignments : 451474 (3.0%)                        ||
||    Running time : 0.02 minutes                                             ||
||                                                                            ||
|| Process BAM file 112_DBA_CTRL_full.co.bam...                               ||
||    Single-end reads are included.                                          ||
||    Total alignments : 48883231                                             ||
||    Successfully assigned alignments : 2211696 (4.5%)                       ||
||    Running time : 0.04 minutes                                             ||
||                                                                            ||
|| Process BAM file 112_DBA_CTRL_sub1.co.bam...                               ||
||    Single-end reads are included.                                          ||
||    Total alignments : 20000000                                             ||
||    Successfully assigned alignments : 904320 (4.5%)                        ||
||    Running time : 0.02 minutes                                             ||
||                                                                            ||
|| Process BAM file 112_DBA_CTRL_sub2.co.bam...                               ||
||    Single-end reads are included.                                          ||
||    Total alignments : 15000000                                             ||
||    Successfully assigned alignments : 678104 (4.5%)                        ||
||    Running time : 0.02 minutes                                             ||
||                                                                            ||
|| Process BAM file 113_DBA_SD_full.co.bam...                                 ||
||    Single-end reads are included.                                          ||
||    Total alignments : 41844256                                             ||
||    Successfully assigned alignments : 3181408 (7.6%)                       ||
||    Running time : 0.04 minutes                                             ||
||                                                                            ||
|| Process BAM file 113_DBA_SD_sub1.co.bam...                                 ||
||    Single-end reads are included.                                          ||
||    Total alignments : 20000000                                             ||
||    Successfully assigned alignments : 1521527 (7.6%)                       ||
||    Running time : 0.02 minutes                                             ||
||                                                                            ||
|| Process BAM file 113_DBA_SD_sub2.co.bam...                                 ||
||    Single-end reads are included.                                          ||
||    Total alignments : 15000000                                             ||
||    Successfully assigned alignments : 1140491 (7.6%)                       ||
||    Running time : 0.02 minutes                                             ||
||                                                                            ||
|| Process BAM file 114_BXD48_CTRL_full.co.bam...                             ||
||    Single-end reads are included.                                          ||
||    Total alignments : 40583146                                             ||
||    Successfully assigned alignments : 2216065 (5.5%)                       ||
||    Running time : 0.04 minutes                                             ||
||                                                                            ||
|| Process BAM file 114_BXD48_CTRL_sub1.co.bam...                             ||
||    Single-end reads are included.                                          ||
||    Total alignments : 20000000                                             ||
||    Successfully assigned alignments : 1092898 (5.5%)                       ||
||    Running time : 0.02 minutes                                             ||
||                                                                            ||
|| Process BAM file 114_BXD48_CTRL_sub2.co.bam...                             ||
||    Single-end reads are included.                                          ||
||    Total alignments : 15000000                                             ||
||    Successfully assigned alignments : 817655 (5.5%)                        ||
||    Running time : 0.02 minutes                                             ||
||                                                                            ||
|| Process BAM file 115_BXD48_SD_full.co.bam...                               ||
||    Single-end reads are included.                                          ||
||    Total alignments : 38610683                                             ||
||    Successfully assigned alignments : 1483832 (3.8%)                       ||
||    Running time : 0.04 minutes                                             ||
||                                                                            ||
|| Process BAM file 115_BXD48_SD_sub1.co.bam...                               ||
||    Single-end reads are included.                                          ||
||    Total alignments : 20000000                                             ||
||    Successfully assigned alignments : 768301 (3.8%)                        ||
||    Running time : 0.02 minutes                                             ||
||                                                                            ||
|| Process BAM file 115_BXD48_SD_sub2.co.bam...                               ||
||    Single-end reads are included.                                          ||
||    Total alignments : 15000000                                             ||
||    Successfully assigned alignments : 577000 (3.8%)                        ||
||    Running time : 0.02 minutes                                             ||
||                                                                            ||
|| Process BAM file 116_BXD49_CTRL_full.co.bam...                             ||
||    Single-end reads are included.                                          ||
||    Total alignments : 43691877                                             ||
||    Successfully assigned alignments : 1977946 (4.5%)                       ||
||    Running time : 0.04 minutes                                             ||
||                                                                            ||
|| Process BAM file 116_BXD49_CTRL_sub1.co.bam...                             ||
||    Single-end reads are included.                                          ||
||    Total alignments : 20000000                                             ||
||    Successfully assigned alignments : 906686 (4.5%)                        ||
||    Running time : 0.02 minutes                                             ||
||                                                                            ||
|| Process BAM file 116_BXD49_CTRL_sub2.co.bam...                             ||
||    Single-end reads are included.                                          ||
||    Total alignments : 15000000                                             ||
||    Successfully assigned alignments : 679353 (4.5%)                        ||
||    Running time : 0.02 minutes                                             ||
||                                                                            ||
|| Process BAM file 117_BXD49_SD_full.co.bam...                               ||
||    Single-end reads are included.                                          ||
||    Total alignments : 43244637                                             ||
||    Successfully assigned alignments : 2448748 (5.7%)                       ||
||    Running time : 0.04 minutes                                             ||
||                                                                            ||
|| Process BAM file 117_BXD49_SD_sub1.co.bam...                               ||
||    Single-end reads are included.                                          ||
||    Total alignments : 20000000                                             ||
||    Successfully assigned alignments : 1132002 (5.7%)                       ||
||    Running time : 0.02 minutes                                             ||
||                                                                            ||
|| Process BAM file 117_BXD49_SD_sub2.co.bam...                               ||
||    Single-end reads are included.                                          ||
||    Total alignments : 15000000                                             ||
||    Successfully assigned alignments : 850621 (5.7%)                        ||
||    Running time : 0.02 minutes                                             ||
||                                                                            ||
|| Process BAM file 118_BXD51_CTRL_full.co.bam...                             ||
||    Single-end reads are included.                                          ||
||    Total alignments : 49936771                                             ||
||    Successfully assigned alignments : 3013411 (6.0%)                       ||
||    Running time : 0.05 minutes                                             ||
||                                                                            ||
|| Process BAM file 118_BXD51_CTRL_sub1.co.bam...                             ||
||    Single-end reads are included.                                          ||
||    Total alignments : 20000000                                             ||
||    Successfully assigned alignments : 1206319 (6.0%)                       ||
||    Running time : 0.02 minutes                                             ||
||                                                                            ||
|| Process BAM file 118_BXD51_CTRL_sub2.co.bam...                             ||
||    Single-end reads are included.                                          ||
||    Total alignments : 15000000                                             ||
||    Successfully assigned alignments : 904160 (6.0%)                        ||
||    Running time : 0.02 minutes                                             ||
||                                                                            ||
|| Process BAM file 119_BXD51_SD_full.co.bam...                               ||
||    Single-end reads are included.                                          ||
||    Total alignments : 34794731                                             ||
||    Successfully assigned alignments : 1166532 (3.4%)                       ||
||    Running time : 0.03 minutes                                             ||
||                                                                            ||
|| Process BAM file 119_BXD51_SD_sub1.co.bam...                               ||
||    Single-end reads are included.                                          ||
||    Total alignments : 20000000                                             ||
||    Successfully assigned alignments : 670927 (3.4%)                        ||
||    Running time : 0.02 minutes                                             ||
||                                                                            ||
|| Process BAM file 119_BXD51_SD_sub2.co.bam...                               ||
||    Single-end reads are included.                                          ||
||    Total alignments : 15000000                                             ||
||    Successfully assigned alignments : 502508 (3.4%)                        ||
||    Running time : 0.02 minutes                                             ||
||                                                                            ||
|| Process BAM file 120_BXD55_CTRL_full.co.bam...                             ||
||    Single-end reads are included.                                          ||
||    Total alignments : 49239098                                             ||
||    Successfully assigned alignments : 1775909 (3.6%)                       ||
||    Running time : 0.05 minutes                                             ||
||                                                                            ||
|| Process BAM file 120_BXD55_CTRL_sub1.co.bam...                             ||
||    Single-end reads are included.                                          ||
||    Total alignments : 20000000                                             ||
||    Successfully assigned alignments : 721751 (3.6%)                        ||
||    Running time : 0.02 minutes                                             ||
||                                                                            ||
|| Process BAM file 120_BXD55_CTRL_sub2.co.bam...                             ||
||    Single-end reads are included.                                          ||
||    Total alignments : 15000000                                             ||
||    Successfully assigned alignments : 541090 (3.6%)                        ||
||    Running time : 0.02 minutes                                             ||
||                                                                            ||
|| Process BAM file 121_BXD55_SD_full.co.bam...                               ||
||    Single-end reads are included.                                          ||
||    Total alignments : 49316300                                             ||
||    Successfully assigned alignments : 2408575 (4.9%)                       ||
||    Running time : 0.05 minutes                                             ||
||                                                                            ||
|| Process BAM file 121_BXD55_SD_sub1.co.bam...                               ||
||    Single-end reads are included.                                          ||
||    Total alignments : 20000000                                             ||
||    Successfully assigned alignments : 977918 (4.9%)                        ||
||    Running time : 0.02 minutes                                             ||
||                                                                            ||
|| Process BAM file 121_BXD55_SD_sub2.co.bam...                               ||
||    Single-end reads are included.                                          ||
||    Total alignments : 15000000                                             ||
||    Successfully assigned alignments : 730902 (4.9%)                        ||
||    Running time : 0.02 minutes                                             ||
||                                                                            ||
|| Process BAM file 122_BXD64_CTRL_full.co.bam...                             ||
||    Single-end reads are included.                                          ||
||    Total alignments : 55130299                                             ||
||    Successfully assigned alignments : 2252932 (4.1%)                       ||
||    Running time : 0.05 minutes                                             ||
||                                                                            ||
|| Process BAM file 122_BXD64_CTRL_sub1.co.bam...                             ||
||    Single-end reads are included.                                          ||
||    Total alignments : 20000000                                             ||
||    Successfully assigned alignments : 817456 (4.1%)                        ||
||    Running time : 0.03 minutes                                             ||
||                                                                            ||
|| Process BAM file 122_BXD64_CTRL_sub2.co.bam...                             ||
||    Single-end reads are included.                                          ||
||    Total alignments : 15000000                                             ||
||    Successfully assigned alignments : 613176 (4.1%)                        ||
||    Running time : 0.02 minutes                                             ||
||                                                                            ||
|| Process BAM file 123_BXD64_SD_full.co.bam...                               ||
||    Single-end reads are included.                                          ||
||    Total alignments : 47498703                                             ||
||    Successfully assigned alignments : 1597836 (3.4%)                       ||
||    Running time : 0.05 minutes                                             ||
||                                                                            ||
|| Process BAM file 123_BXD64_SD_sub1.co.bam...                               ||
||    Single-end reads are included.                                          ||
||    Total alignments : 20000000                                             ||
||    Successfully assigned alignments : 672653 (3.4%)                        ||
||    Running time : 0.02 minutes                                             ||
||                                                                            ||
|| Process BAM file 123_BXD64_SD_sub2.co.bam...                               ||
||    Single-end reads are included.                                          ||
||    Total alignments : 15000000                                             ||
||    Successfully assigned alignments : 504528 (3.4%)                        ||
||    Running time : 0.02 minutes                                             ||
||                                                                            ||
|| Process BAM file 124_BXD81_CTRL_full.co.bam...                             ||
||    Single-end reads are included.                                          ||
||    Total alignments : 43057757                                             ||
||    Successfully assigned alignments : 1850777 (4.3%)                       ||
||    Running time : 0.04 minutes                                             ||
||                                                                            ||
|| Process BAM file 124_BXD81_CTRL_sub1.co.bam...                             ||
||    Single-end reads are included.                                          ||
||    Total alignments : 20000000                                             ||
||    Successfully assigned alignments : 859066 (4.3%)                        ||
||    Running time : 0.02 minutes                                             ||
||                                                                            ||
|| Process BAM file 124_BXD81_CTRL_sub2.co.bam...                             ||
||    Single-end reads are included.                                          ||
||    Total alignments : 15000000                                             ||
||    Successfully assigned alignments : 644963 (4.3%)                        ||
||    Running time : 0.02 minutes                                             ||
||                                                                            ||
|| Process BAM file 125_BXD81_SD_full.co.bam...                               ||
||    Single-end reads are included.                                          ||
||    Total alignments : 45942918                                             ||
||    Successfully assigned alignments : 1550087 (3.4%)                       ||
||    Running time : 0.05 minutes                                             ||
||                                                                            ||
|| Process BAM file 125_BXD81_SD_sub1.co.bam...                               ||
||    Single-end reads are included.                                          ||
||    Total alignments : 20000000                                             ||
||    Successfully assigned alignments : 674974 (3.4%)                        ||
||    Running time : 0.02 minutes                                             ||
||                                                                            ||
|| Process BAM file 125_BXD81_SD_sub2.co.bam...                               ||
||    Single-end reads are included.                                          ||
||    Total alignments : 15000000                                             ||
||    Successfully assigned alignments : 506698 (3.4%)                        ||
||    Running time : 0.02 minutes                                             ||
||                                                                            ||
|| Process BAM file 126_BXD83_CTRL_full.co.bam...                             ||
||    Single-end reads are included.                                          ||
||    Total alignments : 48366070                                             ||
||    Successfully assigned alignments : 1379296 (2.9%)                       ||
||    Running time : 0.05 minutes                                             ||
||                                                                            ||
|| Process BAM file 126_BXD83_CTRL_sub1.co.bam...                             ||
||    Single-end reads are included.                                          ||
||    Total alignments : 20000000                                             ||
||    Successfully assigned alignments : 570745 (2.9%)                        ||
||    Running time : 0.02 minutes                                             ||
||                                                                            ||
|| Process BAM file 126_BXD83_CTRL_sub2.co.bam...                             ||
||    Single-end reads are included.                                          ||
||    Total alignments : 15000000                                             ||
||    Successfully assigned alignments : 428097 (2.9%)                        ||
||    Running time : 0.02 minutes                                             ||
||                                                                            ||
|| Process BAM file 127_BXD83_SD_full.co.bam...                               ||
||    Single-end reads are included.                                          ||
||    Total alignments : 51713470                                             ||
||    Successfully assigned alignments : 1618267 (3.1%)                       ||
||    Running time : 0.05 minutes                                             ||
||                                                                            ||
|| Process BAM file 127_BXD83_SD_sub1.co.bam...                               ||
||    Single-end reads are included.                                          ||
||    Total alignments : 20000000                                             ||
||    Successfully assigned alignments : 625074 (3.1%)                        ||
||    Running time : 0.03 minutes                                             ||
||                                                                            ||
|| Process BAM file 127_BXD83_SD_sub2.co.bam...                               ||
||    Single-end reads are included.                                          ||
||    Total alignments : 15000000                                             ||
||    Successfully assigned alignments : 469156 (3.1%)                        ||
||    Running time : 0.02 minutes                                             ||
||                                                                            ||
|| Process BAM file 128_BXD84_CTRL_full.co.bam...                             ||
||    Single-end reads are included.                                          ||
||    Total alignments : 44110731                                             ||
||    Successfully assigned alignments : 1377834 (3.1%)                       ||
||    Running time : 0.04 minutes                                             ||
||                                                                            ||
|| Process BAM file 128_BXD84_CTRL_sub1.co.bam...                             ||
||    Single-end reads are included.                                          ||
||    Total alignments : 20000000                                             ||
||    Successfully assigned alignments : 624314 (3.1%)                        ||
||    Running time : 0.03 minutes                                             ||
||                                                                            ||
|| Process BAM file 128_BXD84_CTRL_sub2.co.bam...                             ||
||    Single-end reads are included.                                          ||
||    Total alignments : 15000000                                             ||
||    Successfully assigned alignments : 469244 (3.1%)                        ||
||    Running time : 0.02 minutes                                             ||
||                                                                            ||
|| Process BAM file 129_BXD84_SD_full.co.bam...                               ||
||    Single-end reads are included.                                          ||
||    Total alignments : 42203428                                             ||
||    Successfully assigned alignments : 1737653 (4.1%)                       ||
||    Running time : 0.04 minutes                                             ||
||                                                                            ||
|| Process BAM file 129_BXD84_SD_sub1.co.bam...                               ||
||    Single-end reads are included.                                          ||
||    Total alignments : 20000000                                             ||
||    Successfully assigned alignments : 824208 (4.1%)                        ||
||    Running time : 0.02 minutes                                             ||
||                                                                            ||
|| Process BAM file 129_BXD84_SD_sub2.co.bam...                               ||
||    Single-end reads are included.                                          ||
||    Total alignments : 15000000                                             ||
||    Successfully assigned alignments : 616158 (4.1%)                        ||
||    Running time : 0.02 minutes                                             ||
||                                                                            ||
|| Process BAM file 130_BXD85_CTRL_full.co.bam...                             ||
||    Single-end reads are included.                                          ||
||    Total alignments : 33790245                                             ||
||    Successfully assigned alignments : 1125274 (3.3%)                       ||
||    Running time : 0.03 minutes                                             ||
||                                                                            ||
|| Process BAM file 130_BXD85_CTRL_sub1.co.bam...                             ||
||    Single-end reads are included.                                          ||
||    Total alignments : 20000000                                             ||
||    Successfully assigned alignments : 666043 (3.3%)                        ||
||    Running time : 0.02 minutes                                             ||
||                                                                            ||
|| Process BAM file 130_BXD85_CTRL_sub2.co.bam...                             ||
||    Single-end reads are included.                                          ||
||    Total alignments : 15000000                                             ||
||    Successfully assigned alignments : 499985 (3.3%)                        ||
||    Running time : 0.02 minutes                                             ||
||                                                                            ||
|| Process BAM file 131_BXD85_SD_full.co.bam...                               ||
||    Single-end reads are included.                                          ||
||    Total alignments : 44728059                                             ||
||    Successfully assigned alignments : 1273441 (2.8%)                       ||
||    Running time : 0.04 minutes                                             ||
||                                                                            ||
|| Process BAM file 131_BXD85_SD_sub1.co.bam...                               ||
||    Single-end reads are included.                                          ||
||    Total alignments : 20000000                                             ||
||    Successfully assigned alignments : 569780 (2.8%)                        ||
||    Running time : 0.02 minutes                                             ||
||                                                                            ||
|| Process BAM file 131_BXD85_SD_sub2.co.bam...                               ||
||    Single-end reads are included.                                          ||
||    Total alignments : 15000000                                             ||
||    Successfully assigned alignments : 427526 (2.9%)                        ||
||    Running time : 0.02 minutes                                             ||
||                                                                            ||
|| Process BAM file 132_BXD89_CTRL_full.co.bam...                             ||
||    Single-end reads are included.                                          ||
||    Total alignments : 44782674                                             ||
||    Successfully assigned alignments : 2072456 (4.6%)                       ||
||    Running time : 0.04 minutes                                             ||
||                                                                            ||
|| Process BAM file 132_BXD89_CTRL_sub1.co.bam...                             ||
||    Single-end reads are included.                                          ||
||    Total alignments : 20000000                                             ||
||    Successfully assigned alignments : 925389 (4.6%)                        ||
||    Running time : 0.02 minutes                                             ||
||                                                                            ||
|| Process BAM file 132_BXD89_CTRL_sub2.co.bam...                             ||
||    Single-end reads are included.                                          ||
||    Total alignments : 15000000                                             ||
||    Successfully assigned alignments : 693189 (4.6%)                        ||
||    Running time : 0.02 minutes                                             ||
||                                                                            ||
|| Process BAM file 133_BXD89_SD_full.co.bam...                               ||
||    Single-end reads are included.                                          ||
||    Total alignments : 56040022                                             ||
||    Successfully assigned alignments : 2655234 (4.7%)                       ||
||    Running time : 0.05 minutes                                             ||
||                                                                            ||
|| Process BAM file 133_BXD89_SD_sub1.co.bam...                               ||
||    Single-end reads are included.                                          ||
||    Total alignments : 20000000                                             ||
||    Successfully assigned alignments : 947018 (4.7%)                        ||
||    Running time : 0.03 minutes                                             ||
||                                                                            ||
|| Process BAM file 133_BXD89_SD_sub2.co.bam...                               ||
||    Single-end reads are included.                                          ||
||    Total alignments : 15000000                                             ||
||    Successfully assigned alignments : 710894 (4.7%)                        ||
||    Running time : 0.02 minutes                                             ||
||                                                                            ||
|| Process BAM file 134_BXD95_CTRL_full.co.bam...                             ||
||    Single-end reads are included.                                          ||
||    Total alignments : 47961847                                             ||
||    Successfully assigned alignments : 2034658 (4.2%)                       ||
||    Running time : 0.05 minutes                                             ||
||                                                                            ||
|| Process BAM file 134_BXD95_CTRL_sub1.co.bam...                             ||
||    Single-end reads are included.                                          ||
||    Total alignments : 20000000                                             ||
||    Successfully assigned alignments : 847631 (4.2%)                        ||
||    Running time : 0.03 minutes                                             ||
||                                                                            ||
|| Process BAM file 134_BXD95_CTRL_sub2.co.bam...                             ||
||    Single-end reads are included.                                          ||
||    Total alignments : 15000000                                             ||
||    Successfully assigned alignments : 635029 (4.2%)                        ||
||    Running time : 0.02 minutes                                             ||
||                                                                            ||
|| Process BAM file 135_BXD95_SD_full.co.bam...                               ||
||    Single-end reads are included.                                          ||
||    Total alignments : 49528567                                             ||
||    Successfully assigned alignments : 1929847 (3.9%)                       ||
||    Running time : 0.05 minutes                                             ||
||                                                                            ||
|| Process BAM file 135_BXD95_SD_sub1.co.bam...                               ||
||    Single-end reads are included.                                          ||
||    Total alignments : 20000000                                             ||
||    Successfully assigned alignments : 779211 (3.9%)                        ||
||    Running time : 0.02 minutes                                             ||
||                                                                            ||
|| Process BAM file 135_BXD95_SD_sub2.co.bam...                               ||
||    Single-end reads are included.                                          ||
||    Total alignments : 15000000                                             ||
||    Successfully assigned alignments : 584747 (3.9%)                        ||
||    Running time : 0.02 minutes                                             ||
||                                                                            ||
|| Process BAM file 136_48a_CTRL_full.co.bam...                               ||
||    Single-end reads are included.                                          ||
||    Total alignments : 48144966                                             ||
||    Successfully assigned alignments : 1316936 (2.7%)                       ||
||    Running time : 0.05 minutes                                             ||
||                                                                            ||
|| Process BAM file 136_48a_CTRL_sub1.co.bam...                               ||
||    Single-end reads are included.                                          ||
||    Total alignments : 20000000                                             ||
||    Successfully assigned alignments : 546710 (2.7%)                        ||
||    Running time : 0.03 minutes                                             ||
||                                                                            ||
|| Process BAM file 136_48a_CTRL_sub2.co.bam...                               ||
||    Single-end reads are included.                                          ||
||    Total alignments : 15000000                                             ||
||    Successfully assigned alignments : 410014 (2.7%)                        ||
||    Running time : 0.02 minutes                                             ||
||                                                                            ||
|| Process BAM file 137_48a_SD_full.co.bam...                                 ||
||    Single-end reads are included.                                          ||
||    Total alignments : 34705485                                             ||
||    Successfully assigned alignments : 1438261 (4.1%)                       ||
||    Running time : 0.03 minutes                                             ||
||                                                                            ||
|| Process BAM file 137_48a_SD_sub1.co.bam...                                 ||
||    Single-end reads are included.                                          ||
||    Total alignments : 20000000                                             ||
||    Successfully assigned alignments : 828380 (4.1%)                        ||
||    Running time : 0.02 minutes                                             ||
||                                                                            ||
|| Process BAM file 137_48a_SD_sub2.co.bam...                                 ||
||    Single-end reads are included.                                          ||
||    Total alignments : 15000000                                             ||
||    Successfully assigned alignments : 621497 (4.1%)                        ||
||    Running time : 0.02 minutes                                             ||
||                                                                            ||
|| Process BAM file 138_65a_CTRL_full.co.bam...                               ||
||    Single-end reads are included.                                          ||
||    Total alignments : 33446210                                             ||
||    Successfully assigned alignments : 1546646 (4.6%)                       ||
||    Running time : 0.03 minutes                                             ||
||                                                                            ||
|| Process BAM file 138_65a_CTRL_sub1.co.bam...                               ||
||    Single-end reads are included.                                          ||
||    Total alignments : 20000000                                             ||
||    Successfully assigned alignments : 925162 (4.6%)                        ||
||    Running time : 0.02 minutes                                             ||
||                                                                            ||
|| Process BAM file 138_65a_CTRL_sub2.co.bam...                               ||
||    Single-end reads are included.                                          ||
||    Total alignments : 15000000                                             ||
||    Successfully assigned alignments : 693742 (4.6%)                        ||
||    Running time : 0.02 minutes                                             ||
||                                                                            ||
|| Process BAM file 139_65a_SD_full.co.bam...                                 ||
||    Single-end reads are included.                                          ||
||    Total alignments : 30468267                                             ||
||    Successfully assigned alignments : 1281982 (4.2%)                       ||
||    Running time : 0.03 minutes                                             ||
||                                                                            ||
|| Process BAM file 139_65a_SD_sub1.co.bam...                                 ||
||    Single-end reads are included.                                          ||
||    Total alignments : 20000000                                             ||
||    Successfully assigned alignments : 840819 (4.2%)                        ||
||    Running time : 0.02 minutes                                             ||
||                                                                            ||
|| Process BAM file 139_65a_SD_sub2.co.bam...                                 ||
||    Single-end reads are included.                                          ||
||    Total alignments : 15000000                                             ||
||    Successfully assigned alignments : 630594 (4.2%)                        ||
||    Running time : 0.02 minutes                                             ||
||                                                                            ||
|| Process BAM file 140_BXD98_CTRL_full.co.bam...                             ||
||    Single-end reads are included.                                          ||
||    Total alignments : 32550629                                             ||
||    Successfully assigned alignments : 981190 (3.0%)                        ||
||    Running time : 0.03 minutes                                             ||
||                                                                            ||
|| Process BAM file 140_BXD98_CTRL_sub1.co.bam...                             ||
||    Single-end reads are included.                                          ||
||    Total alignments : 20000000                                             ||
||    Successfully assigned alignments : 602866 (3.0%)                        ||
||    Running time : 0.02 minutes                                             ||
||                                                                            ||
|| Process BAM file 140_BXD98_CTRL_sub2.co.bam...                             ||
||    Single-end reads are included.                                          ||
||    Total alignments : 15000000                                             ||
||    Successfully assigned alignments : 452333 (3.0%)                        ||
||    Running time : 0.02 minutes                                             ||
||                                                                            ||
|| Process BAM file 141_BXD98_SD_full.co.bam...                               ||
||    Single-end reads are included.                                          ||
||    Total alignments : 33192646                                             ||
||    Successfully assigned alignments : 1268998 (3.8%)                       ||
||    Running time : 0.03 minutes                                             ||
||                                                                            ||
|| Process BAM file 141_BXD98_SD_sub1.co.bam...                               ||
||    Single-end reads are included.                                          ||
||    Total alignments : 20000000                                             ||
||    Successfully assigned alignments : 764506 (3.8%)                        ||
||    Running time : 0.02 minutes                                             ||
||                                                                            ||
|| Process BAM file 141_BXD98_SD_sub2.co.bam...                               ||
||    Single-end reads are included.                                          ||
||    Total alignments : 15000000                                             ||
||    Successfully assigned alignments : 574387 (3.8%)                        ||
||    Running time : 0.02 minutes                                             ||
||                                                                            ||
|| Process BAM file 142_BXD101_CTRL_full.co.bam...                            ||
||    Single-end reads are included.                                          ||
||    Total alignments : 39377765                                             ||
||    Successfully assigned alignments : 1620439 (4.1%)                       ||
||    Running time : 0.04 minutes                                             ||
||                                                                            ||
|| Process BAM file 142_BXD101_CTRL_sub1.co.bam...                            ||
||    Single-end reads are included.                                          ||
||    Total alignments : 20000000                                             ||
||    Successfully assigned alignments : 821863 (4.1%)                        ||
||    Running time : 0.02 minutes                                             ||
||                                                                            ||
|| Process BAM file 142_BXD101_CTRL_sub2.co.bam...                            ||
||    Single-end reads are included.                                          ||
||    Total alignments : 15000000                                             ||
||    Successfully assigned alignments : 617137 (4.1%)                        ||
||    Running time : 0.02 minutes                                             ||
||                                                                            ||
|| Process BAM file 143_BXD101_SD_full.co.bam...                              ||
||    Single-end reads are included.                                          ||
||    Total alignments : 40149785                                             ||
||    Successfully assigned alignments : 1538874 (3.8%)                       ||
||    Running time : 0.04 minutes                                             ||
||                                                                            ||
|| Process BAM file 143_BXD101_SD_sub1.co.bam...                              ||
||    Single-end reads are included.                                          ||
||    Total alignments : 20000000                                             ||
||    Successfully assigned alignments : 766410 (3.8%)                        ||
||    Running time : 0.02 minutes                                             ||
||                                                                            ||
|| Process BAM file 143_BXD101_SD_sub2.co.bam...                              ||
||    Single-end reads are included.                                          ||
||    Total alignments : 15000000                                             ||
||    Successfully assigned alignments : 574532 (3.8%)                        ||
||    Running time : 0.02 minutes                                             ||
||                                                                            ||
|| Process BAM file 144_73b_CTRL_full.co.bam...                               ||
||    Single-end reads are included.                                          ||
||    Total alignments : 54453327                                             ||
||    Successfully assigned alignments : 4373920 (8.0%)                       ||
||    Running time : 0.05 minutes                                             ||
||                                                                            ||
|| Process BAM file 144_73b_CTRL_sub1.co.bam...                               ||
||    Single-end reads are included.                                          ||
||    Total alignments : 20000000                                             ||
||    Successfully assigned alignments : 1606058 (8.0%)                       ||
||    Running time : 0.02 minutes                                             ||
||                                                                            ||
|| Process BAM file 144_73b_CTRL_sub2.co.bam...                               ||
||    Single-end reads are included.                                          ||
||    Total alignments : 15000000                                             ||
||    Successfully assigned alignments : 1206386 (8.0%)                       ||
||    Running time : 0.02 minutes                                             ||
||                                                                            ||
|| Process BAM file 145_73b_SD_full.co.bam...                                 ||
||    Single-end reads are included.                                          ||
||    Total alignments : 52103668                                             ||
||    Successfully assigned alignments : 1785391 (3.4%)                       ||
||    Running time : 0.05 minutes                                             ||
||                                                                            ||
|| Process BAM file 145_73b_SD_sub1.co.bam...                                 ||
||    Single-end reads are included.                                          ||
||    Total alignments : 20000000                                             ||
||    Successfully assigned alignments : 684793 (3.4%)                        ||
||    Running time : 0.03 minutes                                             ||
||                                                                            ||
|| Process BAM file 145_73b_SD_sub2.co.bam...                                 ||
||    Single-end reads are included.                                          ||
||    Total alignments : 15000000                                             ||
||    Successfully assigned alignments : 514943 (3.4%)                        ||
||    Running time : 0.02 minutes                                             ||
||                                                                            ||
|| Process BAM file 146_C57Bl6_CTRL_full.co.bam...                            ||
||    Single-end reads are included.                                          ||
||    Total alignments : 47156114                                             ||
||    Successfully assigned alignments : 2398594 (5.1%)                       ||
||    Running time : 0.05 minutes                                             ||
||                                                                            ||
|| Process BAM file 146_C57Bl6_CTRL_sub1.co.bam...                            ||
||    Single-end reads are included.                                          ||
||    Total alignments : 20000000                                             ||
||    Successfully assigned alignments : 1016378 (5.1%)                       ||
||    Running time : 0.02 minutes                                             ||
||                                                                            ||
|| Process BAM file 146_C57Bl6_CTRL_sub2.co.bam...                            ||
||    Single-end reads are included.                                          ||
||    Total alignments : 15000000                                             ||
||    Successfully assigned alignments : 763106 (5.1%)                        ||
||    Running time : 0.02 minutes                                             ||
||                                                                            ||
|| Process BAM file 147_C57Bl6_SD_full.co.bam...                              ||
||    Single-end reads are included.                                          ||
||    Total alignments : 38670497                                             ||
||    Successfully assigned alignments : 1734247 (4.5%)                       ||
||    Running time : 0.04 minutes                                             ||
||                                                                            ||
|| Process BAM file 147_C57Bl6_SD_sub1.co.bam...                              ||
||    Single-end reads are included.                                          ||
||    Total alignments : 20000000                                             ||
||    Successfully assigned alignments : 896134 (4.5%)                        ||
||    Running time : 0.02 minutes                                             ||
||                                                                            ||
|| Process BAM file 147_C57Bl6_SD_sub2.co.bam...                              ||
||    Single-end reads are included.                                          ||
||    Total alignments : 15000000                                             ||
||    Successfully assigned alignments : 671826 (4.5%)                        ||
||    Running time : 0.02 minutes                                             ||
||                                                                            ||
|| Process BAM file 148_BXD43_CTRL_full.co.bam...                             ||
||    Single-end reads are included.                                          ||
||    Total alignments : 42631771                                             ||
||    Successfully assigned alignments : 1946730 (4.6%)                       ||
||    Running time : 0.04 minutes                                             ||
||                                                                            ||
|| Process BAM file 148_BXD43_CTRL_sub1.co.bam...                             ||
||    Single-end reads are included.                                          ||
||    Total alignments : 20000000                                             ||
||    Successfully assigned alignments : 913429 (4.6%)                        ||
||    Running time : 0.02 minutes                                             ||
||                                                                            ||
|| Process BAM file 148_BXD43_CTRL_sub2.co.bam...                             ||
||    Single-end reads are included.                                          ||
||    Total alignments : 15000000                                             ||
||    Successfully assigned alignments : 685580 (4.6%)                        ||
||    Running time : 0.02 minutes                                             ||
||                                                                            ||
|| Process BAM file 149_BXD43_SD_full.co.bam...                               ||
||    Single-end reads are included.                                          ||
||    Total alignments : 49678594                                             ||
||    Successfully assigned alignments : 1667020 (3.4%)                       ||
||    Running time : 0.05 minutes                                             ||
||                                                                            ||
|| Process BAM file 149_BXD43_SD_sub1.co.bam...                               ||
||    Single-end reads are included.                                          ||
||    Total alignments : 20000000                                             ||
||    Successfully assigned alignments : 671556 (3.4%)                        ||
||    Running time : 0.02 minutes                                             ||
||                                                                            ||
|| Process BAM file 149_BXD43_SD_sub2.co.bam...                               ||
||    Single-end reads are included.                                          ||
||    Total alignments : 15000000                                             ||
||    Successfully assigned alignments : 503007 (3.4%)                        ||
||    Running time : 0.02 minutes                                             ||
||                                                                            ||
|| Process BAM file 150_BXD45_CTRL_full.co.bam...                             ||
||    Single-end reads are included.                                          ||
||    Total alignments : 53722609                                             ||
||    Successfully assigned alignments : 1516465 (2.8%)                       ||
||    Running time : 0.05 minutes                                             ||
||                                                                            ||
|| Process BAM file 150_BXD45_CTRL_sub1.co.bam...                             ||
||    Single-end reads are included.                                          ||
||    Total alignments : 20000000                                             ||
||    Successfully assigned alignments : 564448 (2.8%)                        ||
||    Running time : 0.02 minutes                                             ||
||                                                                            ||
|| Process BAM file 150_BXD45_CTRL_sub2.co.bam...                             ||
||    Single-end reads are included.                                          ||
||    Total alignments : 15000000                                             ||
||    Successfully assigned alignments : 423347 (2.8%)                        ||
||    Running time : 0.02 minutes                                             ||
||                                                                            ||
|| Process BAM file 151_BXD45_SD_full.co.bam...                               ||
||    Single-end reads are included.                                          ||
||    Total alignments : 49787661                                             ||
||    Successfully assigned alignments : 1390721 (2.8%)                       ||
||    Running time : 0.05 minutes                                             ||
||                                                                            ||
|| Process BAM file 151_BXD45_SD_sub1.co.bam...                               ||
||    Single-end reads are included.                                          ||
||    Total alignments : 20000000                                             ||
||    Successfully assigned alignments : 558666 (2.8%)                        ||
||    Running time : 0.03 minutes                                             ||
||                                                                            ||
|| Process BAM file 151_BXD45_SD_sub2.co.bam...                               ||
||    Single-end reads are included.                                          ||
||    Total alignments : 15000000                                             ||
||    Successfully assigned alignments : 419737 (2.8%)                        ||
||    Running time : 0.02 minutes                                             ||
||                                                                            ||
|| Process BAM file 152_BXD48_CTRL_full.co.bam...                             ||
||    Single-end reads are included.                                          ||
||    Total alignments : 84581192                                             ||
||    Successfully assigned alignments : 3274288 (3.9%)                       ||
||    Running time : 0.08 minutes                                             ||
||                                                                            ||
|| Process BAM file 152_BXD48_CTRL_sub1.co.bam...                             ||
||    Single-end reads are included.                                          ||
||    Total alignments : 20000000                                             ||
||    Successfully assigned alignments : 774593 (3.9%)                        ||
||    Running time : 0.02 minutes                                             ||
||                                                                            ||
|| Process BAM file 152_BXD48_CTRL_sub2.co.bam...                             ||
||    Single-end reads are included.                                          ||
||    Total alignments : 15000000                                             ||
||    Successfully assigned alignments : 580275 (3.9%)                        ||
||    Running time : 0.02 minutes                                             ||
||                                                                            ||
|| Process BAM file 153_BXD48_SD_full.co.bam...                               ||
||    Single-end reads are included.                                          ||
||    Total alignments : 47618712                                             ||
||    Successfully assigned alignments : 2076544 (4.4%)                       ||
||    Running time : 0.05 minutes                                             ||
||                                                                            ||
|| Process BAM file 153_BXD48_SD_sub1.co.bam...                               ||
||    Single-end reads are included.                                          ||
||    Total alignments : 20000000                                             ||
||    Successfully assigned alignments : 871741 (4.4%)                        ||
||    Running time : 0.02 minutes                                             ||
||                                                                            ||
|| Process BAM file 153_BXD48_SD_sub2.co.bam...                               ||
||    Single-end reads are included.                                          ||
||    Total alignments : 15000000                                             ||
||    Successfully assigned alignments : 653033 (4.4%)                        ||
||    Running time : 0.02 minutes                                             ||
||                                                                            ||
|| Process BAM file 154_BXD50_CTRL_full.co.bam...                             ||
||    Single-end reads are included.                                          ||
||    Total alignments : 52918654                                             ||
||    Successfully assigned alignments : 2047327 (3.9%)                       ||
||    Running time : 0.05 minutes                                             ||
||                                                                            ||
|| Process BAM file 154_BXD50_CTRL_sub1.co.bam...                             ||
||    Single-end reads are included.                                          ||
||    Total alignments : 20000000                                             ||
||    Successfully assigned alignments : 773994 (3.9%)                        ||
||    Running time : 0.03 minutes                                             ||
||                                                                            ||
|| Process BAM file 154_BXD50_CTRL_sub2.co.bam...                             ||
||    Single-end reads are included.                                          ||
||    Total alignments : 15000000                                             ||
||    Successfully assigned alignments : 579541 (3.9%)                        ||
||    Running time : 0.02 minutes                                             ||
||                                                                            ||
|| Process BAM file 155_BXD50_SD_full.co.bam...                               ||
||    Single-end reads are included.                                          ||
||    Total alignments : 57944661                                             ||
||    Successfully assigned alignments : 2050950 (3.5%)                       ||
||    Running time : 0.06 minutes                                             ||
||                                                                            ||
|| Process BAM file 155_BXD50_SD_sub1.co.bam...                               ||
||    Single-end reads are included.                                          ||
||    Total alignments : 20000000                                             ||
||    Successfully assigned alignments : 707529 (3.5%)                        ||
||    Running time : 0.02 minutes                                             ||
||                                                                            ||
|| Process BAM file 155_BXD50_SD_sub2.co.bam...                               ||
||    Single-end reads are included.                                          ||
||    Total alignments : 15000000                                             ||
||    Successfully assigned alignments : 530606 (3.5%)                        ||
||    Running time : 0.02 minutes                                             ||
||                                                                            ||
|| Process BAM file 156_BXD61_CTRL_full.co.bam...                             ||
||    Single-end reads are included.                                          ||
||    Total alignments : 46129873                                             ||
||    Successfully assigned alignments : 1959034 (4.2%)                       ||
||    Running time : 0.05 minutes                                             ||
||                                                                            ||
|| Process BAM file 156_BXD61_CTRL_sub1.co.bam...                             ||
||    Single-end reads are included.                                          ||
||    Total alignments : 20000000                                             ||
||    Successfully assigned alignments : 849658 (4.2%)                        ||
||    Running time : 0.02 minutes                                             ||
||                                                                            ||
|| Process BAM file 156_BXD61_CTRL_sub2.co.bam...                             ||
||    Single-end reads are included.                                          ||
||    Total alignments : 15000000                                             ||
||    Successfully assigned alignments : 637237 (4.2%)                        ||
||    Running time : 0.02 minutes                                             ||
||                                                                            ||
|| Process BAM file 157_BXD61_SD_full.co.bam...                               ||
||    Single-end reads are included.                                          ||
||    Total alignments : 63354237                                             ||
||    Successfully assigned alignments : 2375041 (3.7%)                       ||
||    Running time : 0.06 minutes                                             ||
||                                                                            ||
|| Process BAM file 157_BXD61_SD_sub1.co.bam...                               ||
||    Single-end reads are included.                                          ||
||    Total alignments : 20000000                                             ||
||    Successfully assigned alignments : 749782 (3.7%)                        ||
||    Running time : 0.02 minutes                                             ||
||                                                                            ||
|| Process BAM file 157_BXD61_SD_sub2.co.bam...                               ||
||    Single-end reads are included.                                          ||
||    Total alignments : 15000000                                             ||
||    Successfully assigned alignments : 562790 (3.8%)                        ||
||    Running time : 0.02 minutes                                             ||
||                                                                            ||
|| Process BAM file 158_BXD64_CTRL_full.co.bam...                             ||
||    Single-end reads are included.                                          ||
||    Total alignments : 46218444                                             ||
||    Successfully assigned alignments : 1604561 (3.5%)                       ||
||    Running time : 0.05 minutes                                             ||
||                                                                            ||
|| Process BAM file 158_BXD64_CTRL_sub1.co.bam...                             ||
||    Single-end reads are included.                                          ||
||    Total alignments : 20000000                                             ||
||    Successfully assigned alignments : 694509 (3.5%)                        ||
||    Running time : 0.02 minutes                                             ||
||                                                                            ||
|| Process BAM file 158_BXD64_CTRL_sub2.co.bam...                             ||
||    Single-end reads are included.                                          ||
||    Total alignments : 15000000                                             ||
||    Successfully assigned alignments : 521786 (3.5%)                        ||
||    Running time : 0.02 minutes                                             ||
||                                                                            ||
|| Process BAM file 159_BXD64_SD_full.co.bam...                               ||
||    Single-end reads are included.                                          ||
||    Total alignments : 42724542                                             ||
||    Successfully assigned alignments : 1810599 (4.2%)                       ||
||    Running time : 0.04 minutes                                             ||
||                                                                            ||
|| Process BAM file 159_BXD64_SD_sub1.co.bam...                               ||
||    Single-end reads are included.                                          ||
||    Total alignments : 20000000                                             ||
||    Successfully assigned alignments : 847604 (4.2%)                        ||
||    Running time : 0.02 minutes                                             ||
||                                                                            ||
|| Process BAM file 159_BXD64_SD_sub2.co.bam...                               ||
||    Single-end reads are included.                                          ||
||    Total alignments : 15000000                                             ||
||    Successfully assigned alignments : 635813 (4.2%)                        ||
||    Running time : 0.02 minutes                                             ||
||                                                                            ||
|| Process BAM file 160_BXD65_CTRL_full.co.bam...                             ||
||    Single-end reads are included.                                          ||
||    Total alignments : 68620513                                             ||
||    Successfully assigned alignments : 2521580 (3.7%)                       ||
||    Running time : 0.06 minutes                                             ||
||                                                                            ||
|| Process BAM file 160_BXD65_CTRL_sub1.co.bam...                             ||
||    Single-end reads are included.                                          ||
||    Total alignments : 20000000                                             ||
||    Successfully assigned alignments : 735770 (3.7%)                        ||
||    Running time : 0.03 minutes                                             ||
||                                                                            ||
|| Process BAM file 160_BXD65_CTRL_sub2.co.bam...                             ||
||    Single-end reads are included.                                          ||
||    Total alignments : 15000000                                             ||
||    Successfully assigned alignments : 551255 (3.7%)                        ||
||    Running time : 0.02 minutes                                             ||
||                                                                            ||
|| Process BAM file 161_BXD65_SD_full.co.bam...                               ||
||    Single-end reads are included.                                          ||
||    Total alignments : 48612474                                             ||
||    Successfully assigned alignments : 1832118 (3.8%)                       ||
||    Running time : 0.05 minutes                                             ||
||                                                                            ||
|| Process BAM file 161_BXD65_SD_sub1.co.bam...                               ||
||    Single-end reads are included.                                          ||
||    Total alignments : 20000000                                             ||
||    Successfully assigned alignments : 754066 (3.8%)                        ||
||    Running time : 0.02 minutes                                             ||
||                                                                            ||
|| Process BAM file 161_BXD65_SD_sub2.co.bam...                               ||
||    Single-end reads are included.                                          ||
||    Total alignments : 15000000                                             ||
||    Successfully assigned alignments : 566520 (3.8%)                        ||
||    Running time : 0.02 minutes                                             ||
||                                                                            ||
|| Process BAM file 162_BXD67_CTRL_full.co.bam...                             ||
||    Single-end reads are included.                                          ||
||    Total alignments : 44194451                                             ||
||    Successfully assigned alignments : 1968622 (4.5%)                       ||
||    Running time : 0.04 minutes                                             ||
||                                                                            ||
|| Process BAM file 162_BXD67_CTRL_sub1.co.bam...                             ||
||    Single-end reads are included.                                          ||
||    Total alignments : 20000000                                             ||
||    Successfully assigned alignments : 889906 (4.4%)                        ||
||    Running time : 0.02 minutes                                             ||
||                                                                            ||
|| Process BAM file 162_BXD67_CTRL_sub2.co.bam...                             ||
||    Single-end reads are included.                                          ||
||    Total alignments : 15000000                                             ||
||    Successfully assigned alignments : 667265 (4.4%)                        ||
||    Running time : 0.02 minutes                                             ||
||                                                                            ||
|| Process BAM file 163_BXD67_SD_full.co.bam...                               ||
||    Single-end reads are included.                                          ||
||    Total alignments : 40693428                                             ||
||    Successfully assigned alignments : 1631047 (4.0%)                       ||
||    Running time : 0.04 minutes                                             ||
||                                                                            ||
|| Process BAM file 163_BXD67_SD_sub1.co.bam...                               ||
||    Single-end reads are included.                                          ||
||    Total alignments : 20000000                                             ||
||    Successfully assigned alignments : 801499 (4.0%)                        ||
||    Running time : 0.02 minutes                                             ||
||                                                                            ||
|| Process BAM file 163_BXD67_SD_sub2.co.bam...                               ||
||    Single-end reads are included.                                          ||
||    Total alignments : 15000000                                             ||
||    Successfully assigned alignments : 600665 (4.0%)                        ||
||    Running time : 0.02 minutes                                             ||
||                                                                            ||
|| Process BAM file 164_BXD70_CTRL_full.co.bam...                             ||
||    Single-end reads are included.                                          ||
||    Total alignments : 46233107                                             ||
||    Successfully assigned alignments : 2504173 (5.4%)                       ||
||    Running time : 0.04 minutes                                             ||
||                                                                            ||
|| Process BAM file 164_BXD70_CTRL_sub1.co.bam...                             ||
||    Single-end reads are included.                                          ||
||    Total alignments : 20000000                                             ||
||    Successfully assigned alignments : 1082932 (5.4%)                       ||
||    Running time : 0.02 minutes                                             ||
||                                                                            ||
|| Process BAM file 164_BXD70_CTRL_sub2.co.bam...                             ||
||    Single-end reads are included.                                          ||
||    Total alignments : 15000000                                             ||
||    Successfully assigned alignments : 811867 (5.4%)                        ||
||    Running time : 0.02 minutes                                             ||
||                                                                            ||
|| Process BAM file 165_BXD70_SD_full.co.bam...                               ||
||    Single-end reads are included.                                          ||
||    Total alignments : 46863185                                             ||
||    Successfully assigned alignments : 2029157 (4.3%)                       ||
||    Running time : 0.04 minutes                                             ||
||                                                                            ||
|| Process BAM file 165_BXD70_SD_sub1.co.bam...                               ||
||    Single-end reads are included.                                          ||
||    Total alignments : 20000000                                             ||
||    Successfully assigned alignments : 865547 (4.3%)                        ||
||    Running time : 0.02 minutes                                             ||
||                                                                            ||
|| Process BAM file 165_BXD70_SD_sub2.co.bam...                               ||
||    Single-end reads are included.                                          ||
||    Total alignments : 15000000                                             ||
||    Successfully assigned alignments : 649860 (4.3%)                        ||
||    Running time : 0.02 minutes                                             ||
||                                                                            ||
|| Process BAM file 166_BXD79_CTRL_full.co.bam...                             ||
||    Single-end reads are included.                                          ||
||    Total alignments : 46483117                                             ||
||    Successfully assigned alignments : 1809888 (3.9%)                       ||
||    Running time : 0.05 minutes                                             ||
||                                                                            ||
|| Process BAM file 166_BXD79_CTRL_sub1.co.bam...                             ||
||    Single-end reads are included.                                          ||
||    Total alignments : 20000000                                             ||
||    Successfully assigned alignments : 779876 (3.9%)                        ||
||    Running time : 0.02 minutes                                             ||
||                                                                            ||
|| Process BAM file 166_BXD79_CTRL_sub2.co.bam...                             ||
||    Single-end reads are included.                                          ||
||    Total alignments : 15000000                                             ||
||    Successfully assigned alignments : 583867 (3.9%)                        ||
||    Running time : 0.02 minutes                                             ||
||                                                                            ||
|| Process BAM file 167_BXD79_SD_full.co.bam...                               ||
||    Single-end reads are included.                                          ||
||    Total alignments : 46879622                                             ||
||    Successfully assigned alignments : 1769840 (3.8%)                       ||
||    Running time : 0.05 minutes                                             ||
||                                                                            ||
|| Process BAM file 167_BXD79_SD_sub1.co.bam...                               ||
||    Single-end reads are included.                                          ||
||    Total alignments : 20000000                                             ||
||    Successfully assigned alignments : 756241 (3.8%)                        ||
||    Running time : 0.02 minutes                                             ||
||                                                                            ||
|| Process BAM file 167_BXD79_SD_sub2.co.bam...                               ||
||    Single-end reads are included.                                          ||
||    Total alignments : 15000000                                             ||
||    Successfully assigned alignments : 566264 (3.8%)                        ||
||    Running time : 0.02 minutes                                             ||
||                                                                            ||
|| Process BAM file 168_BXD81_CTRL_full.co.bam...                             ||
||    Single-end reads are included.                                          ||
||    Total alignments : 38816911                                             ||
||    Successfully assigned alignments : 1821335 (4.7%)                       ||
||    Running time : 0.04 minutes                                             ||
||                                                                            ||
|| Process BAM file 168_BXD81_CTRL_sub1.co.bam...                             ||
||    Single-end reads are included.                                          ||
||    Total alignments : 20000000                                             ||
||    Successfully assigned alignments : 939085 (4.7%)                        ||
||    Running time : 0.02 minutes                                             ||
||                                                                            ||
|| Process BAM file 168_BXD81_CTRL_sub2.co.bam...                             ||
||    Single-end reads are included.                                          ||
||    Total alignments : 15000000                                             ||
||    Successfully assigned alignments : 704199 (4.7%)                        ||
||    Running time : 0.02 minutes                                             ||
||                                                                            ||
|| Process BAM file 169_BXD81_SD_full.co.bam...                               ||
||    Single-end reads are included.                                          ||
||    Total alignments : 43335437                                             ||
||    Successfully assigned alignments : 1510002 (3.5%)                       ||
||    Running time : 0.04 minutes                                             ||
||                                                                            ||
|| Process BAM file 169_BXD81_SD_sub1.co.bam...                               ||
||    Single-end reads are included.                                          ||
||    Total alignments : 20000000                                             ||
||    Successfully assigned alignments : 697057 (3.5%)                        ||
||    Running time : 0.03 minutes                                             ||
||                                                                            ||
|| Process BAM file 169_BXD81_SD_sub2.co.bam...                               ||
||    Single-end reads are included.                                          ||
||    Total alignments : 15000000                                             ||
||    Successfully assigned alignments : 523627 (3.5%)                        ||
||    Running time : 0.02 minutes                                             ||
||                                                                            ||
|| Process BAM file 170_BXD85_CTRL_full.co.bam...                             ||
||    Single-end reads are included.                                          ||
||    Total alignments : 47294224                                             ||
||    Successfully assigned alignments : 1553926 (3.3%)                       ||
||    Running time : 0.05 minutes                                             ||
||                                                                            ||
|| Process BAM file 170_BXD85_CTRL_sub1.co.bam...                             ||
||    Single-end reads are included.                                          ||
||    Total alignments : 20000000                                             ||
||    Successfully assigned alignments : 657507 (3.3%)                        ||
||    Running time : 0.03 minutes                                             ||
||                                                                            ||
|| Process BAM file 170_BXD85_CTRL_sub2.co.bam...                             ||
||    Single-end reads are included.                                          ||
||    Total alignments : 15000000                                             ||
||    Successfully assigned alignments : 491726 (3.3%)                        ||
||    Running time : 0.02 minutes                                             ||
||                                                                            ||
|| Process BAM file 171_BXD85_SD_full.co.bam...                               ||
||    Single-end reads are included.                                          ||
||    Total alignments : 42083634                                             ||
||    Successfully assigned alignments : 1795971 (4.3%)                       ||
||    Running time : 0.04 minutes                                             ||
||                                                                            ||
|| Process BAM file 171_BXD85_SD_sub1.co.bam...                               ||
||    Single-end reads are included.                                          ||
||    Total alignments : 20000000                                             ||
||    Successfully assigned alignments : 853283 (4.3%)                        ||
||    Running time : 0.02 minutes                                             ||
||                                                                            ||
|| Process BAM file 171_BXD85_SD_sub2.co.bam...                               ||
||    Single-end reads are included.                                          ||
||    Total alignments : 15000000                                             ||
||    Successfully assigned alignments : 639157 (4.3%)                        ||
||    Running time : 0.02 minutes                                             ||
||                                                                            ||
|| Process BAM file 174_BXD89_CTRL_full.co.bam...                             ||
||    Single-end reads are included.                                          ||
||    Total alignments : 46397110                                             ||
||    Successfully assigned alignments : 1844869 (4.0%)                       ||
||    Running time : 0.04 minutes                                             ||
||                                                                            ||
|| Process BAM file 174_BXD89_CTRL_sub1.co.bam...                             ||
||    Single-end reads are included.                                          ||
||    Total alignments : 20000000                                             ||
||    Successfully assigned alignments : 794697 (4.0%)                        ||
||    Running time : 0.02 minutes                                             ||
||                                                                            ||
|| Process BAM file 174_BXD89_CTRL_sub2.co.bam...                             ||
||    Single-end reads are included.                                          ||
||    Total alignments : 15000000                                             ||
||    Successfully assigned alignments : 596620 (4.0%)                        ||
||    Running time : 0.02 minutes                                             ||
||                                                                            ||
|| Process BAM file 175_BXD89_SD_full.co.bam...                               ||
||    Single-end reads are included.                                          ||
||    Total alignments : 48754219                                             ||
||    Successfully assigned alignments : 2123788 (4.4%)                       ||
||    Running time : 0.05 minutes                                             ||
||                                                                            ||
|| Process BAM file 175_BXD89_SD_sub1.co.bam...                               ||
||    Single-end reads are included.                                          ||
||    Total alignments : 20000000                                             ||
||    Successfully assigned alignments : 871174 (4.4%)                        ||
||    Running time : 0.02 minutes                                             ||
||                                                                            ||
|| Process BAM file 175_BXD89_SD_sub2.co.bam...                               ||
||    Single-end reads are included.                                          ||
||    Total alignments : 15000000                                             ||
||    Successfully assigned alignments : 653046 (4.4%)                        ||
||    Running time : 0.02 minutes                                             ||
||                                                                            ||
|| Process BAM file 176_BXD90_CTRL_full.co.bam...                             ||
||    Single-end reads are included.                                          ||
||    Total alignments : 50411799                                             ||
||    Successfully assigned alignments : 1779914 (3.5%)                       ||
||    Running time : 0.05 minutes                                             ||
||                                                                            ||
|| Process BAM file 176_BXD90_CTRL_sub1.co.bam...                             ||
||    Single-end reads are included.                                          ||
||    Total alignments : 20000000                                             ||
||    Successfully assigned alignments : 706047 (3.5%)                        ||
||    Running time : 0.02 minutes                                             ||
||                                                                            ||
|| Process BAM file 176_BXD90_CTRL_sub2.co.bam...                             ||
||    Single-end reads are included.                                          ||
||    Total alignments : 15000000                                             ||
||    Successfully assigned alignments : 530275 (3.5%)                        ||
||    Running time : 0.02 minutes                                             ||
||                                                                            ||
|| Process BAM file 177_BXD90_SD_full.co.bam...                               ||
||    Single-end reads are included.                                          ||
||    Total alignments : 61933907                                             ||
||    Successfully assigned alignments : 1772475 (2.9%)                       ||
||    Running time : 0.06 minutes                                             ||
||                                                                            ||
|| Process BAM file 177_BXD90_SD_sub1.co.bam...                               ||
||    Single-end reads are included.                                          ||
||    Total alignments : 20000000                                             ||
||    Successfully assigned alignments : 572256 (2.9%)                        ||
||    Running time : 0.02 minutes                                             ||
||                                                                            ||
|| Process BAM file 177_BXD90_SD_sub2.co.bam...                               ||
||    Single-end reads are included.                                          ||
||    Total alignments : 15000000                                             ||
||    Successfully assigned alignments : 429857 (2.9%)                        ||
||    Running time : 0.02 minutes                                             ||
||                                                                            ||
|| Process BAM file 178_BXD95_CTRL_full.co.bam...                             ||
||    Single-end reads are included.                                          ||
||    Total alignments : 69438199                                             ||
||    Successfully assigned alignments : 2423167 (3.5%)                       ||
||    Running time : 0.06 minutes                                             ||
||                                                                            ||
|| Process BAM file 178_BXD95_CTRL_sub1.co.bam...                             ||
||    Single-end reads are included.                                          ||
||    Total alignments : 20000000                                             ||
||    Successfully assigned alignments : 696726 (3.5%)                        ||
||    Running time : 0.02 minutes                                             ||
||                                                                            ||
|| Process BAM file 178_BXD95_CTRL_sub2.co.bam...                             ||
||    Single-end reads are included.                                          ||
||    Total alignments : 15000000                                             ||
||    Successfully assigned alignments : 523972 (3.5%)                        ||
||    Running time : 0.02 minutes                                             ||
||                                                                            ||
|| Process BAM file 179_BXD95_SD_full.co.bam...                               ||
||    Single-end reads are included.                                          ||
||    Total alignments : 70028017                                             ||
||    Successfully assigned alignments : 3204467 (4.6%)                       ||
||    Running time : 0.06 minutes                                             ||
||                                                                            ||
|| Process BAM file 179_BXD95_SD_sub1.co.bam...                               ||
||    Single-end reads are included.                                          ||
||    Total alignments : 20000000                                             ||
||    Successfully assigned alignments : 913155 (4.6%)                        ||
||    Running time : 0.02 minutes                                             ||
||                                                                            ||
|| Process BAM file 179_BXD95_SD_sub2.co.bam...                               ||
||    Single-end reads are included.                                          ||
||    Total alignments : 15000000                                             ||
||    Successfully assigned alignments : 686888 (4.6%)                        ||
||    Running time : 0.02 minutes                                             ||
||                                                                            ||
|| Process BAM file 180_C57Bl6_CTRL_full.co.bam...                            ||
||    Single-end reads are included.                                          ||
||    Total alignments : 49135596                                             ||
||    Successfully assigned alignments : 2231204 (4.5%)                       ||
||    Running time : 0.05 minutes                                             ||
||                                                                            ||
|| Process BAM file 180_C57Bl6_CTRL_sub1.co.bam...                            ||
||    Single-end reads are included.                                          ||
||    Total alignments : 20000000                                             ||
||    Successfully assigned alignments : 907463 (4.5%)                        ||
||    Running time : 0.02 minutes                                             ||
||                                                                            ||
|| Process BAM file 180_C57Bl6_CTRL_sub2.co.bam...                            ||
||    Single-end reads are included.                                          ||
||    Total alignments : 15000000                                             ||
||    Successfully assigned alignments : 681381 (4.5%)                        ||
||    Running time : 0.02 minutes                                             ||
||                                                                            ||
|| Process BAM file 181_C57Bl6_SD_full.co.bam...                              ||
||    Single-end reads are included.                                          ||
||    Total alignments : 43499437                                             ||
||    Successfully assigned alignments : 1679333 (3.9%)                       ||
||    Running time : 0.04 minutes                                             ||
||                                                                            ||
|| Process BAM file 181_C57Bl6_SD_sub1.co.bam...                              ||
||    Single-end reads are included.                                          ||
||    Total alignments : 20000000                                             ||
||    Successfully assigned alignments : 772434 (3.9%)                        ||
||    Running time : 0.02 minutes                                             ||
||                                                                            ||
|| Process BAM file 181_C57Bl6_SD_sub2.co.bam...                              ||
||    Single-end reads are included.                                          ||
||    Total alignments : 15000000                                             ||
||    Successfully assigned alignments : 579004 (3.9%)                        ||
||    Running time : 0.02 minutes                                             ||
||                                                                            ||
|| Process BAM file 182_DBA_CTRL_full.co.bam...                               ||
||    Single-end reads are included.                                          ||
||    Total alignments : 43651939                                             ||
||    Successfully assigned alignments : 2398349 (5.5%)                       ||
||    Running time : 0.04 minutes                                             ||
||                                                                            ||
|| Process BAM file 182_DBA_CTRL_sub1.co.bam...                               ||
||    Single-end reads are included.                                          ||
||    Total alignments : 20000000                                             ||
||    Successfully assigned alignments : 1098716 (5.5%)                       ||
||    Running time : 0.02 minutes                                             ||
||                                                                            ||
|| Process BAM file 182_DBA_CTRL_sub2.co.bam...                               ||
||    Single-end reads are included.                                          ||
||    Total alignments : 15000000                                             ||
||    Successfully assigned alignments : 823998 (5.5%)                        ||
||    Running time : 0.02 minutes                                             ||
||                                                                            ||
|| Process BAM file 183_DBA_SD_full.co.bam...                                 ||
||    Single-end reads are included.                                          ||
||    Total alignments : 56761801                                             ||
||    Successfully assigned alignments : 2863959 (5.0%)                       ||
||    Running time : 0.05 minutes                                             ||
||                                                                            ||
|| Process BAM file 183_DBA_SD_sub1.co.bam...                                 ||
||    Single-end reads are included.                                          ||
||    Total alignments : 20000000                                             ||
||    Successfully assigned alignments : 1007733 (5.0%)                       ||
||    Running time : 0.02 minutes                                             ||
||                                                                            ||
|| Process BAM file 183_DBA_SD_sub2.co.bam...                                 ||
||    Single-end reads are included.                                          ||
||    Total alignments : 15000000                                             ||
||    Successfully assigned alignments : 756548 (5.0%)                        ||
||    Running time : 0.02 minutes                                             ||
||                                                                            ||
|| Process BAM file 184_BXD43_CTRL_full.co.bam...                             ||
||    Single-end reads are included.                                          ||
||    Total alignments : 40379615                                             ||
||    Successfully assigned alignments : 1227171 (3.0%)                       ||
||    Running time : 0.04 minutes                                             ||
||                                                                            ||
|| Process BAM file 184_BXD43_CTRL_sub1.co.bam...                             ||
||    Single-end reads are included.                                          ||
||    Total alignments : 20000000                                             ||
||    Successfully assigned alignments : 608105 (3.0%)                        ||
||    Running time : 0.02 minutes                                             ||
||                                                                            ||
|| Process BAM file 184_BXD43_CTRL_sub2.co.bam...                             ||
||    Single-end reads are included.                                          ||
||    Total alignments : 15000000                                             ||
||    Successfully assigned alignments : 455197 (3.0%)                        ||
||    Running time : 0.02 minutes                                             ||
||                                                                            ||
|| Process BAM file 185_BXD43_SD_full.co.bam...                               ||
||    Single-end reads are included.                                          ||
||    Total alignments : 101887950                                            ||
||    Successfully assigned alignments : 3559373 (3.5%)                       ||
||    Running time : 0.09 minutes                                             ||
||                                                                            ||
|| Process BAM file 185_BXD43_SD_sub1.co.bam...                               ||
||    Single-end reads are included.                                          ||
||    Total alignments : 20000000                                             ||
||    Successfully assigned alignments : 699046 (3.5%)                        ||
||    Running time : 0.02 minutes                                             ||
||                                                                            ||
|| Process BAM file 185_BXD43_SD_sub2.co.bam...                               ||
||    Single-end reads are included.                                          ||
||    Total alignments : 15000000                                             ||
||    Successfully assigned alignments : 524645 (3.5%)                        ||
||    Running time : 0.02 minutes                                             ||
||                                                                            ||
|| Process BAM file 186_BXD50_CTRL_full.co.bam...                             ||
||    Single-end reads are included.                                          ||
||    Total alignments : 40263749                                             ||
||    Successfully assigned alignments : 1273940 (3.2%)                       ||
||    Running time : 0.04 minutes                                             ||
||                                                                            ||
|| Process BAM file 186_BXD50_CTRL_sub1.co.bam...                             ||
||    Single-end reads are included.                                          ||
||    Total alignments : 20000000                                             ||
||    Successfully assigned alignments : 633449 (3.2%)                        ||
||    Running time : 0.02 minutes                                             ||
||                                                                            ||
|| Process BAM file 186_BXD50_CTRL_sub2.co.bam...                             ||
||    Single-end reads are included.                                          ||
||    Total alignments : 15000000                                             ||
||    Successfully assigned alignments : 473414 (3.2%)                        ||
||    Running time : 0.02 minutes                                             ||
||                                                                            ||
|| Process BAM file 187_BXD50_SD_full.co.bam...                               ||
||    Single-end reads are included.                                          ||
||    Total alignments : 55794297                                             ||
||    Successfully assigned alignments : 2597257 (4.7%)                       ||
||    Running time : 0.05 minutes                                             ||
||                                                                            ||
|| Process BAM file 187_BXD50_SD_sub1.co.bam...                               ||
||    Single-end reads are included.                                          ||
||    Total alignments : 20000000                                             ||
||    Successfully assigned alignments : 931189 (4.7%)                        ||
||    Running time : 0.02 minutes                                             ||
||                                                                            ||
|| Process BAM file 187_BXD50_SD_sub2.co.bam...                               ||
||    Single-end reads are included.                                          ||
||    Total alignments : 15000000                                             ||
||    Successfully assigned alignments : 697265 (4.6%)                        ||
||    Running time : 0.02 minutes                                             ||
||                                                                            ||
|| Process BAM file 188_BXD65_CTRL_full.co.bam...                             ||
||    Single-end reads are included.                                          ||
||    Total alignments : 44960971                                             ||
||    Successfully assigned alignments : 2053272 (4.6%)                       ||
||    Running time : 0.04 minutes                                             ||
||                                                                            ||
|| Process BAM file 188_BXD65_CTRL_sub1.co.bam...                             ||
||    Single-end reads are included.                                          ||
||    Total alignments : 20000000                                             ||
||    Successfully assigned alignments : 912619 (4.6%)                        ||
||    Running time : 0.02 minutes                                             ||
||                                                                            ||
|| Process BAM file 188_BXD65_CTRL_sub2.co.bam...                             ||
||    Single-end reads are included.                                          ||
||    Total alignments : 15000000                                             ||
||    Successfully assigned alignments : 684193 (4.6%)                        ||
||    Running time : 0.02 minutes                                             ||
||                                                                            ||
|| Process BAM file 189_BXD65_SD_full.co.bam...                               ||
||    Single-end reads are included.                                          ||
||    Total alignments : 48176095                                             ||
||    Successfully assigned alignments : 1845892 (3.8%)                       ||
||    Running time : 0.05 minutes                                             ||
||                                                                            ||
|| Process BAM file 189_BXD65_SD_sub1.co.bam...                               ||
||    Single-end reads are included.                                          ||
||    Total alignments : 20000000                                             ||
||    Successfully assigned alignments : 766615 (3.8%)                        ||
||    Running time : 0.02 minutes                                             ||
||                                                                            ||
|| Process BAM file 189_BXD65_SD_sub2.co.bam...                               ||
||    Single-end reads are included.                                          ||
||    Total alignments : 15000000                                             ||
||    Successfully assigned alignments : 573620 (3.8%)                        ||
||    Running time : 0.02 minutes                                             ||
||                                                                            ||
|| Process BAM file 190_65a_CTRL_full.co.bam...                               ||
||    Single-end reads are included.                                          ||
||    Total alignments : 49412201                                             ||
||    Successfully assigned alignments : 1134995 (2.3%)                       ||
||    Running time : 0.05 minutes                                             ||
||                                                                            ||
|| Process BAM file 190_65a_CTRL_sub1.co.bam...                               ||
||    Single-end reads are included.                                          ||
||    Total alignments : 20000000                                             ||
||    Successfully assigned alignments : 459765 (2.3%)                        ||
||    Running time : 0.02 minutes                                             ||
||                                                                            ||
|| Process BAM file 190_65a_CTRL_sub2.co.bam...                               ||
||    Single-end reads are included.                                          ||
||    Total alignments : 15000000                                             ||
||    Successfully assigned alignments : 344864 (2.3%)                        ||
||    Running time : 0.02 minutes                                             ||
||                                                                            ||
|| Process BAM file 192_BXD98_CTRL_full.co.bam...                             ||
||    Single-end reads are included.                                          ||
||    Total alignments : 61145733                                             ||
||    Successfully assigned alignments : 1754015 (2.9%)                       ||
||    Running time : 0.06 minutes                                             ||
||                                                                            ||
|| Process BAM file 192_BXD98_CTRL_sub1.co.bam...                             ||
||    Single-end reads are included.                                          ||
||    Total alignments : 20000000                                             ||
||    Successfully assigned alignments : 574141 (2.9%)                        ||
||    Running time : 0.03 minutes                                             ||
||                                                                            ||
|| Process BAM file 192_BXD98_CTRL_sub2.co.bam...                             ||
||    Single-end reads are included.                                          ||
||    Total alignments : 15000000                                             ||
||    Successfully assigned alignments : 430367 (2.9%)                        ||
||    Running time : 0.02 minutes                                             ||
||                                                                            ||
|| Process BAM file 193_BXD98_SD_full.co.bam...                               ||
||    Single-end reads are included.                                          ||
||    Total alignments : 94157238                                             ||
||    Successfully assigned alignments : 4002532 (4.3%)                       ||
||    Running time : 0.08 minutes                                             ||
||                                                                            ||
|| Process BAM file 193_BXD98_SD_sub1.co.bam...                               ||
||    Single-end reads are included.                                          ||
||    Total alignments : 20000000                                             ||
||    Successfully assigned alignments : 849369 (4.2%)                        ||
||    Running time : 0.03 minutes                                             ||
||                                                                            ||
|| Process BAM file 193_BXD98_SD_sub2.co.bam...                               ||
||    Single-end reads are included.                                          ||
||    Total alignments : 15000000                                             ||
||    Successfully assigned alignments : 637489 (4.2%)                        ||
||    Running time : 0.02 minutes                                             ||
||                                                                            ||
|| Process BAM file 194_BXD98_CTRL_full.co.bam...                             ||
||    Single-end reads are included.                                          ||
||    Total alignments : 80800800                                             ||
||    Successfully assigned alignments : 2796872 (3.5%)                       ||
||    Running time : 0.07 minutes                                             ||
||                                                                            ||
|| Process BAM file 194_BXD98_CTRL_sub1.co.bam...                             ||
||    Single-end reads are included.                                          ||
||    Total alignments : 20000000                                             ||
||    Successfully assigned alignments : 691739 (3.5%)                        ||
||    Running time : 0.02 minutes                                             ||
||                                                                            ||
|| Process BAM file 194_BXD98_CTRL_sub2.co.bam...                             ||
||    Single-end reads are included.                                          ||
||    Total alignments : 15000000                                             ||
||    Successfully assigned alignments : 519334 (3.5%)                        ||
||    Running time : 0.02 minutes                                             ||
||                                                                            ||
|| Process BAM file 195_BXD98_SD_full.co.bam...                               ||
||    Single-end reads are included.                                          ||
||    Total alignments : 45359989                                             ||
||    Successfully assigned alignments : 1605663 (3.5%)                       ||
||    Running time : 0.04 minutes                                             ||
||                                                                            ||
|| Process BAM file 195_BXD98_SD_sub1.co.bam...                               ||
||    Single-end reads are included.                                          ||
||    Total alignments : 20000000                                             ||
||    Successfully assigned alignments : 708035 (3.5%)                        ||
||    Running time : 0.02 minutes                                             ||
||                                                                            ||
|| Process BAM file 195_BXD98_SD_sub2.co.bam...                               ||
||    Single-end reads are included.                                          ||
||    Total alignments : 15000000                                             ||
||    Successfully assigned alignments : 531754 (3.5%)                        ||
||    Running time : 0.02 minutes                                             ||
||                                                                            ||
|| Process BAM file 196_BXD100_CTRL_full.co.bam...                            ||
||    Single-end reads are included.                                          ||
||    Total alignments : 52205737                                             ||
||    Successfully assigned alignments : 1340556 (2.6%)                       ||
||    Running time : 0.05 minutes                                             ||
||                                                                            ||
|| Process BAM file 196_BXD100_CTRL_sub1.co.bam...                            ||
||    Single-end reads are included.                                          ||
||    Total alignments : 20000000                                             ||
||    Successfully assigned alignments : 513041 (2.6%)                        ||
||    Running time : 0.03 minutes                                             ||
||                                                                            ||
|| Process BAM file 196_BXD100_CTRL_sub2.co.bam...                            ||
||    Single-end reads are included.                                          ||
||    Total alignments : 15000000                                             ||
||    Successfully assigned alignments : 385178 (2.6%)                        ||
||    Running time : 0.02 minutes                                             ||
||                                                                            ||
|| Process BAM file 197_BXD100_SD_full.co.bam...                              ||
||    Single-end reads are included.                                          ||
||    Total alignments : 108709144                                            ||
||    Successfully assigned alignments : 3520171 (3.2%)                       ||
||    Running time : 0.09 minutes                                             ||
||                                                                            ||
|| Process BAM file 197_BXD100_SD_sub1.co.bam...                              ||
||    Single-end reads are included.                                          ||
||    Total alignments : 20000000                                             ||
||    Successfully assigned alignments : 648493 (3.2%)                        ||
||    Running time : 0.03 minutes                                             ||
||                                                                            ||
|| Process BAM file 197_BXD100_SD_sub2.co.bam...                              ||
||    Single-end reads are included.                                          ||
||    Total alignments : 15000000                                             ||
||    Successfully assigned alignments : 485357 (3.2%)                        ||
||    Running time : 0.02 minutes                                             ||
||                                                                            ||
|| Process BAM file 198_73b_CTRL_full.co.bam...                               ||
||    Single-end reads are included.                                          ||
||    Total alignments : 50962578                                             ||
||    Successfully assigned alignments : 1576440 (3.1%)                       ||
||    Running time : 0.05 minutes                                             ||
||                                                                            ||
|| Process BAM file 198_73b_CTRL_sub1.co.bam...                               ||
||    Single-end reads are included.                                          ||
||    Total alignments : 20000000                                             ||
||    Successfully assigned alignments : 618008 (3.1%)                        ||
||    Running time : 0.02 minutes                                             ||
||                                                                            ||
|| Process BAM file 198_73b_CTRL_sub2.co.bam...                               ||
||    Single-end reads are included.                                          ||
||    Total alignments : 15000000                                             ||
||    Successfully assigned alignments : 463502 (3.1%)                        ||
||    Running time : 0.02 minutes                                             ||
||                                                                            ||
|| Process BAM file 199_73b_SD_full.co.bam...                                 ||
||    Single-end reads are included.                                          ||
||    Total alignments : 45806394                                             ||
||    Successfully assigned alignments : 1221066 (2.7%)                       ||
||    Running time : 0.04 minutes                                             ||
||                                                                            ||
|| Process BAM file 199_73b_SD_sub1.co.bam...                                 ||
||    Single-end reads are included.                                          ||
||    Total alignments : 20000000                                             ||
||    Successfully assigned alignments : 532812 (2.7%)                        ||
||    Running time : 0.02 minutes                                             ||
||                                                                            ||
|| Process BAM file 199_73b_SD_sub2.co.bam...                                 ||
||    Single-end reads are included.                                          ||
||    Total alignments : 15000000                                             ||
||    Successfully assigned alignments : 400228 (2.7%)                        ||
||    Running time : 0.02 minutes                                             ||
||                                                                            ||
|| Process BAM file 200_C57Bl6_CTRL_full.co.bam...                            ||
||    Single-end reads are included.                                          ||
||    Total alignments : 49847225                                             ||
||    Successfully assigned alignments : 1450025 (2.9%)                       ||
||    Running time : 0.05 minutes                                             ||
||                                                                            ||
|| Process BAM file 200_C57Bl6_CTRL_sub1.co.bam...                            ||
||    Single-end reads are included.                                          ||
||    Total alignments : 20000000                                             ||
||    Successfully assigned alignments : 581646 (2.9%)                        ||
||    Running time : 0.02 minutes                                             ||
||                                                                            ||
|| Process BAM file 200_C57Bl6_CTRL_sub2.co.bam...                            ||
||    Single-end reads are included.                                          ||
||    Total alignments : 15000000                                             ||
||    Successfully assigned alignments : 436951 (2.9%)                        ||
||    Running time : 0.02 minutes                                             ||
||                                                                            ||
|| Process BAM file 201_C57Bl6_SD_full.co.bam...                              ||
||    Single-end reads are included.                                          ||
||    Total alignments : 36951368                                             ||
||    Successfully assigned alignments : 1901861 (5.1%)                       ||
||    Running time : 0.04 minutes                                             ||
||                                                                            ||
|| Process BAM file 201_C57Bl6_SD_sub1.co.bam...                              ||
||    Single-end reads are included.                                          ||
||    Total alignments : 20000000                                             ||
||    Successfully assigned alignments : 1029291 (5.1%)                       ||
||    Running time : 0.02 minutes                                             ||
||                                                                            ||
|| Process BAM file 201_C57Bl6_SD_sub2.co.bam...                              ||
||    Single-end reads are included.                                          ||
||    Total alignments : 15000000                                             ||
||    Successfully assigned alignments : 771471 (5.1%)                        ||
||    Running time : 0.02 minutes                                             ||
||                                                                            ||
|| Process BAM file 202_DBA_CTRL_full.co.bam...                               ||
||    Single-end reads are included.                                          ||
||    Total alignments : 39692374                                             ||
||    Successfully assigned alignments : 1474777 (3.7%)                       ||
||    Running time : 0.04 minutes                                             ||
||                                                                            ||
|| Process BAM file 202_DBA_CTRL_sub1.co.bam...                               ||
||    Single-end reads are included.                                          ||
||    Total alignments : 20000000                                             ||
||    Successfully assigned alignments : 743423 (3.7%)                        ||
||    Running time : 0.02 minutes                                             ||
||                                                                            ||
|| Process BAM file 202_DBA_CTRL_sub2.co.bam...                               ||
||    Single-end reads are included.                                          ||
||    Total alignments : 15000000                                             ||
||    Successfully assigned alignments : 557483 (3.7%)                        ||
||    Running time : 0.02 minutes                                             ||
||                                                                            ||
|| Process BAM file 203_DBA_SD_full.co.bam...                                 ||
||    Single-end reads are included.                                          ||
||    Total alignments : 57827621                                             ||
||    Successfully assigned alignments : 2079007 (3.6%)                       ||
||    Running time : 0.05 minutes                                             ||
||                                                                            ||
|| Process BAM file 203_DBA_SD_sub1.co.bam...                                 ||
||    Single-end reads are included.                                          ||
||    Total alignments : 20000000                                             ||
||    Successfully assigned alignments : 718813 (3.6%)                        ||
||    Running time : 0.02 minutes                                             ||
||                                                                            ||
|| Process BAM file 203_DBA_SD_sub2.co.bam...                                 ||
||    Single-end reads are included.                                          ||
||    Total alignments : 15000000                                             ||
||    Successfully assigned alignments : 538748 (3.6%)                        ||
||    Running time : 0.02 minutes                                             ||
||                                                                            ||
|| Process BAM file 204_BXD44_CTRL_full.co.bam...                             ||
||    Single-end reads are included.                                          ||
||    Total alignments : 43907503                                             ||
||    Successfully assigned alignments : 1358833 (3.1%)                       ||
||    Running time : 0.04 minutes                                             ||
||                                                                            ||
|| Process BAM file 204_BXD44_CTRL_sub1.co.bam...                             ||
||    Single-end reads are included.                                          ||
||    Total alignments : 20000000                                             ||
||    Successfully assigned alignments : 619134 (3.1%)                        ||
||    Running time : 0.02 minutes                                             ||
||                                                                            ||
|| Process BAM file 204_BXD44_CTRL_sub2.co.bam...                             ||
||    Single-end reads are included.                                          ||
||    Total alignments : 15000000                                             ||
||    Successfully assigned alignments : 464587 (3.1%)                        ||
||    Running time : 0.02 minutes                                             ||
||                                                                            ||
|| Process BAM file 205_BXD44_SD_full.co.bam...                               ||
||    Single-end reads are included.                                          ||
||    Total alignments : 49865198                                             ||
||    Successfully assigned alignments : 1545304 (3.1%)                       ||
||    Running time : 0.05 minutes                                             ||
||                                                                            ||
|| Process BAM file 205_BXD44_SD_sub1.co.bam...                               ||
||    Single-end reads are included.                                          ||
||    Total alignments : 20000000                                             ||
||    Successfully assigned alignments : 619951 (3.1%)                        ||
||    Running time : 0.02 minutes                                             ||
||                                                                            ||
|| Process BAM file 205_BXD44_SD_sub2.co.bam...                               ||
||    Single-end reads are included.                                          ||
||    Total alignments : 15000000                                             ||
||    Successfully assigned alignments : 465839 (3.1%)                        ||
||    Running time : 0.02 minutes                                             ||
||                                                                            ||
|| Process BAM file 206_BXD44_CTRL_full.co.bam...                             ||
||    Single-end reads are included.                                          ||
||    Total alignments : 62919762                                             ||
||    Successfully assigned alignments : 2222375 (3.5%)                       ||
||    Running time : 0.06 minutes                                             ||
||                                                                            ||
|| Process BAM file 206_BXD44_CTRL_sub1.co.bam...                             ||
||    Single-end reads are included.                                          ||
||    Total alignments : 20000000                                             ||
||    Successfully assigned alignments : 707308 (3.5%)                        ||
||    Running time : 0.02 minutes                                             ||
||                                                                            ||
|| Process BAM file 206_BXD44_CTRL_sub2.co.bam...                             ||
||    Single-end reads are included.                                          ||
||    Total alignments : 15000000                                             ||
||    Successfully assigned alignments : 530252 (3.5%)                        ||
||    Running time : 0.02 minutes                                             ||
||                                                                            ||
|| Process BAM file 207_BXD44_SD_full.co.bam...                               ||
||    Single-end reads are included.                                          ||
||    Total alignments : 61371660                                             ||
||    Successfully assigned alignments : 2237307 (3.6%)                       ||
||    Running time : 0.06 minutes                                             ||
||                                                                            ||
|| Process BAM file 207_BXD44_SD_sub1.co.bam...                               ||
||    Single-end reads are included.                                          ||
||    Total alignments : 20000000                                             ||
||    Successfully assigned alignments : 729590 (3.6%)                        ||
||    Running time : 0.02 minutes                                             ||
||                                                                            ||
|| Process BAM file 207_BXD44_SD_sub2.co.bam...                               ||
||    Single-end reads are included.                                          ||
||    Total alignments : 15000000                                             ||
||    Successfully assigned alignments : 547383 (3.6%)                        ||
||    Running time : 0.02 minutes                                             ||
||                                                                            ||
|| Process BAM file 208_BXD44_CTRL_full.co.bam...                             ||
||    Single-end reads are included.                                          ||
||    Total alignments : 57247924                                             ||
||    Successfully assigned alignments : 2170589 (3.8%)                       ||
||    Running time : 0.05 minutes                                             ||
||                                                                            ||
|| Process BAM file 208_BXD44_CTRL_sub1.co.bam...                             ||
||    Single-end reads are included.                                          ||
||    Total alignments : 20000000                                             ||
||    Successfully assigned alignments : 758061 (3.8%)                        ||
||    Running time : 0.02 minutes                                             ||
||                                                                            ||
|| Process BAM file 208_BXD44_CTRL_sub2.co.bam...                             ||
||    Single-end reads are included.                                          ||
||    Total alignments : 15000000                                             ||
||    Successfully assigned alignments : 569209 (3.8%)                        ||
||    Running time : 0.02 minutes                                             ||
||                                                                            ||
|| Process BAM file 209_BXD44_SD_full.co.bam...                               ||
||    Single-end reads are included.                                          ||
||    Total alignments : 49777641                                             ||
||    Successfully assigned alignments : 1598928 (3.2%)                       ||
||    Running time : 0.05 minutes                                             ||
||                                                                            ||
|| Process BAM file 209_BXD44_SD_sub1.co.bam...                               ||
||    Single-end reads are included.                                          ||
||    Total alignments : 20000000                                             ||
||    Successfully assigned alignments : 642759 (3.2%)                        ||
||    Running time : 0.02 minutes                                             ||
||                                                                            ||
|| Process BAM file 209_BXD44_SD_sub2.co.bam...                               ||
||    Single-end reads are included.                                          ||
||    Total alignments : 15000000                                             ||
||    Successfully assigned alignments : 482709 (3.2%)                        ||
||    Running time : 0.02 minutes                                             ||
||                                                                            ||
|| Process BAM file 210_BXD79_CTRL_full.co.bam...                             ||
||    Single-end reads are included.                                          ||
||    Total alignments : 50355147                                             ||
||    Successfully assigned alignments : 1830560 (3.6%)                       ||
||    Running time : 0.05 minutes                                             ||
||                                                                            ||
|| Process BAM file 210_BXD79_CTRL_sub1.co.bam...                             ||
||    Single-end reads are included.                                          ||
||    Total alignments : 20000000                                             ||
||    Successfully assigned alignments : 727721 (3.6%)                        ||
||    Running time : 0.02 minutes                                             ||
||                                                                            ||
|| Process BAM file 210_BXD79_CTRL_sub2.co.bam...                             ||
||    Single-end reads are included.                                          ||
||    Total alignments : 15000000                                             ||
||    Successfully assigned alignments : 545887 (3.6%)                        ||
||    Running time : 0.02 minutes                                             ||
||                                                                            ||
|| Process BAM file 211_BXD79_SD_full.co.bam...                               ||
||    Single-end reads are included.                                          ||
||    Total alignments : 55902580                                             ||
||    Successfully assigned alignments : 1745038 (3.1%)                       ||
||    Running time : 0.05 minutes                                             ||
||                                                                            ||
|| Process BAM file 211_BXD79_SD_sub1.co.bam...                               ||
||    Single-end reads are included.                                          ||
||    Total alignments : 20000000                                             ||
||    Successfully assigned alignments : 625127 (3.1%)                        ||
||    Running time : 0.03 minutes                                             ||
||                                                                            ||
|| Process BAM file 211_BXD79_SD_sub2.co.bam...                               ||
||    Single-end reads are included.                                          ||
||    Total alignments : 15000000                                             ||
||    Successfully assigned alignments : 468718 (3.1%)                        ||
||    Running time : 0.02 minutes                                             ||
||                                                                            ||
|| Process BAM file 212_BXD79_CTRL_full.co.bam...                             ||
||    Single-end reads are included.                                          ||
||    Total alignments : 45844430                                             ||
||    Successfully assigned alignments : 1414136 (3.1%)                       ||
||    Running time : 0.05 minutes                                             ||
||                                                                            ||
|| Process BAM file 212_BXD79_CTRL_sub1.co.bam...                             ||
||    Single-end reads are included.                                          ||
||    Total alignments : 20000000                                             ||
||    Successfully assigned alignments : 617917 (3.1%)                        ||
||    Running time : 0.02 minutes                                             ||
||                                                                            ||
|| Process BAM file 212_BXD79_CTRL_sub2.co.bam...                             ||
||    Single-end reads are included.                                          ||
||    Total alignments : 15000000                                             ||
||    Successfully assigned alignments : 462644 (3.1%)                        ||
||    Running time : 0.02 minutes                                             ||
||                                                                            ||
|| Process BAM file 213_BXD79_SD_full.co.bam...                               ||
||    Single-end reads are included.                                          ||
||    Total alignments : 36603716                                             ||
||    Successfully assigned alignments : 1205323 (3.3%)                       ||
||    Running time : 0.04 minutes                                             ||
||                                                                            ||
|| Process BAM file 213_BXD79_SD_sub1.co.bam...                               ||
||    Single-end reads are included.                                          ||
||    Total alignments : 20000000                                             ||
||    Successfully assigned alignments : 658567 (3.3%)                        ||
||    Running time : 0.02 minutes                                             ||
||                                                                            ||
|| Process BAM file 213_BXD79_SD_sub2.co.bam...                               ||
||    Single-end reads are included.                                          ||
||    Total alignments : 15000000                                             ||
||    Successfully assigned alignments : 494303 (3.3%)                        ||
||    Running time : 0.02 minutes                                             ||
||                                                                            ||
|| Process BAM file 214_65a_CTRL_full.co.bam...                               ||
||    Single-end reads are included.                                          ||
||    Total alignments : 50504154                                             ||
||    Successfully assigned alignments : 1566877 (3.1%)                       ||
||    Running time : 0.05 minutes                                             ||
||                                                                            ||
|| Process BAM file 214_65a_CTRL_sub1.co.bam...                               ||
||    Single-end reads are included.                                          ||
||    Total alignments : 20000000                                             ||
||    Successfully assigned alignments : 620754 (3.1%)                        ||
||    Running time : 0.03 minutes                                             ||
||                                                                            ||
|| Process BAM file 214_65a_CTRL_sub2.co.bam...                               ||
||    Single-end reads are included.                                          ||
||    Total alignments : 15000000                                             ||
||    Successfully assigned alignments : 465277 (3.1%)                        ||
||    Running time : 0.02 minutes                                             ||
||                                                                            ||
|| Process BAM file 215_65a_SD_full.co.bam...                                 ||
||    Single-end reads are included.                                          ||
||    Total alignments : 77393387                                             ||
||    Successfully assigned alignments : 2286239 (3.0%)                       ||
||    Running time : 0.07 minutes                                             ||
||                                                                            ||
|| Process BAM file 215_65a_SD_sub1.co.bam...                                 ||
||    Single-end reads are included.                                          ||
||    Total alignments : 20000000                                             ||
||    Successfully assigned alignments : 590268 (3.0%)                        ||
||    Running time : 0.02 minutes                                             ||
||                                                                            ||
|| Process BAM file 215_65a_SD_sub2.co.bam...                                 ||
||    Single-end reads are included.                                          ||
||    Total alignments : 15000000                                             ||
||    Successfully assigned alignments : 443235 (3.0%)                        ||
||    Running time : 0.02 minutes                                             ||
||                                                                            ||
|| Process BAM file 216_C57Bl6_CTRL_full.co.bam...                            ||
||    Single-end reads are included.                                          ||
||    Total alignments : 47562979                                             ||
||    Successfully assigned alignments : 1409545 (3.0%)                       ||
||    Running time : 0.05 minutes                                             ||
||                                                                            ||
|| Process BAM file 216_C57Bl6_CTRL_sub1.co.bam...                            ||
||    Single-end reads are included.                                          ||
||    Total alignments : 20000000                                             ||
||    Successfully assigned alignments : 592566 (3.0%)                        ||
||    Running time : 0.02 minutes                                             ||
||                                                                            ||
|| Process BAM file 216_C57Bl6_CTRL_sub2.co.bam...                            ||
||    Single-end reads are included.                                          ||
||    Total alignments : 15000000                                             ||
||    Successfully assigned alignments : 444450 (3.0%)                        ||
||    Running time : 0.02 minutes                                             ||
||                                                                            ||
|| Process BAM file 217_C57Bl6_SD_full.co.bam...                              ||
||    Single-end reads are included.                                          ||
||    Total alignments : 49319826                                             ||
||    Successfully assigned alignments : 1660506 (3.4%)                       ||
||    Running time : 0.05 minutes                                             ||
||                                                                            ||
|| Process BAM file 217_C57Bl6_SD_sub1.co.bam...                              ||
||    Single-end reads are included.                                          ||
||    Total alignments : 20000000                                             ||
||    Successfully assigned alignments : 672622 (3.4%)                        ||
||    Running time : 0.02 minutes                                             ||
||                                                                            ||
|| Process BAM file 217_C57Bl6_SD_sub2.co.bam...                              ||
||    Single-end reads are included.                                          ||
||    Total alignments : 15000000                                             ||
||    Successfully assigned alignments : 505094 (3.4%)                        ||
||    Running time : 0.02 minutes                                             ||
||                                                                            ||
|| Process BAM file 218_DBA_CTRL_full.co.bam...                               ||
||    Single-end reads are included.                                          ||
||    Total alignments : 43639981                                             ||
||    Successfully assigned alignments : 1572380 (3.6%)                       ||
||    Running time : 0.04 minutes                                             ||
||                                                                            ||
|| Process BAM file 218_DBA_CTRL_sub1.co.bam...                               ||
||    Single-end reads are included.                                          ||
||    Total alignments : 20000000                                             ||
||    Successfully assigned alignments : 721174 (3.6%)                        ||
||    Running time : 0.02 minutes                                             ||
||                                                                            ||
|| Process BAM file 218_DBA_CTRL_sub2.co.bam...                               ||
||    Single-end reads are included.                                          ||
||    Total alignments : 15000000                                             ||
||    Successfully assigned alignments : 541218 (3.6%)                        ||
||    Running time : 0.02 minutes                                             ||
||                                                                            ||
|| Process BAM file 219_DBA_SD_full.co.bam...                                 ||
||    Single-end reads are included.                                          ||
||    Total alignments : 41795118                                             ||
||    Successfully assigned alignments : 1267052 (3.0%)                       ||
||    Running time : 0.04 minutes                                             ||
||                                                                            ||
|| Process BAM file 219_DBA_SD_sub1.co.bam...                                 ||
||    Single-end reads are included.                                          ||
||    Total alignments : 20000000                                             ||
||    Successfully assigned alignments : 606112 (3.0%)                        ||
||    Running time : 0.02 minutes                                             ||
||                                                                            ||
|| Process BAM file 219_DBA_SD_sub2.co.bam...                                 ||
||    Single-end reads are included.                                          ||
||    Total alignments : 15000000                                             ||
||    Successfully assigned alignments : 454966 (3.0%)                        ||
||    Running time : 0.02 minutes                                             ||
||                                                                            ||
|| Process BAM file 220_BXD71_CTRL_full.co.bam...                             ||
||    Single-end reads are included.                                          ||
||    Total alignments : 43362132                                             ||
||    Successfully assigned alignments : 1512483 (3.5%)                       ||
||    Running time : 0.04 minutes                                             ||
||                                                                            ||
|| Process BAM file 220_BXD71_CTRL_sub1.co.bam...                             ||
||    Single-end reads are included.                                          ||
||    Total alignments : 20000000                                             ||
||    Successfully assigned alignments : 697902 (3.5%)                        ||
||    Running time : 0.02 minutes                                             ||
||                                                                            ||
|| Process BAM file 220_BXD71_CTRL_sub2.co.bam...                             ||
||    Single-end reads are included.                                          ||
||    Total alignments : 15000000                                             ||
||    Successfully assigned alignments : 523060 (3.5%)                        ||
||    Running time : 0.02 minutes                                             ||
||                                                                            ||
|| Process BAM file 221_BXD71_SD_full.co.bam...                               ||
||    Single-end reads are included.                                          ||
||    Total alignments : 47112597                                             ||
||    Successfully assigned alignments : 1388591 (2.9%)                       ||
||    Running time : 0.05 minutes                                             ||
||                                                                            ||
|| Process BAM file 221_BXD71_SD_sub1.co.bam...                               ||
||    Single-end reads are included.                                          ||
||    Total alignments : 20000000                                             ||
||    Successfully assigned alignments : 589538 (2.9%)                        ||
||    Running time : 0.02 minutes                                             ||
||                                                                            ||
|| Process BAM file 221_BXD71_SD_sub2.co.bam...                               ||
||    Single-end reads are included.                                          ||
||    Total alignments : 15000000                                             ||
||    Successfully assigned alignments : 442617 (3.0%)                        ||
||    Running time : 0.02 minutes                                             ||
||                                                                            ||
|| Process BAM file 222_BXD101_CTRL_full.co.bam...                            ||
||    Single-end reads are included.                                          ||
||    Total alignments : 43657930                                             ||
||    Successfully assigned alignments : 1387081 (3.2%)                       ||
||    Running time : 0.04 minutes                                             ||
||                                                                            ||
|| Process BAM file 222_BXD101_CTRL_sub1.co.bam...                            ||
||    Single-end reads are included.                                          ||
||    Total alignments : 20000000                                             ||
||    Successfully assigned alignments : 636296 (3.2%)                        ||
||    Running time : 0.03 minutes                                             ||
||                                                                            ||
|| Process BAM file 222_BXD101_CTRL_sub2.co.bam...                            ||
||    Single-end reads are included.                                          ||
||    Total alignments : 15000000                                             ||
||    Successfully assigned alignments : 477384 (3.2%)                        ||
||    Running time : 0.02 minutes                                             ||
||                                                                            ||
|| Process BAM file 223_BXD101_SD_full.co.bam...                              ||
||    Single-end reads are included.                                          ||
||    Total alignments : 66654028                                             ||
||    Successfully assigned alignments : 2133604 (3.2%)                       ||
||    Running time : 0.06 minutes                                             ||
||                                                                            ||
|| Process BAM file 223_BXD101_SD_sub1.co.bam...                              ||
||    Single-end reads are included.                                          ||
||    Total alignments : 20000000                                             ||
||    Successfully assigned alignments : 640125 (3.2%)                        ||
||    Running time : 0.03 minutes                                             ||
||                                                                            ||
|| Process BAM file 223_BXD101_SD_sub2.co.bam...                              ||
||    Single-end reads are included.                                          ||
||    Total alignments : 15000000                                             ||
||    Successfully assigned alignments : 481453 (3.2%)                        ||
||    Running time : 0.02 minutes                                             ||
||                                                                            ||
|| Process BAM file 224_BXD71_CTRL_full.co.bam...                             ||
||    Single-end reads are included.                                          ||
||    Total alignments : 43585484                                             ||
||    Successfully assigned alignments : 1443589 (3.3%)                       ||
||    Running time : 0.04 minutes                                             ||
||                                                                            ||
|| Process BAM file 224_BXD71_CTRL_sub1.co.bam...                             ||
||    Single-end reads are included.                                          ||
||    Total alignments : 20000000                                             ||
||    Successfully assigned alignments : 663163 (3.3%)                        ||
||    Running time : 0.02 minutes                                             ||
||                                                                            ||
|| Process BAM file 224_BXD71_CTRL_sub2.co.bam...                             ||
||    Single-end reads are included.                                          ||
||    Total alignments : 15000000                                             ||
||    Successfully assigned alignments : 496714 (3.3%)                        ||
||    Running time : 0.02 minutes                                             ||
||                                                                            ||
|| Process BAM file 225_BXD71_SD_full.co.bam...                               ||
||    Single-end reads are included.                                          ||
||    Total alignments : 45694943                                             ||
||    Successfully assigned alignments : 1632666 (3.6%)                       ||
||    Running time : 0.04 minutes                                             ||
||                                                                            ||
|| Process BAM file 225_BXD71_SD_sub1.co.bam...                               ||
||    Single-end reads are included.                                          ||
||    Total alignments : 20000000                                             ||
||    Successfully assigned alignments : 714395 (3.6%)                        ||
||    Running time : 0.02 minutes                                             ||
||                                                                            ||
|| Process BAM file 225_BXD71_SD_sub2.co.bam...                               ||
||    Single-end reads are included.                                          ||
||    Total alignments : 15000000                                             ||
||    Successfully assigned alignments : 535603 (3.6%)                        ||
||    Running time : 0.02 minutes                                             ||
||                                                                            ||
|| Process BAM file 226_C57Bl6_CTRL_full.co.bam...                            ||
||    Single-end reads are included.                                          ||
||    Total alignments : 77813205                                             ||
||    Successfully assigned alignments : 2569184 (3.3%)                       ||
||    Running time : 0.07 minutes                                             ||
||                                                                            ||
|| Process BAM file 226_C57Bl6_CTRL_sub1.co.bam...                            ||
||    Single-end reads are included.                                          ||
||    Total alignments : 20000000                                             ||
||    Successfully assigned alignments : 661884 (3.3%)                        ||
||    Running time : 0.03 minutes                                             ||
||                                                                            ||
|| Process BAM file 226_C57Bl6_CTRL_sub2.co.bam...                            ||
||    Single-end reads are included.                                          ||
||    Total alignments : 15000000                                             ||
||    Successfully assigned alignments : 494756 (3.3%)                        ||
||    Running time : 0.02 minutes                                             ||
||                                                                            ||
|| Process BAM file 227_C57Bl6_SD_full.co.bam...                              ||
||    Single-end reads are included.                                          ||
||    Total alignments : 50437313                                             ||
||    Successfully assigned alignments : 1685201 (3.3%)                       ||
||    Running time : 0.05 minutes                                             ||
||                                                                            ||
|| Process BAM file 227_C57Bl6_SD_sub1.co.bam...                              ||
||    Single-end reads are included.                                          ||
||    Total alignments : 20000000                                             ||
||    Successfully assigned alignments : 669312 (3.3%)                        ||
||    Running time : 0.02 minutes                                             ||
||                                                                            ||
|| Process BAM file 227_C57Bl6_SD_sub2.co.bam...                              ||
||    Single-end reads are included.                                          ||
||    Total alignments : 15000000                                             ||
||    Successfully assigned alignments : 500469 (3.3%)                        ||
||    Running time : 0.02 minutes                                             ||
||                                                                            ||
|| Process BAM file 228_DBA_CTRL_full.co.bam...                               ||
||    Single-end reads are included.                                          ||
||    Total alignments : 66510615                                             ||
||    Successfully assigned alignments : 2397938 (3.6%)                       ||
||    Running time : 0.06 minutes                                             ||
||                                                                            ||
|| Process BAM file 228_DBA_CTRL_sub1.co.bam...                               ||
||    Single-end reads are included.                                          ||
||    Total alignments : 20000000                                             ||
||    Successfully assigned alignments : 721459 (3.6%)                        ||
||    Running time : 0.02 minutes                                             ||
||                                                                            ||
|| Process BAM file 228_DBA_CTRL_sub2.co.bam...                               ||
||    Single-end reads are included.                                          ||
||    Total alignments : 15000000                                             ||
||    Successfully assigned alignments : 541163 (3.6%)                        ||
||    Running time : 0.02 minutes                                             ||
||                                                                            ||
|| Process BAM file 229_DBA_SD_full.co.bam...                                 ||
||    Single-end reads are included.                                          ||
||    Total alignments : 74476797                                             ||
||    Successfully assigned alignments : 2344538 (3.1%)                       ||
||    Running time : 0.07 minutes                                             ||
||                                                                            ||
|| Process BAM file 229_DBA_SD_sub1.co.bam...                                 ||
||    Single-end reads are included.                                          ||
||    Total alignments : 20000000                                             ||
||    Successfully assigned alignments : 628988 (3.1%)                        ||
||    Running time : 0.02 minutes                                             ||
||                                                                            ||
|| Process BAM file 229_DBA_SD_sub2.co.bam...                                 ||
||    Single-end reads are included.                                          ||
||    Total alignments : 15000000                                             ||
||    Successfully assigned alignments : 470954 (3.1%)                        ||
||    Running time : 0.02 minutes                                             ||
||                                                                            ||
|| Write the final count table.                                               ||
|| Write the read assignment summary.                                         ||
||                                                                            ||
\\============================================================================//

R version 4.5.2 (2025-10-31)
Platform: x86_64-pc-linux-gnu
Running under: Ubuntu 22.04.5 LTS

Matrix products: default
BLAS/LAPACK: /usr/lib/x86_64-linux-gnu/openblas-pthread/libopenblasp-r0.3.20.so;  LAPACK version 3.10.0

locale:
 [1] LC_CTYPE=C.UTF-8       LC_NUMERIC=C           LC_TIME=C.UTF-8       
 [4] LC_COLLATE=C.UTF-8     LC_MONETARY=C.UTF-8    LC_MESSAGES=C.UTF-8   
 [7] LC_PAPER=C.UTF-8       LC_NAME=C              LC_ADDRESS=C          
[10] LC_TELEPHONE=C         LC_MEASUREMENT=C.UTF-8 LC_IDENTIFICATION=C   

time zone: Etc/UTC
tzcode source: system (glibc)

attached base packages:
[1] stats     graphics  grDevices utils     datasets  methods   base     

other attached packages:
[1] optparse_1.8.2  Rsubread_2.24.0

loaded via a namespace (and not attached):
[1] compiler_4.5.2 Matrix_1.7-4   grid_4.5.2     lattice_0.22-7
